epoch,target_id,cloud_fraction,solar_factor
1,1,0.06857023129253575,0.7097659129028203
1,2,0.21053129327204395,0.7097659129028203
1,3,0.22453039997461807,0.7097659129028203
1,4,0.4213574679207725,0.7097659129028203
1,5,0.4732559700112709,0.7097659129028203
1,6,0.22640141491709875,0.7097659129028203
1,7,0.20970866178595315,0.7097659129028203
1,8,0.4371131270053336,0.7097659129028203
1,9,0.30937677486490656,0.7097659129028203
1,10,0.20600291801715825,0.7097659129028203
1,11,0.062283781694959336,0.7097659129028203
1,12,0.2899679589723164,0.7097659129028203
1,13,0.23545729180535035,0.7097659129028203
1,14,0.16743581305881997,0.7097659129028203
1,15,0.5508442858050013,0.7097659129028203
1,16,0.5460801497071213,0.7097659129028203
1,17,0.07484060751586179,0.7097659129028203
1,18,0.273455379468113,0.7097659129028203
1,19,0.3261386620759027,0.7097659129028203
1,20,0.5414172915043941,0.7097659129028203
1,21,0.6003361163081117,0.7097659129028203
1,22,0.15512647878780148,0.7097659129028203
1,23,0.046951986912321775,0.7097659129028203
1,24,0.26101362139037604,0.7097659129028203
2,1,0.13866381311639364,0.7605483500649651
2,2,0.0703470273850674,0.7605483500649651
2,3,0.42201675268135574,0.7605483500649651
2,4,0.44912794030820513,0.7605483500649651
2,5,0.3563469930178222,0.7605483500649651
2,6,0.1834251843062887,0.7605483500649651
2,7,0.08714923195316174,0.7605483500649651
2,8,0.6136972434710892,0.7605483500649651
2,9,0.4186628364057766,0.7605483500649651
2,10,0.16042815237420316,0.7605483500649651
2,11,0.21797949343247663,0.7605483500649651
2,12,0.16984917827138946,0.7605483500649651
2,13,0.3622003410312187,0.7605483500649651
2,14,0.0757636816404629,0.7605483500649651
2,15,0.3292187122420652,0.7605483500649651
2,16,0.6085629675723818,0.7605483500649651
2,17,0.0,0.7605483500649651
2,18,0.1396060233113452,0.7605483500649651
2,19,0.1953635288815367,0.7605483500649651
2,20,0.4062103590328837,0.7605483500649651
2,21,0.5353060306532957,0.7605483500649651
2,22,0.15243875319243055,0.7605483500649651
2,23,0.08425638792786931,0.7605483500649651
2,24,0.39615417479874737,0.7605483500649651
3,1,0.21330536537550004,0.6989089046428176
3,2,0.16427881248501092,0.6989089046428176
3,3,0.3854863161699498,0.6989089046428176
3,4,0.12391544561600004,0.6989089046428176
3,5,0.3646998468049835,0.6989089046428176
3,6,0.20370401246523998,0.6989089046428176
3,7,0.0,0.6989089046428176
3,8,0.5186975655878108,0.6989089046428176
3,9,0.43269324797495157,0.6989089046428176
3,10,0.2203305334740581,0.6989089046428176
3,11,0.2839004914802303,0.6989089046428176
3,12,0.12642679492664216,0.6989089046428176
3,13,0.34861446519397066,0.6989089046428176
3,14,0.18890557317000833,0.6989089046428176
3,15,0.3365762084311467,0.6989089046428176
3,16,0.4753872218549742,0.6989089046428176
3,17,0.27813875639582164,0.6989089046428176
3,18,0.39198749655852516,0.6989089046428176
3,19,0.3455709835634821,0.6989089046428176
3,20,0.3389631759314947,0.6989089046428176
3,21,0.5257371573459841,0.6989089046428176
3,22,0.12326410864402852,0.6989089046428176
3,23,0.199042746332806,0.6989089046428176
3,24,0.09711597737291533,0.6989089046428176
4,1,0.2485218562047939,0.7507648136574246
4,2,0.20361595110472272,0.7507648136574246
4,3,0.38262756241582546,0.7507648136574246
4,4,0.1064424393621726,0.7507648136574246
4,5,0.3663225403645366,0.7507648136574246
4,6,0.3105765795887396,0.7507648136574246
4,7,0.0,0.7507648136574246
4,8,0.3951716983931132,0.7507648136574246
4,9,0.17334573575848056,0.7507648136574246
4,10,0.26718383413931646,0.7507648136574246
4,11,0.31303682241992503,0.7507648136574246
4,12,0.0,0.7507648136574246
4,13,0.31324561965441305,0.7507648136574246
4,14,0.01579620508022328,0.7507648136574246
4,15,0.3226636721038123,0.7507648136574246
4,16,0.17767276409329474,0.7507648136574246
4,17,0.1048866976120498,0.7507648136574246
4,18,0.6088855317767898,0.7507648136574246
4,19,0.35241496820968465,0.7507648136574246
4,20,0.07538885228410319,0.7507648136574246
4,21,0.5221896681473042,0.7507648136574246
4,22,0.5256080307067593,0.7507648136574246
4,23,0.09760074745922327,0.7507648136574246
4,24,0.0,0.7507648136574246
5,1,0.2588732228569325,0.8585603833902502
5,2,0.4972541064142826,0.8585603833902502
5,3,0.5081122046375882,0.8585603833902502
5,4,0.03406413138138162,0.8585603833902502
5,5,0.3298883783437881,0.8585603833902502
5,6,0.41991950612840173,0.8585603833902502
5,7,0.05037261903987276,0.8585603833902502
5,8,0.36552521455537645,0.8585603833902502
5,9,0.1459098535590969,0.8585603833902502
5,10,0.4446970621233567,0.8585603833902502
5,11,0.1968152028612385,0.8585603833902502
5,12,0.1289137422214603,0.8585603833902502
5,13,0.3175736559644126,0.8585603833902502
5,14,0.0,0.8585603833902502
5,15,0.2308936746828375,0.8585603833902502
5,16,0.07736314652469793,0.8585603833902502
5,17,0.24508446092313296,0.8585603833902502
5,18,0.502533095246465,0.8585603833902502
5,19,0.37020046537024986,0.8585603833902502
5,20,0.3291611220009323,0.8585603833902502
5,21,0.5748432362905787,0.8585603833902502
5,22,0.4906059232506873,0.8585603833902502
5,23,0.24321989633033464,0.8585603833902502
5,24,0.0026878777497216094,0.8585603833902502
6,1,0.27877999721422764,0.7958161183766524
6,2,0.48536478502920277,0.7958161183766524
6,3,0.6054255004643581,0.7958161183766524
6,4,0.2011203431580125,0.7958161183766524
6,5,0.49596212101894677,0.7958161183766524
6,6,0.4031079680034347,0.7958161183766524
6,7,0.013141197322501477,0.7958161183766524
6,8,0.31695857250577214,0.7958161183766524
6,9,0.1602583792116064,0.7958161183766524
6,10,0.24670482822749332,0.7958161183766524
6,11,0.38752667583944195,0.7958161183766524
6,12,0.057959809193882716,0.7958161183766524
6,13,0.2695818273151018,0.7958161183766524
6,14,0.056911044612996536,0.7958161183766524
6,15,0.21674938000565838,0.7958161183766524
6,16,0.1471010211155714,0.7958161183766524
6,17,0.0,0.7958161183766524
6,18,0.5044315459041387,0.7958161183766524
6,19,0.36537947315238334,0.7958161183766524
6,20,0.4126264194595573,0.7958161183766524
6,21,0.547192556313535,0.7958161183766524
6,22,0.5396103600170414,0.7958161183766524
6,23,0.09279116297067233,0.7958161183766524
6,24,0.02690378788567038,0.7958161183766524
7,1,0.3248925579286614,0.7656917179235997
7,2,0.6533983572403659,0.7656917179235997
7,3,0.6130914519379561,0.7656917179235997
7,4,0.15330485009588618,0.7656917179235997
7,5,0.5515446267520632,0.7656917179235997
7,6,0.11026034856727646,0.7656917179235997
7,7,0.11718476395322462,0.7656917179235997
7,8,0.4802245340850418,0.7656917179235997
7,9,0.30100785877082625,0.7656917179235997
7,10,0.2213532850213182,0.7656917179235997
7,11,0.21087408666500343,0.7656917179235997
7,12,0.4607595221074387,0.7656917179235997
7,13,0.2074349782248764,0.7656917179235997
7,14,0.02038378456263268,0.7656917179235997
7,15,0.362276906664462,0.7656917179235997
7,16,0.062307954364318005,0.7656917179235997
7,17,0.23287506343062503,0.7656917179235997
7,18,0.32377774453705155,0.7656917179235997
7,19,0.31351288189214266,0.7656917179235997
7,20,0.20325371538968487,0.7656917179235997
7,21,0.5095461667515057,0.7656917179235997
7,22,0.30185049093278876,0.7656917179235997
7,23,0.20685701528561634,0.7656917179235997
7,24,0.03313603231608335,0.7656917179235997
8,1,0.379794003258691,0.8113891493325229
8,2,0.6719844438560867,0.8113891493325229
8,3,0.5691830083424168,0.8113891493325229
8,4,0.05366468115308262,0.8113891493325229
8,5,0.5278886058264213,0.8113891493325229
8,6,0.0,0.8113891493325229
8,7,0.05355172073288493,0.8113891493325229
8,8,0.45878321160639407,0.8113891493325229
8,9,0.14087974958297994,0.8113891493325229
8,10,0.3537754060979892,0.8113891493325229
8,11,0.29396548915801346,0.8113891493325229
8,12,0.12390856276927531,0.8113891493325229
8,13,0.36129479205019116,0.8113891493325229
8,14,0.1466828278458081,0.8113891493325229
8,15,0.21189368534687175,0.8113891493325229
8,16,0.0711866339796228,0.8113891493325229
8,17,0.2505446094561784,0.8113891493325229
8,18,0.521832711144828,0.8113891493325229
8,19,0.4115957889567285,0.8113891493325229
8,20,0.3825628124888315,0.8113891493325229
8,21,0.3750158444709468,0.8113891493325229
8,22,0.25711343546683196,0.8113891493325229
8,23,0.12201643277740895,0.8113891493325229
8,24,0.16931252334097152,0.8113891493325229
9,1,0.28576171971771774,0.8588346350210389
9,2,0.616793888125598,0.8588346350210389
9,3,0.39514944709524047,0.8588346350210389
9,4,0.36295730164877815,0.8588346350210389
9,5,0.29050837492790516,0.8588346350210389
9,6,0.2797121368296931,0.8588346350210389
9,7,0.009799602173499691,0.8588346350210389
9,8,0.48618742588326863,0.8588346350210389
9,9,0.09412428478176638,0.8588346350210389
9,10,0.44090684292242655,0.8588346350210389
9,11,0.10049486420924963,0.8588346350210389
9,12,0.0,0.8588346350210389
9,13,0.3913549341145213,0.8588346350210389
9,14,0.09005128006915501,0.8588346350210389
9,15,0.05502569770834312,0.8588346350210389
9,16,0.28776485463845347,0.8588346350210389
9,17,0.4531649101417073,0.8588346350210389
9,18,0.4444733618903344,0.8588346350210389
9,19,0.43264714798486914,0.8588346350210389
9,20,0.13479836594926442,0.8588346350210389
9,21,0.4159554240690584,0.8588346350210389
9,22,0.3418355290890731,0.8588346350210389
9,23,0.1276172260224971,0.8588346350210389
9,24,0.08554188866710005,0.8588346350210389
10,1,0.3011039194050027,0.8384507332446339
10,2,0.7863570490626454,0.8384507332446339
10,3,0.31867278910983327,0.8384507332446339
10,4,0.4695138334456104,0.8384507332446339
10,5,0.4329419770812062,0.8384507332446339
10,6,0.3365384113030768,0.8384507332446339
10,7,0.07812291522675437,0.8384507332446339
10,8,0.440215878568175,0.8384507332446339
10,9,0.2223133603737567,0.8384507332446339
10,10,0.3561682047885488,0.8384507332446339
10,11,0.18531062187366032,0.8384507332446339
10,12,0.31287618568506886,0.8384507332446339
10,13,0.35793396470780314,0.8384507332446339
10,14,0.0006819651022696716,0.8384507332446339
10,15,0.10382508209406867,0.8384507332446339
10,16,0.2680579063605351,0.8384507332446339
10,17,0.6362146017213252,0.8384507332446339
10,18,0.4760717128246841,0.8384507332446339
10,19,0.4669963395975494,0.8384507332446339
10,20,0.05674258606889092,0.8384507332446339
10,21,0.45953269420942994,0.8384507332446339
10,22,0.35468108426896255,0.8384507332446339
10,23,0.2588157513837405,0.8384507332446339
10,24,0.02280906669304207,0.8384507332446339
11,1,0.2070164250694091,0.8777317190984479
11,2,0.48193806751451623,0.8777317190984479
11,3,0.22997368696813494,0.8777317190984479
11,4,0.4680585808482023,0.8777317190984479
11,5,0.4837825450244374,0.8777317190984479
11,6,0.42388391218511484,0.8777317190984479
11,7,0.12147098363609893,0.8777317190984479
11,8,0.28245333408437057,0.8777317190984479
11,9,0.2049206994526109,0.8777317190984479
11,10,0.1124123427757292,0.8777317190984479
11,11,0.079186414538985,0.8777317190984479
11,12,0.19813118072101688,0.8777317190984479
11,13,0.4267319419731034,0.8777317190984479
11,14,0.0528092361988541,0.8777317190984479
11,15,0.013288960831380342,0.8777317190984479
11,16,0.16874895812891633,0.8777317190984479
11,17,0.5661747189646275,0.8777317190984479
11,18,0.4913922061831427,0.8777317190984479
11,19,0.3574618282742016,0.8777317190984479
11,20,0.15337144178985362,0.8777317190984479
11,21,0.27316702933032266,0.8777317190984479
11,22,0.25223084312688854,0.8777317190984479
11,23,0.17186422438593618,0.8777317190984479
11,24,0.03197379229274281,0.8777317190984479
12,1,0.08414534644177202,0.8854327502638301
12,2,0.4519225902498322,0.8854327502638301
12,3,0.235486668436757,0.8854327502638301
12,4,0.46082993742604383,0.8854327502638301
12,5,0.5627419712700297,0.8854327502638301
12,6,0.3585648494495312,0.8854327502638301
12,7,0.2508263191833467,0.8854327502638301
12,8,0.19812399240274525,0.8854327502638301
12,9,0.24681511780522816,0.8854327502638301
12,10,0.22169811421550933,0.8854327502638301
12,11,0.19537107863821362,0.8854327502638301
12,12,0.2169436861141088,0.8854327502638301
12,13,0.5985694319180145,0.8854327502638301
12,14,0.11033682138173216,0.8854327502638301
12,15,0.188648474555347,0.8854327502638301
12,16,0.060255308080282344,0.8854327502638301
12,17,0.4606120809732396,0.8854327502638301
12,18,0.4710320650432064,0.8854327502638301
12,19,0.5296752563823461,0.8854327502638301
12,20,0.1529428375704644,0.8854327502638301
12,21,0.4957750655306776,0.8854327502638301
12,22,0.25128019480516967,0.8854327502638301
12,23,0.1981824976929799,0.8854327502638301
12,24,0.05681912041028209,0.8854327502638301
13,1,0.032165998930019896,0.9504797623583163
13,2,0.3498341900148375,0.9504797623583163
13,3,0.44052795796078525,0.9504797623583163
13,4,0.5049262436721731,0.9504797623583163
13,5,0.5167319343502336,0.9504797623583163
13,6,0.5589007496275729,0.9504797623583163
13,7,0.3425206445166348,0.9504797623583163
13,8,0.17225593025426916,0.9504797623583163
13,9,0.2207000491973935,0.9504797623583163
13,10,0.0,0.9504797623583163
13,11,0.3298145819605085,0.9504797623583163
13,12,0.189103979552305,0.9504797623583163
13,13,0.23887893275356248,0.9504797623583163
13,14,0.15966889329888617,0.9504797623583163
13,15,0.20062817277317463,0.9504797623583163
13,16,0.02484523225637235,0.9504797623583163
13,17,0.3880659766131042,0.9504797623583163
13,18,0.3530172682636521,0.9504797623583163
13,19,0.42250727178534014,0.9504797623583163
13,20,0.032329810608128534,0.9504797623583163
13,21,0.4196245390138732,0.9504797623583163
13,22,0.3218665068573298,0.9504797623583163
13,23,0.113667973149558,0.9504797623583163
13,24,0.15343496687960984,0.9504797623583163
14,1,0.1385004031642113,0.9212411352189844
14,2,0.1399207530735805,0.9212411352189844
14,3,0.3469243826296721,0.9212411352189844
14,4,0.40185452051306614,0.9212411352189844
14,5,0.45678889869309774,0.9212411352189844
14,6,0.4385600992159237,0.9212411352189844
14,7,0.429085101719429,0.9212411352189844
14,8,0.2634128728145761,0.9212411352189844
14,9,0.05731917068388359,0.9212411352189844
14,10,0.0,0.9212411352189844
14,11,0.23405439693685867,0.9212411352189844
14,12,0.48058465911071313,0.9212411352189844
14,13,0.21415819499796707,0.9212411352189844
14,14,0.2682584749683313,0.9212411352189844
14,15,0.24935108303904513,0.9212411352189844
14,16,0.12524654486298686,0.9212411352189844
14,17,0.335121284255885,0.9212411352189844
14,18,0.4228247836508464,0.9212411352189844
14,19,0.33461610285155813,0.9212411352189844
14,20,0.20188236558661554,0.9212411352189844
14,21,0.2604553325404694,0.9212411352189844
14,22,0.45461393095012803,0.9212411352189844
14,23,0.1299063989338757,0.9212411352189844
14,24,0.14900745549280658,0.9212411352189844
15,1,0.12447360723980838,0.9155923744773639
15,2,0.2932366149643139,0.9155923744773639
15,3,0.23535778711676866,0.9155923744773639
15,4,0.34284415483289327,0.9155923744773639
15,5,0.2651865165801818,0.9155923744773639
15,6,0.5271773708549126,0.9155923744773639
15,7,0.40740905283110074,0.9155923744773639
15,8,0.19275242435517725,0.9155923744773639
15,9,0.0,0.9155923744773639
15,10,0.028005226916289237,0.9155923744773639
15,11,0.3630454512278847,0.9155923744773639
15,12,0.48830897926271,0.9155923744773639
15,13,0.18463310365493382,0.9155923744773639
15,14,0.28628600459369263,0.9155923744773639
15,15,0.19526028835536308,0.9155923744773639
15,16,0.201423704883924,0.9155923744773639
15,17,0.5524215124287236,0.9155923744773639
15,18,0.3849696823974463,0.9155923744773639
15,19,0.2868446708187086,0.9155923744773639
15,20,0.008816763860909488,0.9155923744773639
15,21,0.43659409532098903,0.9155923744773639
15,22,0.3493865576680727,0.9155923744773639
15,23,0.0,0.9155923744773639
15,24,0.0,0.9155923744773639
16,1,0.2637099558378953,0.8694627194386568
16,2,0.28496033550715916,0.8694627194386568
16,3,0.15591721955205867,0.8694627194386568
16,4,0.38225919902310956,0.8694627194386568
16,5,0.17544164330472947,0.8694627194386568
16,6,0.47695787168310516,0.8694627194386568
16,7,0.4684727174658331,0.8694627194386568
16,8,0.10928724323465375,0.8694627194386568
16,9,0.0,0.8694627194386568
16,10,0.20989958181605392,0.8694627194386568
16,11,0.377337841834176,0.8694627194386568
16,12,0.5574821099214299,0.8694627194386568
16,13,0.32311858375507174,0.8694627194386568
16,14,0.23908887048835933,0.8694627194386568
16,15,0.07528440452123786,0.8694627194386568
16,16,0.28274329065283144,0.8694627194386568
16,17,0.5307715974071193,0.8694627194386568
16,18,0.5084571251091765,0.8694627194386568
16,19,0.21055240324782698,0.8694627194386568
16,20,0.0,0.8694627194386568
16,21,0.41749933830944874,0.8694627194386568
16,22,0.0941594237839597,0.8694627194386568
16,23,0.0,0.8694627194386568
16,24,0.0,0.8694627194386568
17,1,0.23037714787532199,0.9356965268433909
17,2,0.3395610762267667,0.9356965268433909
17,3,0.30216730085175575,0.9356965268433909
17,4,0.6189208711287499,0.9356965268433909
17,5,0.16348511246596437,0.9356965268433909
17,6,0.36479985359272216,0.9356965268433909
17,7,0.3496859629339714,0.9356965268433909
17,8,0.11558893310691537,0.9356965268433909
17,9,0.0,0.9356965268433909
17,10,0.21262755478206322,0.9356965268433909
17,11,0.33540272883530464,0.9356965268433909
17,12,0.608612643342996,0.9356965268433909
17,13,0.4228527671698078,0.9356965268433909
17,14,0.4313281052512756,0.9356965268433909
17,15,0.0,0.9356965268433909
17,16,0.33977898659493366,0.9356965268433909
17,17,0.5441360598932097,0.9356965268433909
17,18,0.6581680757685922,0.9356965268433909
17,19,0.18321808051126012,0.9356965268433909
17,20,0.0,0.9356965268433909
17,21,0.4681337400958315,0.9356965268433909
17,22,0.010678036505128247,0.9356965268433909
17,23,0.0,0.9356965268433909
17,24,0.15555052446172485,0.9356965268433909
18,1,0.3655587957168514,0.8666622421260761
18,2,0.4845228673691708,0.8666622421260761
18,3,0.32113088419654695,0.8666622421260761
18,4,0.5658256326200376,0.8666622421260761
18,5,0.13499864585879628,0.8666622421260761
18,6,0.35199440309110075,0.8666622421260761
18,7,0.30596567928686774,0.8666622421260761
18,8,0.17175017778816337,0.8666622421260761
18,9,0.03204686921017109,0.8666622421260761
18,10,0.13696342902341635,0.8666622421260761
18,11,0.32392247110260214,0.8666622421260761
18,12,0.45052700944666746,0.8666622421260761
18,13,0.5791088664113075,0.8666622421260761
18,14,0.29041671306760075,0.8666622421260761
18,15,0.14822748497971305,0.8666622421260761
18,16,0.3730760034904882,0.8666622421260761
18,17,0.5515551638990848,0.8666622421260761
18,18,0.6295712711670582,0.8666622421260761
18,19,0.12588477117105684,0.8666622421260761
18,20,0.0,0.8666622421260761
18,21,0.4311301452111511,0.8666622421260761
18,22,0.21628824710786246,0.8666622421260761
18,23,0.2071833284959052,0.8666622421260761
18,24,0.23403509286468313,0.8666622421260761
19,1,0.45704638613048704,0.9217620164148568
19,2,0.2415387926995173,0.9217620164148568
19,3,0.33310078682957683,0.9217620164148568
19,4,0.3977158457498477,0.9217620164148568
19,5,0.31362940016660756,0.9217620164148568
19,6,0.31295351677708744,0.9217620164148568
19,7,0.3901375184704195,0.9217620164148568
19,8,0.26751398710273455,0.9217620164148568
19,9,0.06864236840555278,0.9217620164148568
19,10,0.3451592924624022,0.9217620164148568
19,11,0.37206379545507334,0.9217620164148568
19,12,0.382292037015083,0.9217620164148568
19,13,0.3615947791765205,0.9217620164148568
19,14,0.3035300477858156,0.9217620164148568
19,15,0.25315019284863394,0.9217620164148568
19,16,0.37103594301371073,0.9217620164148568
19,17,0.5167785251471582,0.9217620164148568
19,18,0.48345107745639526,0.9217620164148568
19,19,0.2435867254082056,0.9217620164148568
19,20,0.021193756106088812,0.9217620164148568
19,21,0.5484967692841056,0.9217620164148568
19,22,0.3465544315788036,0.9217620164148568
19,23,0.3144085516460124,0.9217620164148568
19,24,0.08812593013971237,0.9217620164148568
20,1,0.8112863767669104,0.9670055449209176
20,2,0.23090880534359215,0.9670055449209176
20,3,0.2877422007080429,0.9670055449209176
20,4,0.6208707877231439,0.9670055449209176
20,5,0.32639860203294596,0.9670055449209176
20,6,0.1803539147267847,0.9670055449209176
20,7,0.35728415038123434,0.9670055449209176
20,8,0.3434240561768537,0.9670055449209176
20,9,0.003259761510137474,0.9670055449209176
20,10,0.35931497620829583,0.9670055449209176
20,11,0.5131857459604596,0.9670055449209176
20,12,0.3532475324117601,0.9670055449209176
20,13,0.37899256509307405,0.9670055449209176
20,14,0.31626564977412175,0.9670055449209176
20,15,0.20866695093191345,0.9670055449209176
20,16,0.31801708588944216,0.9670055449209176
20,17,0.5358670658921817,0.9670055449209176
20,18,0.5261684337905201,0.9670055449209176
20,19,0.37120827412538904,0.9670055449209176
20,20,0.18259299992776884,0.9670055449209176
20,21,0.37577848545849357,0.9670055449209176
20,22,0.2976783104252702,0.9670055449209176
20,23,0.1479914877742444,0.9670055449209176
20,24,0.1391686447448869,0.9670055449209176
21,1,0.8975905734945755,0.9631929679020517
21,2,0.06744140927841785,0.9631929679020517
21,3,0.27699305568927185,0.9631929679020517
21,4,0.4824137319761982,0.9631929679020517
21,5,0.34919916469283635,0.9631929679020517
21,6,0.0,0.9631929679020517
21,7,0.35018033004931803,0.9631929679020517
21,8,0.3936944510456364,0.9631929679020517
21,9,0.20623045430817136,0.9631929679020517
21,10,0.438605480188363,0.9631929679020517
21,11,0.488262554118151,0.9631929679020517
21,12,0.6508715119102597,0.9631929679020517
21,13,0.5183940218814488,0.9631929679020517
21,14,0.5884733645987461,0.9631929679020517
21,15,0.39309765963454724,0.9631929679020517
21,16,0.4249041588804323,0.9631929679020517
21,17,0.5864046606867968,0.9631929679020517
21,18,0.2555765556802656,0.9631929679020517
21,19,0.25947802137736875,0.9631929679020517
21,20,0.35209980543362374,0.9631929679020517
21,21,0.6244500456805591,0.9631929679020517
21,22,0.2920077070246056,0.9631929679020517
21,23,0.13490529519727393,0.9631929679020517
21,24,0.22915379386659918,0.9631929679020517
22,1,0.6948548277147988,0.9925754190903007
22,2,0.1686188266536584,0.9925754190903007
22,3,0.3322087416838333,0.9925754190903007
22,4,0.4813148800647306,0.9925754190903007
22,5,0.3430705909785905,0.9925754190903007
22,6,0.03302891463273411,0.9925754190903007
22,7,0.4628751337771002,0.9925754190903007
22,8,0.4099258308350483,0.9925754190903007
22,9,0.31268811936722374,0.9925754190903007
22,10,0.3261836561933708,0.9925754190903007
22,11,0.47988001131778607,0.9925754190903007
22,12,0.8009455554362049,0.9925754190903007
22,13,0.31358493337553145,0.9925754190903007
22,14,0.5076020022595028,0.9925754190903007
22,15,0.30935933440198465,0.9925754190903007
22,16,0.31040092646540396,0.9925754190903007
22,17,0.6264109907781191,0.9925754190903007
22,18,0.26617955026589224,0.9925754190903007
22,19,0.12571754832471832,0.9925754190903007
22,20,0.578688309159665,0.9925754190903007
22,21,0.7839371383278679,0.9925754190903007
22,22,0.29857140547702277,0.9925754190903007
22,23,0.15895636699729143,0.9925754190903007
22,24,0.3333850619522943,0.9925754190903007
23,1,0.5122164559540624,0.9967101990974463
23,2,0.19673104711799352,0.9967101990974463
23,3,0.39421161178216185,0.9967101990974463
23,4,0.5156594610275853,0.9967101990974463
23,5,0.31224538445071776,0.9967101990974463
23,6,0.05263106133295195,0.9967101990974463
23,7,0.4482435339283941,0.9967101990974463
23,8,0.33697221373266556,0.9967101990974463
23,9,0.43694624412256844,0.9967101990974463
23,10,0.22854218717743746,0.9967101990974463
23,11,0.4062450457222343,0.9967101990974463
23,12,0.8601656606382939,0.9967101990974463
23,13,0.4441997442238407,0.9967101990974463
23,14,0.5833096962139007,0.9967101990974463
23,15,0.32799685965192454,0.9967101990974463
23,16,0.3920585887204266,0.9967101990974463
23,17,0.5885944884254739,0.9967101990974463
23,18,0.0866041004405616,0.9967101990974463
23,19,0.1405431299345539,0.9967101990974463
23,20,0.44156584842370455,0.9967101990974463
23,21,0.7138883164880788,0.9967101990974463
23,22,0.16068464755045225,0.9967101990974463
23,23,0.14876033753580226,0.9967101990974463
23,24,0.36697429842665863,0.9967101990974463
24,1,0.3944838375686059,0.9366730843463827
24,2,0.3049969994538,0.9366730843463827
24,3,0.2805416882388566,0.9366730843463827
24,4,0.3926865378299639,0.9366730843463827
24,5,0.43159486418753207,0.9366730843463827
24,6,0.0893821943691715,0.9366730843463827
24,7,0.45591612507697515,0.9366730843463827
24,8,0.22077904898020267,0.9366730843463827
24,9,0.3395911900609842,0.9366730843463827
24,10,0.3427267455901344,0.9366730843463827
24,11,0.5506191534583956,0.9366730843463827
24,12,0.7894066596643964,0.9366730843463827
24,13,0.4645567481170002,0.9366730843463827
24,14,0.549151186039584,0.9366730843463827
24,15,0.2956696618286317,0.9366730843463827
24,16,0.30889110645685336,0.9366730843463827
24,17,0.5568624457572557,0.9366730843463827
24,18,0.23321435140469693,0.9366730843463827
24,19,0.15953510806061852,0.9366730843463827
24,20,0.3471492987934824,0.9366730843463827
24,21,0.630149660253173,0.9366730843463827
24,22,0.05410571476255058,0.9366730843463827
24,23,0.2954322280109871,0.9366730843463827
24,24,0.4523404747084726,0.9366730843463827
25,1,0.474613758730772,0.9467441982933225
25,2,0.3731500115481459,0.9467441982933225
25,3,0.4445196583476122,0.9467441982933225
25,4,0.3708459136294954,0.9467441982933225
25,5,0.48775490893079193,0.9467441982933225
25,6,0.0,0.9467441982933225
25,7,0.5212494079017453,0.9467441982933225
25,8,0.3178260416408804,0.9467441982933225
25,9,0.45909276198215443,0.9467441982933225
25,10,0.31325817676935164,0.9467441982933225
25,11,0.4940091356483859,0.9467441982933225
25,12,0.7285605691895257,0.9467441982933225
25,13,0.4002450266635524,0.9467441982933225
25,14,0.6825558243826124,0.9467441982933225
25,15,0.3750400098271419,0.9467441982933225
25,16,0.3827467969484829,0.9467441982933225
25,17,0.4131165297332295,0.9467441982933225
25,18,0.43393848142299357,0.9467441982933225
25,19,0.16868214899305994,0.9467441982933225
25,20,0.2836598410861503,0.9467441982933225
25,21,0.6645599623907742,0.9467441982933225
25,22,0.08262685217766212,0.9467441982933225
25,23,0.2052030325916152,0.9467441982933225
25,24,0.507974572298147,0.9467441982933225
26,1,0.5638871478694818,0.9532478775790166
26,2,0.3024607968408361,0.9532478775790166
26,3,0.3662382355271936,0.9532478775790166
26,4,0.1159621240629034,0.9532478775790166
26,5,0.6892266209358426,0.9532478775790166
26,6,0.06695729555439192,0.9532478775790166
26,7,0.5303458890958836,0.9532478775790166
26,8,0.344061351805176,0.9532478775790166
26,9,0.3246491458991865,0.9532478775790166
26,10,0.20746660471357875,0.9532478775790166
26,11,0.4376695055822831,0.9532478775790166
26,12,0.5508032952993067,0.9532478775790166
26,13,0.2485089884185512,0.9532478775790166
26,14,0.5832928336892026,0.9532478775790166
26,15,0.41132234469893053,0.9532478775790166
26,16,0.2664193538079725,0.9532478775790166
26,17,0.3307266532284421,0.9532478775790166
26,18,0.49068082308620287,0.9532478775790166
26,19,0.0,0.9532478775790166
26,20,0.18427414463152367,0.9532478775790166
26,21,0.5668681729171395,0.9532478775790166
26,22,0.06661655136395064,0.9532478775790166
26,23,0.443490359160566,0.9532478775790166
26,24,0.3083751534010144,0.9532478775790166
27,1,0.2948134785176447,0.9885877144288664
27,2,0.17943805521764156,0.9885877144288664
27,3,0.17713510950255495,0.9885877144288664
27,4,0.30884486189279803,0.9885877144288664
27,5,0.6477409241518199,0.9885877144288664
27,6,0.0,0.9885877144288664
27,7,0.7053549103164649,0.9885877144288664
27,8,0.19604987433721807,0.9885877144288664
27,9,0.17149735611345723,0.9885877144288664
27,10,0.37239256341410576,0.9885877144288664
27,11,0.470559403723529,0.9885877144288664
27,12,0.47708047004025383,0.9885877144288664
27,13,0.3278640510152035,0.9885877144288664
27,14,0.42177997948590706,0.9885877144288664
27,15,0.5015178002990145,0.9885877144288664
27,16,0.23016530696356108,0.9885877144288664
27,17,0.34784490556705605,0.9885877144288664
27,18,0.4856605949191824,0.9885877144288664
27,19,0.03384189474780133,0.9885877144288664
27,20,0.3389903664597965,0.9885877144288664
27,21,0.46944008423096995,0.9885877144288664
27,22,0.2348704869647003,0.9885877144288664
27,23,0.45214487818147964,0.9885877144288664
27,24,0.3945507110075674,0.9885877144288664
28,1,0.3099212939243638,0.9551481292268786
28,2,0.22754802718799455,0.9551481292268786
28,3,0.0,0.9551481292268786
28,4,0.3711046078462459,0.9551481292268786
28,5,0.6086798209300602,0.9551481292268786
28,6,0.0,0.9551481292268786
28,7,0.7508229515748026,0.9551481292268786
28,8,0.08489330632029032,0.9551481292268786
28,9,0.23276820760688646,0.9551481292268786
28,10,0.3805750508360617,0.9551481292268786
28,11,0.269466488672571,0.9551481292268786
28,12,0.6767195751260048,0.9551481292268786
28,13,0.5834046939451785,0.9551481292268786
28,14,0.4575588120053649,0.9551481292268786
28,15,0.3460500839611869,0.9551481292268786
28,16,0.2697287399146099,0.9551481292268786
28,17,0.27211980760345056,0.9551481292268786
28,18,0.6184781336155678,0.9551481292268786
28,19,0.013085197135767737,0.9551481292268786
28,20,0.3446764887157598,0.9551481292268786
28,21,0.5183144115230829,0.9551481292268786
28,22,0.2591518563555709,0.9551481292268786
28,23,0.503198154463698,0.9551481292268786
28,24,0.309581350693944,0.9551481292268786
29,1,0.40605321817545414,0.9594790892524794
29,2,0.43003828007415806,0.9594790892524794
29,3,0.0013166627315986598,0.9594790892524794
29,4,0.4083817953788986,0.9594790892524794
29,5,0.5682375716847232,0.9594790892524794
29,6,0.07902458966803128,0.9594790892524794
29,7,0.7649517609769578,0.9594790892524794
29,8,0.1555009733989179,0.9594790892524794
29,9,0.3276488085318817,0.9594790892524794
29,10,0.4718335296183913,0.9594790892524794
29,11,0.3155635256161725,0.9594790892524794
29,12,0.8379395873689226,0.9594790892524794
29,13,0.7604615380299339,0.9594790892524794
29,14,0.5812580502447661,0.9594790892524794
29,15,0.3091896792346195,0.9594790892524794
29,16,0.33515509983811165,0.9594790892524794
29,17,0.348455628073101,0.9594790892524794
29,18,0.4018545470606332,0.9594790892524794
29,19,0.05975275653587001,0.9594790892524794
29,20,0.3920001358426711,0.9594790892524794
29,21,0.419313423717732,0.9594790892524794
29,22,0.3742056439182404,0.9594790892524794
29,23,0.26833293681593495,0.9594790892524794
29,24,0.3164089374682517,0.9594790892524794
30,1,0.18802285411982098,0.9578707303680615
30,2,0.11407492671543445,0.9578707303680615
30,3,0.0,0.9578707303680615
30,4,0.46452694484781126,0.9578707303680615
30,5,0.7872468888119373,0.9578707303680615
30,6,0.1844033725275689,0.9578707303680615
30,7,0.6575572529385495,0.9578707303680615
30,8,0.11551112137628526,0.9578707303680615
30,9,0.4832011105941608,0.9578707303680615
30,10,0.421797382250696,0.9578707303680615
30,11,0.45227544058768654,0.9578707303680615
30,12,0.6637569861300849,0.9578707303680615
30,13,0.7427068768144737,0.9578707303680615
30,14,0.18916568208980017,0.9578707303680615
30,15,0.24109840394058057,0.9578707303680615
30,16,0.2592238359961575,0.9578707303680615
30,17,0.2200366564842018,0.9578707303680615
30,18,0.4140819376335578,0.9578707303680615
30,19,0.1447992206863204,0.9578707303680615
30,20,0.22440929707612325,0.9578707303680615
30,21,0.22262139917170473,0.9578707303680615
30,22,0.3175721550788173,0.9578707303680615
30,23,0.1797206151388469,0.9578707303680615
30,24,0.230533997721261,0.9578707303680615
31,1,0.03317872404656241,0.9629041891339374
31,2,0.12980415294631498,0.9629041891339374
31,3,0.22139425524648707,0.9629041891339374
31,4,0.26624582086381593,0.9629041891339374
31,5,0.762724676504545,0.9629041891339374
31,6,0.2939047608591983,0.9629041891339374
31,7,0.6233691410643349,0.9629041891339374
31,8,0.0,0.9629041891339374
31,9,0.328660547808833,0.9629041891339374
31,10,0.4157332780925092,0.9629041891339374
31,11,0.5055014787542579,0.9629041891339374
31,12,0.6757741145708539,0.9629041891339374
31,13,0.6094739461170258,0.9629041891339374
31,14,0.31171824331342485,0.9629041891339374
31,15,0.15641040898809028,0.9629041891339374
31,16,0.27220076719562863,0.9629041891339374
31,17,0.33106540001972107,0.9629041891339374
31,18,0.5913443000984843,0.9629041891339374
31,19,0.1083084486026678,0.9629041891339374
31,20,0.42343185433647007,0.9629041891339374
31,21,0.1308330163147039,0.9629041891339374
31,22,0.26943197126218765,0.9629041891339374
31,23,0.09953060102375952,0.9629041891339374
31,24,0.13988775728140482,0.9629041891339374
32,1,0.09964690333709292,0.8903470251471851
32,2,0.0,0.8903470251471851
32,3,0.322168329307985,0.8903470251471851
32,4,0.11270321126759322,0.8903470251471851
32,5,0.95,0.8903470251471851
32,6,0.4156246363671374,0.8903470251471851
32,7,0.8425887155666606,0.8903470251471851
32,8,0.0,0.8903470251471851
32,9,0.13054831402154624,0.8903470251471851
32,10,0.28392750917582177,0.8903470251471851
32,11,0.27031300631937727,0.8903470251471851
32,12,0.6635285174342658,0.8903470251471851
32,13,0.5415963741756671,0.8903470251471851
32,14,0.22856895020810652,0.8903470251471851
32,15,0.08228920445587506,0.8903470251471851
32,16,0.43292800510850615,0.8903470251471851
32,17,0.24539183197083486,0.8903470251471851
32,18,0.27565876722755706,0.8903470251471851
32,19,0.047756927956361814,0.8903470251471851
32,20,0.22665597801525983,0.8903470251471851
32,21,0.10223621479177838,0.8903470251471851
32,22,0.0898078267296551,0.8903470251471851
32,23,0.11734311411523606,0.8903470251471851
32,24,0.0,0.8903470251471851
33,1,0.06666440302407269,0.9145351336956372
33,2,0.07260186756833506,0.9145351336956372
33,3,0.3154432131813634,0.9145351336956372
33,4,0.16242635937999603,0.9145351336956372
33,5,0.95,0.9145351336956372
33,6,0.34664042838219933,0.9145351336956372
33,7,0.7158565681914718,0.9145351336956372
33,8,0.23905692238502407,0.9145351336956372
33,9,0.3501191839365715,0.9145351336956372
33,10,0.2578707463001351,0.9145351336956372
33,11,0.19803749598961431,0.9145351336956372
33,12,0.4044908145622733,0.9145351336956372
33,13,0.4524443926859322,0.9145351336956372
33,14,0.27815216907895496,0.9145351336956372
33,15,0.0,0.9145351336956372
33,16,0.45420385088993104,0.9145351336956372
33,17,0.15634506780010324,0.9145351336956372
33,18,0.1718653659063204,0.9145351336956372
33,19,0.0,0.9145351336956372
33,20,0.2664691042132265,0.9145351336956372
33,21,0.23277924273978656,0.9145351336956372
33,22,0.042482458381522537,0.9145351336956372
33,23,0.10791586670992533,0.9145351336956372
33,24,0.10804759767981863,0.9145351336956372
34,1,0.006158852330386072,0.8790164931746964
34,2,0.2741559917400404,0.8790164931746964
34,3,0.46125870403273295,0.8790164931746964
34,4,0.28313283247959975,0.8790164931746964
34,5,0.95,0.8790164931746964
34,6,0.31067894055367384,0.8790164931746964
34,7,0.6035928332765408,0.8790164931746964
34,8,0.2596328559815587,0.8790164931746964
34,9,0.4118361141861327,0.8790164931746964
34,10,0.38927853080756936,0.8790164931746964
34,11,0.12865975818517444,0.8790164931746964
34,12,0.5135118739965324,0.8790164931746964
34,13,0.395539084772349,0.8790164931746964
34,14,0.0,0.8790164931746964
34,15,0.0941080949242527,0.8790164931746964
34,16,0.3514704766242851,0.8790164931746964
34,17,0.22279036480725328,0.8790164931746964
34,18,0.04137027597622203,0.8790164931746964
34,19,0.16457521093122437,0.8790164931746964
34,20,0.21108922217057718,0.8790164931746964
34,21,0.10556602250154115,0.8790164931746964
34,22,0.0,0.8790164931746964
34,23,0.14487959985219276,0.8790164931746964
34,24,0.09285866302254944,0.8790164931746964
35,1,0.07509617704164034,0.8472387568959526
35,2,0.45756312533629995,0.8472387568959526
35,3,0.38509476975622664,0.8472387568959526
35,4,0.3643217258353778,0.8472387568959526
35,5,0.8340358231665997,0.8472387568959526
35,6,0.22464063304207443,0.8472387568959526
35,7,0.5326038993008957,0.8472387568959526
35,8,0.5005733493383473,0.8472387568959526
35,9,0.5270801420709296,0.8472387568959526
35,10,0.5192480148616455,0.8472387568959526
35,11,0.24394404647910906,0.8472387568959526
35,12,0.3939369973525974,0.8472387568959526
35,13,0.4508731511200281,0.8472387568959526
35,14,0.24996594145817408,0.8472387568959526
35,15,0.12300665074978094,0.8472387568959526
35,16,0.26995138911929534,0.8472387568959526
35,17,0.09125977478052838,0.8472387568959526
35,18,0.031197726239721106,0.8472387568959526
35,19,0.31393481318855676,0.8472387568959526
35,20,0.22504026620703035,0.8472387568959526
35,21,0.029087988337286153,0.8472387568959526
35,22,0.0,0.8472387568959526
35,23,0.10389891401945997,0.8472387568959526
35,24,0.0,0.8472387568959526
36,1,0.024456512066659983,0.88447530302055
36,2,0.591457801165266,0.88447530302055
36,3,0.4242084609531598,0.88447530302055
36,4,0.23054614249804656,0.88447530302055
36,5,0.8366598180491228,0.88447530302055
36,6,0.26756748128652236,0.88447530302055
36,7,0.542311177756221,0.88447530302055
36,8,0.4616580184885954,0.88447530302055
36,9,0.6453137474820463,0.88447530302055
36,10,0.5082952296418966,0.88447530302055
36,11,0.22483905408996452,0.88447530302055
36,12,0.47969445598742816,0.88447530302055
36,13,0.42423894332151013,0.88447530302055
36,14,0.07528798060945746,0.88447530302055
36,15,0.37838824630345563,0.88447530302055
36,16,0.29466270751973084,0.88447530302055
36,17,0.13133629096011218,0.88447530302055
36,18,0.0,0.88447530302055
36,19,0.37557352836319496,0.88447530302055
36,20,0.17985980641248,0.88447530302055
36,21,0.10032977336776353,0.88447530302055
36,22,0.21574163673693794,0.88447530302055
36,23,0.04988029536833377,0.88447530302055
36,24,0.0,0.88447530302055
37,1,0.0,0.8567019932510944
37,2,0.43612105609671203,0.8567019932510944
37,3,0.500689283752007,0.8567019932510944
37,4,0.19269958552398073,0.8567019932510944
37,5,0.774099756139747,0.8567019932510944
37,6,0.2140124835559191,0.8567019932510944
37,7,0.5160707936746897,0.8567019932510944
37,8,0.4698413840108041,0.8567019932510944
37,9,0.42114038232035855,0.8567019932510944
37,10,0.6021211113938927,0.8567019932510944
37,11,0.17377839905915432,0.8567019932510944
37,12,0.474575053810835,0.8567019932510944
37,13,0.27832392507606324,0.8567019932510944
37,14,0.11542063702867776,0.8567019932510944
37,15,0.35680951514475717,0.8567019932510944
37,16,0.5956666480039988,0.8567019932510944
37,17,0.1485758370368632,0.8567019932510944
37,18,0.0,0.8567019932510944
37,19,0.3079303821206516,0.8567019932510944
37,20,0.03721698130608275,0.8567019932510944
37,21,0.08244629822176372,0.8567019932510944
37,22,0.0,0.8567019932510944
37,23,0.0,0.8567019932510944
37,24,0.16273786078209337,0.8567019932510944
38,1,0.022246285552998103,0.774365140361553
38,2,0.3613607926042879,0.774365140361553
38,3,0.15209282312213013,0.774365140361553
38,4,0.27621629734872855,0.774365140361553
38,5,0.6762771000839176,0.774365140361553
38,6,0.02403735892179254,0.774365140361553
38,7,0.354652166682749,0.774365140361553
38,8,0.3708386699800372,0.774365140361553
38,9,0.398481298855956,0.774365140361553
38,10,0.5665475738255257,0.774365140361553
38,11,0.3274038747132037,0.774365140361553
38,12,0.22121296757502892,0.774365140361553
38,13,0.1657566126021189,0.774365140361553
38,14,0.09041204058266816,0.774365140361553
38,15,0.5182919704946372,0.774365140361553
38,16,0.5235511864228848,0.774365140361553
38,17,0.12151112109491616,0.774365140361553
38,18,0.0350331227084312,0.774365140361553
38,19,0.14597760473120824,0.774365140361553
38,20,0.0,0.774365140361553
38,21,0.07056226232457757,0.774365140361553
38,22,0.08284593075559214,0.774365140361553
38,23,0.04675495608135032,0.774365140361553
38,24,0.45560913815293047,0.774365140361553
39,1,0.0,0.846189659821967
39,2,0.14941653709824454,0.846189659821967
39,3,0.36650873118789773,0.846189659821967
39,4,0.4288574590617697,0.846189659821967
39,5,0.6192911178240548,0.846189659821967
39,6,0.0,0.846189659821967
39,7,0.3205739093668514,0.846189659821967
39,8,0.40352342894164783,0.846189659821967
39,9,0.5946939798946032,0.846189659821967
39,10,0.40569974762676936,0.846189659821967
39,11,0.24532035151911474,0.846189659821967
39,12,0.25116128145956246,0.846189659821967
39,13,0.31797937996020975,0.846189659821967
39,14,0.1509581721322602,0.846189659821967
39,15,0.5959397455092128,0.846189659821967
39,16,0.3949609323759324,0.846189659821967
39,17,0.23165182361514808,0.846189659821967
39,18,0.05307107273381065,0.846189659821967
39,19,0.023363404198262355,0.846189659821967
39,20,0.14731522808164932,0.846189659821967
39,21,0.024657739569580867,0.846189659821967
39,22,0.09500906226150163,0.846189659821967
39,23,0.1126143006948955,0.846189659821967
39,24,0.43793592575914203,0.846189659821967
40,1,0.24629971506718998,0.8415603071099014
40,2,0.15536972689109893,0.8415603071099014
40,3,0.4263263670172506,0.8415603071099014
40,4,0.45576187127030754,0.8415603071099014
40,5,0.6951186502569787,0.8415603071099014
40,6,0.19078517278487342,0.8415603071099014
40,7,0.2936748960344557,0.8415603071099014
40,8,0.3281251715664779,0.8415603071099014
40,9,0.4935545643664943,0.8415603071099014
40,10,0.5807473341349665,0.8415603071099014
40,11,0.28547810741978996,0.8415603071099014
40,12,0.3011532109288905,0.8415603071099014
40,13,0.38846144221562884,0.8415603071099014
40,14,0.25457405064759503,0.8415603071099014
40,15,0.594597403647053,0.8415603071099014
40,16,0.267748218888672,0.8415603071099014
40,17,0.29174000090877433,0.8415603071099014
40,18,0.3071956239201157,0.8415603071099014
40,19,0.3604512944891063,0.8415603071099014
40,20,0.11401905241864366,0.8415603071099014
40,21,0.0,0.8415603071099014
40,22,0.10491717136027731,0.8415603071099014
40,23,0.27621369143125474,0.8415603071099014
40,24,0.34520758741547053,0.8415603071099014
41,1,0.3335895306577506,0.774019198384376
41,2,0.048986676853737476,0.774019198384376
41,3,0.3302555117878445,0.774019198384376
41,4,0.8016220437393997,0.774019198384376
41,5,0.3658914779862805,0.774019198384376
41,6,0.16708976842385434,0.774019198384376
41,7,0.3412072407272281,0.774019198384376
41,8,0.4384551815442511,0.774019198384376
41,9,0.5586201695466475,0.774019198384376
41,10,0.5906439411588411,0.774019198384376
41,11,0.2824669652459159,0.774019198384376
41,12,0.3093466232326577,0.774019198384376
41,13,0.49301811408962426,0.774019198384376
41,14,0.0,0.774019198384376
41,15,0.44067703555050425,0.774019198384376
41,16,0.08415340825251783,0.774019198384376
41,17,0.27624388732555555,0.774019198384376
41,18,0.5754259079589527,0.774019198384376
41,19,0.3203401490162841,0.774019198384376
41,20,0.0069121710606982745,0.774019198384376
41,21,0.017298062548030735,0.774019198384376
41,22,0.3079589043131933,0.774019198384376
41,23,0.3708957984313051,0.774019198384376
41,24,0.18040932327049433,0.774019198384376
42,1,0.3361197093722946,0.8165446923119424
42,2,0.09487291874050018,0.8165446923119424
42,3,0.2761307772257801,0.8165446923119424
42,4,0.7719464717680339,0.8165446923119424
42,5,0.3753802273764431,0.8165446923119424
42,6,0.32279654972868377,0.8165446923119424
42,7,0.14717661374129282,0.8165446923119424
42,8,0.33003436531677255,0.8165446923119424
42,9,0.41766780551242866,0.8165446923119424
42,10,0.37143477658243296,0.8165446923119424
42,11,0.24733492512113636,0.8165446923119424
42,12,0.2799853864494206,0.8165446923119424
42,13,0.6888224830084058,0.8165446923119424
42,14,0.009084287443230768,0.8165446923119424
42,15,0.4632276255611874,0.8165446923119424
42,16,0.038636713739040915,0.8165446923119424
42,17,0.22111116761499147,0.8165446923119424
42,18,0.6181898064288427,0.8165446923119424
42,19,0.2004752710981786,0.8165446923119424
42,20,0.07806558413478815,0.8165446923119424
42,21,0.0,0.8165446923119424
42,22,0.49717468535869025,0.8165446923119424
42,23,0.4217107365112693,0.8165446923119424
42,24,0.02763922928049356,0.8165446923119424
43,1,0.26976116386416316,0.8021482540625228
43,2,0.0,0.8021482540625228
43,3,0.21255569105858851,0.8021482540625228
43,4,0.9198138430069124,0.8021482540625228
43,5,0.2591154387070177,0.8021482540625228
43,6,0.3543984502931893,0.8021482540625228
43,7,0.18990507656905267,0.8021482540625228
43,8,0.43060590015818734,0.8021482540625228
43,9,0.4036270742585702,0.8021482540625228
43,10,0.46006428270467026,0.8021482540625228
43,11,0.3673558346070006,0.8021482540625228
43,12,0.2297840467596745,0.8021482540625228
43,13,0.38346610759436267,0.8021482540625228
43,14,0.1891279793390105,0.8021482540625228
43,15,0.23840640760942905,0.8021482540625228
43,16,0.0,0.8021482540625228
43,17,0.21835202096906403,0.8021482540625228
43,18,0.36475690639764935,0.8021482540625228
43,19,0.24855094402993638,0.8021482540625228
43,20,0.033136715799993846,0.8021482540625228
43,21,0.19389286736732933,0.8021482540625228
43,22,0.5525624937177949,0.8021482540625228
43,23,0.39482152707162166,0.8021482540625228
43,24,0.0,0.8021482540625228
44,1,0.3980255431196175,0.7845894241305001
44,2,0.0,0.7845894241305001
44,3,0.33286392922543956,0.7845894241305001
44,4,0.7790957358779694,0.7845894241305001
44,5,0.2714291076770765,0.7845894241305001
44,6,0.2751318487144259,0.7845894241305001
44,7,0.4255130294900904,0.7845894241305001
44,8,0.4234039790742193,0.7845894241305001
44,9,0.49309185362431623,0.7845894241305001
44,10,0.46107451662333315,0.7845894241305001
44,11,0.3825567871183073,0.7845894241305001
44,12,0.10926347102218922,0.7845894241305001
44,13,0.17264166976269066,0.7845894241305001
44,14,0.21922128811816752,0.7845894241305001
44,15,0.33272053020735437,0.7845894241305001
44,16,0.0,0.7845894241305001
44,17,0.07223058698615478,0.7845894241305001
44,18,0.3476863176659464,0.7845894241305001
44,19,0.1940082328618792,0.7845894241305001
44,20,0.25775156213458944,0.7845894241305001
44,21,0.20597780863141224,0.7845894241305001
44,22,0.3924518923510605,0.7845894241305001
44,23,0.31882068652094797,0.7845894241305001
44,24,0.1544966815960097,0.7845894241305001
45,1,0.4344022691336749,0.8094314340517573
45,2,0.15548569958245112,0.8094314340517573
45,3,0.38984907882022746,0.8094314340517573
45,4,0.8677497755938679,0.8094314340517573
45,5,0.26233850621130084,0.8094314340517573
45,6,0.36747079671674915,0.8094314340517573
45,7,0.34967603740856157,0.8094314340517573
45,8,0.30930740832957354,0.8094314340517573
45,9,0.4584903246778358,0.8094314340517573
45,10,0.3441963504006693,0.8094314340517573
45,11,0.5632795880142616,0.8094314340517573
45,12,0.22981105360080506,0.8094314340517573
45,13,0.06474066848673829,0.8094314340517573
45,14,0.20136389677216096,0.8094314340517573
45,15,0.11728123576842325,0.8094314340517573
45,16,0.002500331949975329,0.8094314340517573
45,17,0.2314621836963912,0.8094314340517573
45,18,0.5172262687722803,0.8094314340517573
45,19,0.26358706530867027,0.8094314340517573
45,20,0.1018817854057289,0.8094314340517573
45,21,0.2862037137548397,0.8094314340517573
45,22,0.3508582983947992,0.8094314340517573
45,23,0.30159691959110135,0.8094314340517573
45,24,0.18383212211117872,0.8094314340517573
46,1,0.5447190698252138,0.780953656726089
46,2,0.0,0.780953656726089
46,3,0.2249237298732152,0.780953656726089
46,4,0.5387327598236046,0.780953656726089
46,5,0.23523697483644915,0.780953656726089
46,6,0.09261089893481556,0.780953656726089
46,7,0.21298539125153892,0.780953656726089
46,8,0.28061281351647005,0.780953656726089
46,9,0.41738163188334787,0.780953656726089
46,10,0.4351779646421786,0.780953656726089
46,11,0.5038766951777742,0.780953656726089
46,12,0.34979025522648527,0.780953656726089
46,13,0.1885112751665338,0.780953656726089
46,14,0.034073410762357176,0.780953656726089
46,15,0.12168064886593015,0.780953656726089
46,16,0.2602342047111022,0.780953656726089
46,17,0.11032964990538918,0.780953656726089
46,18,0.4721128986260593,0.780953656726089
46,19,0.5637293367761904,0.780953656726089
46,20,0.04407330418635384,0.780953656726089
46,21,0.3653475945815323,0.780953656726089
46,22,0.3428358544533369,0.780953656726089
46,23,0.2846189167991706,0.780953656726089
46,24,0.10630277235240064,0.780953656726089
47,1,0.5984802025841048,0.7526209969529752
47,2,0.09265054470811754,0.7526209969529752
47,3,0.21319873727427802,0.7526209969529752
47,4,0.6710571988895515,0.7526209969529752
47,5,0.43030031172589916,0.7526209969529752
47,6,0.0,0.7526209969529752
47,7,0.33714164374483446,0.7526209969529752
47,8,0.21063132494159148,0.7526209969529752
47,9,0.6055430477938923,0.7526209969529752
47,10,0.34554717316393513,0.7526209969529752
47,11,0.5349374070958407,0.7526209969529752
47,12,0.12089648979711295,0.7526209969529752
47,13,0.0949201732365968,0.7526209969529752
47,14,0.3926144082590005,0.7526209969529752
47,15,0.29334802554295725,0.7526209969529752
47,16,0.23394219001949798,0.7526209969529752
47,17,0.0,0.7526209969529752
47,18,0.37291638471984556,0.7526209969529752
47,19,0.5217499250808113,0.7526209969529752
47,20,0.0,0.7526209969529752
47,21,0.5651722049056455,0.7526209969529752
47,22,0.46032529415505175,0.7526209969529752
47,23,0.3108107349444214,0.7526209969529752
47,24,0.08422077697560187,0.7526209969529752
48,1,0.6177821420998618,0.6668942646533379
48,2,0.18579744820736066,0.6668942646533379
48,3,0.0523334914006795,0.6668942646533379
48,4,0.5224009246452024,0.6668942646533379
48,5,0.35746664137866757,0.6668942646533379
48,6,0.1526269775873086,0.6668942646533379
48,7,0.35218173279839937,0.6668942646533379
48,8,0.23691832412916325,0.6668942646533379
48,9,0.6123758320686168,0.6668942646533379
48,10,0.22793669201351194,0.6668942646533379
48,11,0.5843102014587668,0.6668942646533379
48,12,0.0,0.6668942646533379
48,13,0.18710829716563787,0.6668942646533379
48,14,0.276612056768651,0.6668942646533379
48,15,0.32347573688548337,0.6668942646533379
48,16,0.36641773993407156,0.6668942646533379
48,17,0.0,0.6668942646533379
48,18,0.43309719113572537,0.6668942646533379
48,19,0.4676833710156957,0.6668942646533379
48,20,0.0,0.6668942646533379
48,21,0.6327373021836228,0.6668942646533379
48,22,0.39641552150488035,0.6668942646533379
48,23,0.3906642303130399,0.6668942646533379
48,24,0.14333589817075326,0.6668942646533379
49,1,0.4394481756282771,0.736271946012888
49,2,0.02939224054473885,0.736271946012888
49,3,0.0,0.736271946012888
49,4,0.6157307368362724,0.736271946012888
49,5,0.37501244514192655,0.736271946012888
49,6,0.11990292670168787,0.736271946012888
49,7,0.4005470640325845,0.736271946012888
49,8,0.2339015160449932,0.736271946012888
49,9,0.7210769918272576,0.736271946012888
49,10,0.2828793071780459,0.736271946012888
49,11,0.8241114648212173,0.736271946012888
49,12,0.014292175927148633,0.736271946012888
49,13,0.15887382909024328,0.736271946012888
49,14,0.316695821252744,0.736271946012888
49,15,0.3803890573980536,0.736271946012888
49,16,0.17306217383203673,0.736271946012888
49,17,0.2169764067152242,0.736271946012888
49,18,0.28772433679693804,0.736271946012888
49,19,0.3787666578962433,0.736271946012888
49,20,0.0,0.736271946012888
49,21,0.6454775784228866,0.736271946012888
49,22,0.418559172348923,0.736271946012888
49,23,0.46479013664324165,0.736271946012888
49,24,0.0,0.736271946012888
50,1,0.340420931504388,0.7139173418392883
50,2,0.023090227245592176,0.7139173418392883
50,3,0.0,0.7139173418392883
50,4,0.7053467659555314,0.7139173418392883
50,5,0.5047569580793788,0.7139173418392883
50,6,0.20032786143225523,0.7139173418392883
50,7,0.602464053212809,0.7139173418392883
50,8,0.24843377598967462,0.7139173418392883
50,9,0.5261227908350414,0.7139173418392883
50,10,0.40111341733582845,0.7139173418392883
50,11,0.7553364290920026,0.7139173418392883
50,12,0.24297375175782707,0.7139173418392883
50,13,0.0,0.7139173418392883
50,14,0.37774654383733064,0.7139173418392883
50,15,0.0,0.7139173418392883
50,16,0.19648948516362197,0.7139173418392883
50,17,0.20644268984230918,0.7139173418392883
50,18,0.30121706780467383,0.7139173418392883
50,19,0.37729463133692565,0.7139173418392883
50,20,0.04524215461750046,0.7139173418392883
50,21,0.6998329123600281,0.7139173418392883
50,22,0.5355069085730787,0.7139173418392883
50,23,0.439459470454446,0.7139173418392883
50,24,0.06673719486540529,0.7139173418392883
51,1,0.42550201793344544,0.6932041823860673
51,2,0.08351744538520943,0.6932041823860673
51,3,0.0,0.6932041823860673
51,4,0.5684974054960262,0.6932041823860673
51,5,0.47966210893992256,0.6932041823860673
51,6,0.2516305297329753,0.6932041823860673
51,7,0.5471326822423347,0.6932041823860673
51,8,0.38779126553882837,0.6932041823860673
51,9,0.626165495827001,0.6932041823860673
51,10,0.5114252126604465,0.6932041823860673
51,11,0.45566875029167375,0.6932041823860673
51,12,0.4044788366771115,0.6932041823860673
51,13,0.0,0.6932041823860673
51,14,0.24778827363221512,0.6932041823860673
51,15,0.0,0.6932041823860673
51,16,0.30043897786278756,0.6932041823860673
51,17,0.376834507810335,0.6932041823860673
51,18,0.17191545413618253,0.6932041823860673
51,19,0.34801384911170163,0.6932041823860673
51,20,0.05163852320852879,0.6932041823860673
51,21,0.400007184852947,0.6932041823860673
51,22,0.6045236717231193,0.6932041823860673
51,23,0.5391793490832615,0.6932041823860673
51,24,0.2936263944126117,0.6932041823860673
52,1,0.4855214903885985,0.6673759302123187
52,2,0.0,0.6673759302123187
52,3,0.002218704849013889,0.6673759302123187
52,4,0.22404025158061613,0.6673759302123187
52,5,0.38556907258168904,0.6673759302123187
52,6,0.15484385253266253,0.6673759302123187
52,7,0.40087950857050275,0.6673759302123187
52,8,0.4822178060243019,0.6673759302123187
52,9,0.7250316987740972,0.6673759302123187
52,10,0.47389968853789627,0.6673759302123187
52,11,0.6002393021928338,0.6673759302123187
52,12,0.34845562541985203,0.6673759302123187
52,13,0.04735970692198,0.6673759302123187
52,14,0.2453668242827916,0.6673759302123187
52,15,0.02532336820625548,0.6673759302123187
52,16,0.2742688081674982,0.6673759302123187
52,17,0.3787270319615464,0.6673759302123187
52,18,0.0,0.6673759302123187
52,19,0.46685860437824894,0.6673759302123187
52,20,0.16997379380360883,0.6673759302123187
52,21,0.5520392878530841,0.6673759302123187
52,22,0.50844948596864,0.6673759302123187
52,23,0.5545868609985148,0.6673759302123187
52,24,0.4222330478031996,0.6673759302123187
53,1,0.6180053010337685,0.6582721073305905
53,2,0.15258119778947615,0.6582721073305905
53,3,0.1777513222395252,0.6582721073305905
53,4,0.16354869233483185,0.6582721073305905
53,5,0.5529009269774613,0.6582721073305905
53,6,0.3093757058563123,0.6582721073305905
53,7,0.3487095827642692,0.6582721073305905
53,8,0.4210135640916426,0.6582721073305905
53,9,0.5024094700911653,0.6582721073305905
53,10,0.4040226979195711,0.6582721073305905
53,11,0.5653037541013048,0.6582721073305905
53,12,0.46009031908315123,0.6582721073305905
53,13,0.09463633048878206,0.6582721073305905
53,14,0.500285752800359,0.6582721073305905
53,15,0.0036950972558425915,0.6582721073305905
53,16,0.5070802838646178,0.6582721073305905
53,17,0.3537297121824522,0.6582721073305905
53,18,0.0,0.6582721073305905
53,19,0.4296829323755814,0.6582721073305905
53,20,0.08603599394365127,0.6582721073305905
53,21,0.2888780556443762,0.6582721073305905
53,22,0.5575592593045412,0.6582721073305905
53,23,0.5052657256115394,0.6582721073305905
53,24,0.4139625023859498,0.6582721073305905
54,1,0.3840447739715056,0.6541235957701259
54,2,0.004293675715334594,0.6541235957701259
54,3,0.11945846739678272,0.6541235957701259
54,4,0.39296483421854367,0.6541235957701259
54,5,0.25512583215278956,0.6541235957701259
54,6,0.1806054314624625,0.6541235957701259
54,7,0.1957223298161961,0.6541235957701259
54,8,0.23198138678888575,0.6541235957701259
54,9,0.4226090845507554,0.6541235957701259
54,10,0.3944208596258554,0.6541235957701259
54,11,0.485379317242354,0.6541235957701259
54,12,0.4480380516065496,0.6541235957701259
54,13,0.25620801897418904,0.6541235957701259
54,14,0.5648446337989701,0.6541235957701259
54,15,0.02945272936816269,0.6541235957701259
54,16,0.359945153503516,0.6541235957701259
54,17,0.2967324670990834,0.6541235957701259
54,18,0.019305271071058,0.6541235957701259
54,19,0.4789406070603099,0.6541235957701259
54,20,0.29606313374125826,0.6541235957701259
54,21,0.2541316179438931,0.6541235957701259
54,22,0.5646767464043998,0.6541235957701259
54,23,0.49561521354840177,0.6541235957701259
54,24,0.32542042333684895,0.6541235957701259
55,1,0.5976324426176142,0.6326401304056449
55,2,0.02460294149826179,0.6326401304056449
55,3,0.1484475169528906,0.6326401304056449
55,4,0.2853277995687138,0.6326401304056449
55,5,0.22021699374578327,0.6326401304056449
55,6,0.0,0.6326401304056449
55,7,0.04228430565629959,0.6326401304056449
55,8,0.2950287486156194,0.6326401304056449
55,9,0.48005362652169253,0.6326401304056449
55,10,0.33683178363033106,0.6326401304056449
55,11,0.5125887703114121,0.6326401304056449
55,12,0.31171126012778444,0.6326401304056449
55,13,0.25234989648489187,0.6326401304056449
55,14,0.45531299737755027,0.6326401304056449
55,15,0.10120874513162256,0.6326401304056449
55,16,0.5753106679057223,0.6326401304056449
55,17,0.28294204977443266,0.6326401304056449
55,18,0.0,0.6326401304056449
55,19,0.6073544718472035,0.6326401304056449
55,20,0.10782641426495942,0.6326401304056449
55,21,0.21997033922155781,0.6326401304056449
55,22,0.29864544683074834,0.6326401304056449
55,23,0.4342387654443181,0.6326401304056449
55,24,0.13959980171763164,0.6326401304056449
56,1,0.5271436418524073,0.6486337108733177
56,2,0.0,0.6486337108733177
56,3,0.2231441234868049,0.6486337108733177
56,4,0.1365038069480648,0.6486337108733177
56,5,0.1829730892949146,0.6486337108733177
56,6,0.021859756215755463,0.6486337108733177
56,7,0.14434557114689192,0.6486337108733177
56,8,0.6044217927951037,0.6486337108733177
56,9,0.4122869333506147,0.6486337108733177
56,10,0.38578530183970267,0.6486337108733177
56,11,0.44230406768212815,0.6486337108733177
56,12,0.2756694224310389,0.6486337108733177
56,13,0.4042155614236348,0.6486337108733177
56,14,0.40767824682063436,0.6486337108733177
56,15,0.0,0.6486337108733177
56,16,0.7981030712078088,0.6486337108733177
56,17,0.3637878401425424,0.6486337108733177
56,18,0.005523444899015191,0.6486337108733177
56,19,0.5390179961563504,0.6486337108733177
56,20,0.0025245824183910137,0.6486337108733177
56,21,0.3521062328505463,0.6486337108733177
56,22,0.45737222640032904,0.6486337108733177
56,23,0.5226499193770278,0.6486337108733177
56,24,0.14331305318601129,0.6486337108733177
57,1,0.48787834262776614,0.5742306906977457
57,2,0.07014538159106076,0.5742306906977457
57,3,0.3807074564827991,0.5742306906977457
57,4,0.0,0.5742306906977457
57,5,0.0,0.5742306906977457
57,6,0.196956405133253,0.5742306906977457
57,7,0.01910070025628771,0.5742306906977457
57,8,0.4600077155030909,0.5742306906977457
57,9,0.4422976149375758,0.5742306906977457
57,10,0.41633170481072024,0.5742306906977457
57,11,0.2987084445378166,0.5742306906977457
57,12,0.11883904262309913,0.5742306906977457
57,13,0.40189590633978395,0.5742306906977457
57,14,0.5056945975156801,0.5742306906977457
57,15,0.05572300215246333,0.5742306906977457
57,16,0.7050045708978366,0.5742306906977457
57,17,0.5815467731885008,0.5742306906977457
57,18,0.0,0.5742306906977457
57,19,0.5834239686556512,0.5742306906977457
57,20,0.0,0.5742306906977457
57,21,0.1313219240409038,0.5742306906977457
57,22,0.6145343631549185,0.5742306906977457
57,23,0.5924589283809858,0.5742306906977457
57,24,0.12381819891555224,0.5742306906977457
58,1,0.2649687631194715,0.6046861936716385
58,2,0.2059053310041445,0.6046861936716385
58,3,0.35243553530596267,0.6046861936716385
58,4,0.0,0.6046861936716385
58,5,0.06068836122175037,0.6046861936716385
58,6,0.44600408020454496,0.6046861936716385
58,7,0.06400132201066609,0.6046861936716385
58,8,0.4364173709646616,0.6046861936716385
58,9,0.499309275828442,0.6046861936716385
58,10,0.6394249824960181,0.6046861936716385
58,11,0.30275734916942193,0.6046861936716385
58,12,0.23388704059316104,0.6046861936716385
58,13,0.45059702993158246,0.6046861936716385
58,14,0.4576845151756664,0.6046861936716385
58,15,0.140606199465418,0.6046861936716385
58,16,0.5333927859175775,0.6046861936716385
58,17,0.20726276607551486,0.6046861936716385
58,18,0.10337397352786465,0.6046861936716385
58,19,0.5117291111177401,0.6046861936716385
58,20,0.09644608833569175,0.6046861936716385
58,21,0.0,0.6046861936716385
58,22,0.6276413942047318,0.6046861936716385
58,23,0.6939712170667589,0.6046861936716385
58,24,0.4043489023195398,0.6046861936716385
59,1,0.2057050694604433,0.6266422187815742
59,2,0.00599516212309506,0.6266422187815742
59,3,0.26245318381077143,0.6266422187815742
59,4,0.20406877443434396,0.6266422187815742
59,5,0.21588683543094012,0.6266422187815742
59,6,0.3727708786475544,0.6266422187815742
59,7,0.16452353737929493,0.6266422187815742
59,8,0.25775621261900217,0.6266422187815742
59,9,0.49251643171782716,0.6266422187815742
59,10,0.5916726554286468,0.6266422187815742
59,11,0.5972553469045638,0.6266422187815742
59,12,0.36551884965762055,0.6266422187815742
59,13,0.41392798751274623,0.6266422187815742
59,14,0.3122053772812412,0.6266422187815742
59,15,0.17328602961461126,0.6266422187815742
59,16,0.4337772030227589,0.6266422187815742
59,17,0.16761953581740874,0.6266422187815742
59,18,0.22843983698984108,0.6266422187815742
59,19,0.38023485256090095,0.6266422187815742
59,20,0.12378148042356414,0.6266422187815742
59,21,0.06470713205315769,0.6266422187815742
59,22,0.41867357227072155,0.6266422187815742
59,23,0.492139698304631,0.6266422187815742
59,24,0.31700944192693825,0.6266422187815742
60,1,0.34005234908807863,0.5443150269263681
60,2,0.0768321404225485,0.5443150269263681
60,3,0.20180216515761823,0.5443150269263681
60,4,0.24185338726079478,0.5443150269263681
60,5,0.36551881504808004,0.5443150269263681
60,6,0.5096516546800706,0.5443150269263681
60,7,0.17342411936510224,0.5443150269263681
60,8,0.376785203995768,0.5443150269263681
60,9,0.42112718343893346,0.5443150269263681
60,10,0.497947167994381,0.5443150269263681
60,11,0.3438384128214325,0.5443150269263681
60,12,0.23198796268236718,0.5443150269263681
60,13,0.28801028345959284,0.5443150269263681
60,14,0.4851209689715421,0.5443150269263681
60,15,0.0,0.5443150269263681
60,16,0.5632143614674794,0.5443150269263681
60,17,0.1304166263605894,0.5443150269263681
60,18,0.2870747961171184,0.5443150269263681
60,19,0.40862070634503844,0.5443150269263681
60,20,0.21492651999149648,0.5443150269263681
60,21,0.05198969559232584,0.5443150269263681
60,22,0.3616134884892569,0.5443150269263681
60,23,0.44225763747312163,0.5443150269263681
60,24,0.20073151903930211,0.5443150269263681
61,1,0.2713222260764562,0.5703401671028444
61,2,0.0,0.5703401671028444
61,3,0.22379082735258135,0.5703401671028444
61,4,0.10708840422607027,0.5703401671028444
61,5,0.34961366448172093,0.5703401671028444
61,6,0.5952915429996561,0.5703401671028444
61,7,0.2740251475023031,0.5703401671028444
61,8,0.3320381502869703,0.5703401671028444
61,9,0.32840954328591737,0.5703401671028444
61,10,0.4425736908712737,0.5703401671028444
61,11,0.5413784832115991,0.5703401671028444
61,12,0.10738661378162573,0.5703401671028444
61,13,0.0,0.5703401671028444
61,14,0.5100947984471629,0.5703401671028444
61,15,0.0,0.5703401671028444
61,16,0.6340928159863559,0.5703401671028444
61,17,0.06671936313099318,0.5703401671028444
61,18,0.43781854736094117,0.5703401671028444
61,19,0.3794830211405541,0.5703401671028444
61,20,0.32503540906413164,0.5703401671028444
61,21,0.02138464985653113,0.5703401671028444
61,22,0.16959824400934492,0.5703401671028444
61,23,0.3956543706374646,0.5703401671028444
61,24,0.2166624686369516,0.5703401671028444
62,1,0.29805613812091,0.5524008988175217
62,2,0.0,0.5524008988175217
62,3,0.403497177031869,0.5524008988175217
62,4,0.259401074488213,0.5524008988175217
62,5,0.2819825123988506,0.5524008988175217
62,6,0.6435402914095086,0.5524008988175217
62,7,0.2365751649710378,0.5524008988175217
62,8,0.3033309103707286,0.5524008988175217
62,9,0.2846721594132583,0.5524008988175217
62,10,0.5775633959738236,0.5524008988175217
62,11,0.4715191211950196,0.5524008988175217
62,12,0.10737914887883893,0.5524008988175217
62,13,0.21577515665463082,0.5524008988175217
62,14,0.6060437920862043,0.5524008988175217
62,15,0.19790410931499108,0.5524008988175217
62,16,0.5502478989848054,0.5524008988175217
62,17,0.1636552664747149,0.5524008988175217
62,18,0.5139371377066723,0.5524008988175217
62,19,0.2502290958871629,0.5524008988175217
62,20,0.6133582801439427,0.5524008988175217
62,21,0.32311887462532213,0.5524008988175217
62,22,0.25125632188305697,0.5524008988175217
62,23,0.18469441958877647,0.5524008988175217
62,24,0.23024060470743027,0.5524008988175217
63,1,0.20643712460328312,0.5290932118978995
63,2,0.0,0.5290932118978995
63,3,0.30842137048136703,0.5290932118978995
63,4,0.3084298849336829,0.5290932118978995
63,5,0.3153373541277531,0.5290932118978995
63,6,0.5355354835196399,0.5290932118978995
63,7,0.02750353141289147,0.5290932118978995
63,8,0.5579505652092664,0.5290932118978995
63,9,0.40980703772758076,0.5290932118978995
63,10,0.7255275465255522,0.5290932118978995
63,11,0.3705803706927273,0.5290932118978995
63,12,0.09177595014220082,0.5290932118978995
63,13,0.09558548488106836,0.5290932118978995
63,14,0.4525005691630455,0.5290932118978995
63,15,0.3299692984295603,0.5290932118978995
63,16,0.4386879044384228,0.5290932118978995
63,17,0.20164200539240293,0.5290932118978995
63,18,0.3075464673802289,0.5290932118978995
63,19,0.0865209954326498,0.5290932118978995
63,20,0.6555906140830177,0.5290932118978995
63,21,0.27399177164637056,0.5290932118978995
63,22,0.16627659750900958,0.5290932118978995
63,23,0.2159251485017012,0.5290932118978995
63,24,0.28680234064768595,0.5290932118978995
64,1,0.43212691137441184,0.5063676761349714
64,2,0.07786573841364453,0.5063676761349714
64,3,0.37566928275904005,0.5063676761349714
64,4,0.3334701296843923,0.5063676761349714
64,5,0.3003238739951702,0.5063676761349714
64,6,0.31317611321246264,0.5063676761349714
64,7,0.1915725018430764,0.5063676761349714
64,8,0.4497391738405842,0.5063676761349714
64,9,0.5106250638511075,0.5063676761349714
64,10,0.6188980096361949,0.5063676761349714
64,11,0.43103309851923377,0.5063676761349714
64,12,0.29236118636230735,0.5063676761349714
64,13,0.2182089410183729,0.5063676761349714
64,14,0.22598022218795147,0.5063676761349714
64,15,0.16723117463970386,0.5063676761349714
64,16,0.38006337038955795,0.5063676761349714
64,17,0.20336682142506587,0.5063676761349714
64,18,0.20862352068496592,0.5063676761349714
64,19,0.024231042763387806,0.5063676761349714
64,20,0.7121435771815082,0.5063676761349714
64,21,0.3830515586214738,0.5063676761349714
64,22,0.19421826830308264,0.5063676761349714
64,23,0.10679664835928415,0.5063676761349714
64,24,0.26388310947207444,0.5063676761349714
65,1,0.3403441513983532,0.4740042479303848
65,2,0.14839814285916997,0.4740042479303848
65,3,0.23914558880797723,0.4740042479303848
65,4,0.2727583223557032,0.4740042479303848
65,5,0.06038114948136222,0.4740042479303848
65,6,0.4181907354775851,0.4740042479303848
65,7,0.2797459517908731,0.4740042479303848
65,8,0.4470974777167101,0.4740042479303848
65,9,0.4471716243870622,0.4740042479303848
65,10,0.7265831520252134,0.4740042479303848
65,11,0.6028897111067535,0.4740042479303848
65,12,0.34363072100326986,0.4740042479303848
65,13,0.21148112937259606,0.4740042479303848
65,14,0.0197223730204803,0.4740042479303848
65,15,0.19835028187203815,0.4740042479303848
65,16,0.28233221001281417,0.4740042479303848
65,17,0.38850910618539297,0.4740042479303848
65,18,0.2666197173018925,0.4740042479303848
65,19,0.060324419705439676,0.4740042479303848
65,20,0.5463925752997785,0.4740042479303848
65,21,0.25586082066438054,0.4740042479303848
65,22,0.13958655389629693,0.4740042479303848
65,23,0.40418491805698886,0.4740042479303848
65,24,0.48022002890503723,0.4740042479303848
66,1,0.3720515340337602,0.5033041398600892
66,2,0.20041642353553013,0.5033041398600892
66,3,0.3685681709351263,0.5033041398600892
66,4,0.3858820373965869,0.5033041398600892
66,5,0.0,0.5033041398600892
66,6,0.5091891142834446,0.5033041398600892
66,7,0.04950804279373128,0.5033041398600892
66,8,0.5572688879301665,0.5033041398600892
66,9,0.6703902577809202,0.5033041398600892
66,10,0.5382501789337583,0.5033041398600892
66,11,0.5662683106061129,0.5033041398600892
66,12,0.1046802256206861,0.5033041398600892
66,13,0.45141380326221237,0.5033041398600892
66,14,0.0,0.5033041398600892
66,15,0.25089321041200474,0.5033041398600892
66,16,0.05043310041387128,0.5033041398600892
66,17,0.2608498680931405,0.5033041398600892
66,18,0.5133287484367903,0.5033041398600892
66,19,0.05736169979812627,0.5033041398600892
66,20,0.4497845863042141,0.5033041398600892
66,21,0.2625590168889993,0.5033041398600892
66,22,0.11031042649478776,0.5033041398600892
66,23,0.4725482416666967,0.5033041398600892
66,24,0.4284733265226637,0.5033041398600892
67,1,0.43217427484253934,0.4616855476073878
67,2,0.2896586837974047,0.4616855476073878
67,3,0.2632900204196149,0.4616855476073878
67,4,0.22420207017207272,0.4616855476073878
67,5,0.037248545006554765,0.4616855476073878
67,6,0.6143700016695949,0.4616855476073878
67,7,0.36473145613827684,0.4616855476073878
67,8,0.6875775540211337,0.4616855476073878
67,9,0.4886796171478748,0.4616855476073878
67,10,0.43037676733047003,0.4616855476073878
67,11,0.603350740260587,0.4616855476073878
67,12,0.1879565501430005,0.4616855476073878
67,13,0.4029774629887716,0.4616855476073878
67,14,0.18442407551724568,0.4616855476073878
67,15,0.2639449280814695,0.4616855476073878
67,16,0.061339024643866404,0.4616855476073878
67,17,0.02885643758565154,0.4616855476073878
67,18,0.47745864809374006,0.4616855476073878
67,19,0.14441604617715398,0.4616855476073878
67,20,0.2626852461763301,0.4616855476073878
67,21,0.2674256034883562,0.4616855476073878
67,22,0.24121645242072434,0.4616855476073878
67,23,0.41400272310950614,0.4616855476073878
67,24,0.4308270655086692,0.4616855476073878
68,1,0.31661702694190075,0.43911824767439106
68,2,0.2103990225430552,0.43911824767439106
68,3,0.48068877966242096,0.43911824767439106
68,4,0.5365514220781259,0.43911824767439106
68,5,0.10051766849210068,0.43911824767439106
68,6,0.6516726782991833,0.43911824767439106
68,7,0.3375316898467907,0.43911824767439106
68,8,0.46892773397557364,0.43911824767439106
68,9,0.4976901257007905,0.43911824767439106
68,10,0.5612180541552486,0.43911824767439106
68,11,0.5675528206169983,0.43911824767439106
68,12,0.3600598185098652,0.43911824767439106
68,13,0.3632045319234807,0.43911824767439106
68,14,0.2000427140456022,0.43911824767439106
68,15,0.4666359096624262,0.43911824767439106
68,16,0.2623881004173742,0.43911824767439106
68,17,0.09207696751783613,0.43911824767439106
68,18,0.3269554818474213,0.43911824767439106
68,19,0.2409537376377824,0.43911824767439106
68,20,0.15795691404308654,0.43911824767439106
68,21,0.052163194622268344,0.43911824767439106
68,22,0.2063325280025985,0.43911824767439106
68,23,0.318888285619416,0.43911824767439106
68,24,0.5255905724820592,0.43911824767439106
69,1,0.24514442261942843,0.4765394570547512
69,2,0.48022521322398504,0.4765394570547512
69,3,0.6248811302939544,0.4765394570547512
69,4,0.3729340036722435,0.4765394570547512
69,5,0.0,0.4765394570547512
69,6,0.5464349253802017,0.4765394570547512
69,7,0.3516930707399151,0.4765394570547512
69,8,0.22602601446357978,0.4765394570547512
69,9,0.5428483323079273,0.4765394570547512
69,10,0.43115171544330716,0.4765394570547512
69,11,0.6006582014823433,0.4765394570547512
69,12,0.3056881505360651,0.4765394570547512
69,13,0.17993925687547352,0.4765394570547512
69,14,0.0,0.4765394570547512
69,15,0.45279095833032185,0.4765394570547512
69,16,0.32866123622964755,0.4765394570547512
69,17,0.08686491772620664,0.4765394570547512
69,18,0.3362033496287122,0.4765394570547512
69,19,0.07875276391214264,0.4765394570547512
69,20,0.1568162949094507,0.4765394570547512
69,21,0.1745041212578478,0.4765394570547512
69,22,0.22347659501942416,0.4765394570547512
69,23,0.5328093949716284,0.4765394570547512
69,24,0.35786001817845225,0.4765394570547512
70,1,0.17354418857332599,0.5403502313712719
70,2,0.4160534036672788,0.5403502313712719
70,3,0.6805406125966033,0.5403502313712719
70,4,0.43948220696157525,0.5403502313712719
70,5,0.0,0.5403502313712719
70,6,0.30459574724434046,0.5403502313712719
70,7,0.39881489535231057,0.5403502313712719
70,8,0.22246126379921516,0.5403502313712719
70,9,0.6573452437017274,0.5403502313712719
70,10,0.3600860024826271,0.5403502313712719
70,11,0.3999151895685041,0.5403502313712719
70,12,0.2867894327917717,0.5403502313712719
70,13,0.23242314988894283,0.5403502313712719
70,14,0.04437020381656144,0.5403502313712719
70,15,0.34005520453394183,0.5403502313712719
70,16,0.13591645323599102,0.5403502313712719
70,17,0.0,0.5403502313712719
70,18,0.0,0.5403502313712719
70,19,0.11486244306320492,0.5403502313712719
70,20,0.0,0.5403502313712719
70,21,0.24170493300405227,0.5403502313712719
70,22,0.0592258516604067,0.5403502313712719
70,23,0.6499767605563853,0.5403502313712719
70,24,0.23671698890408,0.5403502313712719
71,1,0.41773036662906454,0.48930147246802236
71,2,0.4092947036165907,0.48930147246802236
71,3,0.40024865304267127,0.48930147246802236
71,4,0.2995123406231216,0.48930147246802236
71,5,0.0,0.48930147246802236
71,6,0.5455632255960121,0.48930147246802236
71,7,0.4497264298684611,0.48930147246802236
71,8,0.1740456593634403,0.48930147246802236
71,9,0.48730853399365814,0.48930147246802236
71,10,0.35483522291438074,0.48930147246802236
71,11,0.5804420636049572,0.48930147246802236
71,12,0.2529468798486211,0.48930147246802236
71,13,0.13319429788741954,0.48930147246802236
71,14,0.13939193475917694,0.48930147246802236
71,15,0.42943909571770034,0.48930147246802236
71,16,0.12840328761517944,0.48930147246802236
71,17,0.00541005042266169,0.48930147246802236
71,18,0.10323947761280058,0.48930147246802236
71,19,0.0,0.48930147246802236
71,20,0.23032141613273413,0.48930147246802236
71,21,0.09672366487728745,0.48930147246802236
71,22,0.19084704745113712,0.48930147246802236
71,23,0.5150974004400639,0.48930147246802236
71,24,0.28423536843912356,0.48930147246802236
72,1,0.6452767000816537,0.5162080142809264
72,2,0.219969604518921,0.5162080142809264
72,3,0.37090748201507023,0.5162080142809264
72,4,0.14577870953584127,0.5162080142809264
72,5,0.000995681582134117,0.5162080142809264
72,6,0.5552791768866085,0.5162080142809264
72,7,0.5516529966064586,0.5162080142809264
72,8,0.0,0.5162080142809264
72,9,0.4778676170504844,0.5162080142809264
72,10,0.29640000293833413,0.5162080142809264
72,11,0.4440928826641264,0.5162080142809264
72,12,0.16160413009994162,0.5162080142809264
72,13,0.3227893278857479,0.5162080142809264
72,14,0.10421007080957476,0.5162080142809264
72,15,0.18152525262393737,0.5162080142809264
72,16,0.011191312631498473,0.5162080142809264
72,17,0.04561677075402871,0.5162080142809264
72,18,0.29462498136885196,0.5162080142809264
72,19,0.040294511318197467,0.5162080142809264
72,20,0.05257849926343364,0.5162080142809264
72,21,0.26947557931815436,0.5162080142809264
72,22,0.0,0.5162080142809264
72,23,0.3827683641203159,0.5162080142809264
72,24,0.2586195918268066,0.5162080142809264
73,1,0.33928020382615576,0.5114547238876411
73,2,0.3353449817311877,0.5114547238876411
73,3,0.36369189664334384,0.5114547238876411
73,4,0.4542634128413259,0.5114547238876411
73,5,0.0,0.5114547238876411
73,6,0.43561746371150684,0.5114547238876411
73,7,0.5377963938436653,0.5114547238876411
73,8,0.0,0.5114547238876411
73,9,0.3919985425354018,0.5114547238876411
73,10,0.31129949739316,0.5114547238876411
73,11,0.49406895145177543,0.5114547238876411
73,12,0.3879298189952762,0.5114547238876411
73,13,0.23423872441130233,0.5114547238876411
73,14,0.09903009310727759,0.5114547238876411
73,15,0.31805834335203115,0.5114547238876411
73,16,0.2943296106926271,0.5114547238876411
73,17,0.1107097521080819,0.5114547238876411
73,18,0.3475153240588499,0.5114547238876411
73,19,0.2610288977752404,0.5114547238876411
73,20,0.13377230264123358,0.5114547238876411
73,21,0.2828301120323612,0.5114547238876411
73,22,0.22392763239999353,0.5114547238876411
73,23,0.4178800875682838,0.5114547238876411
73,24,0.275648122518555,0.5114547238876411
74,1,0.2500409670769756,0.53626308050143
74,2,0.44372981299926106,0.53626308050143
74,3,0.4246856173979377,0.53626308050143
74,4,0.6206391246906143,0.53626308050143
74,5,0.12594598036560697,0.53626308050143
74,6,0.29709127423555415,0.53626308050143
74,7,0.5605949978966659,0.53626308050143
74,8,0.04201942488829483,0.53626308050143
74,9,0.45918078290016784,0.53626308050143
74,10,0.051251237923614634,0.53626308050143
74,11,0.38430149102142486,0.53626308050143
74,12,0.6601926589948208,0.53626308050143
74,13,0.4006939072341601,0.53626308050143
74,14,0.11607251124368205,0.53626308050143
74,15,0.19021255426805814,0.53626308050143
74,16,0.37684623162114805,0.53626308050143
74,17,0.035671300611865644,0.53626308050143
74,18,0.5243158377893832,0.53626308050143
74,19,0.14992874941928291,0.53626308050143
74,20,0.1333515344854405,0.53626308050143
74,21,0.1578764307107279,0.53626308050143
74,22,0.3910328359777959,0.53626308050143
74,23,0.28771134643004975,0.53626308050143
74,24,0.3426927369087217,0.53626308050143
75,1,0.3442466179487919,0.46681115551442465
75,2,0.3366217698822409,0.46681115551442465
75,3,0.35806700332461694,0.46681115551442465
75,4,0.7002498110153837,0.46681115551442465
75,5,0.08731604075756816,0.46681115551442465
75,6,0.33058200141541655,0.46681115551442465
75,7,0.35728180498813067,0.46681115551442465
75,8,0.31242950109710677,0.46681115551442465
75,9,0.42632892844746134,0.46681115551442465
75,10,0.14174177628474274,0.46681115551442465
75,11,0.3535265425372378,0.46681115551442465
75,12,0.8553283883138929,0.46681115551442465
75,13,0.27555066811809314,0.46681115551442465
75,14,0.3133542846800089,0.46681115551442465
75,15,0.21710234754325758,0.46681115551442465
75,16,0.326759666614537,0.46681115551442465
75,17,0.24705850944216698,0.46681115551442465
75,18,0.6497016074116441,0.46681115551442465
75,19,0.19965203424369848,0.46681115551442465
75,20,0.30045093357523567,0.46681115551442465
75,21,0.15147268227100674,0.46681115551442465
75,22,0.5540252723397838,0.46681115551442465
75,23,0.163651917899586,0.46681115551442465
75,24,0.3069159562642124,0.46681115551442465
76,1,0.6287066426449655,0.46588779025042465
76,2,0.15449313307359278,0.46588779025042465
76,3,0.43374781483132135,0.46588779025042465
76,4,0.6432055672340746,0.46588779025042465
76,5,0.0,0.46588779025042465
76,6,0.3766351514855095,0.46588779025042465
76,7,0.4771222121305826,0.46588779025042465
76,8,0.08135785836902074,0.46588779025042465
76,9,0.4495473199504914,0.46588779025042465
76,10,0.0,0.46588779025042465
76,11,0.23258837951789718,0.46588779025042465
76,12,0.5979776692688487,0.46588779025042465
76,13,0.26910560712692444,0.46588779025042465
76,14,0.27309174448620666,0.46588779025042465
76,15,0.22502123568061638,0.46588779025042465
76,16,0.13919796392151007,0.46588779025042465
76,17,0.1211358280684505,0.46588779025042465
76,18,0.7938912382608937,0.46588779025042465
76,19,0.008938715206592951,0.46588779025042465
76,20,0.4611609162053293,0.46588779025042465
76,21,0.359838087918056,0.46588779025042465
76,22,0.5766242239862567,0.46588779025042465
76,23,0.22769417811921497,0.46588779025042465
76,24,0.30046502425017957,0.46588779025042465
77,1,0.8360740595091245,0.4988314557410896
77,2,0.25121003220456345,0.4988314557410896
77,3,0.2840695679588516,0.4988314557410896
77,4,0.6311721309154659,0.4988314557410896
77,5,0.08077778531995072,0.4988314557410896
77,6,0.37433423508820024,0.4988314557410896
77,7,0.5227095877161934,0.4988314557410896
77,8,0.25370512838690096,0.4988314557410896
77,9,0.4503247052151963,0.4988314557410896
77,10,0.0,0.4988314557410896
77,11,0.17447198440349504,0.4988314557410896
77,12,0.5071049705030336,0.4988314557410896
77,13,0.09313143803791002,0.4988314557410896
77,14,0.4365557648737376,0.4988314557410896
77,15,0.24843232662457582,0.4988314557410896
77,16,0.07842535649686769,0.4988314557410896
77,17,0.30969972564264947,0.4988314557410896
77,18,0.6112573634517208,0.4988314557410896
77,19,0.0,0.4988314557410896
77,20,0.5328729372584488,0.4988314557410896
77,21,0.3975180325911535,0.4988314557410896
77,22,0.6143357001235145,0.4988314557410896
77,23,0.30337689753160074,0.4988314557410896
77,24,0.20840081960663248,0.4988314557410896
78,1,0.95,0.5421534126354318
78,2,0.0,0.5421534126354318
78,3,0.48179819282785596,0.5421534126354318
78,4,0.7019740889126032,0.5421534126354318
78,5,0.11534093816392454,0.5421534126354318
78,6,0.4103949205146138,0.5421534126354318
78,7,0.3552731238295105,0.5421534126354318
78,8,0.2248365486668472,0.5421534126354318
78,9,0.40370743453332736,0.5421534126354318
78,10,0.13073394984313536,0.5421534126354318
78,11,0.3882326243372778,0.5421534126354318
78,12,0.3534415693878498,0.5421534126354318
78,13,0.0,0.5421534126354318
78,14,0.8127615029263155,0.5421534126354318
78,15,0.44415398981299514,0.5421534126354318
78,16,0.14481254878069633,0.5421534126354318
78,17,0.5873321206301789,0.5421534126354318
78,18,0.600653134295846,0.5421534126354318
78,19,0.022188401623198184,0.5421534126354318
78,20,0.479432713565679,0.5421534126354318
78,21,0.45125428493013775,0.5421534126354318
78,22,0.7485269830637451,0.5421534126354318
78,23,0.25020867689649556,0.5421534126354318
78,24,0.03159183742152766,0.5421534126354318
79,1,0.7895387888306846,0.48377969598153525
79,2,0.0,0.48377969598153525
79,3,0.37912375030658774,0.48377969598153525
79,4,0.642702838154852,0.48377969598153525
79,5,0.1866458077210184,0.48377969598153525
79,6,0.4349348563388889,0.48377969598153525
79,7,0.3301075006116006,0.48377969598153525
79,8,0.2564606071438301,0.48377969598153525
79,9,0.5099259999268272,0.48377969598153525
79,10,0.0465484676730229,0.48377969598153525
79,11,0.30003865791602924,0.48377969598153525
79,12,0.3862770881003752,0.48377969598153525
79,13,0.14480515205401745,0.48377969598153525
79,14,0.7489945790213033,0.48377969598153525
79,15,0.265630670351982,0.48377969598153525
79,16,0.32146549464180385,0.48377969598153525
79,17,0.6363291166836419,0.48377969598153525
79,18,0.6370618870008099,0.48377969598153525
79,19,0.0,0.48377969598153525
79,20,0.5050959202355364,0.48377969598153525
79,21,0.571936852905975,0.48377969598153525
79,22,0.6315950428712666,0.48377969598153525
79,23,0.12926972212155205,0.48377969598153525
79,24,0.0,0.48377969598153525
80,1,0.6147910376628131,0.5382829178995723
80,2,0.1441733449413067,0.5382829178995723
80,3,0.21134969000647905,0.5382829178995723
80,4,0.5285132653697127,0.5382829178995723
80,5,0.18269846333808695,0.5382829178995723
80,6,0.5725850648417321,0.5382829178995723
80,7,0.3414937505287721,0.5382829178995723
80,8,0.23120587995429404,0.5382829178995723
80,9,0.6856761349880384,0.5382829178995723
80,10,0.31741586875953864,0.5382829178995723
80,11,0.21577631235487255,0.5382829178995723
80,12,0.25641954127447736,0.5382829178995723
80,13,0.1884133666595583,0.5382829178995723
80,14,0.5168959336950352,0.5382829178995723
80,15,0.13717716891635834,0.5382829178995723
80,16,0.28802355886164377,0.5382829178995723
80,17,0.6479131552024094,0.5382829178995723
80,18,0.5677815583728176,0.5382829178995723
80,19,0.0,0.5382829178995723
80,20,0.3734371168192066,0.5382829178995723
80,21,0.6000782125703804,0.5382829178995723
80,22,0.7658289030411157,0.5382829178995723
80,23,0.02234057318241081,0.5382829178995723
80,24,0.0,0.5382829178995723
81,1,0.5492151940051958,0.5507014941840109
81,2,0.46128517894417187,0.5507014941840109
81,3,0.40545842673847554,0.5507014941840109
81,4,0.5187761958052014,0.5507014941840109
81,5,0.20032338470684188,0.5507014941840109
81,6,0.4172432564440939,0.5507014941840109
81,7,0.39748646304597796,0.5507014941840109
81,8,0.2316875534527651,0.5507014941840109
81,9,0.3794403010660594,0.5507014941840109
81,10,0.30598137911108586,0.5507014941840109
81,11,0.2864867678857682,0.5507014941840109
81,12,0.15319334765106823,0.5507014941840109
81,13,0.10091130602383933,0.5507014941840109
81,14,0.2652550043489291,0.5507014941840109
81,15,0.16657054422911757,0.5507014941840109
81,16,0.2829028649337124,0.5507014941840109
81,17,0.3441904697415562,0.5507014941840109
81,18,0.49418979924041184,0.5507014941840109
81,19,0.1529443046658362,0.5507014941840109
81,20,0.608969215416358,0.5507014941840109
81,21,0.38171202525370146,0.5507014941840109
81,22,0.695438979076026,0.5507014941840109
81,23,0.13554582189337133,0.5507014941840109
81,24,0.21314179062486344,0.5507014941840109
82,1,0.5886590688634354,0.5113404553624201
82,2,0.395207649577937,0.5113404553624201
82,3,0.49140174713938134,0.5113404553624201
82,4,0.6654340404601033,0.5113404553624201
82,5,0.21638565526902814,0.5113404553624201
82,6,0.36441921687124385,0.5113404553624201
82,7,0.26233086352167534,0.5113404553624201
82,8,0.373210996739171,0.5113404553624201
82,9,0.2138575969691467,0.5113404553624201
82,10,0.5260698362917968,0.5113404553624201
82,11,0.19902715919544545,0.5113404553624201
82,12,0.0,0.5113404553624201
82,13,0.0,0.5113404553624201
82,14,0.1462917178522216,0.5113404553624201
82,15,0.23172626937918875,0.5113404553624201
82,16,0.36761702742753216,0.5113404553624201
82,17,0.4313800816478337,0.5113404553624201
82,18,0.6307692474476816,0.5113404553624201
82,19,0.16035717684378606,0.5113404553624201
82,20,0.5292353303799743,0.5113404553624201
82,21,0.5615103879232008,0.5113404553624201
82,22,0.7360907598219505,0.5113404553624201
82,23,0.3839906559604546,0.5113404553624201
82,24,0.31491040536833576,0.5113404553624201
83,1,0.6635978718131788,0.5401598244693041
83,2,0.27740771605598213,0.5401598244693041
83,3,0.2801992698975653,0.5401598244693041
83,4,0.6245181104571164,0.5401598244693041
83,5,0.2004301205278351,0.5401598244693041
83,6,0.3000647947237019,0.5401598244693041
83,7,0.1615383095611219,0.5401598244693041
83,8,0.36554985593709116,0.5401598244693041
83,9,0.22136627989937468,0.5401598244693041
83,10,0.5152877381813281,0.5401598244693041
83,11,0.23601255657006406,0.5401598244693041
83,12,0.3050290752209534,0.5401598244693041
83,13,0.20507747803465962,0.5401598244693041
83,14,0.14992888874156318,0.5401598244693041
83,15,0.029975513728399072,0.5401598244693041
83,16,0.39599045680779554,0.5401598244693041
83,17,0.4704132950527297,0.5401598244693041
83,18,0.5797280465575116,0.5401598244693041
83,19,0.28910086659403245,0.5401598244693041
83,20,0.6022046243717113,0.5401598244693041
83,21,0.3873231646228511,0.5401598244693041
83,22,0.6132051196274939,0.5401598244693041
83,23,0.4597292450400213,0.5401598244693041
83,24,0.21686040329165468,0.5401598244693041
84,1,0.43896811512390754,0.5145793606934526
84,2,0.07321887138460836,0.5145793606934526
84,3,0.31033187008656554,0.5145793606934526
84,4,0.5367926578236581,0.5145793606934526
84,5,0.027600601660192514,0.5145793606934526
84,6,0.19419364996746524,0.5145793606934526
84,7,0.05263351166436259,0.5145793606934526
84,8,0.42635665170253334,0.5145793606934526
84,9,0.10878745783563395,0.5145793606934526
84,10,0.4019269949547798,0.5145793606934526
84,11,0.4934624278153325,0.5145793606934526
84,12,0.33788829940375975,0.5145793606934526
84,13,0.22987625277356571,0.5145793606934526
84,14,0.0,0.5145793606934526
84,15,0.08023782095307266,0.5145793606934526
84,16,0.26418560724763096,0.5145793606934526
84,17,0.1531724929632346,0.5145793606934526
84,18,0.6291547080673668,0.5145793606934526
84,19,0.20996208023320156,0.5145793606934526
84,20,0.5240919666860866,0.5145793606934526
84,21,0.26375212259683445,0.5145793606934526
84,22,0.741443385292159,0.5145793606934526
84,23,0.30857701529581594,0.5145793606934526
84,24,0.2443226407684872,0.5145793606934526
85,1,0.34441085283622275,0.6234720493940713
85,2,0.0,0.6234720493940713
85,3,0.24608099223492852,0.6234720493940713
85,4,0.7632089570219844,0.6234720493940713
85,5,0.0,0.6234720493940713
85,6,0.36500039858218697,0.6234720493940713
85,7,0.16134900349939152,0.6234720493940713
85,8,0.3910602704883736,0.6234720493940713
85,9,0.24911230140285534,0.6234720493940713
85,10,0.17892428547287562,0.6234720493940713
85,11,0.7891278907508317,0.6234720493940713
85,12,0.3266221360817468,0.6234720493940713
85,13,0.21732867529426858,0.6234720493940713
85,14,0.0,0.6234720493940713
85,15,0.0,0.6234720493940713
85,16,0.1154061687061946,0.6234720493940713
85,17,0.10887536909686936,0.6234720493940713
85,18,0.4860960381293687,0.6234720493940713
85,19,0.005970476592598584,0.6234720493940713
85,20,0.31979583186153515,0.6234720493940713
85,21,0.21532205294345397,0.6234720493940713
85,22,0.7215477216676307,0.6234720493940713
85,23,0.4461370044620242,0.6234720493940713
85,24,0.0,0.6234720493940713
86,1,0.2782174629691644,0.5733842748473109
86,2,0.0,0.5733842748473109
86,3,0.06121760945927268,0.5733842748473109
86,4,0.6162144638773681,0.5733842748473109
86,5,0.11759825673789642,0.5733842748473109
86,6,0.5659019738472376,0.5733842748473109
86,7,0.293465343873326,0.5733842748473109
86,8,0.21461659935591793,0.5733842748473109
86,9,0.18871715985284615,0.5733842748473109
86,10,0.0,0.5733842748473109
86,11,0.633220299954111,0.5733842748473109
86,12,0.28916138122761836,0.5733842748473109
86,13,0.2992430643898533,0.5733842748473109
86,14,0.0066514122130127,0.5733842748473109
86,15,0.19120038008448684,0.5733842748473109
86,16,0.04705234585128165,0.5733842748473109
86,17,0.09069723945655006,0.5733842748473109
86,18,0.36851469342287657,0.5733842748473109
86,19,0.15355277718929997,0.5733842748473109
86,20,0.288508230926522,0.5733842748473109
86,21,0.17832611409720533,0.5733842748473109
86,22,0.5791250689681001,0.5733842748473109
86,23,0.5020396193136555,0.5733842748473109
86,24,0.014693897207661677,0.5733842748473109
87,1,0.5434001656019162,0.5478722726959264
87,2,0.06714937933218461,0.5478722726959264
87,3,0.0,0.5478722726959264
87,4,0.7323733314960166,0.5478722726959264
87,5,0.1546724558955386,0.5478722726959264
87,6,0.5933685322647448,0.5478722726959264
87,7,0.28307250113309174,0.5478722726959264
87,8,0.276652456509477,0.5478722726959264
87,9,0.6665309060003164,0.5478722726959264
87,10,0.0,0.5478722726959264
87,11,0.5656363147289384,0.5478722726959264
87,12,0.06199984788673782,0.5478722726959264
87,13,0.2717010799085441,0.5478722726959264
87,14,0.05142703844933458,0.5478722726959264
87,15,0.25934047136574734,0.5478722726959264
87,16,0.0898270001841261,0.5478722726959264
87,17,0.22664315562564763,0.5478722726959264
87,18,0.47596816594992003,0.5478722726959264
87,19,0.10130099427399845,0.5478722726959264
87,20,0.48740074696005475,0.5478722726959264
87,21,0.2061134504998057,0.5478722726959264
87,22,0.47467987992047006,0.5478722726959264
87,23,0.5125739816129975,0.5478722726959264
87,24,0.20222786352458927,0.5478722726959264
88,1,0.4593635971351248,0.6356968120902275
88,2,0.15076971381151696,0.6356968120902275
88,3,0.07940489027972267,0.6356968120902275
88,4,0.5271022028107623,0.6356968120902275
88,5,0.24039746235222398,0.6356968120902275
88,6,0.5502135634981028,0.6356968120902275
88,7,0.15951889371855635,0.6356968120902275
88,8,0.4589148787743348,0.6356968120902275
88,9,0.7763140572844028,0.6356968120902275
88,10,0.017509654272682612,0.6356968120902275
88,11,0.6656785479283005,0.6356968120902275
88,12,0.08091385834893537,0.6356968120902275
88,13,0.1531492962658656,0.6356968120902275
88,14,0.23065534194628928,0.6356968120902275
88,15,0.32577453267462525,0.6356968120902275
88,16,0.010868142876030454,0.6356968120902275
88,17,0.320774342552741,0.6356968120902275
88,18,0.3711470223523067,0.6356968120902275
88,19,0.08721583408210033,0.6356968120902275
88,20,0.29117975324763434,0.6356968120902275
88,21,0.17701791903875314,0.6356968120902275
88,22,0.3176147009278486,0.6356968120902275
88,23,0.4296271086572229,0.6356968120902275
88,24,0.295980795964158,0.6356968120902275
89,1,0.20805155241552709,0.5862479235827424
89,2,0.3111484541562011,0.5862479235827424
89,3,0.0,0.5862479235827424
89,4,0.3876435207798238,0.5862479235827424
89,5,0.15304522987035166,0.5862479235827424
89,6,0.45859685926667193,0.5862479235827424
89,7,0.0032242334857960353,0.5862479235827424
89,8,0.3757723314590469,0.5862479235827424
89,9,0.7224353161159415,0.5862479235827424
89,10,0.013977777498067417,0.5862479235827424
89,11,0.6845704725444285,0.5862479235827424
89,12,0.2977530830407502,0.5862479235827424
89,13,0.3065104438976762,0.5862479235827424
89,14,0.1802774038554128,0.5862479235827424
89,15,0.4000949328276048,0.5862479235827424
89,16,0.0,0.5862479235827424
89,17,0.4952383871167827,0.5862479235827424
89,18,0.22948619131460735,0.5862479235827424
89,19,0.32088421459295136,0.5862479235827424
89,20,0.1061021794650514,0.5862479235827424
89,21,0.17912904807208943,0.5862479235827424
89,22,0.390295912547136,0.5862479235827424
89,23,0.3611928049118806,0.5862479235827424
89,24,0.5296095135502605,0.5862479235827424
90,1,0.26143905351529934,0.6513614462290566
90,2,0.33434670685084134,0.6513614462290566
90,3,0.0,0.6513614462290566
90,4,0.4364429654732296,0.6513614462290566
90,5,0.37369188113494717,0.6513614462290566
90,6,0.3169878669562754,0.6513614462290566
90,7,0.35844752798758023,0.6513614462290566
90,8,0.5183870491617554,0.6513614462290566
90,9,0.458198308831143,0.6513614462290566
90,10,0.1616209560838259,0.6513614462290566
90,11,0.35123775468528895,0.6513614462290566
90,12,0.06072652464100825,0.6513614462290566
90,13,0.2474558573044872,0.6513614462290566
90,14,0.46142506388194005,0.6513614462290566
90,15,0.3964026969933075,0.6513614462290566
90,16,0.2244720221130494,0.6513614462290566
90,17,0.4099489788937496,0.6513614462290566
90,18,0.3061666757614353,0.6513614462290566
90,19,0.07531911372041689,0.6513614462290566
90,20,0.23158937568209784,0.6513614462290566
90,21,0.2460710084696008,0.6513614462290566
90,22,0.4256053293642631,0.6513614462290566
90,23,0.32446463842277334,0.6513614462290566
90,24,0.36658205880562433,0.6513614462290566
91,1,0.39303895220451,0.6444834673426993
91,2,0.19149574855181367,0.6444834673426993
91,3,0.15342666122368687,0.6444834673426993
91,4,0.5576867160340908,0.6444834673426993
91,5,0.24106263897805277,0.6444834673426993
91,6,0.5152641728776458,0.6444834673426993
91,7,0.48405673128072646,0.6444834673426993
91,8,0.07732238302007333,0.6444834673426993
91,9,0.42740412936998357,0.6444834673426993
91,10,0.2784314320866219,0.6444834673426993
91,11,0.18621856493859087,0.6444834673426993
91,12,0.25326456852056733,0.6444834673426993
91,13,0.11280157746544817,0.6444834673426993
91,14,0.5110904569131866,0.6444834673426993
91,15,0.2428556492512092,0.6444834673426993
91,16,0.3828755229244988,0.6444834673426993
91,17,0.4814346609282822,0.6444834673426993
91,18,0.4665557686630849,0.6444834673426993
91,19,0.0946105123269469,0.6444834673426993
91,20,0.12095385390502018,0.6444834673426993
91,21,0.35769471257576946,0.6444834673426993
91,22,0.32266218574456657,0.6444834673426993
91,23,0.2646420337160051,0.6444834673426993
91,24,0.3509962536491365,0.6444834673426993
92,1,0.3295518672186758,0.677149190531458
92,2,0.12382585463705383,0.677149190531458
92,3,0.0,0.677149190531458
92,4,0.3761637988381486,0.677149190531458
92,5,0.385431310703784,0.677149190531458
92,6,0.37548729085556587,0.677149190531458
92,7,0.5556265724495606,0.677149190531458
92,8,0.18473343973310133,0.677149190531458
92,9,0.3901514757643283,0.677149190531458
92,10,0.22358079609018627,0.677149190531458
92,11,0.36002931188559484,0.677149190531458
92,12,0.4158687938694564,0.677149190531458
92,13,0.2460699679563463,0.677149190531458
92,14,0.40503368362544095,0.677149190531458
92,15,0.5325121483292516,0.677149190531458
92,16,0.34345947091822066,0.677149190531458
92,17,0.44414949740131054,0.677149190531458
92,18,0.4136263351966851,0.677149190531458
92,19,0.1518531322642278,0.677149190531458
92,20,0.1613511725781054,0.677149190531458
92,21,0.21486081467984963,0.677149190531458
92,22,0.4081596323371927,0.677149190531458
92,23,0.14057788367153623,0.677149190531458
92,24,0.25978430202394753,0.677149190531458
93,1,0.22417955611327262,0.6894481840805354
93,2,0.3791035338075487,0.6894481840805354
93,3,0.0,0.6894481840805354
93,4,0.30995696000883893,0.6894481840805354
93,5,0.44624817747186485,0.6894481840805354
93,6,0.3208083556045846,0.6894481840805354
93,7,0.4589429985898956,0.6894481840805354
93,8,0.10609665990991878,0.6894481840805354
93,9,0.5878412932162371,0.6894481840805354
93,10,0.38946360112139916,0.6894481840805354
93,11,0.28018506611419214,0.6894481840805354
93,12,0.3376476528092626,0.6894481840805354
93,13,0.289013120009695,0.6894481840805354
93,14,0.34917963951181297,0.6894481840805354
93,15,0.6105567551904163,0.6894481840805354
93,16,0.5228522379853539,0.6894481840805354
93,17,0.4776039785091101,0.6894481840805354
93,18,0.4914696302800822,0.6894481840805354
93,19,0.20766256720139986,0.6894481840805354
93,20,0.2927832159112739,0.6894481840805354
93,21,0.3259087235041781,0.6894481840805354
93,22,0.42956568925984834,0.6894481840805354
93,23,0.06943112929692918,0.6894481840805354
93,24,0.2664187013427832,0.6894481840805354
94,1,0.3258586301191987,0.7435192725041245
94,2,0.5387417064776667,0.7435192725041245
94,3,0.18806077295808651,0.7435192725041245
94,4,0.2585651180135027,0.7435192725041245
94,5,0.5033405057271376,0.7435192725041245
94,6,0.2719151043391788,0.7435192725041245
94,7,0.462542941450944,0.7435192725041245
94,8,0.19354116943965147,0.7435192725041245
94,9,0.48607705873699714,0.7435192725041245
94,10,0.31589166510387806,0.7435192725041245
94,11,0.3868224256060663,0.7435192725041245
94,12,0.47646181483177275,0.7435192725041245
94,13,0.5234169116575901,0.7435192725041245
94,14,0.20737453609801137,0.7435192725041245
94,15,0.5520843291953427,0.7435192725041245
94,16,0.4998485426972494,0.7435192725041245
94,17,0.4231226494716683,0.7435192725041245
94,18,0.31834770643988247,0.7435192725041245
94,19,0.507010257016541,0.7435192725041245
94,20,0.28816434984144146,0.7435192725041245
94,21,0.40712027702620834,0.7435192725041245
94,22,0.4601476227903263,0.7435192725041245
94,23,0.16238514246650826,0.7435192725041245
94,24,0.04098672524818245,0.7435192725041245
95,1,0.37229766643363715,0.6802858236365446
95,2,0.39153238076844676,0.6802858236365446
95,3,0.16116577011482328,0.6802858236365446
95,4,0.25053114665652504,0.6802858236365446
95,5,0.5929600756527761,0.6802858236365446
95,6,0.3561717538082696,0.6802858236365446
95,7,0.3382915409782742,0.6802858236365446
95,8,0.18013524855374724,0.6802858236365446
95,9,0.37263555065406706,0.6802858236365446
95,10,0.23876218638195162,0.6802858236365446
95,11,0.4874812948362992,0.6802858236365446
95,12,0.4370255475979998,0.6802858236365446
95,13,0.3771696190208561,0.6802858236365446
95,14,0.30046443495377356,0.6802858236365446
95,15,0.49804243907406986,0.6802858236365446
95,16,0.44347856628036103,0.6802858236365446
95,17,0.2587899910096251,0.6802858236365446
95,18,0.3472936447092817,0.6802858236365446
95,19,0.46096607986163635,0.6802858236365446
95,20,0.17866441486227147,0.6802858236365446
95,21,0.40641703042033284,0.6802858236365446
95,22,0.5674411864345027,0.6802858236365446
95,23,0.24377901113547226,0.6802858236365446
95,24,0.15677919603098867,0.6802858236365446
96,1,0.43971986339759433,0.7099136931551826
96,2,0.3284880563743986,0.7099136931551826
96,3,0.2858049187290948,0.7099136931551826
96,4,0.16202944196383542,0.7099136931551826
96,5,0.4100773095454955,0.7099136931551826
96,6,0.42400586046637334,0.7099136931551826
96,7,0.161273864834445,0.7099136931551826
96,8,0.1300707060645936,0.7099136931551826
96,9,0.3067400875833492,0.7099136931551826
96,10,0.18849326008971065,0.7099136931551826
96,11,0.5253970841895605,0.7099136931551826
96,12,0.3172689831822462,0.7099136931551826
96,13,0.32742461289394353,0.7099136931551826
96,14,0.19877433855913373,0.7099136931551826
96,15,0.3795627383447811,0.7099136931551826
96,16,0.36456832004098416,0.7099136931551826
96,17,0.3941386057617597,0.7099136931551826
96,18,0.5076975694385345,0.7099136931551826
96,19,0.30400822382631154,0.7099136931551826
96,20,0.17292887644146693,0.7099136931551826
96,21,0.5680271507590904,0.7099136931551826
96,22,0.4381638843124015,0.7099136931551826
96,23,0.3846923514538516,0.7099136931551826
96,24,0.18553243834759706,0.7099136931551826
97,1,0.46764767310730443,0.7577740942892841
97,2,0.19955871654510982,0.7577740942892841
97,3,0.4320412275439336,0.7577740942892841
97,4,0.25600973051793197,0.7577740942892841
97,5,0.44507420545695153,0.7577740942892841
97,6,0.40413753106160827,0.7577740942892841
97,7,0.36655984616790593,0.7577740942892841
97,8,0.06936755864866913,0.7577740942892841
97,9,0.4120701922202394,0.7577740942892841
97,10,0.23810451992187004,0.7577740942892841
97,11,0.417939641620745,0.7577740942892841
97,12,0.21494847867394712,0.7577740942892841
97,13,0.5381705797487684,0.7577740942892841
97,14,0.26673356720857727,0.7577740942892841
97,15,0.3467473826958392,0.7577740942892841
97,16,0.4435633332824931,0.7577740942892841
97,17,0.2658643466069786,0.7577740942892841
97,18,0.4949130307141065,0.7577740942892841
97,19,0.4875864638915125,0.7577740942892841
97,20,0.1841828914735462,0.7577740942892841
97,21,0.37912831270542013,0.7577740942892841
97,22,0.44398128856006625,0.7577740942892841
97,23,0.2391095861379518,0.7577740942892841
97,24,0.2168220869698528,0.7577740942892841
98,1,0.45808663158596347,0.7407054276802539
98,2,0.22375092856968226,0.7407054276802539
98,3,0.3900388625271686,0.7407054276802539
98,4,0.38175300779340465,0.7407054276802539
98,5,0.5818498350433126,0.7407054276802539
98,6,0.518752384712997,0.7407054276802539
98,7,0.14948305119832486,0.7407054276802539
98,8,0.0,0.7407054276802539
98,9,0.5730863088425235,0.7407054276802539
98,10,0.05762077881735683,0.7407054276802539
98,11,0.4704120658552124,0.7407054276802539
98,12,0.24864306956458243,0.7407054276802539
98,13,0.47846691768016786,0.7407054276802539
98,14,0.28260695992863416,0.7407054276802539
98,15,0.4748750139637027,0.7407054276802539
98,16,0.5727784393352042,0.7407054276802539
98,17,0.08001579097871842,0.7407054276802539
98,18,0.49186283395237335,0.7407054276802539
98,19,0.5622690199149791,0.7407054276802539
98,20,0.2743011372746223,0.7407054276802539
98,21,0.4680290604615296,0.7407054276802539
98,22,0.38653558962954115,0.7407054276802539
98,23,0.19107629608320456,0.7407054276802539
98,24,0.3781799939052071,0.7407054276802539
99,1,0.4165056814718899,0.7546570462994291
99,2,0.29035131467356706,0.7546570462994291
99,3,0.37142051639482077,0.7546570462994291
99,4,0.39240322714660336,0.7546570462994291
99,5,0.5773738908273939,0.7546570462994291
99,6,0.5173837250043335,0.7546570462994291
99,7,0.055280208466488706,0.7546570462994291
99,8,0.06334160284199909,0.7546570462994291
99,9,0.32908563993559153,0.7546570462994291
99,10,0.11853998790548885,0.7546570462994291
99,11,0.3956679075604325,0.7546570462994291
99,12,0.16063698889170222,0.7546570462994291
99,13,0.5063819230188414,0.7546570462994291
99,14,0.14594731993350757,0.7546570462994291
99,15,0.35419757199862123,0.7546570462994291
99,16,0.6744238071302109,0.7546570462994291
99,17,0.0,0.7546570462994291
99,18,0.7376792557783772,0.7546570462994291
99,19,0.5263008469336445,0.7546570462994291
99,20,0.5619602540254165,0.7546570462994291
99,21,0.3661608459166047,0.7546570462994291
99,22,0.3493822726466699,0.7546570462994291
99,23,0.39524135188321147,0.7546570462994291
99,24,0.4262296938393073,0.7546570462994291
100,1,0.3011045015692108,0.8013337531593844
100,2,0.1717781156129855,0.8013337531593844
100,3,0.5044562553119073,0.8013337531593844
100,4,0.3982603077016598,0.8013337531593844
100,5,0.40623290170839366,0.8013337531593844
100,6,0.5991620366139023,0.8013337531593844
100,7,0.19684965752897413,0.8013337531593844
100,8,0.12425104598576053,0.8013337531593844
100,9,0.11752880183462239,0.8013337531593844
100,10,0.33564594919829904,0.8013337531593844
100,11,0.2853642146831092,0.8013337531593844
100,12,0.18731698352836895,0.8013337531593844
100,13,0.49109832219338856,0.8013337531593844
100,14,0.2028159403871564,0.8013337531593844
100,15,0.23626584111359572,0.8013337531593844
100,16,0.670047762176338,0.8013337531593844
100,17,0.023416676876312492,0.8013337531593844
100,18,0.43848654012409377,0.8013337531593844
100,19,0.404506365468512,0.8013337531593844
100,20,0.47460903781412145,0.8013337531593844
100,21,0.4106264253018915,0.8013337531593844
100,22,0.43019852336710174,0.8013337531593844
100,23,0.17899265801114636,0.8013337531593844
100,24,0.34955977590372805,0.8013337531593844
101,1,0.2732463095967452,0.840639325841011
101,2,0.15431921679100027,0.840639325841011
101,3,0.5720015178608124,0.840639325841011
101,4,0.7580450979737228,0.840639325841011
101,5,0.34170074413954593,0.840639325841011
101,6,0.3783568779649153,0.840639325841011
101,7,0.09570939725104972,0.840639325841011
101,8,0.28358043983336056,0.840639325841011
101,9,0.0,0.840639325841011
101,10,0.30636050091831585,0.840639325841011
101,11,0.24511154670331642,0.840639325841011
101,12,0.3481971797914313,0.840639325841011
101,13,0.43801536079749565,0.840639325841011
101,14,0.2745801517870908,0.840639325841011
101,15,0.0,0.840639325841011
101,16,0.5328156447399655,0.840639325841011
101,17,0.14883999716024107,0.840639325841011
101,18,0.42218292576557576,0.840639325841011
101,19,0.4935975330786383,0.840639325841011
101,20,0.5936971841057342,0.840639325841011
101,21,0.3609735529810556,0.840639325841011
101,22,0.44288324071870006,0.840639325841011
101,23,0.309849605771589,0.840639325841011
101,24,0.33708628569386473,0.840639325841011
102,1,0.21826586203280146,0.8072995423325079
102,2,0.0,0.8072995423325079
102,3,0.5019768039847945,0.8072995423325079
102,4,0.7190978097317167,0.8072995423325079
102,5,0.338301788297489,0.8072995423325079
102,6,0.3912175515595336,0.8072995423325079
102,7,0.22418323760477932,0.8072995423325079
102,8,0.2738271696676649,0.8072995423325079
102,9,0.19421292182573385,0.8072995423325079
102,10,0.1847094490122479,0.8072995423325079
102,11,0.3810101053567283,0.8072995423325079
102,12,0.4222535993436782,0.8072995423325079
102,13,0.3002880986173668,0.8072995423325079
102,14,0.13912606229587587,0.8072995423325079
102,15,0.13768533094517638,0.8072995423325079
102,16,0.589499909103838,0.8072995423325079
102,17,0.14918033607302408,0.8072995423325079
102,18,0.418024208591244,0.8072995423325079
102,19,0.3028722210646154,0.8072995423325079
102,20,0.5697030610003706,0.8072995423325079
102,21,0.32246785294942415,0.8072995423325079
102,22,0.3623945705969034,0.8072995423325079
102,23,0.4887630678110133,0.8072995423325079
102,24,0.3020434833777006,0.8072995423325079
103,1,0.2553718412027218,0.825735655733759
103,2,0.0,0.825735655733759
103,3,0.23519665770928103,0.825735655733759
103,4,0.39556048039892167,0.825735655733759
103,5,0.26525040455752935,0.825735655733759
103,6,0.5409232316108696,0.825735655733759
103,7,0.23972689476017622,0.825735655733759
103,8,0.34337515357708825,0.825735655733759
103,9,0.27580847669726266,0.825735655733759
103,10,0.18444214217536992,0.825735655733759
103,11,0.4595816527493556,0.825735655733759
103,12,0.4354974855663809,0.825735655733759
103,13,0.027156037168215186,0.825735655733759
103,14,0.336259943729588,0.825735655733759
103,15,0.463863619880544,0.825735655733759
103,16,0.6563544400965594,0.825735655733759
103,17,0.16857183564784997,0.825735655733759
103,18,0.30558947655366986,0.825735655733759
103,19,0.3727191467047917,0.825735655733759
103,20,0.6434147328026817,0.825735655733759
103,21,0.3205568966590014,0.825735655733759
103,22,0.34745528283139976,0.825735655733759
103,23,0.48100449334682815,0.825735655733759
103,24,0.4400643464152215,0.825735655733759
104,1,0.2573663969295945,0.8396887983162736
104,2,0.0,0.8396887983162736
104,3,0.31232041269751265,0.8396887983162736
104,4,0.48116141374366456,0.8396887983162736
104,5,0.286749774789854,0.8396887983162736
104,6,0.39394683503799033,0.8396887983162736
104,7,0.07846954855048285,0.8396887983162736
104,8,0.40379179901266304,0.8396887983162736
104,9,0.416932791634188,0.8396887983162736
104,10,0.194109549547628,0.8396887983162736
104,11,0.39151629048746034,0.8396887983162736
104,12,0.3941643036736635,0.8396887983162736
104,13,0.059002291035954724,0.8396887983162736
104,14,0.2415669349086685,0.8396887983162736
104,15,0.45707670371337145,0.8396887983162736
104,16,0.5185623749525603,0.8396887983162736
104,17,0.08996175009165068,0.8396887983162736
104,18,0.346289288684611,0.8396887983162736
104,19,0.26529065843088073,0.8396887983162736
104,20,0.4942803534681589,0.8396887983162736
104,21,0.34862022453944747,0.8396887983162736
104,22,0.5844783697437242,0.8396887983162736
104,23,0.38201634464705697,0.8396887983162736
104,24,0.34966839229435426,0.8396887983162736
105,1,0.2354583965809818,0.8811565832302177
105,2,0.03986782027521521,0.8811565832302177
105,3,0.1898784604795605,0.8811565832302177
105,4,0.5539034296003507,0.8811565832302177
105,5,0.0005315284995137115,0.8811565832302177
105,6,0.3215290859961634,0.8811565832302177
105,7,0.17355437868317253,0.8811565832302177
105,8,0.2775695465284492,0.8811565832302177
105,9,0.4209629020003376,0.8811565832302177
105,10,0.2545784304863688,0.8811565832302177
105,11,0.27422068195689936,0.8811565832302177
105,12,0.40346084198730187,0.8811565832302177
105,13,0.19494174222781357,0.8811565832302177
105,14,0.47320258284187733,0.8811565832302177
105,15,0.24612344876886932,0.8811565832302177
105,16,0.49830552519248844,0.8811565832302177
105,17,0.19280616828330654,0.8811565832302177
105,18,0.35863583769298363,0.8811565832302177
105,19,0.543022531285874,0.8811565832302177
105,20,0.522512075790622,0.8811565832302177
105,21,0.17945977288589424,0.8811565832302177
105,22,0.691882409490115,0.8811565832302177
105,23,0.5710803825876687,0.8811565832302177
105,24,0.2945244430494393,0.8811565832302177
106,1,0.25658801301397155,0.853959365282441
106,2,0.08503985217828817,0.853959365282441
106,3,0.16803476345611512,0.853959365282441
106,4,0.3968568453127249,0.853959365282441
106,5,0.13945431453371415,0.853959365282441
106,6,0.18622615353535504,0.853959365282441
106,7,0.08729808411316618,0.853959365282441
106,8,0.27135774104345883,0.853959365282441
106,9,0.39370971709736813,0.853959365282441
106,10,0.37462073521431627,0.853959365282441
106,11,0.4733813854974709,0.853959365282441
106,12,0.5186870501994224,0.853959365282441
106,13,0.19625569309757823,0.853959365282441
106,14,0.45605145954427045,0.853959365282441
106,15,0.29686346130962366,0.853959365282441
106,16,0.4587637361185306,0.853959365282441
106,17,0.2632908788544779,0.853959365282441
106,18,0.32124059891395884,0.853959365282441
106,19,0.3262541192645611,0.853959365282441
106,20,0.4944288033110687,0.853959365282441
106,21,0.3326010769346263,0.853959365282441
106,22,0.6787337968232714,0.853959365282441
106,23,0.6146442232554999,0.853959365282441
106,24,0.16621429642005445,0.853959365282441
107,1,0.13554051114805762,0.8670340531204538
107,2,0.1429927940531656,0.8670340531204538
107,3,0.11190937071044137,0.8670340531204538
107,4,0.5289730910070894,0.8670340531204538
107,5,0.05682416435535553,0.8670340531204538
107,6,0.0,0.8670340531204538
107,7,0.09669310233457495,0.8670340531204538
107,8,0.1956286328207788,0.8670340531204538
107,9,0.18900305174199195,0.8670340531204538
107,10,0.34919432507484366,0.8670340531204538
107,11,0.3060791867461271,0.8670340531204538
107,12,0.6417739885655634,0.8670340531204538
107,13,0.22805490656999072,0.8670340531204538
107,14,0.4017952547825942,0.8670340531204538
107,15,0.07180167766925125,0.8670340531204538
107,16,0.5107492869837934,0.8670340531204538
107,17,0.25359985860892914,0.8670340531204538
107,18,0.20744560499619114,0.8670340531204538
107,19,0.6261223685899733,0.8670340531204538
107,20,0.3023452402890976,0.8670340531204538
107,21,0.2998618849289685,0.8670340531204538
107,22,0.7747456759757967,0.8670340531204538
107,23,0.7432584411423954,0.8670340531204538
107,24,0.10739633914179712,0.8670340531204538
108,1,0.28144306683281045,0.8383096128461056
108,2,0.17357787816912446,0.8383096128461056
108,3,0.1575437676505339,0.8383096128461056
108,4,0.5746554816866856,0.8383096128461056
108,5,0.2598929306351754,0.8383096128461056
108,6,0.12805003724112066,0.8383096128461056
108,7,0.14870288678796748,0.8383096128461056
108,8,0.0,0.8383096128461056
108,9,0.2512782853824928,0.8383096128461056
108,10,0.2726850026750098,0.8383096128461056
108,11,0.4120237718114986,0.8383096128461056
108,12,0.6306544472368151,0.8383096128461056
108,13,0.16866143921903254,0.8383096128461056
108,14,0.3284108429683391,0.8383096128461056
108,15,0.0,0.8383096128461056
108,16,0.3584192375303622,0.8383096128461056
108,17,0.32025517570802664,0.8383096128461056
108,18,0.31496166821968286,0.8383096128461056
108,19,0.6375851775813745,0.8383096128461056
108,20,0.3255307298697239,0.8383096128461056
108,21,0.3924978401042295,0.8383096128461056
108,22,0.5682433731635612,0.8383096128461056
108,23,0.6536221590102564,0.8383096128461056
108,24,0.007949945104995748,0.8383096128461056
109,1,0.32300084408844354,0.9223472598428838
109,2,0.3141748956442624,0.9223472598428838
109,3,0.08716801904384355,0.9223472598428838
109,4,0.6007903010588134,0.9223472598428838
109,5,0.2078019887865577,0.9223472598428838
109,6,0.08483033688088752,0.9223472598428838
109,7,0.24972035434774936,0.9223472598428838
109,8,0.0,0.9223472598428838
109,9,0.14394892235512063,0.9223472598428838
109,10,0.29220434926755634,0.9223472598428838
109,11,0.401037821176641,0.9223472598428838
109,12,0.7545517366451423,0.9223472598428838
109,13,0.2616041193380317,0.9223472598428838
109,14,0.29639663808930605,0.9223472598428838
109,15,0.08672960875896771,0.9223472598428838
109,16,0.5011215012539956,0.9223472598428838
109,17,0.3069846473585306,0.9223472598428838
109,18,0.32073506351421455,0.9223472598428838
109,19,0.4988838359770516,0.9223472598428838
109,20,0.4575143762258177,0.9223472598428838
109,21,0.544759953651878,0.9223472598428838
109,22,0.35392516378536504,0.9223472598428838
109,23,0.5083310465758462,0.9223472598428838
109,24,0.2282434647844248,0.9223472598428838
110,1,0.2871117263867348,0.9179517734985317
110,2,0.06593169457212375,0.9179517734985317
110,3,0.25080425198095035,0.9179517734985317
110,4,0.48277082042080677,0.9179517734985317
110,5,0.27414219831026176,0.9179517734985317
110,6,0.11909156659103548,0.9179517734985317
110,7,0.4050111325482376,0.9179517734985317
110,8,0.04372857427112086,0.9179517734985317
110,9,0.18915974709885167,0.9179517734985317
110,10,0.1441622574521383,0.9179517734985317
110,11,0.38204332423285586,0.9179517734985317
110,12,0.6484190472074332,0.9179517734985317
110,13,0.16587834738223317,0.9179517734985317
110,14,0.28826640033627554,0.9179517734985317
110,15,0.07574754657713934,0.9179517734985317
110,16,0.31022597005073715,0.9179517734985317
110,17,0.12155533472514621,0.9179517734985317
110,18,0.34433021586225177,0.9179517734985317
110,19,0.41550785954065633,0.9179517734985317
110,20,0.3979693449152117,0.9179517734985317
110,21,0.6324166231904135,0.9179517734985317
110,22,0.38253440886429085,0.9179517734985317
110,23,0.4090227828811726,0.9179517734985317
110,24,0.29613238576509515,0.9179517734985317
111,1,0.5231254966918107,0.9076254629679452
111,2,0.12768545272233459,0.9076254629679452
111,3,0.24671063966595919,0.9076254629679452
111,4,0.2975177132967517,0.9076254629679452
111,5,0.30201463984153254,0.9076254629679452
111,6,0.19233969559508785,0.9076254629679452
111,7,0.5052512782266967,0.9076254629679452
111,8,0.12560936309175738,0.9076254629679452
111,9,0.1599966962575729,0.9076254629679452
111,10,0.2226958633479897,0.9076254629679452
111,11,0.23000959508246943,0.9076254629679452
111,12,0.4018006358606984,0.9076254629679452
111,13,0.09024551732904523,0.9076254629679452
111,14,0.3326143407820753,0.9076254629679452
111,15,0.0,0.9076254629679452
111,16,0.40891321497671795,0.9076254629679452
111,17,0.22894812904930084,0.9076254629679452
111,18,0.36503005451865295,0.9076254629679452
111,19,0.5017525988157443,0.9076254629679452
111,20,0.3600145285629057,0.9076254629679452
111,21,0.7315005423154488,0.9076254629679452
111,22,0.42113630948800507,0.9076254629679452
111,23,0.6330269417620009,0.9076254629679452
111,24,0.41539053595216735,0.9076254629679452
112,1,0.49765180526077973,0.8962571985027239
112,2,0.10946903280882289,0.8962571985027239
112,3,0.3991775811081043,0.8962571985027239
112,4,0.3612816937822223,0.8962571985027239
112,5,0.17022874238094376,0.8962571985027239
112,6,0.1929940986581038,0.8962571985027239
112,7,0.34419009004941414,0.8962571985027239
112,8,0.0,0.8962571985027239
112,9,0.05332486888449914,0.8962571985027239
112,10,0.17477487115211943,0.8962571985027239
112,11,0.15866875378996817,0.8962571985027239
112,12,0.40850785373668397,0.8962571985027239
112,13,0.10907503830417008,0.8962571985027239
112,14,0.4081786548722725,0.8962571985027239
112,15,0.2609523818121941,0.8962571985027239
112,16,0.27421009493669113,0.8962571985027239
112,17,0.35429280832885485,0.8962571985027239
112,18,0.3743790390677144,0.8962571985027239
112,19,0.5247684454224132,0.8962571985027239
112,20,0.0,0.8962571985027239
112,21,0.6928479127533618,0.8962571985027239
112,22,0.2473229660708323,0.8962571985027239
112,23,0.5455492273486586,0.8962571985027239
112,24,0.7232650129844976,0.8962571985027239
113,1,0.5259564978934401,0.9420946350194487
113,2,0.0956064562784715,0.9420946350194487
113,3,0.3859184477203179,0.9420946350194487
113,4,0.3421039422932449,0.9420946350194487
113,5,0.12304929178211756,0.9420946350194487
113,6,0.3702769176133794,0.9420946350194487
113,7,0.2421744396234649,0.9420946350194487
113,8,0.0012190453169092785,0.9420946350194487
113,9,0.14997561992444855,0.9420946350194487
113,10,0.2562423311122872,0.9420946350194487
113,11,0.1670449567644677,0.9420946350194487
113,12,0.19610615296716322,0.9420946350194487
113,13,0.32689441862111734,0.9420946350194487
113,14,0.4241464958470045,0.9420946350194487
113,15,0.208580926816902,0.9420946350194487
113,16,0.36727765970370174,0.9420946350194487
113,17,0.2195442369436969,0.9420946350194487
113,18,0.34374916896693875,0.9420946350194487
113,19,0.5930099091316369,0.9420946350194487
113,20,0.15299070782085172,0.9420946350194487
113,21,0.6988750330901813,0.9420946350194487
113,22,0.17938808674575837,0.9420946350194487
113,23,0.5627919856428727,0.9420946350194487
113,24,0.710765484633871,0.9420946350194487
114,1,0.42508535852062107,0.9078128245052451
114,2,0.0,0.9078128245052451
114,3,0.06572336688938357,0.9078128245052451
114,4,0.21038046943249422,0.9078128245052451
114,5,0.10243475693701062,0.9078128245052451
114,6,0.30295761798278004,0.9078128245052451
114,7,0.2943480065768781,0.9078128245052451
114,8,0.07519120010412059,0.9078128245052451
114,9,0.24384143650475731,0.9078128245052451
114,10,0.34056540875462393,0.9078128245052451
114,11,0.1287593887427548,0.9078128245052451
114,12,0.40983237313280296,0.9078128245052451
114,13,0.39610833589889005,0.9078128245052451
114,14,0.34543738542927477,0.9078128245052451
114,15,0.2675059614532965,0.9078128245052451
114,16,0.5706256702814305,0.9078128245052451
114,17,0.21910402532939663,0.9078128245052451
114,18,0.3474382697320067,0.9078128245052451
114,19,0.5063680745808883,0.9078128245052451
114,20,0.014388615335487187,0.9078128245052451
114,21,0.4112383249310657,0.9078128245052451
114,22,0.3015207623779714,0.9078128245052451
114,23,0.5418859948359138,0.9078128245052451
114,24,0.5734156300841912,0.9078128245052451
115,1,0.47743981427117105,0.9833219088380023
115,2,0.03287590151307164,0.9833219088380023
115,3,0.05090853444461088,0.9833219088380023
115,4,0.09969230485502936,0.9833219088380023
115,5,0.010418396247067863,0.9833219088380023
115,6,0.3347840964844189,0.9833219088380023
115,7,0.3708635173403909,0.9833219088380023
115,8,0.06356930547600252,0.9833219088380023
115,9,0.3102305992166826,0.9833219088380023
115,10,0.32039000706995174,0.9833219088380023
115,11,0.0,0.9833219088380023
115,12,0.4028966130435757,0.9833219088380023
115,13,0.3570894523873446,0.9833219088380023
115,14,0.33280441468102034,0.9833219088380023
115,15,0.05342577756962505,0.9833219088380023
115,16,0.4836950216058995,0.9833219088380023
115,17,0.2779535766144415,0.9833219088380023
115,18,0.3731146160697209,0.9833219088380023
115,19,0.5496647460686018,0.9833219088380023
115,20,0.16548220181586543,0.9833219088380023
115,21,0.5429239018639074,0.9833219088380023
115,22,0.29767979733894867,0.9833219088380023
115,23,0.2308036041077286,0.9833219088380023
115,24,0.6241754430324835,0.9833219088380023
116,1,0.5872154316805753,0.9019182959594462
116,2,0.32378593757899965,0.9019182959594462
116,3,0.04702664217954947,0.9019182959594462
116,4,0.18536477426686998,0.9019182959594462
116,5,0.0,0.9019182959594462
116,6,0.09178646029156118,0.9019182959594462
116,7,0.6460418202538709,0.9019182959594462
116,8,0.08317019740665706,0.9019182959594462
116,9,0.15406338851902168,0.9019182959594462
116,10,0.32201270054432546,0.9019182959594462
116,11,0.0002934726782626157,0.9019182959594462
116,12,0.4207950203346632,0.9019182959594462
116,13,0.20481783996657066,0.9019182959594462
116,14,0.46705822431814614,0.9019182959594462
116,15,0.12301759511440982,0.9019182959594462
116,16,0.4062431116151867,0.9019182959594462
116,17,0.41262034770000156,0.9019182959594462
116,18,0.4579986402535242,0.9019182959594462
116,19,0.20833318880161455,0.9019182959594462
116,20,0.37754105914842473,0.9019182959594462
116,21,0.501382691244909,0.9019182959594462
116,22,0.030761178318171434,0.9019182959594462
116,23,0.3044614394226678,0.9019182959594462
116,24,0.5006727912424476,0.9019182959594462
117,1,0.6488902090998259,0.8911121970312222
117,2,0.51023511889578,0.8911121970312222
117,3,0.1445812581843403,0.8911121970312222
117,4,0.16192635706734956,0.8911121970312222
117,5,0.1540748542950294,0.8911121970312222
117,6,0.12766750926052264,0.8911121970312222
117,7,0.4300036275136012,0.8911121970312222
117,8,0.28390172506864475,0.8911121970312222
117,9,0.19153232166259915,0.8911121970312222
117,10,0.12562643321524988,0.8911121970312222
117,11,0.11605295010204002,0.8911121970312222
117,12,0.36412612722062077,0.8911121970312222
117,13,0.15174003460744742,0.8911121970312222
117,14,0.5999746004075478,0.8911121970312222
117,15,0.2790902497124961,0.8911121970312222
117,16,0.3291496318443689,0.8911121970312222
117,17,0.20705401124270592,0.8911121970312222
117,18,0.4935931156574638,0.8911121970312222
117,19,0.24174517714211116,0.8911121970312222
117,20,0.3716107519847926,0.8911121970312222
117,21,0.6667457673131301,0.8911121970312222
117,22,0.03714113027200423,0.8911121970312222
117,23,0.2330989790799674,0.8911121970312222
117,24,0.4891348054977903,0.8911121970312222
118,1,0.7585126965367917,0.945473435451778
118,2,0.5628658763239454,0.945473435451778
118,3,0.018108207843177238,0.945473435451778
118,4,0.20119622298607961,0.945473435451778
118,5,0.12410311961753634,0.945473435451778
118,6,0.4109484601856523,0.945473435451778
118,7,0.4647459355129602,0.945473435451778
118,8,0.26248667527830494,0.945473435451778
118,9,0.15740346462432675,0.945473435451778
118,10,0.0,0.945473435451778
118,11,0.23169669670431103,0.945473435451778
118,12,0.366598869736281,0.945473435451778
118,13,0.13203415093947873,0.945473435451778
118,14,0.5450443395541094,0.945473435451778
118,15,0.3740055035280611,0.945473435451778
118,16,0.5301728141332953,0.945473435451778
118,17,0.30301982519539483,0.945473435451778
118,18,0.523317261863856,0.945473435451778
118,19,0.3254389473814655,0.945473435451778
118,20,0.5152359359737092,0.945473435451778
118,21,0.6546454082613565,0.945473435451778
118,22,0.14790351454122494,0.945473435451778
118,23,0.35237249686624766,0.945473435451778
118,24,0.3421773446733711,0.945473435451778
119,1,0.7825753441369693,0.9361914884644584
119,2,0.5351598935184727,0.9361914884644584
119,3,0.0,0.9361914884644584
119,4,0.24923835156134364,0.9361914884644584
119,5,0.0607539133610728,0.9361914884644584
119,6,0.650602969993623,0.9361914884644584
119,7,0.5557799942190802,0.9361914884644584
119,8,0.21737728727572386,0.9361914884644584
119,9,0.0,0.9361914884644584
119,10,0.0,0.9361914884644584
119,11,0.3598948035717744,0.9361914884644584
119,12,0.28110145976432954,0.9361914884644584
119,13,0.26196897772707783,0.9361914884644584
119,14,0.7673673088587514,0.9361914884644584
119,15,0.42610589164570434,0.9361914884644584
119,16,0.49681939766761807,0.9361914884644584
119,17,0.20202893725633245,0.9361914884644584
119,18,0.3394254947929046,0.9361914884644584
119,19,0.3245099869239575,0.9361914884644584
119,20,0.49564156582895497,0.9361914884644584
119,21,0.6118391812232525,0.9361914884644584
119,22,0.3755512377972323,0.9361914884644584
119,23,0.4145601524136741,0.9361914884644584
119,24,0.35791840140691633,0.9361914884644584
120,1,0.7674381565149144,0.9556894643260943
120,2,0.4985793754833727,0.9556894643260943
120,3,0.33430145412522755,0.9556894643260943
120,4,0.15535940866770642,0.9556894643260943
120,5,0.11690924332821816,0.9556894643260943
120,6,0.595728688491795,0.9556894643260943
120,7,0.5767113254625723,0.9556894643260943
120,8,0.0487105390392078,0.9556894643260943
120,9,0.0,0.9556894643260943
120,10,0.011634710904001838,0.9556894643260943
120,11,0.23805719144324097,0.9556894643260943
120,12,0.2583704422103621,0.9556894643260943
120,13,0.406793288251469,0.9556894643260943
120,14,0.725602844588505,0.9556894643260943
120,15,0.22500270835487132,0.9556894643260943
120,16,0.5127875816762849,0.9556894643260943
120,17,0.32260383161202266,0.9556894643260943
120,18,0.1624745917563847,0.9556894643260943
120,19,0.41396796768570465,0.9556894643260943
120,20,0.35403005739442295,0.9556894643260943
120,21,0.5898386405588011,0.9556894643260943
120,22,0.4549624266499203,0.9556894643260943
120,23,0.4795420411845604,0.9556894643260943
120,24,0.4349420786144583,0.9556894643260943
121,1,0.7465966088507433,0.9908149907426375
121,2,0.3098230786686471,0.9908149907426375
121,3,0.3712956546016989,0.9908149907426375
121,4,0.17414042389486123,0.9908149907426375
121,5,0.15436905931818634,0.9908149907426375
121,6,0.49696279112982866,0.9908149907426375
121,7,0.3446740881307672,0.9908149907426375
121,8,0.10800582866094252,0.9908149907426375
121,9,0.38518067870043254,0.9908149907426375
121,10,0.1025529424316731,0.9908149907426375
121,11,0.32576602144267663,0.9908149907426375
121,12,0.4189318769810393,0.9908149907426375
121,13,0.31408982510081135,0.9908149907426375
121,14,0.8516099067227536,0.9908149907426375
121,15,0.22321796732719384,0.9908149907426375
121,16,0.4167867437120038,0.9908149907426375
121,17,0.1322152271031018,0.9908149907426375
121,18,0.426390076169866,0.9908149907426375
121,19,0.5255275986533847,0.9908149907426375
121,20,0.41719891330921643,0.9908149907426375
121,21,0.5284623254518533,0.9908149907426375
121,22,0.5289885236904349,0.9908149907426375
121,23,0.4014693287055232,0.9908149907426375
121,24,0.39777322502777984,0.9908149907426375
122,1,0.6077287001311646,0.8892931089405219
122,2,0.39331381254297826,0.8892931089405219
122,3,0.2830492682028606,0.8892931089405219
122,4,0.17846058172464882,0.8892931089405219
122,5,0.12986494752712513,0.8892931089405219
122,6,0.33173137163918476,0.8892931089405219
122,7,0.22683813856946267,0.8892931089405219
122,8,0.23013945475718856,0.8892931089405219
122,9,0.46856648715810945,0.8892931089405219
122,10,0.2793693827324965,0.8892931089405219
122,11,0.4639874066175551,0.8892931089405219
122,12,0.38377427701527106,0.8892931089405219
122,13,0.2658388759406734,0.8892931089405219
122,14,0.7121914616798954,0.8892931089405219
122,15,0.22784848458669005,0.8892931089405219
122,16,0.2491733963535561,0.8892931089405219
122,17,0.03743629041099526,0.8892931089405219
122,18,0.23577240826164697,0.8892931089405219
122,19,0.7376698513638736,0.8892931089405219
122,20,0.34644954199616645,0.8892931089405219
122,21,0.5285874186519547,0.8892931089405219
122,22,0.5399269677264201,0.8892931089405219
122,23,0.17889623552035333,0.8892931089405219
122,24,0.14662629265872942,0.8892931089405219
123,1,0.5179165350210699,0.9178887441618852
123,2,0.2899457850862392,0.9178887441618852
123,3,0.4333271937407709,0.9178887441618852
123,4,0.23528735055587702,0.9178887441618852
123,5,0.24988003525220692,0.9178887441618852
123,6,0.225581981268493,0.9178887441618852
123,7,0.19370321589840075,0.9178887441618852
123,8,0.11074970244484836,0.9178887441618852
123,9,0.5320075924015006,0.9178887441618852
123,10,0.1739666523350069,0.9178887441618852
123,11,0.44882515202574946,0.9178887441618852
123,12,0.2811362389286513,0.9178887441618852
123,13,0.3218162630963741,0.9178887441618852
123,14,0.707357073597258,0.9178887441618852
123,15,0.46174391045405905,0.9178887441618852
123,16,0.19763543599235772,0.9178887441618852
123,17,0.1659433407828369,0.9178887441618852
123,18,0.0,0.9178887441618852
123,19,0.8419668134444878,0.9178887441618852
123,20,0.5575397660630459,0.9178887441618852
123,21,0.7405025994956986,0.9178887441618852
123,22,0.5996835685756352,0.9178887441618852
123,23,0.22497634634177083,0.9178887441618852
123,24,0.18682445022396932,0.9178887441618852
124,1,0.35422515016753947,0.9693668612370556
124,2,0.31264896919004814,0.9693668612370556
124,3,0.4492021262774844,0.9693668612370556
124,4,0.375649699386,0.9693668612370556
124,5,0.16170678489500462,0.9693668612370556
124,6,0.37513618200045895,0.9693668612370556
124,7,0.2294637854966619,0.9693668612370556
124,8,0.19151507738832368,0.9693668612370556
124,9,0.6360881397690125,0.9693668612370556
124,10,0.1376742929757788,0.9693668612370556
124,11,0.467548506370175,0.9693668612370556
124,12,0.15589171977460092,0.9693668612370556
124,13,0.14691740968555403,0.9693668612370556
124,14,0.5354193609552862,0.9693668612370556
124,15,0.33434371479260816,0.9693668612370556
124,16,0.07364002151986057,0.9693668612370556
124,17,0.16459580711741095,0.9693668612370556
124,18,0.0,0.9693668612370556
124,19,0.645550636335017,0.9693668612370556
124,20,0.5076039193946764,0.9693668612370556
124,21,0.7267550768932772,0.9693668612370556
124,22,0.340760948488743,0.9693668612370556
124,23,0.23467317223570525,0.9693668612370556
124,24,0.27482962357140034,0.9693668612370556
125,1,0.4028081821310118,0.9621162931361152
125,2,0.36438462288167384,0.9621162931361152
125,3,0.4890974263533343,0.9621162931361152
125,4,0.5749398644283074,0.9621162931361152
125,5,0.4675548004027237,0.9621162931361152
125,6,0.33149199662338846,0.9621162931361152
125,7,0.05816418447625679,0.9621162931361152
125,8,0.24293178390272985,0.9621162931361152
125,9,0.7052646896170734,0.9621162931361152
125,10,0.15327126763283735,0.9621162931361152
125,11,0.49184503727197487,0.9621162931361152
125,12,0.07156250412226275,0.9621162931361152
125,13,0.18937505338907495,0.9621162931361152
125,14,0.7790158319798289,0.9621162931361152
125,15,0.3420489929521333,0.9621162931361152
125,16,0.014044695525390394,0.9621162931361152
125,17,0.26615247627347466,0.9621162931361152
125,18,0.0,0.9621162931361152
125,19,0.6002252991019791,0.9621162931361152
125,20,0.38183680273113374,0.9621162931361152
125,21,0.4841395827260626,0.9621162931361152
125,22,0.04070688503637815,0.9621162931361152
125,23,0.35061664864393344,0.9621162931361152
125,24,0.0,0.9621162931361152
126,1,0.5838357400355552,0.9764087096750572
126,2,0.388970381916037,0.9764087096750572
126,3,0.5029772411991557,0.9764087096750572
126,4,0.5961471513916281,0.9764087096750572
126,5,0.45164425578794887,0.9764087096750572
126,6,0.1842953415914731,0.9764087096750572
126,7,0.0026482250433313703,0.9764087096750572
126,8,0.06923313040126089,0.9764087096750572
126,9,0.5597738648746373,0.9764087096750572
126,10,0.2556959929691903,0.9764087096750572
126,11,0.42229402350961875,0.9764087096750572
126,12,0.0,0.9764087096750572
126,13,0.35897720263371313,0.9764087096750572
126,14,0.7450072425594464,0.9764087096750572
126,15,0.2777032366438612,0.9764087096750572
126,16,0.2604940033402232,0.9764087096750572
126,17,0.14301506597752126,0.9764087096750572
126,18,0.0633839741591797,0.9764087096750572
126,19,0.6134753859647846,0.9764087096750572
126,20,0.3325819621724662,0.9764087096750572
126,21,0.5062075510413832,0.9764087096750572
126,22,0.0,0.9764087096750572
126,23,0.27606974081970614,0.9764087096750572
126,24,0.2195637771088347,0.9764087096750572
127,1,0.6726834980216511,0.8848486392858088
127,2,0.4372041526506292,0.8848486392858088
127,3,0.4479345135815123,0.8848486392858088
127,4,0.46902856726995035,0.8848486392858088
127,5,0.3706348504791913,0.8848486392858088
127,6,0.06781240142746675,0.8848486392858088
127,7,0.06833904867719187,0.8848486392858088
127,8,0.14660587929468993,0.8848486392858088
127,9,0.4162489416249072,0.8848486392858088
127,10,0.22126590815441444,0.8848486392858088
127,11,0.5649202681529378,0.8848486392858088
127,12,0.18069296626722742,0.8848486392858088
127,13,0.33850896808876074,0.8848486392858088
127,14,0.6377721423060339,0.8848486392858088
127,15,0.20363757815851907,0.8848486392858088
127,16,0.1397459880114368,0.8848486392858088
127,17,0.0651421411894012,0.8848486392858088
127,18,0.4503029086254871,0.8848486392858088
127,19,0.3943675356101332,0.8848486392858088
127,20,0.20560372821049477,0.8848486392858088
127,21,0.6482756223786631,0.8848486392858088
127,22,0.0,0.8848486392858088
127,23,0.3593130809958762,0.8848486392858088
127,24,0.3427755377529873,0.8848486392858088
128,1,0.5682702713058615,0.9511734602220449
128,2,0.42530856295224806,0.9511734602220449
128,3,0.49927961430471346,0.9511734602220449
128,4,0.55399505368214,0.9511734602220449
128,5,0.3737103471937998,0.9511734602220449
128,6,0.09520070424488215,0.9511734602220449
128,7,0.017187453147799667,0.9511734602220449
128,8,0.0,0.9511734602220449
128,9,0.40027726763218585,0.9511734602220449
128,10,0.13027250934072188,0.9511734602220449
128,11,0.5563972371714677,0.9511734602220449
128,12,0.27534663606877163,0.9511734602220449
128,13,0.2432568483287091,0.9511734602220449
128,14,0.428892765428492,0.9511734602220449
128,15,0.20661457887623322,0.9511734602220449
128,16,0.0,0.9511734602220449
128,17,0.2535563721061883,0.9511734602220449
128,18,0.18157440850754028,0.9511734602220449
128,19,0.4535789985956337,0.9511734602220449
128,20,0.12975600547556326,0.9511734602220449
128,21,0.8042221303145993,0.9511734602220449
128,22,0.051724461360245,0.9511734602220449
128,23,0.22999240651332403,0.9511734602220449
128,24,0.15106717238879147,0.9511734602220449
129,1,0.6255689656142618,0.9083091237360232
129,2,0.4539871662966689,0.9083091237360232
129,3,0.40688267899572345,0.9083091237360232
129,4,0.4911145995103717,0.9083091237360232
129,5,0.35649834382073825,0.9083091237360232
129,6,0.09705364494764974,0.9083091237360232
129,7,0.06286245993151819,0.9083091237360232
129,8,0.02566453077238525,0.9083091237360232
129,9,0.32833717699696674,0.9083091237360232
129,10,0.1474911741686216,0.9083091237360232
129,11,0.42369608964667654,0.9083091237360232
129,12,0.38772087241644204,0.9083091237360232
129,13,0.04268649417121903,0.9083091237360232
129,14,0.3590590456840781,0.9083091237360232
129,15,0.21882883216823923,0.9083091237360232
129,16,0.101029438346103,0.9083091237360232
129,17,0.13602500653744043,0.9083091237360232
129,18,0.2129938846634645,0.9083091237360232
129,19,0.6888185101966997,0.9083091237360232
129,20,0.24449897726001035,0.9083091237360232
129,21,0.7717162269910114,0.9083091237360232
129,22,0.1266017667696209,0.9083091237360232
129,23,0.4300628901112229,0.9083091237360232
129,24,0.3322807111331373,0.9083091237360232
130,1,0.5848697393352446,0.9405399300761195
130,2,0.47871278399057937,0.9405399300761195
130,3,0.4217534106029993,0.9405399300761195
130,4,0.43848100382085986,0.9405399300761195
130,5,0.41544608612641143,0.9405399300761195
130,6,0.11739829953223592,0.9405399300761195
130,7,0.016686444868267786,0.9405399300761195
130,8,0.24799439330053574,0.9405399300761195
130,9,0.35071620741190257,0.9405399300761195
130,10,0.323730377864693,0.9405399300761195
130,11,0.22235366526054254,0.9405399300761195
130,12,0.0330948022718176,0.9405399300761195
130,13,0.10748443888182434,0.9405399300761195
130,14,0.4850322234346477,0.9405399300761195
130,15,0.35873656707096013,0.9405399300761195
130,16,0.012062079565839809,0.9405399300761195
130,17,0.08141378736931025,0.9405399300761195
130,18,0.28312397264103656,0.9405399300761195
130,19,0.6261700695272172,0.9405399300761195
130,20,0.27850657400667195,0.9405399300761195
130,21,0.3463949624463025,0.9405399300761195
130,22,0.12498492700569791,0.9405399300761195
130,23,0.4054383072345302,0.9405399300761195
130,24,0.1441814314417895,0.9405399300761195
131,1,0.338257746811785,0.8747038609094846
131,2,0.7354073051245276,0.8747038609094846
131,3,0.356804055319744,0.8747038609094846
131,4,0.4527933340944368,0.8747038609094846
131,5,0.43268378635751487,0.8747038609094846
131,6,0.17786501296439142,0.8747038609094846
131,7,0.23483442778255195,0.8747038609094846
131,8,0.2961635027312237,0.8747038609094846
131,9,0.5582572800824944,0.8747038609094846
131,10,0.2284390352374458,0.8747038609094846
131,11,0.2364532363014679,0.8747038609094846
131,12,0.09387290431090438,0.8747038609094846
131,13,0.0377251786569527,0.8747038609094846
131,14,0.5043043680143413,0.8747038609094846
131,15,0.49749338600101867,0.8747038609094846
131,16,0.0,0.8747038609094846
131,17,0.22854949340991473,0.8747038609094846
131,18,0.28930133897632837,0.8747038609094846
131,19,0.29648460754091666,0.8747038609094846
131,20,0.3503563642964674,0.8747038609094846
131,21,0.3154075607905604,0.8747038609094846
131,22,0.14063242857484445,0.8747038609094846
131,23,0.4029778507065739,0.8747038609094846
131,24,0.20271634177155706,0.8747038609094846
132,1,0.5438752606505605,0.9444663118046903
132,2,0.6915877333028327,0.9444663118046903
132,3,0.1665938851654991,0.9444663118046903
132,4,0.4727345510346866,0.9444663118046903
132,5,0.333268224694626,0.9444663118046903
132,6,0.16671400749279353,0.9444663118046903
132,7,0.08875119800195569,0.9444663118046903
132,8,0.27359031050812327,0.9444663118046903
132,9,0.7740380504605449,0.9444663118046903
132,10,0.2026557813145416,0.9444663118046903
132,11,0.25405170392133336,0.9444663118046903
132,12,0.038044373410737686,0.9444663118046903
132,13,0.05033590213921076,0.9444663118046903
132,14,0.4432086704648309,0.9444663118046903
132,15,0.5406044460352512,0.9444663118046903
132,16,0.0,0.9444663118046903
132,17,0.29706665388935005,0.9444663118046903
132,18,0.1779484723477437,0.9444663118046903
132,19,0.2985569648030638,0.9444663118046903
132,20,0.26433515228981674,0.9444663118046903
132,21,0.24424471174227216,0.9444663118046903
132,22,0.2694929618438561,0.9444663118046903
132,23,0.477882168874859,0.9444663118046903
132,24,0.30725177170960555,0.9444663118046903
133,1,0.611774400634845,0.8774084430184756
133,2,0.34008582766820084,0.8774084430184756
133,3,0.1948532037776214,0.8774084430184756
133,4,0.24500596482348583,0.8774084430184756
133,5,0.593724871559499,0.8774084430184756
133,6,0.25532407559700415,0.8774084430184756
133,7,0.29670252247530365,0.8774084430184756
133,8,0.298595970397093,0.8774084430184756
133,9,0.5675644093396086,0.8774084430184756
133,10,0.287248408980689,0.8774084430184756
133,11,0.2847971115471997,0.8774084430184756
133,12,0.028927967336798296,0.8774084430184756
133,13,0.07831047683099981,0.8774084430184756
133,14,0.2794854686808539,0.8774084430184756
133,15,0.4233767036805686,0.8774084430184756
133,16,0.1885711161278683,0.8774084430184756
133,17,0.41875687657752036,0.8774084430184756
133,18,0.11000768946536148,0.8774084430184756
133,19,0.37192498350993286,0.8774084430184756
133,20,0.31149523597537987,0.8774084430184756
133,21,0.4245449051578313,0.8774084430184756
133,22,0.16493003312702634,0.8774084430184756
133,23,0.5813635590422279,0.8774084430184756
133,24,0.39809213135400345,0.8774084430184756
134,1,0.5578853057069271,0.8397742734013616
134,2,0.3329681139763433,0.8397742734013616
134,3,0.16868600662258923,0.8397742734013616
134,4,0.10850725861774838,0.8397742734013616
134,5,0.7041141278441375,0.8397742734013616
134,6,0.2715977867263525,0.8397742734013616
134,7,0.3223292193783709,0.8397742734013616
134,8,0.5644664982984784,0.8397742734013616
134,9,0.6552530000565631,0.8397742734013616
134,10,0.23285251004903507,0.8397742734013616
134,11,0.3746592603777065,0.8397742734013616
134,12,0.12650911159810957,0.8397742734013616
134,13,0.1630817268163437,0.8397742734013616
134,14,0.4673747136629652,0.8397742734013616
134,15,0.47874775986544266,0.8397742734013616
134,16,0.404522438517423,0.8397742734013616
134,17,0.5330628551923084,0.8397742734013616
134,18,0.06314542306102769,0.8397742734013616
134,19,0.4395118982469845,0.8397742734013616
134,20,0.2137284080996827,0.8397742734013616
134,21,0.3888282773315535,0.8397742734013616
134,22,0.043949813985981995,0.8397742734013616
134,23,0.6999923241216228,0.8397742734013616
134,24,0.3079312350164083,0.8397742734013616
135,1,0.5959912291717371,0.8725002737426139
135,2,0.18952491468792823,0.8725002737426139
135,3,0.22267307601181408,0.8725002737426139
135,4,0.0,0.8725002737426139
135,5,0.7246387708815375,0.8725002737426139
135,6,0.08486088790702856,0.8725002737426139
135,7,0.11408761397340858,0.8725002737426139
135,8,0.6824962754305908,0.8725002737426139
135,9,0.6737443803163098,0.8725002737426139
135,10,0.26134604967708425,0.8725002737426139
135,11,0.11180125262092705,0.8725002737426139
135,12,0.16624909945478972,0.8725002737426139
135,13,0.08659976443873786,0.8725002737426139
135,14,0.5344067578780407,0.8725002737426139
135,15,0.35138582780515815,0.8725002737426139
135,16,0.4223694068879194,0.8725002737426139
135,17,0.36974784168995345,0.8725002737426139
135,18,0.2716461432650399,0.8725002737426139
135,19,0.3336600303041746,0.8725002737426139
135,20,0.05757545365227934,0.8725002737426139
135,21,0.3928396269208316,0.8725002737426139
135,22,0.0,0.8725002737426139
135,23,0.5433936741881078,0.8725002737426139
135,24,0.45841481027214137,0.8725002737426139
136,1,0.3158092467154985,0.816657525226462
136,2,0.31331640118906334,0.816657525226462
136,3,0.2572739164847141,0.816657525226462
136,4,0.11006032572610874,0.816657525226462
136,5,0.6649348212730015,0.816657525226462
136,6,0.0,0.816657525226462
136,7,0.08858739073395404,0.816657525226462
136,8,0.6893980367344552,0.816657525226462
136,9,0.8166545097102625,0.816657525226462
136,10,0.09566702938524765,0.816657525226462
136,11,0.13360801861009558,0.816657525226462
136,12,0.37156144354507903,0.816657525226462
136,13,0.029059055562960706,0.816657525226462
136,14,0.7869087089437126,0.816657525226462
136,15,0.10630656200508612,0.816657525226462
136,16,0.4718089498267458,0.816657525226462
136,17,0.27944023347755687,0.816657525226462
136,18,0.17116464753348398,0.816657525226462
136,19,0.3960521282997569,0.816657525226462
136,20,0.0,0.816657525226462
136,21,0.5590067129842713,0.816657525226462
136,22,0.034745623646509266,0.816657525226462
136,23,0.7003246107058839,0.816657525226462
136,24,0.37012911006649196,0.816657525226462
137,1,0.5982395200596142,0.8463765649115605
137,2,0.41352945729381413,0.8463765649115605
137,3,0.12448829424328742,0.8463765649115605
137,4,0.2021055908412153,0.8463765649115605
137,5,0.6417952592212163,0.8463765649115605
137,6,0.016684100734469326,0.8463765649115605
137,7,0.22880066232364968,0.8463765649115605
137,8,0.6780049765163394,0.8463765649115605
137,9,0.7789023958672691,0.8463765649115605
137,10,0.08783028803004508,0.8463765649115605
137,11,0.026816258111801522,0.8463765649115605
137,12,0.37596265771914994,0.8463765649115605
137,13,0.10827219207388555,0.8463765649115605
137,14,0.7087431997710769,0.8463765649115605
137,15,0.0904283550399482,0.8463765649115605
137,16,0.47623614714658496,0.8463765649115605
137,17,0.2507642692095751,0.8463765649115605
137,18,0.3982136586085325,0.8463765649115605
137,19,0.32741843615822264,0.8463765649115605
137,20,0.014354012258874067,0.8463765649115605
137,21,0.5427535292166492,0.8463765649115605
137,22,0.037246091999109075,0.8463765649115605
137,23,0.5007612492807554,0.8463765649115605
137,24,0.21078145252407463,0.8463765649115605
138,1,0.4172564490192123,0.8216987539778648
138,2,0.28745208714931464,0.8216987539778648
138,3,0.0011487257095731673,0.8216987539778648
138,4,0.27516731049158283,0.8216987539778648
138,5,0.45152137400671977,0.8216987539778648
138,6,0.004209823511302224,0.8216987539778648
138,7,0.13077219672712803,0.8216987539778648
138,8,0.45129506078716997,0.8216987539778648
138,9,0.6644194117329909,0.8216987539778648
138,10,0.07431986009751859,0.8216987539778648
138,11,0.05482734637989249,0.8216987539778648
138,12,0.4440419234341145,0.8216987539778648
138,13,0.03884464603522138,0.8216987539778648
138,14,0.8725331431465755,0.8216987539778648
138,15,0.1229184286032815,0.8216987539778648
138,16,0.6226453978715383,0.8216987539778648
138,17,0.33739109512044263,0.8216987539778648
138,18,0.3039755618635419,0.8216987539778648
138,19,0.4628686901663581,0.8216987539778648
138,20,0.06868491183802733,0.8216987539778648
138,21,0.4595856106593351,0.8216987539778648
138,22,0.10438906981053933,0.8216987539778648
138,23,0.39816831498200134,0.8216987539778648
138,24,0.2320369141789288,0.8216987539778648
139,1,0.11333519989202107,0.789281185977709
139,2,0.26075536721889075,0.789281185977709
139,3,0.11925571154416534,0.789281185977709
139,4,0.3866599334760892,0.789281185977709
139,5,0.4284075411825285,0.789281185977709
139,6,0.0,0.789281185977709
139,7,0.33803838703133143,0.789281185977709
139,8,0.30247260899657624,0.789281185977709
139,9,0.4884800841176071,0.789281185977709
139,10,0.04213045662377059,0.789281185977709
139,11,0.15126867688263684,0.789281185977709
139,12,0.24903184691000807,0.789281185977709
139,13,0.034449146660361314,0.789281185977709
139,14,0.7580587474248756,0.789281185977709
139,15,0.3234025216253863,0.789281185977709
139,16,0.5948019591265983,0.789281185977709
139,17,0.44942390866443194,0.789281185977709
139,18,0.2648703205444533,0.789281185977709
139,19,0.3625363702257856,0.789281185977709
139,20,0.546277215421479,0.789281185977709
139,21,0.5919755070925974,0.789281185977709
139,22,0.1961207634574905,0.789281185977709
139,23,0.46507813368976036,0.789281185977709
139,24,0.177503061096703,0.789281185977709
140,1,0.1355668621774431,0.7600208618422787
140,2,0.43810812433187163,0.7600208618422787
140,3,0.1073114402954625,0.7600208618422787
140,4,0.38260871730319895,0.7600208618422787
140,5,0.46440854196871706,0.7600208618422787
140,6,0.17769722235464216,0.7600208618422787
140,7,0.4204951491332056,0.7600208618422787
140,8,0.6186590948908708,0.7600208618422787
140,9,0.5956507240760187,0.7600208618422787
140,10,0.031253941221610626,0.7600208618422787
140,11,0.12728415249137603,0.7600208618422787
140,12,0.37679886679301944,0.7600208618422787
140,13,0.0,0.7600208618422787
140,14,0.6611386310469999,0.7600208618422787
140,15,0.32937402026868845,0.7600208618422787
140,16,0.5663408127246722,0.7600208618422787
140,17,0.30675275063184115,0.7600208618422787
140,18,0.11314387927268929,0.7600208618422787
140,19,0.3400270963187204,0.7600208618422787
140,20,0.5016399817583085,0.7600208618422787
140,21,0.40489097031756094,0.7600208618422787
140,22,0.14698015348251048,0.7600208618422787
140,23,0.29990616256948466,0.7600208618422787
140,24,0.09885395760317549,0.7600208618422787
141,1,0.29590818516408757,0.7521935260708574
141,2,0.404702745542206,0.7521935260708574
141,3,0.1529069166523074,0.7521935260708574
141,4,0.38282260796860895,0.7521935260708574
141,5,0.6095504934925817,0.7521935260708574
141,6,0.20544146438008393,0.7521935260708574
141,7,0.2136164314433224,0.7521935260708574
141,8,0.5227783659032341,0.7521935260708574
141,9,0.6286875240316263,0.7521935260708574
141,10,0.047326171133732976,0.7521935260708574
141,11,0.18539207844079925,0.7521935260708574
141,12,0.29646217862925633,0.7521935260708574
141,13,0.13405870060134148,0.7521935260708574
141,14,0.6693976838571829,0.7521935260708574
141,15,0.4271268921571105,0.7521935260708574
141,16,0.5317585149156566,0.7521935260708574
141,17,0.4093714324617842,0.7521935260708574
141,18,0.02561398012589898,0.7521935260708574
141,19,0.2952168147326373,0.7521935260708574
141,20,0.8223809804574258,0.7521935260708574
141,21,0.3664330160295204,0.7521935260708574
141,22,0.1918361893020433,0.7521935260708574
141,23,0.2134058287970256,0.7521935260708574
141,24,0.0,0.7521935260708574
142,1,0.23434027411251843,0.7578816875331742
142,2,0.40395196876874956,0.7578816875331742
142,3,0.4383306071354306,0.7578816875331742
142,4,0.16411196960009003,0.7578816875331742
142,5,0.6484127928941651,0.7578816875331742
142,6,0.3337359677604142,0.7578816875331742
142,7,0.09222870820053802,0.7578816875331742
142,8,0.6634755167625648,0.7578816875331742
142,9,0.7601621612380628,0.7578816875331742
142,10,0.12068087016380065,0.7578816875331742
142,11,0.2398346532842317,0.7578816875331742
142,12,0.12674231737262937,0.7578816875331742
142,13,0.26258905710220404,0.7578816875331742
142,14,0.7474885963765184,0.7578816875331742
142,15,0.29415291966166324,0.7578816875331742
142,16,0.2202376441633121,0.7578816875331742
142,17,0.292162246901685,0.7578816875331742
142,18,0.05164421465483983,0.7578816875331742
142,19,0.06995371379068815,0.7578816875331742
142,20,0.8196243178820402,0.7578816875331742
142,21,0.29491172669153715,0.7578816875331742
142,22,0.25634039420014637,0.7578816875331742
142,23,0.12586001416645115,0.7578816875331742
142,24,0.22630573197752013,0.7578816875331742
143,1,0.17495951013795688,0.7553999417531865
143,2,0.33913297037911627,0.7553999417531865
143,3,0.2062229428065091,0.7553999417531865
143,4,0.24452734856891908,0.7553999417531865
143,5,0.6151448721452658,0.7553999417531865
143,6,0.12515036353839076,0.7553999417531865
143,7,0.2379957285685248,0.7553999417531865
143,8,0.49376971035717,0.7553999417531865
143,9,0.8108426383096823,0.7553999417531865
143,10,0.17240045362228304,0.7553999417531865
143,11,0.30025347328342344,0.7553999417531865
143,12,0.1839754816399316,0.7553999417531865
143,13,0.20256869563354585,0.7553999417531865
143,14,0.4360232591748109,0.7553999417531865
143,15,0.3215829643422559,0.7553999417531865
143,16,0.25710349620069417,0.7553999417531865
143,17,0.22127598092601125,0.7553999417531865
143,18,0.0,0.7553999417531865
143,19,0.0,0.7553999417531865
143,20,0.7668524440120786,0.7553999417531865
143,21,0.4945715627695175,0.7553999417531865
143,22,0.19738422259710386,0.7553999417531865
143,23,0.12044064973993299,0.7553999417531865
143,24,0.27186917544027334,0.7553999417531865
144,1,0.13861933980726182,0.7057776264943794
144,2,0.32101987814409894,0.7057776264943794
144,3,0.1467393215280522,0.7057776264943794
144,4,0.31464413591299584,0.7057776264943794
144,5,0.6277164299308544,0.7057776264943794
144,6,0.1770953059593527,0.7057776264943794
144,7,0.0,0.7057776264943794
144,8,0.5222959386640172,0.7057776264943794
144,9,0.7458398090126924,0.7057776264943794
144,10,0.13728972892079777,0.7057776264943794
144,11,0.14292221499443064,0.7057776264943794
144,12,0.30062217764340937,0.7057776264943794
144,13,0.35581457112586523,0.7057776264943794
144,14,0.7311472519802953,0.7057776264943794
144,15,0.4034292715016319,0.7057776264943794
144,16,0.31808186266386923,0.7057776264943794
144,17,0.31831844690699734,0.7057776264943794
144,18,0.0,0.7057776264943794
144,19,0.039354665691680585,0.7057776264943794
144,20,0.5895476978038763,0.7057776264943794
144,21,0.508633858671802,0.7057776264943794
144,22,0.2534492421465667,0.7057776264943794
144,23,0.29063911801513187,0.7057776264943794
144,24,0.3818679071166192,0.7057776264943794
145,1,0.25047729838265037,0.7331103163964134
145,2,0.18788313034455803,0.7331103163964134
145,3,0.36955768051333343,0.7331103163964134
145,4,0.2528388668964867,0.7331103163964134
145,5,0.6186406225360238,0.7331103163964134
145,6,0.38881825165640327,0.7331103163964134
145,7,0.0,0.7331103163964134
145,8,0.3330766055007911,0.7331103163964134
145,9,0.7342299094344866,0.7331103163964134
145,10,0.263513208382493,0.7331103163964134
145,11,0.2978553420241048,0.7331103163964134
145,12,0.2806253773337238,0.7331103163964134
145,13,0.0383074513078242,0.7331103163964134
145,14,0.5324154498266334,0.7331103163964134
145,15,0.17450139693150749,0.7331103163964134
145,16,0.19763724973558539,0.7331103163964134
145,17,0.37467426338460863,0.7331103163964134
145,18,0.16355620379743388,0.7331103163964134
145,19,0.037946745100062594,0.7331103163964134
145,20,0.64480509599213,0.7331103163964134
145,21,0.5172036567984681,0.7331103163964134
145,22,0.3371690392419685,0.7331103163964134
145,23,0.5637453305367994,0.7331103163964134
145,24,0.3045761164325443,0.7331103163964134
146,1,0.313730555133489,0.6884828678236223
146,2,0.33073278338299206,0.6884828678236223
146,3,0.3408815098218604,0.6884828678236223
146,4,0.3434288474652549,0.6884828678236223
146,5,0.6873334183155926,0.6884828678236223
146,6,0.40522930310911526,0.6884828678236223
146,7,0.0,0.6884828678236223
146,8,0.38222035540318544,0.6884828678236223
146,9,0.839351396927072,0.6884828678236223
146,10,0.14952345565361058,0.6884828678236223
146,11,0.338991502791389,0.6884828678236223
146,12,0.2499747122918578,0.6884828678236223
146,13,0.0,0.6884828678236223
146,14,0.704411128972907,0.6884828678236223
146,15,0.2256712803483105,0.6884828678236223
146,16,0.2278040505498393,0.6884828678236223
146,17,0.236524644308651,0.6884828678236223
146,18,0.00442633291873884,0.6884828678236223
146,19,0.20610635458756915,0.6884828678236223
146,20,0.5996533898825159,0.6884828678236223
146,21,0.5296766466750885,0.6884828678236223
146,22,0.334976477750694,0.6884828678236223
146,23,0.44573738987605777,0.6884828678236223
146,24,0.30839839586835477,0.6884828678236223
147,1,0.20535142762043768,0.689808842435187
147,2,0.3050814359594274,0.689808842435187
147,3,0.32240006712982894,0.689808842435187
147,4,0.2646668873050477,0.689808842435187
147,5,0.3210480568247184,0.689808842435187
147,6,0.42180552383941533,0.689808842435187
147,7,0.0,0.689808842435187
147,8,0.5041727232241715,0.689808842435187
147,9,0.7772143877890731,0.689808842435187
147,10,0.16571990905379216,0.689808842435187
147,11,0.06672332337771769,0.689808842435187
147,12,0.15605726329201502,0.689808842435187
147,13,0.18922339877234123,0.689808842435187
147,14,0.5560405104633355,0.689808842435187
147,15,0.17986186377899754,0.689808842435187
147,16,0.20347543716222383,0.689808842435187
147,17,0.32899690919841845,0.689808842435187
147,18,0.0,0.689808842435187
147,19,0.32476198923253363,0.689808842435187
147,20,0.4647436611375401,0.689808842435187
147,21,0.4749497487386574,0.689808842435187
147,22,0.27675282785939026,0.689808842435187
147,23,0.5292199482271098,0.689808842435187
147,24,0.217362102635463,0.689808842435187
148,1,0.2526005550698991,0.6078262872472048
148,2,0.5506523979521794,0.6078262872472048
148,3,0.1600566753650089,0.6078262872472048
148,4,0.31038812587279646,0.6078262872472048
148,5,0.4932958727193041,0.6078262872472048
148,6,0.3531936444693638,0.6078262872472048
148,7,0.18515512514033558,0.6078262872472048
148,8,0.15430906073281997,0.6078262872472048
148,9,0.5575905454724372,0.6078262872472048
148,10,0.05409429041213881,0.6078262872472048
148,11,0.15714271277778044,0.6078262872472048
148,12,0.15620696758299368,0.6078262872472048
148,13,0.39430042764377193,0.6078262872472048
148,14,0.4551353564745411,0.6078262872472048
148,15,0.24332186465644465,0.6078262872472048
148,16,0.23756916980409112,0.6078262872472048
148,17,0.5194617082712341,0.6078262872472048
148,18,0.09901105824714415,0.6078262872472048
148,19,0.3899770057277489,0.6078262872472048
148,20,0.3912603780331033,0.6078262872472048
148,21,0.501910016726547,0.6078262872472048
148,22,0.43053687641867366,0.6078262872472048
148,23,0.591033049875817,0.6078262872472048
148,24,0.33002805443915767,0.6078262872472048
149,1,0.17847337626546625,0.6452073280260874
149,2,0.47827147468429354,0.6452073280260874
149,3,0.37439065125260385,0.6452073280260874
149,4,0.2439907984568555,0.6452073280260874
149,5,0.44180656611284974,0.6452073280260874
149,6,0.3749239860757819,0.6452073280260874
149,7,0.06508871618956932,0.6452073280260874
149,8,0.3125358886530024,0.6452073280260874
149,9,0.3962966673859922,0.6452073280260874
149,10,0.0,0.6452073280260874
149,11,0.19905209563106369,0.6452073280260874
149,12,0.39499388147539943,0.6452073280260874
149,13,0.35072583294437154,0.6452073280260874
149,14,0.15959991948179203,0.6452073280260874
149,15,0.41717559221349054,0.6452073280260874
149,16,0.2236440997323649,0.6452073280260874
149,17,0.49869101502361135,0.6452073280260874
149,18,0.14675406183462975,0.6452073280260874
149,19,0.3540322851775407,0.6452073280260874
149,20,0.5785673299874927,0.6452073280260874
149,21,0.564638535388192,0.6452073280260874
149,22,0.39215722773383777,0.6452073280260874
149,23,0.4644176023215646,0.6452073280260874
149,24,0.4697293891770846,0.6452073280260874
150,1,0.1436296903512726,0.6491584182592887
150,2,0.4245485585606465,0.6491584182592887
150,3,0.3062314479086751,0.6491584182592887
150,4,0.26143406943058184,0.6491584182592887
150,5,0.4679521340524782,0.6491584182592887
150,6,0.5115479099001942,0.6491584182592887
150,7,0.0,0.6491584182592887
150,8,0.3330937849587539,0.6491584182592887
150,9,0.3947296306782146,0.6491584182592887
150,10,0.0,0.6491584182592887
150,11,0.18756977374616943,0.6491584182592887
150,12,0.39867337207734754,0.6491584182592887
150,13,0.3616420444150793,0.6491584182592887
150,14,0.1539159038221072,0.6491584182592887
150,15,0.3918510998527039,0.6491584182592887
150,16,0.3714367946778604,0.6491584182592887
150,17,0.6197122504068532,0.6491584182592887
150,18,0.24503540946194163,0.6491584182592887
150,19,0.488733542820566,0.6491584182592887
150,20,0.5180180470558591,0.6491584182592887
150,21,0.651221036894194,0.6491584182592887
150,22,0.3118396161110926,0.6491584182592887
150,23,0.31437836350744564,0.6491584182592887
150,24,0.4257886470239847,0.6491584182592887
151,1,0.07685972333714093,0.6052089077791891
151,2,0.22217182756107712,0.6052089077791891
151,3,0.2910070553099807,0.6052089077791891
151,4,0.13917232118898865,0.6052089077791891
151,5,0.3765547707255321,0.6052089077791891
151,6,0.4173247023816487,0.6052089077791891
151,7,0.0,0.6052089077791891
151,8,0.3592915438308084,0.6052089077791891
151,9,0.19955003997635853,0.6052089077791891
151,10,0.1524379598948017,0.6052089077791891
151,11,0.319054418419808,0.6052089077791891
151,12,0.34788472788351255,0.6052089077791891
151,13,0.26694959222519854,0.6052089077791891
151,14,0.21680651922257155,0.6052089077791891
151,15,0.4718904698911659,0.6052089077791891
151,16,0.3174139055978574,0.6052089077791891
151,17,0.4633460280946012,0.6052089077791891
151,18,0.45185201686619114,0.6052089077791891
151,19,0.5664237262393168,0.6052089077791891
151,20,0.4474525013467722,0.6052089077791891
151,21,0.6016994069293227,0.6052089077791891
151,22,0.24477942409636008,0.6052089077791891
151,23,0.4352583364839729,0.6052089077791891
151,24,0.24749892042448163,0.6052089077791891
152,1,0.16198923813589822,0.5593843904176737
152,2,0.3580178502516989,0.5593843904176737
152,3,0.10562820555390304,0.5593843904176737
152,4,0.13499363323980962,0.5593843904176737
152,5,0.4091659538321981,0.5593843904176737
152,6,0.2531844072893722,0.5593843904176737
152,7,0.19073958976482613,0.5593843904176737
152,8,0.5180721362735616,0.5593843904176737
152,9,0.0,0.5593843904176737
152,10,0.21055242029680338,0.5593843904176737
152,11,0.14284551962103903,0.5593843904176737
152,12,0.2296712619380018,0.5593843904176737
152,13,0.15470708143203482,0.5593843904176737
152,14,0.18535477827086969,0.5593843904176737
152,15,0.29275095603541446,0.5593843904176737
152,16,0.18298902748088564,0.5593843904176737
152,17,0.39528858769090164,0.5593843904176737
152,18,0.5155111684222038,0.5593843904176737
152,19,0.748366045584794,0.5593843904176737
152,20,0.5838985494559027,0.5593843904176737
152,21,0.641326885095749,0.5593843904176737
152,22,0.1538300650215222,0.5593843904176737
152,23,0.5084305285451506,0.5593843904176737
152,24,0.3273218119968222,0.5593843904176737
153,1,0.09522217985539932,0.6372890627163686
153,2,0.23317118052182167,0.6372890627163686
153,3,0.11138414138559172,0.6372890627163686
153,4,0.0,0.6372890627163686
153,5,0.42290178916969434,0.6372890627163686
153,6,0.3552000009524704,0.6372890627163686
153,7,0.19755751679289857,0.6372890627163686
153,8,0.44348264579217533,0.6372890627163686
153,9,0.13123795583858439,0.6372890627163686
153,10,0.22026439274664927,0.6372890627163686
153,11,0.2770687768081862,0.6372890627163686
153,12,0.29138762274263197,0.6372890627163686
153,13,0.19118469093387716,0.6372890627163686
153,14,0.06956709204393924,0.6372890627163686
153,15,0.06585886227046672,0.6372890627163686
153,16,0.35706886781554803,0.6372890627163686
153,17,0.13066514288646966,0.6372890627163686
153,18,0.35057229603655093,0.6372890627163686
153,19,0.620411267752064,0.6372890627163686
153,20,0.38484770290788967,0.6372890627163686
153,21,0.5974452776731382,0.6372890627163686
153,22,0.20144495070920032,0.6372890627163686
153,23,0.4840600811559027,0.6372890627163686
153,24,0.382702964492952,0.6372890627163686
154,1,0.1920870759039187,0.6119525338765838
154,2,0.5343511322317962,0.6119525338765838
154,3,0.10144377647223643,0.6119525338765838
154,4,0.0,0.6119525338765838
154,5,0.20706651654438513,0.6119525338765838
154,6,0.5164422432071559,0.6119525338765838
154,7,0.43215134610889205,0.6119525338765838
154,8,0.3967553159693915,0.6119525338765838
154,9,0.03454202856733943,0.6119525338765838
154,10,0.09534043129481587,0.6119525338765838
154,11,0.3552822416332519,0.6119525338765838
154,12,0.23129094937598196,0.6119525338765838
154,13,0.49390613607055156,0.6119525338765838
154,14,0.1695208380222574,0.6119525338765838
154,15,0.06699332406940613,0.6119525338765838
154,16,0.3492896439568199,0.6119525338765838
154,17,0.21547378662332775,0.6119525338765838
154,18,0.4418829166247745,0.6119525338765838
154,19,0.47424426851928664,0.6119525338765838
154,20,0.37205131400750685,0.6119525338765838
154,21,0.6079891859679047,0.6119525338765838
154,22,0.26272764229259427,0.6119525338765838
154,23,0.3833304521260506,0.6119525338765838
154,24,0.3564245084011797,0.6119525338765838
155,1,0.1437663380602573,0.5711496648696471
155,2,0.5713514252457744,0.5711496648696471
155,3,0.0,0.5711496648696471
155,4,0.10016982718836627,0.5711496648696471
155,5,0.13121200263362076,0.5711496648696471
155,6,0.553821078813429,0.5711496648696471
155,7,0.33087648356143384,0.5711496648696471
155,8,0.3769365713138365,0.5711496648696471
155,9,0.0,0.5711496648696471
155,10,0.0,0.5711496648696471
155,11,0.1431778799769772,0.5711496648696471
155,12,0.39701308304308164,0.5711496648696471
155,13,0.4264221878694082,0.5711496648696471
155,14,0.2548366949867371,0.5711496648696471
155,15,0.14774299084164544,0.5711496648696471
155,16,0.37320665621604454,0.5711496648696471
155,17,0.5893080652927325,0.5711496648696471
155,18,0.4707654024308134,0.5711496648696471
155,19,0.25416502552514453,0.5711496648696471
155,20,0.5262231605138302,0.5711496648696471
155,21,0.5257420091067609,0.5711496648696471
155,22,0.33094860440723367,0.5711496648696471
155,23,0.24755563326028687,0.5711496648696471
155,24,0.5383212922432549,0.5711496648696471
156,1,0.18613126190940354,0.5727334714141517
156,2,0.44732318243515384,0.5727334714141517
156,3,0.08628828240436756,0.5727334714141517
156,4,0.0,0.5727334714141517
156,5,0.18778251102595636,0.5727334714141517
156,6,0.429466840942124,0.5727334714141517
156,7,0.371134449910304,0.5727334714141517
156,8,0.3597189570112051,0.5727334714141517
156,9,0.0,0.5727334714141517
156,10,0.013552935825784929,0.5727334714141517
156,11,0.056985605596187816,0.5727334714141517
156,12,0.3882525573181245,0.5727334714141517
156,13,0.36584156411807484,0.5727334714141517
156,14,0.058601054388499746,0.5727334714141517
156,15,0.3233923655647649,0.5727334714141517
156,16,0.3309699191981548,0.5727334714141517
156,17,0.6018924092741544,0.5727334714141517
156,18,0.1778049039332808,0.5727334714141517
156,19,0.08750117539060287,0.5727334714141517
156,20,0.47562299875357206,0.5727334714141517
156,21,0.4366943649044777,0.5727334714141517
156,22,0.4630816575283654,0.5727334714141517
156,23,0.43589651516194283,0.5727334714141517
156,24,0.6876851668810061,0.5727334714141517
157,1,0.09505781574140634,0.567624704004607
157,2,0.2098346717454559,0.567624704004607
157,3,0.0,0.567624704004607
157,4,0.09580640673665691,0.567624704004607
157,5,0.18268023589122703,0.567624704004607
157,6,0.28367970826163535,0.567624704004607
157,7,0.3170496146443467,0.567624704004607
157,8,0.4775288739993165,0.567624704004607
157,9,0.0,0.567624704004607
157,10,0.022945772721165145,0.567624704004607
157,11,0.19956693801593234,0.567624704004607
157,12,0.4701858407704343,0.567624704004607
157,13,0.5642967275359099,0.567624704004607
157,14,0.1440639859265856,0.567624704004607
157,15,0.14064042172272656,0.567624704004607
157,16,0.35655125374197666,0.567624704004607
157,17,0.5704758814737338,0.567624704004607
157,18,0.22946629790725787,0.567624704004607
157,19,0.07379005280404977,0.567624704004607
157,20,0.29106497523513863,0.567624704004607
157,21,0.43273360931853955,0.567624704004607
157,22,0.2287760616340225,0.567624704004607
157,23,0.3301644964883316,0.567624704004607
157,24,0.5991654322980884,0.567624704004607
158,1,0.08871644907189366,0.5238187263115542
158,2,0.27625796658115465,0.5238187263115542
158,3,0.16298598921197932,0.5238187263115542
158,4,0.2591657522645934,0.5238187263115542
158,5,0.21995829477341916,0.5238187263115542
158,6,0.33276557857425715,0.5238187263115542
158,7,0.47023698124752544,0.5238187263115542
158,8,0.6026600158384481,0.5238187263115542
158,9,0.0,0.5238187263115542
158,10,0.03341762846912479,0.5238187263115542
158,11,0.1560654672477181,0.5238187263115542
158,12,0.6267165466318667,0.5238187263115542
158,13,0.41240832441188624,0.5238187263115542
158,14,0.3485303563841189,0.5238187263115542
158,15,0.2371533876837778,0.5238187263115542
158,16,0.08034402624933379,0.5238187263115542
158,17,0.6644897269035016,0.5238187263115542
158,18,0.18217463370332043,0.5238187263115542
158,19,0.3336169242279453,0.5238187263115542
158,20,0.14990058567010814,0.5238187263115542
158,21,0.5260400949777473,0.5238187263115542
158,22,0.21577091958659408,0.5238187263115542
158,23,0.3528791428457196,0.5238187263115542
158,24,0.5418145538798536,0.5238187263115542
159,1,0.193888636563798,0.49618147825660963
159,2,0.3380006358409422,0.49618147825660963
159,3,0.20599190651784843,0.49618147825660963
159,4,0.40092075886106004,0.49618147825660963
159,5,0.5817798839617786,0.49618147825660963
159,6,0.3668883677738097,0.49618147825660963
159,7,0.46032591137113205,0.49618147825660963
159,8,0.4926447768105286,0.49618147825660963
159,9,0.0,0.49618147825660963
159,10,0.0,0.49618147825660963
159,11,0.10820805297997749,0.49618147825660963
159,12,0.3751746178868102,0.49618147825660963
159,13,0.4225610129718998,0.49618147825660963
159,14,0.3407427717641022,0.49618147825660963
159,15,0.17587407411622066,0.49618147825660963
159,16,0.16133684781019098,0.49618147825660963
159,17,0.6245313769690116,0.49618147825660963
159,18,0.0501955665757072,0.49618147825660963
159,19,0.5478960378719553,0.49618147825660963
159,20,0.26998391369063324,0.49618147825660963
159,21,0.5208272752085044,0.49618147825660963
159,22,0.2604292146844038,0.49618147825660963
159,23,0.38304110213052417,0.49618147825660963
159,24,0.5610824158876792,0.49618147825660963
160,1,0.17275818144928937,0.5093838122395999
160,2,0.37246802143921237,0.5093838122395999
160,3,0.19586588996703383,0.5093838122395999
160,4,0.2646243072305263,0.5093838122395999
160,5,0.5750208780153975,0.5093838122395999
160,6,0.44016980339221523,0.5093838122395999
160,7,0.2955437090161701,0.5093838122395999
160,8,0.5517439633540258,0.5093838122395999
160,9,0.0,0.5093838122395999
160,10,0.1061186003852638,0.5093838122395999
160,11,0.18117033006254896,0.5093838122395999
160,12,0.3754398763569981,0.5093838122395999
160,13,0.27595986456595606,0.5093838122395999
160,14,0.5309393598779018,0.5093838122395999
160,15,0.23416193489746723,0.5093838122395999
160,16,0.29863261940149805,0.5093838122395999
160,17,0.6249668473859488,0.5093838122395999
160,18,0.0069462294675843445,0.5093838122395999
160,19,0.5038892572612874,0.5093838122395999
160,20,0.1617666219256444,0.5093838122395999
160,21,0.6793690829376886,0.5093838122395999
160,22,0.2453440580187678,0.5093838122395999
160,23,0.37938332429221244,0.5093838122395999
160,24,0.6173907587580635,0.5093838122395999
161,1,0.027636276517183256,0.5676682614470956
161,2,0.19832502007799357,0.5676682614470956
161,3,0.3748499210253144,0.5676682614470956
161,4,0.3584152688423212,0.5676682614470956
161,5,0.6460046365019,0.5676682614470956
161,6,0.35012755069610146,0.5676682614470956
161,7,0.43903109547376623,0.5676682614470956
161,8,0.49479339069321693,0.5676682614470956
161,9,0.14753719663451267,0.5676682614470956
161,10,0.3661295363161642,0.5676682614470956
161,11,0.19986089359718207,0.5676682614470956
161,12,0.17580288466174088,0.5676682614470956
161,13,0.20358662833577934,0.5676682614470956
161,14,0.46827041916386775,0.5676682614470956
161,15,0.3338253181381375,0.5676682614470956
161,16,0.34184359146496407,0.5676682614470956
161,17,0.670057741023818,0.5676682614470956
161,18,0.14340068117671195,0.5676682614470956
161,19,0.4432217270901812,0.5676682614470956
161,20,0.18327950757445366,0.5676682614470956
161,21,0.7415135895714204,0.5676682614470956
161,22,0.2775990650564366,0.5676682614470956
161,23,0.30736601543814257,0.5676682614470956
161,24,0.6336590196567099,0.5676682614470956
162,1,0.21676743776939933,0.5067215115949564
162,2,0.3083554705480682,0.5067215115949564
162,3,0.10464249051416663,0.5067215115949564
162,4,0.4224638834964158,0.5067215115949564
162,5,0.6173559356538953,0.5067215115949564
162,6,0.31004144272355044,0.5067215115949564
162,7,0.4043895759960786,0.5067215115949564
162,8,0.49846396215155553,0.5067215115949564
162,9,0.30031459841859964,0.5067215115949564
162,10,0.4645193401457681,0.5067215115949564
162,11,0.16227775928890947,0.5067215115949564
162,12,0.3431349409599156,0.5067215115949564
162,13,0.1899734008452591,0.5067215115949564
162,14,0.4909004850320755,0.5067215115949564
162,15,0.3500290901455013,0.5067215115949564
162,16,0.26448314263161704,0.5067215115949564
162,17,0.5263525969173721,0.5067215115949564
162,18,0.1883277580257423,0.5067215115949564
162,19,0.6624852724466963,0.5067215115949564
162,20,0.1147362770572249,0.5067215115949564
162,21,0.6935691677655206,0.5067215115949564
162,22,0.38181838912667265,0.5067215115949564
162,23,0.16812038969206544,0.5067215115949564
162,24,0.2667479741047551,0.5067215115949564
163,1,0.2870818713146486,0.5329571968674651
163,2,0.4239185058894744,0.5329571968674651
163,3,0.26808626551880294,0.5329571968674651
163,4,0.46266703046591184,0.5329571968674651
163,5,0.5885010161141214,0.5329571968674651
163,6,0.28123134807352856,0.5329571968674651
163,7,0.5008992523618433,0.5329571968674651
163,8,0.44358184867625183,0.5329571968674651
163,9,0.0,0.5329571968674651
163,10,0.6098998582542932,0.5329571968674651
163,11,0.0,0.5329571968674651
163,12,0.21008533319964776,0.5329571968674651
163,13,0.29535203563505785,0.5329571968674651
163,14,0.3675380979038274,0.5329571968674651
163,15,0.30657369711547977,0.5329571968674651
163,16,0.25000738785887694,0.5329571968674651
163,17,0.48368943812385945,0.5329571968674651
163,18,0.3733180868786301,0.5329571968674651
163,19,0.5688895566434147,0.5329571968674651
163,20,0.23768432508016626,0.5329571968674651
163,21,0.6193218868253089,0.5329571968674651
163,22,0.39390822476107484,0.5329571968674651
163,23,0.26559768923532734,0.5329571968674651
163,24,0.3654474455304767,0.5329571968674651
164,1,0.09604606843852281,0.4792397614581162
164,2,0.3594501749194542,0.4792397614581162
164,3,0.412121040879844,0.4792397614581162
164,4,0.3549660101142179,0.4792397614581162
164,5,0.7158340094190572,0.4792397614581162
164,6,0.290061815474951,0.4792397614581162
164,7,0.5478459766753208,0.4792397614581162
164,8,0.44986298575992684,0.4792397614581162
164,9,0.18354877118399554,0.4792397614581162
164,10,0.5348850689316782,0.4792397614581162
164,11,0.058359974407590026,0.4792397614581162
164,12,0.0901714021714976,0.4792397614581162
164,13,0.19062212230405304,0.4792397614581162
164,14,0.4160804482119781,0.4792397614581162
164,15,0.43824857052209676,0.4792397614581162
164,16,0.2841634507362223,0.4792397614581162
164,17,0.41383575275444573,0.4792397614581162
164,18,0.29924736658976153,0.4792397614581162
164,19,0.29802939341380025,0.4792397614581162
164,20,0.2986718666435123,0.4792397614581162
164,21,0.7079484793891544,0.4792397614581162
164,22,0.5793246726843084,0.4792397614581162
164,23,0.29340842127092814,0.4792397614581162
164,24,0.41510763963892056,0.4792397614581162
165,1,0.28662953934030444,0.5104470508489906
165,2,0.49168414077689576,0.5104470508489906
165,3,0.43067036837817485,0.5104470508489906
165,4,0.35451165627221687,0.5104470508489906
165,5,0.7141648483774543,0.5104470508489906
165,6,0.3733845712759445,0.5104470508489906
165,7,0.48560666528252094,0.5104470508489906
165,8,0.38367013139553624,0.5104470508489906
165,9,0.22735945260091261,0.5104470508489906
165,10,0.5333678070691799,0.5104470508489906
165,11,0.05743903051864097,0.5104470508489906
165,12,0.06816770222569206,0.5104470508489906
165,13,0.19885415148377983,0.5104470508489906
165,14,0.3283655490471108,0.5104470508489906
165,15,0.43384118818425527,0.5104470508489906
165,16,0.35581020660604545,0.5104470508489906
165,17,0.3162824455352414,0.5104470508489906
165,18,0.20821986918975466,0.5104470508489906
165,19,0.3486387862255161,0.5104470508489906
165,20,0.3871584955301935,0.5104470508489906
165,21,0.5475032452380422,0.5104470508489906
165,22,0.5077891060067872,0.5104470508489906
165,23,0.27199716285381187,0.5104470508489906
165,24,0.25026389353883827,0.5104470508489906
166,1,0.30500339062697107,0.534088865928596
166,2,0.2725158013686042,0.534088865928596
166,3,0.2940094197951382,0.534088865928596
166,4,0.5405061322522433,0.534088865928596
166,5,0.6978647390166627,0.534088865928596
166,6,0.3388992383539972,0.534088865928596
166,7,0.5274496332077863,0.534088865928596
166,8,0.37202590980970596,0.534088865928596
166,9,0.1907786401627497,0.534088865928596
166,10,0.6091993889337747,0.534088865928596
166,11,0.27336016428272836,0.534088865928596
166,12,0.0,0.534088865928596
166,13,0.20849037456020525,0.534088865928596
166,14,0.248170114383574,0.534088865928596
166,15,0.22645819279926852,0.534088865928596
166,16,0.33641606718244915,0.534088865928596
166,17,0.320297009868237,0.534088865928596
166,18,0.3030593502651335,0.534088865928596
166,19,0.15165072656328915,0.534088865928596
166,20,0.277142605783019,0.534088865928596
166,21,0.36493723372173603,0.534088865928596
166,22,0.7337496622166422,0.534088865928596
166,23,0.2353916716918425,0.534088865928596
166,24,0.1790463406605849,0.534088865928596
167,1,0.24814306091154525,0.475616197542967
167,2,0.4702150461693396,0.475616197542967
167,3,0.2722276971287266,0.475616197542967
167,4,0.5572755650788573,0.475616197542967
167,5,0.6545883530790777,0.475616197542967
167,6,0.15887314984180964,0.475616197542967
167,7,0.462668808998867,0.475616197542967
167,8,0.31555641414440666,0.475616197542967
167,9,0.2473480640177773,0.475616197542967
167,10,0.5397400577347959,0.475616197542967
167,11,0.5021564338386687,0.475616197542967
167,12,0.13728748096687346,0.475616197542967
167,13,0.12862410685218945,0.475616197542967
167,14,0.12389471694732962,0.475616197542967
167,15,0.1640495353719651,0.475616197542967
167,16,0.21674981360762113,0.475616197542967
167,17,0.17495649250343054,0.475616197542967
167,18,0.18199453839825835,0.475616197542967
167,19,0.21783492844234068,0.475616197542967
167,20,0.3873722816447741,0.475616197542967
167,21,0.38716764379208524,0.475616197542967
167,22,0.5552656509907876,0.475616197542967
167,23,0.3262651900682159,0.475616197542967
167,24,0.1932188240259998,0.475616197542967
168,1,0.3743551257006342,0.5107150870214365
168,2,0.2422034275024061,0.5107150870214365
168,3,0.3171466443951204,0.5107150870214365
168,4,0.5039687092904025,0.5107150870214365
168,5,0.6367209685660338,0.5107150870214365
168,6,0.11009094361053998,0.5107150870214365
168,7,0.5560739928695396,0.5107150870214365
168,8,0.10162129552145102,0.5107150870214365
168,9,0.21933879774175907,0.5107150870214365
168,10,0.6012058703381967,0.5107150870214365
168,11,0.639907226205884,0.5107150870214365
168,12,0.1660936035095433,0.5107150870214365
168,13,0.3473488422245895,0.5107150870214365
168,14,0.12527664706568925,0.5107150870214365
168,15,0.02008404466138869,0.5107150870214365
168,16,0.2355500702887953,0.5107150870214365
168,17,0.2821740344992823,0.5107150870214365
168,18,0.14346813585069076,0.5107150870214365
168,19,0.4787982077567224,0.5107150870214365
168,20,0.2993405321216445,0.5107150870214365
168,21,0.569495489014383,0.5107150870214365
168,22,0.44340180974120325,0.5107150870214365
168,23,0.2564154147656442,0.5107150870214365
168,24,0.3561685849664846,0.5107150870214365
169,1,0.4406489256617301,0.5381370535772867
169,2,0.37862309719968085,0.5381370535772867
169,3,0.4003694306496678,0.5381370535772867
169,4,0.5480098885229571,0.5381370535772867
169,5,0.563358692870097,0.5381370535772867
169,6,0.08614614010195806,0.5381370535772867
169,7,0.5556693698007514,0.5381370535772867
169,8,0.1945401453275772,0.5381370535772867
169,9,0.1847138116897571,0.5381370535772867
169,10,0.5900043395032118,0.5381370535772867
169,11,0.5889185555765395,0.5381370535772867
169,12,0.19479488021913138,0.5381370535772867
169,13,0.5379200561366517,0.5381370535772867
169,14,0.15901840060858255,0.5381370535772867
169,15,0.0,0.5381370535772867
169,16,0.457332910907106,0.5381370535772867
169,17,0.4501707852478901,0.5381370535772867
169,18,0.28806599557549467,0.5381370535772867
169,19,0.5703523467346255,0.5381370535772867
169,20,0.40261612419467274,0.5381370535772867
169,21,0.26803810097290615,0.5381370535772867
169,22,0.35319840201129327,0.5381370535772867
169,23,0.12965140101543265,0.5381370535772867
169,24,0.24894277871642592,0.5381370535772867
170,1,0.5505210677999139,0.4813713357409718
170,2,0.12092783708681942,0.4813713357409718
170,3,0.4835268450800012,0.4813713357409718
170,4,0.31940182800330585,0.4813713357409718
170,5,0.5506458593502402,0.4813713357409718
170,6,0.18499759539954597,0.4813713357409718
170,7,0.4886410800861898,0.4813713357409718
170,8,0.23924131357323172,0.4813713357409718
170,9,0.0,0.4813713357409718
170,10,0.6912414877130106,0.4813713357409718
170,11,0.6027831674667695,0.4813713357409718
170,12,0.15174777263719702,0.4813713357409718
170,13,0.5094179265217416,0.4813713357409718
170,14,0.11450475369499578,0.4813713357409718
170,15,0.10245522804387296,0.4813713357409718
170,16,0.42096468466296644,0.4813713357409718
170,17,0.3127922687744228,0.4813713357409718
170,18,0.40418946698022395,0.4813713357409718
170,19,0.6761603160711789,0.4813713357409718
170,20,0.3246374019123608,0.4813713357409718
170,21,0.26199229073115365,0.4813713357409718
170,22,0.4006046246757053,0.4813713357409718
170,23,0.13250184748399085,0.4813713357409718
170,24,0.37514023286384907,0.4813713357409718
171,1,0.41267593080120313,0.4743348824087617
171,2,0.1773237355782438,0.4743348824087617
171,3,0.39604255332392985,0.4743348824087617
171,4,0.00856585216867789,0.4743348824087617
171,5,0.3192073935838641,0.4743348824087617
171,6,0.18210850483605034,0.4743348824087617
171,7,0.3164305527786676,0.4743348824087617
171,8,0.23575191094233613,0.4743348824087617
171,9,0.1572220964786164,0.4743348824087617
171,10,0.5519566945124813,0.4743348824087617
171,11,0.5395328185529892,0.4743348824087617
171,12,0.18239235312156254,0.4743348824087617
171,13,0.5633402391536685,0.4743348824087617
171,14,0.14385833160666012,0.4743348824087617
171,15,0.2575598299280596,0.4743348824087617
171,16,0.3811461014062814,0.4743348824087617
171,17,0.31628099340626487,0.4743348824087617
171,18,0.34940750284594296,0.4743348824087617
171,19,0.8559437143184532,0.4743348824087617
171,20,0.22030122778979866,0.4743348824087617
171,21,0.30872891062154323,0.4743348824087617
171,22,0.4238305579833677,0.4743348824087617
171,23,0.038824292971326446,0.4743348824087617
171,24,0.2038311978093861,0.4743348824087617
172,1,0.2934652831643611,0.43609658249881894
172,2,0.17071121998331348,0.43609658249881894
172,3,0.6448921433080848,0.43609658249881894
172,4,0.0,0.43609658249881894
172,5,0.40042088124667313,0.43609658249881894
172,6,0.08507949250414083,0.43609658249881894
172,7,0.4593200012426397,0.43609658249881894
172,8,0.24459724633192687,0.43609658249881894
172,9,0.05762416806792017,0.43609658249881894
172,10,0.6614115371784544,0.43609658249881894
172,11,0.48179863016676255,0.43609658249881894
172,12,0.033427327803808415,0.43609658249881894
172,13,0.4827535478380171,0.43609658249881894
172,14,0.1901107629859919,0.43609658249881894
172,15,0.3123464956528392,0.43609658249881894
172,16,0.5415343860969084,0.43609658249881894
172,17,0.3058116863451718,0.43609658249881894
172,18,0.2173203820910569,0.43609658249881894
172,19,0.6813287502049206,0.43609658249881894
172,20,0.23987793188416848,0.43609658249881894
172,21,0.32031189579054925,0.43609658249881894
172,22,0.4823755456527724,0.43609658249881894
172,23,0.235498416224948,0.43609658249881894
172,24,0.43732935670106354,0.43609658249881894
173,1,0.13931155463379802,0.4182079476956291
173,2,0.010749653571846235,0.4182079476956291
173,3,0.4859750603547629,0.4182079476956291
173,4,0.06595119809226808,0.4182079476956291
173,5,0.32677522241178025,0.4182079476956291
173,6,0.0,0.4182079476956291
173,7,0.6003133382792706,0.4182079476956291
173,8,0.1533651495831599,0.4182079476956291
173,9,0.0,0.4182079476956291
173,10,0.5360901150961939,0.4182079476956291
173,11,0.5130596896659372,0.4182079476956291
173,12,0.15689188942499116,0.4182079476956291
173,13,0.3952812063575951,0.4182079476956291
173,14,0.023902871822223115,0.4182079476956291
173,15,0.4833835282354508,0.4182079476956291
173,16,0.38472406482153554,0.4182079476956291
173,17,0.36639257674554426,0.4182079476956291
173,18,0.2637535021738767,0.4182079476956291
173,19,0.7149688921257298,0.4182079476956291
173,20,0.33173252302624656,0.4182079476956291
173,21,0.3434125846307011,0.4182079476956291
173,22,0.5589750916760389,0.4182079476956291
173,23,0.46734963354763603,0.4182079476956291
173,24,0.3545979683394367,0.4182079476956291
174,1,0.41351998251772326,0.4763245694028743
174,2,0.09210935155338272,0.4763245694028743
174,3,0.33932532431059753,0.4763245694028743
174,4,0.14855426731239363,0.4763245694028743
174,5,0.16232624557189185,0.4763245694028743
174,6,0.0,0.4763245694028743
174,7,0.5505751624796017,0.4763245694028743
174,8,0.2604019309126435,0.4763245694028743
174,9,0.0,0.4763245694028743
174,10,0.5991713532273327,0.4763245694028743
174,11,0.4042262684773611,0.4763245694028743
174,12,0.05753960470676919,0.4763245694028743
174,13,0.15461492206445118,0.4763245694028743
174,14,0.11171147815497073,0.4763245694028743
174,15,0.5829738417953102,0.4763245694028743
174,16,0.24585632319725564,0.4763245694028743
174,17,0.4393731649257538,0.4763245694028743
174,18,0.4755593943662936,0.4763245694028743
174,19,0.7321371329329682,0.4763245694028743
174,20,0.177434781260186,0.4763245694028743
174,21,0.43715610767340163,0.4763245694028743
174,22,0.4637523934307143,0.4763245694028743
174,23,0.33243257660952064,0.4763245694028743
174,24,0.2568909171623481,0.4763245694028743
175,1,0.3086267084185669,0.4925007525543978
175,2,0.1488377301609569,0.4925007525543978
175,3,0.5868183549939414,0.4925007525543978
175,4,0.28248361033484853,0.4925007525543978
175,5,0.26395697640550675,0.4925007525543978
175,6,0.1298465936889459,0.4925007525543978
175,7,0.7325096150368848,0.4925007525543978
175,8,0.26173319374297155,0.4925007525543978
175,9,0.0,0.4925007525543978
175,10,0.6384561718591996,0.4925007525543978
175,11,0.5172340324986373,0.4925007525543978
175,12,0.07591449025029312,0.4925007525543978
175,13,0.36923530418913547,0.4925007525543978
175,14,0.17399649838816827,0.4925007525543978
175,15,0.7000737097125453,0.4925007525543978
175,16,0.22689805717782402,0.4925007525543978
175,17,0.5039035351555321,0.4925007525543978
175,18,0.486649332390959,0.4925007525543978
175,19,0.6221664741178572,0.4925007525543978
175,20,0.3041436346946529,0.4925007525543978
175,21,0.5035703903127394,0.4925007525543978
175,22,0.33838960164734866,0.4925007525543978
175,23,0.3943430371772736,0.4925007525543978
175,24,0.26175834586951435,0.4925007525543978
176,1,0.18911583300128154,0.5435055636576942
176,2,0.19235129875658014,0.5435055636576942
176,3,0.39495992662335316,0.5435055636576942
176,4,0.510222536071849,0.5435055636576942
176,5,0.2711688362207149,0.5435055636576942
176,6,0.3616143899570926,0.5435055636576942
176,7,0.5183914467927112,0.5435055636576942
176,8,0.30406605146037263,0.5435055636576942
176,9,0.1105691589009408,0.5435055636576942
176,10,0.4944447126408841,0.5435055636576942
176,11,0.581796064302008,0.5435055636576942
176,12,0.16552908214330403,0.5435055636576942
176,13,0.3611509372030386,0.5435055636576942
176,14,0.2729263016428871,0.5435055636576942
176,15,0.6086218542546542,0.5435055636576942
176,16,0.1623760266485646,0.5435055636576942
176,17,0.38762345118933905,0.5435055636576942
176,18,0.6336183434324822,0.5435055636576942
176,19,0.6605203291046259,0.5435055636576942
176,20,0.16764458823478154,0.5435055636576942
176,21,0.5105521931940801,0.5435055636576942
176,22,0.27318490978788285,0.5435055636576942
176,23,0.5821091061892523,0.5435055636576942
176,24,0.35358334349110654,0.5435055636576942
177,1,0.04952466435481051,0.5227213975890193
177,2,0.09208934128229362,0.5227213975890193
177,3,0.48348238951284217,0.5227213975890193
177,4,0.4413733580539266,0.5227213975890193
177,5,0.313097687450908,0.5227213975890193
177,6,0.3288863579790115,0.5227213975890193
177,7,0.4676945499994219,0.5227213975890193
177,8,0.4596403519645705,0.5227213975890193
177,9,0.2739867640022142,0.5227213975890193
177,10,0.7003792695419981,0.5227213975890193
177,11,0.7221345992862676,0.5227213975890193
177,12,0.1284656135011181,0.5227213975890193
177,13,0.6105494725903846,0.5227213975890193
177,14,0.2675611542561127,0.5227213975890193
177,15,0.5424369887529169,0.5227213975890193
177,16,0.2229813962969446,0.5227213975890193
177,17,0.5069946975622063,0.5227213975890193
177,18,0.4453459136465211,0.5227213975890193
177,19,0.4459013937919839,0.5227213975890193
177,20,0.17065588189623687,0.5227213975890193
177,21,0.5373503489010558,0.5227213975890193
177,22,0.40917206938734896,0.5227213975890193
177,23,0.4987680301626425,0.5227213975890193
177,24,0.25626020129367155,0.5227213975890193
178,1,0.0,0.5754588780919104
178,2,0.0651151757775718,0.5754588780919104
178,3,0.46404899195227345,0.5754588780919104
178,4,0.361993149591719,0.5754588780919104
178,5,0.41725580682476926,0.5754588780919104
178,6,0.4051742896784552,0.5754588780919104
178,7,0.4733138787324023,0.5754588780919104
178,8,0.37492018473757127,0.5754588780919104
178,9,0.12749362274398635,0.5754588780919104
178,10,0.43998768438673974,0.5754588780919104
178,11,0.4373527688123675,0.5754588780919104
178,12,0.0,0.5754588780919104
178,13,0.593814950485767,0.5754588780919104
178,14,0.2819607394954982,0.5754588780919104
178,15,0.5393638119921942,0.5754588780919104
178,16,0.08691264863945963,0.5754588780919104
178,17,0.6591018534602492,0.5754588780919104
178,18,0.3170264785376769,0.5754588780919104
178,19,0.2761376370170082,0.5754588780919104
178,20,0.0,0.5754588780919104
178,21,0.5267324154524781,0.5754588780919104
178,22,0.6026543234243389,0.5754588780919104
178,23,0.2970432798600283,0.5754588780919104
178,24,0.28943663226229227,0.5754588780919104
179,1,0.1101674727426008,0.5502729705035516
179,2,0.19837890269128294,0.5502729705035516
179,3,0.6971104820073759,0.5502729705035516
179,4,0.45893342163377404,0.5502729705035516
179,5,0.3971027202911005,0.5502729705035516
179,6,0.522228921413701,0.5502729705035516
179,7,0.5627310621672896,0.5502729705035516
179,8,0.5139560886539856,0.5502729705035516
179,9,0.2234238208501728,0.5502729705035516
179,10,0.23786556844045323,0.5502729705035516
179,11,0.45642282136932766,0.5502729705035516
179,12,0.0,0.5502729705035516
179,13,0.5180840079720267,0.5502729705035516
179,14,0.37937525369220754,0.5502729705035516
179,15,0.5815105870960559,0.5502729705035516
179,16,0.30568117516667986,0.5502729705035516
179,17,0.6387754511972078,0.5502729705035516
179,18,0.4728313023171983,0.5502729705035516
179,19,0.3649438650658175,0.5502729705035516
179,20,0.15132751172872377,0.5502729705035516
179,21,0.6115884427085886,0.5502729705035516
179,22,0.5278492371681291,0.5502729705035516
179,23,0.35449500669328976,0.5502729705035516
179,24,0.22756941164340028,0.5502729705035516
180,1,0.23318916035765636,0.5642231473497973
180,2,0.17678033135534443,0.5642231473497973
180,3,0.5645121187149147,0.5642231473497973
180,4,0.34590002642614653,0.5642231473497973
180,5,0.35107341831007804,0.5642231473497973
180,6,0.5904915268873662,0.5642231473497973
180,7,0.6552323793800987,0.5642231473497973
180,8,0.6819636217139415,0.5642231473497973
180,9,0.23375721140157196,0.5642231473497973
180,10,0.20695940562148787,0.5642231473497973
180,11,0.28707639544694974,0.5642231473497973
180,12,0.02533382735563089,0.5642231473497973
180,13,0.3927875598217716,0.5642231473497973
180,14,0.26646321121091543,0.5642231473497973
180,15,0.4496254638116094,0.5642231473497973
180,16,0.3631659295599344,0.5642231473497973
180,17,0.5647991349111037,0.5642231473497973
180,18,0.6780470286335618,0.5642231473497973
180,19,0.3808646784488455,0.5642231473497973
180,20,0.2507767155229271,0.5642231473497973
180,21,0.5161839555510339,0.5642231473497973
180,22,0.496265460699423,0.5642231473497973
180,23,0.5196812475137159,0.5642231473497973
180,24,0.28789847012409614,0.5642231473497973
181,1,0.04571635488693962,0.6202562251692231
181,2,0.3023562122958444,0.6202562251692231
181,3,0.5217412899253144,0.6202562251692231
181,4,0.3432155343158604,0.6202562251692231
181,5,0.3525327635519288,0.6202562251692231
181,6,0.39907693035426983,0.6202562251692231
181,7,0.4957275254891411,0.6202562251692231
181,8,0.37881198026486096,0.6202562251692231
181,9,0.0920251914089048,0.6202562251692231
181,10,0.1819535042732226,0.6202562251692231
181,11,0.12188716794528798,0.6202562251692231
181,12,0.030416325879090315,0.6202562251692231
181,13,0.4163209630101958,0.6202562251692231
181,14,0.26093964051901064,0.6202562251692231
181,15,0.5537949703549039,0.6202562251692231
181,16,0.3670370707310875,0.6202562251692231
181,17,0.31928262524250295,0.6202562251692231
181,18,0.7136946584275924,0.6202562251692231
181,19,0.3932530387176318,0.6202562251692231
181,20,0.28581242187166755,0.6202562251692231
181,21,0.3355776379753815,0.6202562251692231
181,22,0.5550828072900774,0.6202562251692231
181,23,0.41584479104538224,0.6202562251692231
181,24,0.14513017676904866,0.6202562251692231
182,1,0.13965714115105876,0.5581159871180204
182,2,0.4500180952488113,0.5581159871180204
182,3,0.5252566091240602,0.5581159871180204
182,4,0.2727415853396384,0.5581159871180204
182,5,0.1879554531702054,0.5581159871180204
182,6,0.4841832056350185,0.5581159871180204
182,7,0.4043070387191128,0.5581159871180204
182,8,0.1385480619560997,0.5581159871180204
182,9,0.27356479157609503,0.5581159871180204
182,10,0.02606370021310303,0.5581159871180204
182,11,0.28973568430591545,0.5581159871180204
182,12,0.28684570820380134,0.5581159871180204
182,13,0.5064957716466015,0.5581159871180204
182,14,0.34847742800104015,0.5581159871180204
182,15,0.5617232730887796,0.5581159871180204
182,16,0.3367449533269875,0.5581159871180204
182,17,0.6084011083826535,0.5581159871180204
182,18,0.5914608226309751,0.5581159871180204
182,19,0.34616598293747863,0.5581159871180204
182,20,0.1187724497056859,0.5581159871180204
182,21,0.12222171941104962,0.5581159871180204
182,22,0.25867334725619895,0.5581159871180204
182,23,0.3528727084757221,0.5581159871180204
182,24,0.22002793629574643,0.5581159871180204
183,1,0.17945407807078056,0.5772248906614417
183,2,0.4624885865626587,0.5772248906614417
183,3,0.5571800379678233,0.5772248906614417
183,4,0.2892005564465994,0.5772248906614417
183,5,0.2926066796971156,0.5772248906614417
183,6,0.7823780951563035,0.5772248906614417
183,7,0.22004903952254448,0.5772248906614417
183,8,0.16295898652536164,0.5772248906614417
183,9,0.21793966742766946,0.5772248906614417
183,10,0.17099517636855466,0.5772248906614417
183,11,0.32088007616267006,0.5772248906614417
183,12,0.4200969189500974,0.5772248906614417
183,13,0.36712701310486284,0.5772248906614417
183,14,0.4704097414072633,0.5772248906614417
183,15,0.4177935840180023,0.5772248906614417
183,16,0.1973270027728036,0.5772248906614417
183,17,0.3494477700954161,0.5772248906614417
183,18,0.5426113796627207,0.5772248906614417
183,19,0.3828651033882288,0.5772248906614417
183,20,0.0,0.5772248906614417
183,21,0.030579105370259888,0.5772248906614417
183,22,0.2316223858096821,0.5772248906614417
183,23,0.3113473885958859,0.5772248906614417
183,24,0.05558599821703891,0.5772248906614417
184,1,0.20378242314264228,0.6172766190233463
184,2,0.4093292051901947,0.6172766190233463
184,3,0.7222408191297893,0.6172766190233463
184,4,0.40195599309224134,0.6172766190233463
184,5,0.262242341238292,0.6172766190233463
184,6,0.7220676195162453,0.6172766190233463
184,7,0.2816654606475203,0.6172766190233463
184,8,0.2758443845856634,0.6172766190233463
184,9,0.1552733707744236,0.6172766190233463
184,10,0.24217450844955007,0.6172766190233463
184,11,0.3083322900470504,0.6172766190233463
184,12,0.31201414295557023,0.6172766190233463
184,13,0.31829849343808736,0.6172766190233463
184,14,0.4613536092996955,0.6172766190233463
184,15,0.4964407751966961,0.6172766190233463
184,16,0.045012788881789056,0.6172766190233463
184,17,0.18126445024598792,0.6172766190233463
184,18,0.6007040635665041,0.6172766190233463
184,19,0.335967635534382,0.6172766190233463
184,20,0.0,0.6172766190233463
184,21,0.0,0.6172766190233463
184,22,0.3267026667867356,0.6172766190233463
184,23,0.2566216475264054,0.6172766190233463
184,24,0.0,0.6172766190233463
185,1,0.17822265740023466,0.6494897252689111
185,2,0.4427445310056741,0.6494897252689111
185,3,0.668301599128422,0.6494897252689111
185,4,0.42536694157783134,0.6494897252689111
185,5,0.18666930967144246,0.6494897252689111
185,6,0.6273789215498472,0.6494897252689111
185,7,0.5794736297553686,0.6494897252689111
185,8,0.14674687059699157,0.6494897252689111
185,9,0.16853535986870855,0.6494897252689111
185,10,0.59370317118244,0.6494897252689111
185,11,0.4248351286033603,0.6494897252689111
185,12,0.31074068830109935,0.6494897252689111
185,13,0.13147445232254595,0.6494897252689111
185,14,0.7242196967611809,0.6494897252689111
185,15,0.6528251104227458,0.6494897252689111
185,16,0.0,0.6494897252689111
185,17,0.29645837177171497,0.6494897252689111
185,18,0.5093220233114034,0.6494897252689111
185,19,0.29083912901137343,0.6494897252689111
185,20,0.0,0.6494897252689111
185,21,0.32164539622068483,0.6494897252689111
185,22,0.2552767045102908,0.6494897252689111
185,23,0.3624534851000397,0.6494897252689111
185,24,0.0,0.6494897252689111
186,1,0.30412881198006125,0.6348496925719324
186,2,0.4128851838919011,0.6348496925719324
186,3,0.6439146481390825,0.6348496925719324
186,4,0.2752903454500552,0.6348496925719324
186,5,0.15926392158255653,0.6348496925719324
186,6,0.6765521914283523,0.6348496925719324
186,7,0.5045154518257414,0.6348496925719324
186,8,0.17645752061433945,0.6348496925719324
186,9,0.25207083320911466,0.6348496925719324
186,10,0.28385819701480586,0.6348496925719324
186,11,0.35375696961580333,0.6348496925719324
186,12,0.18927787558706735,0.6348496925719324
186,13,0.0469405039609596,0.6348496925719324
186,14,0.5962758088689832,0.6348496925719324
186,15,0.5617983702631257,0.6348496925719324
186,16,0.035485467405813195,0.6348496925719324
186,17,0.3776719995812666,0.6348496925719324
186,18,0.3497976802278487,0.6348496925719324
186,19,0.06921312141099889,0.6348496925719324
186,20,0.06983790213132787,0.6348496925719324
186,21,0.32254773711428897,0.6348496925719324
186,22,0.3874637818943262,0.6348496925719324
186,23,0.3562264127389221,0.6348496925719324
186,24,0.0,0.6348496925719324
187,1,0.24425049863794254,0.6328799424242245
187,2,0.2605147149212349,0.6328799424242245
187,3,0.7212874013112308,0.6328799424242245
187,4,0.4997246924353045,0.6328799424242245
187,5,0.24609391815284912,0.6328799424242245
187,6,0.4524652755547503,0.6328799424242245
187,7,0.5492222775768856,0.6328799424242245
187,8,0.14325972018484637,0.6328799424242245
187,9,0.039959990275522383,0.6328799424242245
187,10,0.5103169628906119,0.6328799424242245
187,11,0.4299448185768681,0.6328799424242245
187,12,0.4346273331993832,0.6328799424242245
187,13,0.21667395886411356,0.6328799424242245
187,14,0.4727526839336889,0.6328799424242245
187,15,0.505693905725542,0.6328799424242245
187,16,0.019364204697088674,0.6328799424242245
187,17,0.5697816820032424,0.6328799424242245
187,18,0.26254682710919175,0.6328799424242245
187,19,0.16829746959423286,0.6328799424242245
187,20,0.026491903138400386,0.6328799424242245
187,21,0.301928491030339,0.6328799424242245
187,22,0.2239682886835627,0.6328799424242245
187,23,0.22983675003021417,0.6328799424242245
187,24,0.136143362307783,0.6328799424242245
188,1,0.306838518226085,0.6515591037607484
188,2,0.08860347901146343,0.6515591037607484
188,3,0.7198724170445987,0.6515591037607484
188,4,0.6163397694443244,0.6515591037607484
188,5,0.17075094252324177,0.6515591037607484
188,6,0.601830848544189,0.6515591037607484
188,7,0.5649571036738771,0.6515591037607484
188,8,0.29951538356883955,0.6515591037607484
188,9,0.2953559266136787,0.6515591037607484
188,10,0.4499022822451571,0.6515591037607484
188,11,0.40186923140174274,0.6515591037607484
188,12,0.41950785807073215,0.6515591037607484
188,13,0.23354323504231927,0.6515591037607484
188,14,0.29385519235360535,0.6515591037607484
188,15,0.4598643426024026,0.6515591037607484
188,16,0.0,0.6515591037607484
188,17,0.48056504732672317,0.6515591037607484
188,18,0.3387015112816413,0.6515591037607484
188,19,0.3572973695915984,0.6515591037607484
188,20,0.2574254674362943,0.6515591037607484
188,21,0.32306891061863807,0.6515591037607484
188,22,0.1809812030967437,0.6515591037607484
188,23,0.5632148305998627,0.6515591037607484
188,24,0.3018267917818799,0.6515591037607484
189,1,0.3077219899180777,0.6966003735251183
189,2,0.0,0.6966003735251183
189,3,0.6620573260703375,0.6966003735251183
189,4,0.5494769981069747,0.6966003735251183
189,5,0.22794124338189592,0.6966003735251183
189,6,0.5110173055667597,0.6966003735251183
189,7,0.5911676232856743,0.6966003735251183
189,8,0.20658273109150285,0.6966003735251183
189,9,0.6207973751299833,0.6966003735251183
189,10,0.31713772661645656,0.6966003735251183
189,11,0.2579570584609565,0.6966003735251183
189,12,0.41186064412116385,0.6966003735251183
189,13,0.0011578830419524122,0.6966003735251183
189,14,0.20152653792111597,0.6966003735251183
189,15,0.45357881548533235,0.6966003735251183
189,16,0.0,0.6966003735251183
189,17,0.39706772662864515,0.6966003735251183
189,18,0.26223277470320006,0.6966003735251183
189,19,0.30716612835030765,0.6966003735251183
189,20,0.27292428253913337,0.6966003735251183
189,21,0.47786495313588373,0.6966003735251183
189,22,0.12491698193358768,0.6966003735251183
189,23,0.48096039327771845,0.6966003735251183
189,24,0.2516860967375454,0.6966003735251183
190,1,0.25009729970197275,0.6901562604169104
190,2,0.23174227192701755,0.6901562604169104
190,3,0.6177882789058967,0.6901562604169104
190,4,0.2515433459931072,0.6901562604169104
190,5,0.2791013453059907,0.6901562604169104
190,6,0.5886764098939055,0.6901562604169104
190,7,0.6299116268833527,0.6901562604169104
190,8,0.15973028211048454,0.6901562604169104
190,9,0.6341059085366493,0.6901562604169104
190,10,0.44317829786627416,0.6901562604169104
190,11,0.046784505424693784,0.6901562604169104
190,12,0.4253315458840462,0.6901562604169104
190,13,0.12274025919248045,0.6901562604169104
190,14,0.37337598638029224,0.6901562604169104
190,15,0.21432403194200964,0.6901562604169104
190,16,0.0,0.6901562604169104
190,17,0.4681153750449706,0.6901562604169104
190,18,0.10766307340419612,0.6901562604169104
190,19,0.023693139590770684,0.6901562604169104
190,20,0.34823411062966925,0.6901562604169104
190,21,0.7361359991006393,0.6901562604169104
190,22,0.111105188043846,0.6901562604169104
190,23,0.4078625568370152,0.6901562604169104
190,24,0.17042160821584007,0.6901562604169104
191,1,0.14310080941319353,0.6848895281667174
191,2,0.473228496849566,0.6848895281667174
191,3,0.37170764450929994,0.6848895281667174
191,4,0.2501851974503949,0.6848895281667174
191,5,0.0533971513345487,0.6848895281667174
191,6,0.4984334359007558,0.6848895281667174
191,7,0.697942552291986,0.6848895281667174
191,8,0.21406559287325838,0.6848895281667174
191,9,0.4963242998610099,0.6848895281667174
191,10,0.36306312869570884,0.6848895281667174
191,11,0.2676721833639923,0.6848895281667174
191,12,0.34709256401524036,0.6848895281667174
191,13,0.0,0.6848895281667174
191,14,0.4111707897402907,0.6848895281667174
191,15,0.11056939360875195,0.6848895281667174
191,16,0.18460865893371434,0.6848895281667174
191,17,0.5132298071112493,0.6848895281667174
191,18,0.2744518794951033,0.6848895281667174
191,19,0.1491187175190575,0.6848895281667174
191,20,0.29949292736084565,0.6848895281667174
191,21,0.6488715687256257,0.6848895281667174
191,22,0.11945883665262119,0.6848895281667174
191,23,0.2610952232327556,0.6848895281667174
191,24,0.09738495494542626,0.6848895281667174
192,1,0.13610511207111156,0.7494919793240943
192,2,0.41577476450111095,0.7494919793240943
192,3,0.12938589547012178,0.7494919793240943
192,4,0.3758290710928983,0.7494919793240943
192,5,0.2882034678671903,0.7494919793240943
192,6,0.4912409839953474,0.7494919793240943
192,7,0.6102589925687391,0.7494919793240943
192,8,0.264657399647126,0.7494919793240943
192,9,0.4709325693169488,0.7494919793240943
192,10,0.43634883394981805,0.7494919793240943
192,11,0.30762571726651944,0.7494919793240943
192,12,0.36955566938541273,0.7494919793240943
192,13,0.12751089461472565,0.7494919793240943
192,14,0.3516473639325069,0.7494919793240943
192,15,0.2230756008445564,0.7494919793240943
192,16,0.28485291556832526,0.7494919793240943
192,17,0.28808318212688255,0.7494919793240943
192,18,0.19953240096909874,0.7494919793240943
192,19,0.29649843764515293,0.7494919793240943
192,20,0.48770368843089207,0.7494919793240943
192,21,0.8824317151016228,0.7494919793240943
192,22,0.2544909837149952,0.7494919793240943
192,23,0.34736319143885275,0.7494919793240943
192,24,0.37716253158072155,0.7494919793240943
193,1,0.11833953967186525,0.6865839965911166
193,2,0.24303233673686211,0.6865839965911166
193,3,0.21627623053924422,0.6865839965911166
193,4,0.2490259727695367,0.6865839965911166
193,5,0.4054420561425459,0.6865839965911166
193,6,0.4327983245192933,0.6865839965911166
193,7,0.48787298278904523,0.6865839965911166
193,8,0.24804792869759562,0.6865839965911166
193,9,0.5216422886398213,0.6865839965911166
193,10,0.5063182018618492,0.6865839965911166
193,11,0.2770079780891385,0.6865839965911166
193,12,0.4655344572167041,0.6865839965911166
193,13,0.312947004415755,0.6865839965911166
193,14,0.34700507769852684,0.6865839965911166
193,15,0.28198789586695483,0.6865839965911166
193,16,0.2534437720361881,0.6865839965911166
193,17,0.4698839264455278,0.6865839965911166
193,18,0.05543410879737737,0.6865839965911166
193,19,0.37903336070837673,0.6865839965911166
193,20,0.42425615358488944,0.6865839965911166
193,21,0.4565568269333658,0.6865839965911166
193,22,0.30323079955397414,0.6865839965911166
193,23,0.32133454659590094,0.6865839965911166
193,24,0.5234626720964054,0.6865839965911166
194,1,0.3232041293995229,0.7434333144906979
194,2,0.2288654667100307,0.7434333144906979
194,3,0.34780056508044466,0.7434333144906979
194,4,0.3310692084624961,0.7434333144906979
194,5,0.3863506676861652,0.7434333144906979
194,6,0.10792035548327827,0.7434333144906979
194,7,0.4458992233746384,0.7434333144906979
194,8,0.3789265821805882,0.7434333144906979
194,9,0.4337329170612224,0.7434333144906979
194,10,0.6776569383145283,0.7434333144906979
194,11,0.26907790826665345,0.7434333144906979
194,12,0.43831635054996504,0.7434333144906979
194,13,0.08507700486822661,0.7434333144906979
194,14,0.32569837139678054,0.7434333144906979
194,15,0.4827242864633845,0.7434333144906979
194,16,0.22083072921582117,0.7434333144906979
194,17,0.4001226819316971,0.7434333144906979
194,18,0.21323926548784294,0.7434333144906979
194,19,0.2543964377130465,0.7434333144906979
194,20,0.22497705532318385,0.7434333144906979
194,21,0.4657672068827116,0.7434333144906979
194,22,0.3266803187803359,0.7434333144906979
194,23,0.3815510170966071,0.7434333144906979
194,24,0.4247972485086169,0.7434333144906979
195,1,0.5020746204499383,0.7980498901397761
195,2,0.19188466569086984,0.7980498901397761
195,3,0.39830407369155035,0.7980498901397761
195,4,0.3610878909818633,0.7980498901397761
195,5,0.37960496049885706,0.7980498901397761
195,6,0.09148149809527534,0.7980498901397761
195,7,0.3786055125680443,0.7980498901397761
195,8,0.24794890608239972,0.7980498901397761
195,9,0.25092814296523036,0.7980498901397761
195,10,0.7504373582059084,0.7980498901397761
195,11,0.05646764271778701,0.7980498901397761
195,12,0.30546977572316586,0.7980498901397761
195,13,0.2590472065994827,0.7980498901397761
195,14,0.29012849121567713,0.7980498901397761
195,15,0.3137654819154404,0.7980498901397761
195,16,0.1941089950836114,0.7980498901397761
195,17,0.3807992243963663,0.7980498901397761
195,18,0.27577287320658506,0.7980498901397761
195,19,0.20884061133235526,0.7980498901397761
195,20,0.24998096109946824,0.7980498901397761
195,21,0.530977060386498,0.7980498901397761
195,22,0.22016828911201608,0.7980498901397761
195,23,0.2349549425002946,0.7980498901397761
195,24,0.5022088146449176,0.7980498901397761
196,1,0.6206035771799061,0.7776178857624213
196,2,0.2715655203981387,0.7776178857624213
196,3,0.5040310439993566,0.7776178857624213
196,4,0.24932593024909383,0.7776178857624213
196,5,0.37075997228880697,0.7776178857624213
196,6,0.12231678045611434,0.7776178857624213
196,7,0.3604024909512228,0.7776178857624213
196,8,0.31997153421838354,0.7776178857624213
196,9,0.38989465244237853,0.7776178857624213
196,10,0.6069880774390161,0.7776178857624213
196,11,0.0804424444406868,0.7776178857624213
196,12,0.19832082889980324,0.7776178857624213
196,13,0.2673592246195783,0.7776178857624213
196,14,0.45901932266080353,0.7776178857624213
196,15,0.21498158016767965,0.7776178857624213
196,16,0.24457177904026697,0.7776178857624213
196,17,0.529496592265667,0.7776178857624213
196,18,0.15975783783789987,0.7776178857624213
196,19,0.22331023688018736,0.7776178857624213
196,20,0.4659179918862081,0.7776178857624213
196,21,0.44067428832007693,0.7776178857624213
196,22,0.3822222322259362,0.7776178857624213
196,23,0.4696431335909661,0.7776178857624213
196,24,0.45399779826757136,0.7776178857624213
197,1,0.47833972431484556,0.8302480704397602
197,2,0.2638208491206936,0.8302480704397602
197,3,0.5841191956858559,0.8302480704397602
197,4,0.37951728675721164,0.8302480704397602
197,5,0.35830388268647034,0.8302480704397602
197,6,0.24006757161982004,0.8302480704397602
197,7,0.13818457253992855,0.8302480704397602
197,8,0.37762965899435835,0.8302480704397602
197,9,0.4527110152909982,0.8302480704397602
197,10,0.6648143091021065,0.8302480704397602
197,11,0.14637824507926145,0.8302480704397602
197,12,0.3685158806274197,0.8302480704397602
197,13,0.2788347493450381,0.8302480704397602
197,14,0.4237694094063056,0.8302480704397602
197,15,0.3349333473961939,0.8302480704397602
197,16,0.32255744774538103,0.8302480704397602
197,17,0.6732722955527377,0.8302480704397602
197,18,0.2967016761670678,0.8302480704397602
197,19,0.22150546262319176,0.8302480704397602
197,20,0.6195680132987371,0.8302480704397602
197,21,0.40869818442376543,0.8302480704397602
197,22,0.507221361768006,0.8302480704397602
197,23,0.5005068452531066,0.8302480704397602
197,24,0.4312082947617804,0.8302480704397602
198,1,0.4370920933705488,0.8040879304050258
198,2,0.1713358407855901,0.8040879304050258
198,3,0.5798243284919777,0.8040879304050258
198,4,0.5545534558535014,0.8040879304050258
198,5,0.3700592907252508,0.8040879304050258
198,6,0.1764137115875683,0.8040879304050258
198,7,0.16702192267962587,0.8040879304050258
198,8,0.4002025734070205,0.8040879304050258
198,9,0.6230696821750552,0.8040879304050258
198,10,0.6635479304295354,0.8040879304050258
198,11,0.14063315834118015,0.8040879304050258
198,12,0.2972994183211952,0.8040879304050258
198,13,0.1157796339315045,0.8040879304050258
198,14,0.44364218165436103,0.8040879304050258
198,15,0.15986950961580199,0.8040879304050258
198,16,0.34714190473411954,0.8040879304050258
198,17,0.49630294054894364,0.8040879304050258
198,18,0.3232510804212036,0.8040879304050258
198,19,0.37550603101480845,0.8040879304050258
198,20,0.4575355138874755,0.8040879304050258
198,21,0.2392080242788925,0.8040879304050258
198,22,0.5069424305233625,0.8040879304050258
198,23,0.5341640280263495,0.8040879304050258
198,24,0.291338682456647,0.8040879304050258
199,1,0.4647443292982705,0.8400557236376253
199,2,0.2484407730324641,0.8400557236376253
199,3,0.6520481915013886,0.8400557236376253
199,4,0.5624865225006606,0.8400557236376253
199,5,0.14643807643421253,0.8400557236376253
199,6,0.1575023608163778,0.8400557236376253
199,7,0.25930398211542993,0.8400557236376253
199,8,0.5426646355543028,0.8400557236376253
199,9,0.6048286677240785,0.8400557236376253
199,10,0.41725149005428475,0.8400557236376253
199,11,0.2163155576818948,0.8400557236376253
199,12,0.24115493058351725,0.8400557236376253
199,13,0.07625886325135471,0.8400557236376253
199,14,0.45533895144918085,0.8400557236376253
199,15,0.24800854019690677,0.8400557236376253
199,16,0.2200153819270428,0.8400557236376253
199,17,0.4347018373462452,0.8400557236376253
199,18,0.47472435830500304,0.8400557236376253
199,19,0.36264389614161496,0.8400557236376253
199,20,0.4281845132760924,0.8400557236376253
199,21,0.27265284234806003,0.8400557236376253
199,22,0.4127899201142746,0.8400557236376253
199,23,0.5576563306712856,0.8400557236376253
199,24,0.526192520391364,0.8400557236376253
200,1,0.3782857281916184,0.887825145566839
200,2,0.2662544338612178,0.887825145566839
200,3,0.5910094685549584,0.887825145566839
200,4,0.3729022030127406,0.887825145566839
200,5,0.2745502922842392,0.887825145566839
200,6,0.28402647730232394,0.887825145566839
200,7,0.2860499846318721,0.887825145566839
200,8,0.281873791180584,0.887825145566839
200,9,0.5252772006986186,0.887825145566839
200,10,0.5038900182487477,0.887825145566839
200,11,0.428425155967238,0.887825145566839
200,12,0.4119575087150664,0.887825145566839
200,13,0.22222883661889178,0.887825145566839
200,14,0.2509585375456995,0.887825145566839
200,15,0.2910138769658129,0.887825145566839
200,16,0.06996511137003694,0.887825145566839
200,17,0.5067461547739043,0.887825145566839
200,18,0.5711053422792353,0.887825145566839
200,19,0.39010151626630996,0.887825145566839
200,20,0.3088111912266479,0.887825145566839
200,21,0.43639437420291777,0.887825145566839
200,22,0.32641606036911613,0.887825145566839
200,23,0.36417638360592275,0.887825145566839
200,24,0.26775782377126717,0.887825145566839
201,1,0.3586941580533317,0.8430521101714857
201,2,0.22586148707662257,0.8430521101714857
201,3,0.5987091973369029,0.8430521101714857
201,4,0.5339596447950887,0.8430521101714857
201,5,0.3859724443932553,0.8430521101714857
201,6,0.0,0.8430521101714857
201,7,0.1995377134370906,0.8430521101714857
201,8,0.35117943984161126,0.8430521101714857
201,9,0.5226746179980102,0.8430521101714857
201,10,0.4399444936190697,0.8430521101714857
201,11,0.3432147190076537,0.8430521101714857
201,12,0.4749646857627119,0.8430521101714857
201,13,0.2937962049509605,0.8430521101714857
201,14,0.3348285763276937,0.8430521101714857
201,15,0.3016227095107256,0.8430521101714857
201,16,0.45008568470026433,0.8430521101714857
201,17,0.5621514458826338,0.8430521101714857
201,18,0.3791815089640742,0.8430521101714857
201,19,0.5762079825089348,0.8430521101714857
201,20,0.1915450654652178,0.8430521101714857
201,21,0.30621399689345985,0.8430521101714857
201,22,0.5107922693817271,0.8430521101714857
201,23,0.13365104643760162,0.8430521101714857
201,24,0.2993979033530726,0.8430521101714857
202,1,0.16183855702818484,0.8394792301067445
202,2,0.28460540683421964,0.8394792301067445
202,3,0.38274047529380295,0.8394792301067445
202,4,0.4870435797844123,0.8394792301067445
202,5,0.17543065541224084,0.8394792301067445
202,6,0.17181795341480066,0.8394792301067445
202,7,0.330722517345649,0.8394792301067445
202,8,0.4548763817176484,0.8394792301067445
202,9,0.3859669900426528,0.8394792301067445
202,10,0.566299868163308,0.8394792301067445
202,11,0.21716896713315526,0.8394792301067445
202,12,0.5141388724667387,0.8394792301067445
202,13,0.3322143791101488,0.8394792301067445
202,14,0.3587341903911024,0.8394792301067445
202,15,0.16927048955467708,0.8394792301067445
202,16,0.4660653538461317,0.8394792301067445
202,17,0.4792453520114296,0.8394792301067445
202,18,0.3013159749418571,0.8394792301067445
202,19,0.5519850691897511,0.8394792301067445
202,20,0.31035668955094453,0.8394792301067445
202,21,0.3392734566321945,0.8394792301067445
202,22,0.5300961209925649,0.8394792301067445
202,23,0.31925271785550025,0.8394792301067445
202,24,0.21482363221083595,0.8394792301067445
203,1,0.22608565388756266,0.9078951747741816
203,2,0.24998424974072322,0.9078951747741816
203,3,0.30910575792118516,0.9078951747741816
203,4,0.4033185154066595,0.9078951747741816
203,5,0.22803921446985795,0.9078951747741816
203,6,0.4522603964025996,0.9078951747741816
203,7,0.5034040285209347,0.9078951747741816
203,8,0.5083354057183959,0.9078951747741816
203,9,0.3734668010608796,0.9078951747741816
203,10,0.17392396360216972,0.9078951747741816
203,11,0.05948821058158135,0.9078951747741816
203,12,0.3436356043645548,0.9078951747741816
203,13,0.16795900069051858,0.9078951747741816
203,14,0.2471706490960339,0.9078951747741816
203,15,0.23824706196518325,0.9078951747741816
203,16,0.5024022963601334,0.9078951747741816
203,17,0.5748103088870105,0.9078951747741816
203,18,0.23121139079775715,0.9078951747741816
203,19,0.5654838139302655,0.9078951747741816
203,20,0.42256196112175326,0.9078951747741816
203,21,0.2715628638952024,0.9078951747741816
203,22,0.33948558683364155,0.9078951747741816
203,23,0.21425840736228685,0.9078951747741816
203,24,0.22613441119684324,0.9078951747741816
204,1,0.2448114822445023,0.8792162564359254
204,2,0.2550177830508395,0.8792162564359254
204,3,0.277704106094933,0.8792162564359254
204,4,0.45815149230342234,0.8792162564359254
204,5,0.26939040287928745,0.8792162564359254
204,6,0.3639279860891532,0.8792162564359254
204,7,0.47657644862262427,0.8792162564359254
204,8,0.1816999093917125,0.8792162564359254
204,9,0.31964697431024947,0.8792162564359254
204,10,0.3157564467687379,0.8792162564359254
204,11,0.22340137349784916,0.8792162564359254
204,12,0.46431516213375257,0.8792162564359254
204,13,0.15564689403287657,0.8792162564359254
204,14,0.0,0.8792162564359254
204,15,0.2340424692764743,0.8792162564359254
204,16,0.4103180742089819,0.8792162564359254
204,17,0.3112852412620116,0.8792162564359254
204,18,0.3083330754900041,0.8792162564359254
204,19,0.6180815747220272,0.8792162564359254
204,20,0.5534460663781745,0.8792162564359254
204,21,0.0852668494989175,0.8792162564359254
204,22,0.36852036008940164,0.8792162564359254
204,23,0.2800125247928956,0.8792162564359254
204,24,0.3635182164712675,0.8792162564359254
205,1,0.22984997516861944,0.8338492940039548
205,2,0.21598782945496858,0.8338492940039548
205,3,0.11111883597284045,0.8338492940039548
205,4,0.2289472904890332,0.8338492940039548
205,5,0.21317071493475503,0.8338492940039548
205,6,0.38059336450135994,0.8338492940039548
205,7,0.3542555408541748,0.8338492940039548
205,8,0.5400985320088298,0.8338492940039548
205,9,0.4694038595085579,0.8338492940039548
205,10,0.33489116668302654,0.8338492940039548
205,11,0.01623370048798911,0.8338492940039548
205,12,0.6495414408027385,0.8338492940039548
205,13,0.31234093254627704,0.8338492940039548
205,14,0.0,0.8338492940039548
205,15,0.07182109035889062,0.8338492940039548
205,16,0.4970308456323357,0.8338492940039548
205,17,0.2609234757944646,0.8338492940039548
205,18,0.07431381461919662,0.8338492940039548
205,19,0.3006587304900061,0.8338492940039548
205,20,0.554218596675348,0.8338492940039548
205,21,0.2499267816316629,0.8338492940039548
205,22,0.13647238326140607,0.8338492940039548
205,23,0.37339652285399305,0.8338492940039548
205,24,0.40732787410367666,0.8338492940039548
206,1,0.16735374381913987,0.8661104918685989
206,2,0.3219232077161605,0.8661104918685989
206,3,0.13189375713657062,0.8661104918685989
206,4,0.3863581967781026,0.8661104918685989
206,5,0.08386743933562554,0.8661104918685989
206,6,0.45819547103351976,0.8661104918685989
206,7,0.39738648933973664,0.8661104918685989
206,8,0.6593754558015945,0.8661104918685989
206,9,0.4669450343618493,0.8661104918685989
206,10,0.3543793018307611,0.8661104918685989
206,11,0.0,0.8661104918685989
206,12,0.6953794275193059,0.8661104918685989
206,13,0.21139242148562487,0.8661104918685989
206,14,0.09955639589001658,0.8661104918685989
206,15,0.0,0.8661104918685989
206,16,0.4092746115059856,0.8661104918685989
206,17,0.17951843428310088,0.8661104918685989
206,18,0.0,0.8661104918685989
206,19,0.37103913346967676,0.8661104918685989
206,20,0.5267859689794779,0.8661104918685989
206,21,0.25646707326046236,0.8661104918685989
206,22,0.16149644984071107,0.8661104918685989
206,23,0.45946497840994804,0.8661104918685989
206,24,0.3762398926679307,0.8661104918685989
207,1,0.1661352517442491,0.9204635503069889
207,2,0.3690244499397683,0.9204635503069889
207,3,0.10559207562528058,0.9204635503069889
207,4,0.4250710022585351,0.9204635503069889
207,5,0.056287512871786016,0.9204635503069889
207,6,0.3130433974317357,0.9204635503069889
207,7,0.4717848931122949,0.9204635503069889
207,8,0.6143082990454959,0.9204635503069889
207,9,0.4462469178505589,0.9204635503069889
207,10,0.4608500631601686,0.9204635503069889
207,11,0.0,0.9204635503069889
207,12,0.8151052687895082,0.9204635503069889
207,13,0.12267115120683676,0.9204635503069889
207,14,0.3156074280698773,0.9204635503069889
207,15,0.0,0.9204635503069889
207,16,0.4765818378275859,0.9204635503069889
207,17,0.34325942030810686,0.9204635503069889
207,18,0.2437501083155348,0.9204635503069889
207,19,0.5081583884184602,0.9204635503069889
207,20,0.4094371424824669,0.9204635503069889
207,21,0.43348483435767843,0.9204635503069889
207,22,0.3897040432443935,0.9204635503069889
207,23,0.3731281311696547,0.9204635503069889
207,24,0.2621546675011852,0.9204635503069889
208,1,0.23267001126476392,0.9188476417426439
208,2,0.2974331861418547,0.9188476417426439
208,3,0.2264153332132983,0.9188476417426439
208,4,0.32984406655834125,0.9188476417426439
208,5,0.0,0.9188476417426439
208,6,0.359048376201555,0.9188476417426439
208,7,0.46970014703898993,0.9188476417426439
208,8,0.5076495566557075,0.9188476417426439
208,9,0.4780099159063892,0.9188476417426439
208,10,0.36224591593650074,0.9188476417426439
208,11,0.0,0.9188476417426439
208,12,0.7580566351512182,0.9188476417426439
208,13,0.3083179225481241,0.9188476417426439
208,14,0.26990369182610763,0.9188476417426439
208,15,0.17434174908718883,0.9188476417426439
208,16,0.5702225635245262,0.9188476417426439
208,17,0.32131200240346286,0.9188476417426439
208,18,0.3510936013666864,0.9188476417426439
208,19,0.6017033795615204,0.9188476417426439
208,20,0.3952717531982097,0.9188476417426439
208,21,0.6281342328521291,0.9188476417426439
208,22,0.4303150332458733,0.9188476417426439
208,23,0.37365245623842447,0.9188476417426439
208,24,0.31308686618394005,0.9188476417426439
209,1,0.0,0.9543242648583496
209,2,0.27390589741237364,0.9543242648583496
209,3,0.21817919577295936,0.9543242648583496
209,4,0.34656920126231355,0.9543242648583496
209,5,0.0,0.9543242648583496
209,6,0.39342780872904015,0.9543242648583496
209,7,0.5508967718016268,0.9543242648583496
209,8,0.41578121491777087,0.9543242648583496
209,9,0.19989272927877508,0.9543242648583496
209,10,0.41482376777483804,0.9543242648583496
209,11,0.0,0.9543242648583496
209,12,0.6470478542900355,0.9543242648583496
209,13,0.20548069288777066,0.9543242648583496
209,14,0.21178113552472988,0.9543242648583496
209,15,0.0,0.9543242648583496
209,16,0.606605820481533,0.9543242648583496
209,17,0.34866387799708914,0.9543242648583496
209,18,0.7501778280260047,0.9543242648583496
209,19,0.6398539956831532,0.9543242648583496
209,20,0.5701924711162383,0.9543242648583496
209,21,0.2429026019561959,0.9543242648583496
209,22,0.40433063660697655,0.9543242648583496
209,23,0.31557417238612256,0.9543242648583496
209,24,0.10522614728594065,0.9543242648583496
210,1,0.0,0.896725211865169
210,2,0.2852722732826241,0.896725211865169
210,3,0.08898507557346758,0.896725211865169
210,4,0.1725834460022397,0.896725211865169
210,5,0.015272671868866376,0.896725211865169
210,6,0.4088922125415017,0.896725211865169
210,7,0.5358487393388002,0.896725211865169
210,8,0.47253942786455805,0.896725211865169
210,9,0.17052491182837118,0.896725211865169
210,10,0.19207231928858412,0.896725211865169
210,11,0.012456170588607762,0.896725211865169
210,12,0.45590707122894353,0.896725211865169
210,13,0.230244860706264,0.896725211865169
210,14,0.4346759586278992,0.896725211865169
210,15,0.10270816051557405,0.896725211865169
210,16,0.4433048899086277,0.896725211865169
210,17,0.3075108714731949,0.896725211865169
210,18,0.7560273876623698,0.896725211865169
210,19,0.634925375466549,0.896725211865169
210,20,0.5043584973905998,0.896725211865169
210,21,0.24762865525630945,0.896725211865169
210,22,0.35347212582482135,0.896725211865169
210,23,0.41431376532294734,0.896725211865169
210,24,0.1529042746594274,0.896725211865169
211,1,0.0,0.916367970163712
211,2,0.26650517253531486,0.916367970163712
211,3,0.13512126445548403,0.916367970163712
211,4,0.30011622672992094,0.916367970163712
211,5,0.2957930327812893,0.916367970163712
211,6,0.4118285065191235,0.916367970163712
211,7,0.504722074242845,0.916367970163712
211,8,0.4542551039205392,0.916367970163712
211,9,0.150828059358288,0.916367970163712
211,10,0.21294215992851767,0.916367970163712
211,11,0.0835341208440913,0.916367970163712
211,12,0.6214575222286616,0.916367970163712
211,13,0.07943583614615962,0.916367970163712
211,14,0.5409912688957649,0.916367970163712
211,15,0.3926823807683788,0.916367970163712
211,16,0.5518610935114713,0.916367970163712
211,17,0.1606832227892087,0.916367970163712
211,18,0.4329323692598419,0.916367970163712
211,19,0.6186131504130599,0.916367970163712
211,20,0.6664733970639665,0.916367970163712
211,21,0.28806244268364484,0.916367970163712
211,22,0.44705398860546575,0.916367970163712
211,23,0.3570922744085531,0.916367970163712
211,24,0.13999942810483137,0.916367970163712
212,1,0.0,1.0
212,2,0.2400570703168807,1.0
212,3,0.0,1.0
212,4,0.3295855521186821,1.0
212,5,0.3284501299327154,1.0
212,6,0.6043808484229743,1.0
212,7,0.4534273567424687,1.0
212,8,0.3825681780415145,1.0
212,9,0.0877957756683845,1.0
212,10,0.1496594850631624,1.0
212,11,0.1278740803272476,1.0
212,12,0.7774288876391693,1.0
212,13,0.0,1.0
212,14,0.5001866764037611,1.0
212,15,0.6508809163675304,1.0
212,16,0.2724851349455051,1.0
212,17,0.05954421131709589,1.0
212,18,0.20768454768211292,1.0
212,19,0.7070011160700245,1.0
212,20,0.6409300454870709,1.0
212,21,0.4363585957729188,1.0
212,22,0.5742665627675362,1.0
212,23,0.24533327286345288,1.0
212,24,0.07026403237407491,1.0
213,1,0.0059140083839317945,0.9761626057665579
213,2,0.19167903976086473,0.9761626057665579
213,3,0.0027216500624156065,0.9761626057665579
213,4,0.5366925981112467,0.9761626057665579
213,5,0.33161868299549024,0.9761626057665579
213,6,0.4505960863968132,0.9761626057665579
213,7,0.5381111117565599,0.9761626057665579
213,8,0.23007095500437272,0.9761626057665579
213,9,0.17289000879629263,0.9761626057665579
213,10,0.11507963271383742,0.9761626057665579
213,11,0.0,0.9761626057665579
213,12,0.7870569384003889,0.9761626057665579
213,13,0.012422070910704672,0.9761626057665579
213,14,0.5061860121114322,0.9761626057665579
213,15,0.6925549827150719,0.9761626057665579
213,16,0.11405230722267262,0.9761626057665579
213,17,0.044999953409833364,0.9761626057665579
213,18,0.46328014604044054,0.9761626057665579
213,19,0.7822182795255301,0.9761626057665579
213,20,0.6575514789639496,0.9761626057665579
213,21,0.3934869365783247,0.9761626057665579
213,22,0.6901496739178103,0.9761626057665579
213,23,0.3411676361548612,0.9761626057665579
213,24,0.013611276453263002,0.9761626057665579
214,1,0.05021490430855724,0.9981995691863973
214,2,0.08983448980273556,0.9981995691863973
214,3,0.015209658329371802,0.9981995691863973
214,4,0.7629608895932425,0.9981995691863973
214,5,0.2175391302248134,0.9981995691863973
214,6,0.4326288359188754,0.9981995691863973
214,7,0.5847059187660812,0.9981995691863973
214,8,0.08469978826121749,0.9981995691863973
214,9,0.29214661849463236,0.9981995691863973
214,10,0.0,0.9981995691863973
214,11,0.0880850464710326,0.9981995691863973
214,12,0.6762475641301691,0.9981995691863973
214,13,0.14819786154957465,0.9981995691863973
214,14,0.4893550836838509,0.9981995691863973
214,15,0.6986448911963825,0.9981995691863973
214,16,0.16907242021541918,0.9981995691863973
214,17,0.0,0.9981995691863973
214,18,0.2807207650332782,0.9981995691863973
214,19,0.5477677294721658,0.9981995691863973
214,20,0.47212298396774416,0.9981995691863973
214,21,0.428952805451733,0.9981995691863973
214,22,0.6786145704509299,0.9981995691863973
214,23,0.46854910653837956,0.9981995691863973
214,24,0.03199274881475639,0.9981995691863973
215,1,0.1241726780607055,0.9373116621582732
215,2,0.07599856524285062,0.9373116621582732
215,3,0.14612181015919257,0.9373116621582732
215,4,0.8277761222926199,0.9373116621582732
215,5,0.28078696251590834,0.9373116621582732
215,6,0.4539356596087267,0.9373116621582732
215,7,0.39272160532494044,0.9373116621582732
215,8,0.020924314950451883,0.9373116621582732
215,9,0.4170738516475003,0.9373116621582732
215,10,0.12273143292465102,0.9373116621582732
215,11,0.3359823057672551,0.9373116621582732
215,12,0.8594899275535146,0.9373116621582732
215,13,0.23322327804609647,0.9373116621582732
215,14,0.35338096275397707,0.9373116621582732
215,15,0.5785007598773024,0.9373116621582732
215,16,0.4124264423731232,0.9373116621582732
215,17,0.11292923601959004,0.9373116621582732
215,18,0.271922020693835,0.9373116621582732
215,19,0.5062994643993203,0.9373116621582732
215,20,0.35897792747060453,0.9373116621582732
215,21,0.4223137446864163,0.9373116621582732
215,22,0.6127321515905477,0.9373116621582732
215,23,0.45333869847494224,0.9373116621582732
215,24,0.04085120787837074,0.9373116621582732
216,1,0.08651833841286194,0.8839246074259907
216,2,0.13400020160667592,0.8839246074259907
216,3,0.16479581037991686,0.8839246074259907
216,4,0.7379827514681379,0.8839246074259907
216,5,0.4104003636893836,0.8839246074259907
216,6,0.48113648202462594,0.8839246074259907
216,7,0.31128539078106476,0.8839246074259907
216,8,0.2772183398723409,0.8839246074259907
216,9,0.3305638965881741,0.8839246074259907
216,10,0.1282072717586269,0.8839246074259907
216,11,0.21533394405556527,0.8839246074259907
216,12,0.7491857629807892,0.8839246074259907
216,13,0.125704912634636,0.8839246074259907
216,14,0.3039533784185386,0.8839246074259907
216,15,0.2557437682333037,0.8839246074259907
216,16,0.5867549069264829,0.8839246074259907
216,17,0.15559426838049922,0.8839246074259907
216,18,0.4265317669874063,0.8839246074259907
216,19,0.40246384988111916,0.8839246074259907
216,20,0.261450759032003,0.8839246074259907
216,21,0.4582117086184356,0.8839246074259907
216,22,0.2705305779280878,0.8839246074259907
216,23,0.5711033382155812,0.8839246074259907
216,24,0.0,0.8839246074259907
217,1,0.0,0.9627789137209157
217,2,0.0,0.9627789137209157
217,3,0.10940141765125817,0.9627789137209157
217,4,0.7764801807901068,0.9627789137209157
217,5,0.3575401632809224,0.9627789137209157
217,6,0.49430922131435784,0.9627789137209157
217,7,0.0281104440174324,0.9627789137209157
217,8,0.2758018334518059,0.9627789137209157
217,9,0.2711164517481874,0.9627789137209157
217,10,0.33768327243444674,0.9627789137209157
217,11,0.26810792850232745,0.9627789137209157
217,12,0.579363168521645,0.9627789137209157
217,13,0.31569590563024846,0.9627789137209157
217,14,0.2794077795365571,0.9627789137209157
217,15,0.25212954758713996,0.9627789137209157
217,16,0.3217878606169603,0.9627789137209157
217,17,0.18218110774875404,0.9627789137209157
217,18,0.3889230375384424,0.9627789137209157
217,19,0.4667164534170576,0.9627789137209157
217,20,0.3456731327191146,0.9627789137209157
217,21,0.6027727264454547,0.9627789137209157
217,22,0.3060878363883665,0.9627789137209157
217,23,0.633246878054124,0.9627789137209157
217,24,0.0,0.9627789137209157
218,1,0.1553812853548902,0.9428701614595378
218,2,0.0,0.9428701614595378
218,3,0.0997909871028374,0.9428701614595378
218,4,0.7405948221045858,0.9428701614595378
218,5,0.42049988218039214,0.9428701614595378
218,6,0.48941305488149955,0.9428701614595378
218,7,0.22985112178066963,0.9428701614595378
218,8,0.23076718388557366,0.9428701614595378
218,9,0.3429650011560912,0.9428701614595378
218,10,0.23709210599690644,0.9428701614595378
218,11,0.2091090670455657,0.9428701614595378
218,12,0.5837651814327625,0.9428701614595378
218,13,0.19539294914760197,0.9428701614595378
218,14,0.16395049011444363,0.9428701614595378
218,15,0.0888191350042884,0.9428701614595378
218,16,0.472991708297003,0.9428701614595378
218,17,0.1549597020965442,0.9428701614595378
218,18,0.3137548963791537,0.9428701614595378
218,19,0.3828522140949855,0.9428701614595378
218,20,0.16467902762687522,0.9428701614595378
218,21,0.5431251900651803,0.9428701614595378
218,22,0.11740364642832155,0.9428701614595378
218,23,0.6468391212742821,0.9428701614595378
218,24,0.1307916900776639,0.9428701614595378
219,1,0.10549709261766331,0.9254270737476463
219,2,0.1731460444919761,0.9254270737476463
219,3,0.09206966597000382,0.9254270737476463
219,4,0.5604066846689347,0.9254270737476463
219,5,0.31378565639071565,0.9254270737476463
219,6,0.4467132568165324,0.9254270737476463
219,7,0.23259150240639545,0.9254270737476463
219,8,0.16875009640257196,0.9254270737476463
219,9,0.24865340110014703,0.9254270737476463
219,10,0.211133927251958,0.9254270737476463
219,11,0.41608771900629743,0.9254270737476463
219,12,0.5618782284979188,0.9254270737476463
219,13,0.253734302913866,0.9254270737476463
219,14,0.15797252376379567,0.9254270737476463
219,15,0.027429815976922733,0.9254270737476463
219,16,0.4830271297128032,0.9254270737476463
219,17,0.2894258238815811,0.9254270737476463
219,18,0.14559982455305961,0.9254270737476463
219,19,0.2878689865882977,0.9254270737476463
219,20,0.2250796915691296,0.9254270737476463
219,21,0.5310066736424377,0.9254270737476463
219,22,0.20434581019999457,0.9254270737476463
219,23,0.7137518619735765,0.9254270737476463
219,24,0.3938560872137552,0.9254270737476463
220,1,0.15602209746069087,0.9901923621767771
220,2,0.28512230235791386,0.9901923621767771
220,3,0.13477996616313473,0.9901923621767771
220,4,0.5199365544022928,0.9901923621767771
220,5,0.24181847502306614,0.9901923621767771
220,6,0.4359123477886744,0.9901923621767771
220,7,0.06142981131230396,0.9901923621767771
220,8,0.26577485677751655,0.9901923621767771
220,9,0.2085456066521574,0.9901923621767771
220,10,0.10996985081791942,0.9901923621767771
220,11,0.35702180638198405,0.9901923621767771
220,12,0.7233457041924317,0.9901923621767771
220,13,0.21881196566089173,0.9901923621767771
220,14,0.15410960649871094,0.9901923621767771
220,15,0.21540372599610658,0.9901923621767771
220,16,0.5535227099564858,0.9901923621767771
220,17,0.30007654790484795,0.9901923621767771
220,18,0.19324482227652454,0.9901923621767771
220,19,0.15211113667175227,0.9901923621767771
220,20,0.17944590507407368,0.9901923621767771
220,21,0.737849953790096,0.9901923621767771
220,22,0.5757701439770475,0.9901923621767771
220,23,0.5340926434994985,0.9901923621767771
220,24,0.23384281227055964,0.9901923621767771
221,1,0.06400266026555976,0.9659708602433023
221,2,0.3634860185069463,0.9659708602433023
221,3,0.29633714609032014,0.9659708602433023
221,4,0.5700798698264646,0.9659708602433023
221,5,0.40430394358498467,0.9659708602433023
221,6,0.3133721368802194,0.9659708602433023
221,7,0.014740420403359433,0.9659708602433023
221,8,0.17141067345757854,0.9659708602433023
221,9,0.2551818100159791,0.9659708602433023
221,10,0.2061052045450683,0.9659708602433023
221,11,0.3025032686630761,0.9659708602433023
221,12,0.5688440181511569,0.9659708602433023
221,13,0.145008161002382,0.9659708602433023
221,14,0.09022482865823422,0.9659708602433023
221,15,0.31202605214804024,0.9659708602433023
221,16,0.5219174114070164,0.9659708602433023
221,17,0.30280909296563885,0.9659708602433023
221,18,0.12184705048667414,0.9659708602433023
221,19,0.20391798792057628,0.9659708602433023
221,20,0.371788676151462,0.9659708602433023
221,21,0.6158257119445568,0.9659708602433023
221,22,0.36207558084292835,0.9659708602433023
221,23,0.4276166239064746,0.9659708602433023
221,24,0.2488460851334696,0.9659708602433023
222,1,0.16739648004333532,0.9012176641919749
222,2,0.673655681549018,0.9012176641919749
222,3,0.21860630294755012,0.9012176641919749
222,4,0.5798427029375273,0.9012176641919749
222,5,0.2709219011893955,0.9012176641919749
222,6,0.2177519584841519,0.9012176641919749
222,7,0.16955937835528018,0.9012176641919749
222,8,0.26828221934990387,0.9012176641919749
222,9,0.33615874053261485,0.9012176641919749
222,10,0.1690661759738023,0.9012176641919749
222,11,0.3852616135449851,0.9012176641919749
222,12,0.4082846414486916,0.9012176641919749
222,13,0.13548026362410473,0.9012176641919749
222,14,0.15179705054470932,0.9012176641919749
222,15,0.48989472198547646,0.9012176641919749
222,16,0.4715505701670083,0.9012176641919749
222,17,0.39804318090725244,0.9012176641919749
222,18,0.11090615539911641,0.9012176641919749
222,19,0.20396885487785632,0.9012176641919749
222,20,0.4565738048187952,0.9012176641919749
222,21,0.7128068439653905,0.9012176641919749
222,22,0.31036766841109187,0.9012176641919749
222,23,0.41246263911533004,0.9012176641919749
222,24,0.0,0.9012176641919749
223,1,0.004767588962862945,0.9145085853338655
223,2,0.9255524025228539,0.9145085853338655
223,3,0.19403012342746795,0.9145085853338655
223,4,0.39011505960684956,0.9145085853338655
223,5,0.31911134951814907,0.9145085853338655
223,6,0.20169812907197193,0.9145085853338655
223,7,0.11308553628114515,0.9145085853338655
223,8,0.036302729763800085,0.9145085853338655
223,9,0.3754602590285627,0.9145085853338655
223,10,0.18798433872462514,0.9145085853338655
223,11,0.4291871101989406,0.9145085853338655
223,12,0.29930167567543015,0.9145085853338655
223,13,0.06989433154170051,0.9145085853338655
223,14,0.12443141543885036,0.9145085853338655
223,15,0.2803732561175375,0.9145085853338655
223,16,0.4969963206314976,0.9145085853338655
223,17,0.13953605849907347,0.9145085853338655
223,18,0.22403654047238133,0.9145085853338655
223,19,0.21649448659112291,0.9145085853338655
223,20,0.2701704176898073,0.9145085853338655
223,21,0.8768306220175698,0.9145085853338655
223,22,0.632521114605717,0.9145085853338655
223,23,0.3205816187348306,0.9145085853338655
223,24,0.0,0.9145085853338655
224,1,0.07766047137329102,0.9832558265737525
224,2,0.95,0.9832558265737525
224,3,0.11031553254681267,0.9832558265737525
224,4,0.3548402744173258,0.9832558265737525
224,5,0.34886136787866767,0.9832558265737525
224,6,0.3462075341149581,0.9832558265737525
224,7,0.18687576833864117,0.9832558265737525
224,8,0.11000443935785346,0.9832558265737525
224,9,0.437843055690058,0.9832558265737525
224,10,0.22181306616719826,0.9832558265737525
224,11,0.3534379028476929,0.9832558265737525
224,12,0.09592032975754064,0.9832558265737525
224,13,0.05542857287845044,0.9832558265737525
224,14,0.3487216787511111,0.9832558265737525
224,15,0.6140160113768994,0.9832558265737525
224,16,0.5139128089219446,0.9832558265737525
224,17,0.23217125634506985,0.9832558265737525
224,18,0.15327071292247132,0.9832558265737525
224,19,0.1844148872095528,0.9832558265737525
224,20,0.3058178697829378,0.9832558265737525
224,21,0.8729461754614288,0.9832558265737525
224,22,0.6495443745377978,0.9832558265737525
224,23,0.27264671605000745,0.9832558265737525
224,24,0.0,0.9832558265737525
225,1,0.1472081815057838,0.9029557395533488
225,2,0.6034927234129552,0.9029557395533488
225,3,0.0,0.9029557395533488
225,4,0.34495483094633617,0.9029557395533488
225,5,0.25240342478190636,0.9029557395533488
225,6,0.2668478998417532,0.9029557395533488
225,7,0.37122313144940217,0.9029557395533488
225,8,0.1681914513394437,0.9029557395533488
225,9,0.38949839706136524,0.9029557395533488
225,10,0.2802152690140972,0.9029557395533488
225,11,0.21563515416193457,0.9029557395533488
225,12,0.0720959482621454,0.9029557395533488
225,13,0.11825508827251721,0.9029557395533488
225,14,0.3670810141971815,0.9029557395533488
225,15,0.762919134261751,0.9029557395533488
225,16,0.7972035781055948,0.9029557395533488
225,17,0.3209716426350205,0.9029557395533488
225,18,0.20719670488854647,0.9029557395533488
225,19,0.24231673176553767,0.9029557395533488
225,20,0.34197634528041526,0.9029557395533488
225,21,0.8339982862199136,0.9029557395533488
225,22,0.37478986189511293,0.9029557395533488
225,23,0.1155576870241811,0.9029557395533488
225,24,0.0,0.9029557395533488
226,1,0.1733942936613919,0.8495056751963633
226,2,0.49185568348824843,0.8495056751963633
226,3,0.020508256704922123,0.8495056751963633
226,4,0.10131018718100043,0.8495056751963633
226,5,0.17719853886749135,0.8495056751963633
226,6,0.3641980922573657,0.8495056751963633
226,7,0.2837534156964661,0.8495056751963633
226,8,0.2548058933316688,0.8495056751963633
226,9,0.3309289082431992,0.8495056751963633
226,10,0.18208429946199156,0.8495056751963633
226,11,0.17393436766826348,0.8495056751963633
226,12,0.024169435220168636,0.8495056751963633
226,13,0.18529498737775965,0.8495056751963633
226,14,0.1824471113966585,0.8495056751963633
226,15,0.8648194106046724,0.8495056751963633
226,16,0.7617463669363823,0.8495056751963633
226,17,0.4420015681556966,0.8495056751963633
226,18,0.2697343853325585,0.8495056751963633
226,19,0.13922212263024009,0.8495056751963633
226,20,0.5303678978628009,0.8495056751963633
226,21,0.5693009633161017,0.8495056751963633
226,22,0.15668463938282737,0.8495056751963633
226,23,0.34408153196533153,0.8495056751963633
226,24,0.0,0.8495056751963633
227,1,0.20096169152942528,0.8637595076907759
227,2,0.5365372665610505,0.8637595076907759
227,3,0.008353684868359315,0.8637595076907759
227,4,0.025267397360605542,0.8637595076907759
227,5,0.12110922204926367,0.8637595076907759
227,6,0.23393272912903046,0.8637595076907759
227,7,0.2287052431749446,0.8637595076907759
227,8,0.2974139383050886,0.8637595076907759
227,9,0.3674159995300758,0.8637595076907759
227,10,0.24074873448614648,0.8637595076907759
227,11,0.23195821050074628,0.8637595076907759
227,12,0.0,0.8637595076907759
227,13,0.021895316064703074,0.8637595076907759
227,14,0.36309551740646095,0.8637595076907759
227,15,0.9260245342250146,0.8637595076907759
227,16,0.6564585426763446,0.8637595076907759
227,17,0.44981385168401955,0.8637595076907759
227,18,0.29479497766172547,0.8637595076907759
227,19,0.26389243383049177,0.8637595076907759
227,20,0.4710766051848229,0.8637595076907759
227,21,0.6951253443044584,0.8637595076907759
227,22,0.23101355989216116,0.8637595076907759
227,23,0.302028639391069,0.8637595076907759
227,24,0.2814460065879398,0.8637595076907759
228,1,0.21142746896747586,0.8922218056428142
228,2,0.362360722135701,0.8922218056428142
228,3,0.0,0.8922218056428142
228,4,0.2789343930558554,0.8922218056428142
228,5,0.22933198194359206,0.8922218056428142
228,6,0.41186440715880934,0.8922218056428142
228,7,0.2352147677157086,0.8922218056428142
228,8,0.290874013970214,0.8922218056428142
228,9,0.3847280977011534,0.8922218056428142
228,10,0.23045763154258836,0.8922218056428142
228,11,0.13847400203005228,0.8922218056428142
228,12,0.0,0.8922218056428142
228,13,0.039047396502749986,0.8922218056428142
228,14,0.23354474424960042,0.8922218056428142
228,15,0.7226488504356164,0.8922218056428142
228,16,0.717246279850007,0.8922218056428142
228,17,0.3410413128533897,0.8922218056428142
228,18,0.31365306064978216,0.8922218056428142
228,19,0.1620154344417139,0.8922218056428142
228,20,0.4813603040588794,0.8922218056428142
228,21,0.3585677348080194,0.8922218056428142
228,22,0.3530114007595086,0.8922218056428142
228,23,0.07499993575492164,0.8922218056428142
228,24,0.5194926854031137,0.8922218056428142
229,1,0.0677746283370751,0.8572712674125879
229,2,0.22907047523579147,0.8572712674125879
229,3,0.14771240514599554,0.8572712674125879
229,4,0.34449140568097253,0.8572712674125879
229,5,0.27637011572465303,0.8572712674125879
229,6,0.20981877346778263,0.8572712674125879
229,7,0.2918692198975812,0.8572712674125879
229,8,0.1394193819414455,0.8572712674125879
229,9,0.2412494623317282,0.8572712674125879
229,10,0.14677092458143265,0.8572712674125879
229,11,0.25999760304116976,0.8572712674125879
229,12,0.06435422114682363,0.8572712674125879
229,13,0.2858963315746695,0.8572712674125879
229,14,0.3879836972515265,0.8572712674125879
229,15,0.6323118206428353,0.8572712674125879
229,16,0.569671485076128,0.8572712674125879
229,17,0.5062817723968981,0.8572712674125879
229,18,0.0,0.8572712674125879
229,19,0.2320575512422277,0.8572712674125879
229,20,0.47549895775532214,0.8572712674125879
229,21,0.42845787554564563,0.8572712674125879
229,22,0.35456506656279796,0.8572712674125879
229,23,0.020511938467849725,0.8572712674125879
229,24,0.4806251357262196,0.8572712674125879
230,1,0.19758966146363538,0.8535289535194162
230,2,0.3012850979175862,0.8535289535194162
230,3,0.0,0.8535289535194162
230,4,0.37838313425085085,0.8535289535194162
230,5,0.217600981109197,0.8535289535194162
230,6,0.1876636228254785,0.8535289535194162
230,7,0.3857995789904005,0.8535289535194162
230,8,0.0,0.8535289535194162
230,9,0.21745024730826215,0.8535289535194162
230,10,0.11957495783593021,0.8535289535194162
230,11,0.3012287254239399,0.8535289535194162
230,12,0.17094166158941348,0.8535289535194162
230,13,0.20386969813171218,0.8535289535194162
230,14,0.46891761834345247,0.8535289535194162
230,15,0.684723916472,0.8535289535194162
230,16,0.5588106667473505,0.8535289535194162
230,17,0.3716014145125859,0.8535289535194162
230,18,0.06464213982394557,0.8535289535194162
230,19,0.17356518962318956,0.8535289535194162
230,20,0.3867523231983599,0.8535289535194162
230,21,0.3032902262559118,0.8535289535194162
230,22,0.3041940487098016,0.8535289535194162
230,23,0.2899178840129484,0.8535289535194162
230,24,0.2964020813558222,0.8535289535194162
231,1,0.0875280007970339,0.8418223886294275
231,2,0.20494345671672326,0.8418223886294275
231,3,0.20150254249240676,0.8418223886294275
231,4,0.14467828484335343,0.8418223886294275
231,5,0.10944955749782265,0.8418223886294275
231,6,0.08309781247142095,0.8418223886294275
231,7,0.44396659388282556,0.8418223886294275
231,8,0.0,0.8418223886294275
231,9,0.2654471250540144,0.8418223886294275
231,10,0.1929320553674424,0.8418223886294275
231,11,0.2609673182368544,0.8418223886294275
231,12,0.2839426041326334,0.8418223886294275
231,13,0.0,0.8418223886294275
231,14,0.3833243614823339,0.8418223886294275
231,15,0.6108580153282052,0.8418223886294275
231,16,0.4414568849083568,0.8418223886294275
231,17,0.4691176216677935,0.8418223886294275
231,18,0.07921984322805135,0.8418223886294275
231,19,0.30902195707737723,0.8418223886294275
231,20,0.3035802973449951,0.8418223886294275
231,21,0.38403747690193296,0.8418223886294275
231,22,0.27522693191932723,0.8418223886294275
231,23,0.160464023675081,0.8418223886294275
231,24,0.42135872981078343,0.8418223886294275
232,1,0.17005614890955167,0.8325661009996967
232,2,0.3420565602937504,0.8325661009996967
232,3,0.1468619202490112,0.8325661009996967
232,4,0.33985982886321453,0.8325661009996967
232,5,0.14488790787917621,0.8325661009996967
232,6,0.2786486460530319,0.8325661009996967
232,7,0.5270905220495902,0.8325661009996967
232,8,0.0,0.8325661009996967
232,9,0.23615615642331503,0.8325661009996967
232,10,0.274066251518502,0.8325661009996967
232,11,0.44430219531078385,0.8325661009996967
232,12,0.0015542449535947966,0.8325661009996967
232,13,0.11024346489754218,0.8325661009996967
232,14,0.4956249705096382,0.8325661009996967
232,15,0.6347152633279393,0.8325661009996967
232,16,0.37005939093349294,0.8325661009996967
232,17,0.3297105389325063,0.8325661009996967
232,18,0.0,0.8325661009996967
232,19,0.4260477081411571,0.8325661009996967
232,20,0.24486862864520215,0.8325661009996967
232,21,0.43576285277693505,0.8325661009996967
232,22,0.0,0.8325661009996967
232,23,0.18584216321745248,0.8325661009996967
232,24,0.19303675146086566,0.8325661009996967
233,1,0.16794273842602153,0.8369196839692561
233,2,0.46009370111795245,0.8369196839692561
233,3,0.25492434426249455,0.8369196839692561
233,4,0.17266588722649,0.8369196839692561
233,5,0.3638900437162097,0.8369196839692561
233,6,0.3406366891530994,0.8369196839692561
233,7,0.37228999590807527,0.8369196839692561
233,8,0.0,0.8369196839692561
233,9,0.3090294203986937,0.8369196839692561
233,10,0.3063627516022482,0.8369196839692561
233,11,0.3595641979151081,0.8369196839692561
233,12,0.0,0.8369196839692561
233,13,0.3335753344478921,0.8369196839692561
233,14,0.42797883201278475,0.8369196839692561
233,15,0.49359310171439474,0.8369196839692561
233,16,0.5808999514426318,0.8369196839692561
233,17,0.4929365409964534,0.8369196839692561
233,18,0.013357324668340886,0.8369196839692561
233,19,0.33017886969679894,0.8369196839692561
233,20,0.46415065843229897,0.8369196839692561
233,21,0.6703208595525219,0.8369196839692561
233,22,0.15519108571121976,0.8369196839692561
233,23,0.10227228700780842,0.8369196839692561
233,24,0.26002262345372745,0.8369196839692561
234,1,0.027892140174076013,0.7822042031291856
234,2,0.36000893958871133,0.7822042031291856
234,3,0.12431204925024783,0.7822042031291856
234,4,0.0,0.7822042031291856
234,5,0.2625471126787895,0.7822042031291856
234,6,0.41702047659797137,0.7822042031291856
234,7,0.469791672775608,0.7822042031291856
234,8,0.058976266086761445,0.7822042031291856
234,9,0.0196838473001974,0.7822042031291856
234,10,0.29178865496264833,0.7822042031291856
234,11,0.5304471237816472,0.7822042031291856
234,12,0.24024407598543965,0.7822042031291856
234,13,0.38539711197689314,0.7822042031291856
234,14,0.6108616328362224,0.7822042031291856
234,15,0.6348510320656342,0.7822042031291856
234,16,0.4946926796257091,0.7822042031291856
234,17,0.5633429946922448,0.7822042031291856
234,18,0.13245052934087306,0.7822042031291856
234,19,0.2946299407949585,0.7822042031291856
234,20,0.6025590594647036,0.7822042031291856
234,21,0.4294573722242554,0.7822042031291856
234,22,0.30468570525434735,0.7822042031291856
234,23,0.40308964623801435,0.7822042031291856
234,24,0.22499090488420834,0.7822042031291856
235,1,0.11629764376495072,0.8032814635973146
235,2,0.44737219686154184,0.8032814635973146
235,3,0.20925402855271216,0.8032814635973146
235,4,0.029955943607107266,0.8032814635973146
235,5,0.0,0.8032814635973146
235,6,0.5239510089661136,0.8032814635973146
235,7,0.6292183299196769,0.8032814635973146
235,8,0.26991070687886703,0.8032814635973146
235,9,0.07870286160312114,0.8032814635973146
235,10,0.08179589843066068,0.8032814635973146
235,11,0.47070595967624596,0.8032814635973146
235,12,0.3535096035456895,0.8032814635973146
235,13,0.205448106702923,0.8032814635973146
235,14,0.2044102262282375,0.8032814635973146
235,15,0.547717548605817,0.8032814635973146
235,16,0.30184275835395097,0.8032814635973146
235,17,0.3898027313453505,0.8032814635973146
235,18,0.38756418367216977,0.8032814635973146
235,19,0.43220311188438093,0.8032814635973146
235,20,0.4615501477347216,0.8032814635973146
235,21,0.24659587342851794,0.8032814635973146
235,22,0.3813757245783427,0.8032814635973146
235,23,0.30980649472055233,0.8032814635973146
235,24,0.25781432334912374,0.8032814635973146
236,1,0.20510035798761697,0.8179982938981261
236,2,0.44469758522057956,0.8179982938981261
236,3,0.209952423859972,0.8179982938981261
236,4,0.0,0.8179982938981261
236,5,0.18069864429462865,0.8179982938981261
236,6,0.5663581292061266,0.8179982938981261
236,7,0.6190663330196883,0.8179982938981261
236,8,0.28541766542771435,0.8179982938981261
236,9,0.1462816644580921,0.8179982938981261
236,10,0.10136132676918946,0.8179982938981261
236,11,0.6288390408636007,0.8179982938981261
236,12,0.20092026155664838,0.8179982938981261
236,13,0.3072820654381563,0.8179982938981261
236,14,0.3327231257322936,0.8179982938981261
236,15,0.7146865065324042,0.8179982938981261
236,16,0.2078546425953845,0.8179982938981261
236,17,0.5919562206223713,0.8179982938981261
236,18,0.35177480735918376,0.8179982938981261
236,19,0.5969049365672447,0.8179982938981261
236,20,0.4616649913111713,0.8179982938981261
236,21,0.0377911709603401,0.8179982938981261
236,22,0.5830565164591622,0.8179982938981261
236,23,0.42226573875991397,0.8179982938981261
236,24,0.27778123123113907,0.8179982938981261
237,1,0.2938391377214786,0.708213071092561
237,2,0.37297987278712547,0.708213071092561
237,3,0.3140063961371708,0.708213071092561
237,4,0.22250369973772832,0.708213071092561
237,5,0.495419308993331,0.708213071092561
237,6,0.7526395857661864,0.708213071092561
237,7,0.7860429018575992,0.708213071092561
237,8,0.1172054437818082,0.708213071092561
237,9,0.0,0.708213071092561
237,10,0.0,0.708213071092561
237,11,0.47651328524184705,0.708213071092561
237,12,0.0330766994442567,0.708213071092561
237,13,0.3332357505232546,0.708213071092561
237,14,0.27771957168199146,0.708213071092561
237,15,0.43368956083106075,0.708213071092561
237,16,0.2919033940008645,0.708213071092561
237,17,0.554358529408618,0.708213071092561
237,18,0.38158149977076505,0.708213071092561
237,19,0.5472995399080357,0.708213071092561
237,20,0.44811558043523975,0.708213071092561
237,21,0.0,0.708213071092561
237,22,0.5499010051470997,0.708213071092561
237,23,0.4935373785086092,0.708213071092561
237,24,0.5183763166043536,0.708213071092561
238,1,0.43987874894548795,0.742773235449111
238,2,0.2461087780832184,0.742773235449111
238,3,0.398894088916982,0.742773235449111
238,4,0.11760642768933374,0.742773235449111
238,5,0.45269458753114256,0.742773235449111
238,6,0.6815957774837179,0.742773235449111
238,7,0.95,0.742773235449111
238,8,0.0,0.742773235449111
238,9,0.0,0.742773235449111
238,10,0.09172881917425565,0.742773235449111
238,11,0.4663122788196279,0.742773235449111
238,12,0.3102191741291325,0.742773235449111
238,13,0.27670107306281594,0.742773235449111
238,14,0.3675191717399409,0.742773235449111
238,15,0.3866064010742068,0.742773235449111
238,16,0.5624453237963094,0.742773235449111
238,17,0.5323054720229443,0.742773235449111
238,18,0.358104266567667,0.742773235449111
238,19,0.4986034383038353,0.742773235449111
238,20,0.44020825271595615,0.742773235449111
238,21,0.04774645958812978,0.742773235449111
238,22,0.5396086025915775,0.742773235449111
238,23,0.4273439447672086,0.742773235449111
238,24,0.5761989922117897,0.742773235449111
239,1,0.26806363182744597,0.7464558353868154
239,2,0.1133601563488163,0.7464558353868154
239,3,0.3063708000386683,0.7464558353868154
239,4,0.17820299083079927,0.7464558353868154
239,5,0.6836138316691098,0.7464558353868154
239,6,0.485086972559597,0.7464558353868154
239,7,0.7563169793500603,0.7464558353868154
239,8,0.14117461598717726,0.7464558353868154
239,9,0.30374804183711707,0.7464558353868154
239,10,0.26274227965870556,0.7464558353868154
239,11,0.37320554716656024,0.7464558353868154
239,12,0.423580197847545,0.7464558353868154
239,13,0.5405125979586012,0.7464558353868154
239,14,0.38587441489696694,0.7464558353868154
239,15,0.34885843981445147,0.7464558353868154
239,16,0.5349411922566374,0.7464558353868154
239,17,0.4376996034563198,0.7464558353868154
239,18,0.2855395482221935,0.7464558353868154
239,19,0.5014923486883398,0.7464558353868154
239,20,0.309389650900005,0.7464558353868154
239,21,0.14940482854631185,0.7464558353868154
239,22,0.18180413923494126,0.7464558353868154
239,23,0.36845842810810486,0.7464558353868154
239,24,0.5221912263653669,0.7464558353868154
240,1,0.20683267045438203,0.7318005362465907
240,2,0.06458501376400537,0.7318005362465907
240,3,0.26953092253471317,0.7318005362465907
240,4,0.10725234337196148,0.7318005362465907
240,5,0.5471063802870548,0.7318005362465907
240,6,0.47849690578356635,0.7318005362465907
240,7,0.6416952234727222,0.7318005362465907
240,8,0.06715654519827528,0.7318005362465907
240,9,0.29366921342226343,0.7318005362465907
240,10,0.4117288290416933,0.7318005362465907
240,11,0.33871531918952047,0.7318005362465907
240,12,0.5482707425191317,0.7318005362465907
240,13,0.6046441804871866,0.7318005362465907
240,14,0.5246935538885487,0.7318005362465907
240,15,0.349599646489535,0.7318005362465907
240,16,0.6961906598651737,0.7318005362465907
240,17,0.5797851659528042,0.7318005362465907
240,18,0.2649767998805372,0.7318005362465907
240,19,0.5514980367763495,0.7318005362465907
240,20,0.1900783354001222,0.7318005362465907
240,21,0.16883964664289394,0.7318005362465907
240,22,0.16515581379326788,0.7318005362465907
240,23,0.33533513258139724,0.7318005362465907
240,24,0.5055118373692138,0.7318005362465907
241,1,0.2820446744750201,0.6722977007673869
241,2,0.042833890157592744,0.6722977007673869
241,3,0.12195444114075252,0.6722977007673869
241,4,0.0,0.6722977007673869
241,5,0.7320716086119469,0.6722977007673869
241,6,0.5536468667342666,0.6722977007673869
241,7,0.4230136075537397,0.6722977007673869
241,8,0.11389445760955977,0.6722977007673869
241,9,0.503831487690328,0.6722977007673869
241,10,0.319397116026022,0.6722977007673869
241,11,0.4227802316840058,0.6722977007673869
241,12,0.5067285445301923,0.6722977007673869
241,13,0.4518386582788789,0.6722977007673869
241,14,0.47104452261841545,0.6722977007673869
241,15,0.37159628235581393,0.6722977007673869
241,16,0.6266775826106274,0.6722977007673869
241,17,0.5739320257783288,0.6722977007673869
241,18,0.34455777254661313,0.6722977007673869
241,19,0.6014100569494061,0.6722977007673869
241,20,0.14408367184437992,0.6722977007673869
241,21,0.10831827824763539,0.6722977007673869
241,22,0.2442552030274247,0.6722977007673869
241,23,0.2699590577655601,0.6722977007673869
241,24,0.42903604733980943,0.6722977007673869
242,1,0.06387616683246572,0.6923165187516345
242,2,0.26635896707662876,0.6923165187516345
242,3,0.23829593518682407,0.6923165187516345
242,4,0.0923796053839095,0.6923165187516345
242,5,0.7746904073033738,0.6923165187516345
242,6,0.5699769433588348,0.6923165187516345
242,7,0.3959708790583729,0.6923165187516345
242,8,0.0,0.6923165187516345
242,9,0.4443260715033403,0.6923165187516345
242,10,0.3340883901404422,0.6923165187516345
242,11,0.5655699166651975,0.6923165187516345
242,12,0.46307004283525655,0.6923165187516345
242,13,0.3714418613700753,0.6923165187516345
242,14,0.25349752585346147,0.6923165187516345
242,15,0.45267469729562426,0.6923165187516345
242,16,0.6225320904095,0.6923165187516345
242,17,0.41176196986790825,0.6923165187516345
242,18,0.349260192451574,0.6923165187516345
242,19,0.5415602447425595,0.6923165187516345
242,20,0.11894081977408802,0.6923165187516345
242,21,0.06412474636469224,0.6923165187516345
242,22,0.3097414352764551,0.6923165187516345
242,23,0.3118744625532866,0.6923165187516345
242,24,0.5775549745074802,0.6923165187516345
243,1,0.2989395244724158,0.6416407667598908
243,2,0.49807042624698694,0.6416407667598908
243,3,0.19602664173635348,0.6416407667598908
243,4,0.03348263584981678,0.6416407667598908
243,5,0.5145745875194211,0.6416407667598908
243,6,0.538112265018465,0.6416407667598908
243,7,0.11164725070041343,0.6416407667598908
243,8,0.05158959555480746,0.6416407667598908
243,9,0.38212437796176196,0.6416407667598908
243,10,0.3332916091608328,0.6416407667598908
243,11,0.49583773802966363,0.6416407667598908
243,12,0.5299660202460859,0.6416407667598908
243,13,0.5960862857549496,0.6416407667598908
243,14,0.1444332641951917,0.6416407667598908
243,15,0.6794857886882933,0.6416407667598908
243,16,0.714498929359255,0.6416407667598908
243,17,0.7213458716499206,0.6416407667598908
243,18,0.29922752485481224,0.6416407667598908
243,19,0.6116390059756187,0.6416407667598908
243,20,0.14149508674093186,0.6416407667598908
243,21,0.10435580377522108,0.6416407667598908
243,22,0.41017581641209433,0.6416407667598908
243,23,0.40591450912044647,0.6416407667598908
243,24,0.5147378201017192,0.6416407667598908
244,1,0.16570792063177994,0.6784895367945748
244,2,0.3375647187898836,0.6784895367945748
244,3,0.22625457479181596,0.6784895367945748
244,4,0.19954991682457401,0.6784895367945748
244,5,0.21815984605441546,0.6784895367945748
244,6,0.38928660466015996,0.6784895367945748
244,7,0.26959551868793197,0.6784895367945748
244,8,0.14134147351307366,0.6784895367945748
244,9,0.48481448650064696,0.6784895367945748
244,10,0.2820765282590614,0.6784895367945748
244,11,0.43196517828436043,0.6784895367945748
244,12,0.5081060447295884,0.6784895367945748
244,13,0.22295737535985966,0.6784895367945748
244,14,0.07660785159517666,0.6784895367945748
244,15,0.5086838784063606,0.6784895367945748
244,16,0.6314313728566067,0.6784895367945748
244,17,0.5910833415138519,0.6784895367945748
244,18,0.3782319875717354,0.6784895367945748
244,19,0.557100995983563,0.6784895367945748
244,20,0.14862794832920131,0.6784895367945748
244,21,0.18955542253069968,0.6784895367945748
244,22,0.3666952323643603,0.6784895367945748
244,23,0.29724082279959074,0.6784895367945748
244,24,0.45231681795698847,0.6784895367945748
245,1,0.12427978041496533,0.6489105934471616
245,2,0.38834238006000515,0.6489105934471616
245,3,0.34531627682078936,0.6489105934471616
245,4,0.2888481138520031,0.6489105934471616
245,5,0.1571229876961477,0.6489105934471616
245,6,0.4836102508492522,0.6489105934471616
245,7,0.11932207427066333,0.6489105934471616
245,8,0.09003155836730115,0.6489105934471616
245,9,0.44043090060512824,0.6489105934471616
245,10,0.2486569665821071,0.6489105934471616
245,11,0.567211836494173,0.6489105934471616
245,12,0.39612396684895856,0.6489105934471616
245,13,0.28474474223679985,0.6489105934471616
245,14,0.35021876005756836,0.6489105934471616
245,15,0.5386646086999566,0.6489105934471616
245,16,0.5106790643183516,0.6489105934471616
245,17,0.4454894018258425,0.6489105934471616
245,18,0.2681154936349923,0.6489105934471616
245,19,0.5970803293823392,0.6489105934471616
245,20,0.1968091562944294,0.6489105934471616
245,21,0.1638234884094875,0.6489105934471616
245,22,0.1830374452522425,0.6489105934471616
245,23,0.417841529917691,0.6489105934471616
245,24,0.42759238253917076,0.6489105934471616
246,1,0.32866187479434206,0.6156654912631481
246,2,0.34412325921454506,0.6156654912631481
246,3,0.565103681554934,0.6156654912631481
246,4,0.18072106548601385,0.6156654912631481
246,5,0.0,0.6156654912631481
246,6,0.4543142447667142,0.6156654912631481
246,7,0.0,0.6156654912631481
246,8,0.005763955637798884,0.6156654912631481
246,9,0.4499786088029403,0.6156654912631481
246,10,0.24504180067600415,0.6156654912631481
246,11,0.7088561383718471,0.6156654912631481
246,12,0.4012567281660293,0.6156654912631481
246,13,0.35716149311139145,0.6156654912631481
246,14,0.2759026192894443,0.6156654912631481
246,15,0.6180775797677378,0.6156654912631481
246,16,0.31709147380478064,0.6156654912631481
246,17,0.5368231678334785,0.6156654912631481
246,18,0.15284302924810667,0.6156654912631481
246,19,0.6711541378916743,0.6156654912631481
246,20,0.20709919844779462,0.6156654912631481
246,21,0.243730247717836,0.6156654912631481
246,22,0.2679429365211588,0.6156654912631481
246,23,0.29080302003017844,0.6156654912631481
246,24,0.4134758043163679,0.6156654912631481
247,1,0.40463024318663043,0.5767294400310151
247,2,0.3598092989900624,0.5767294400310151
247,3,0.43104689773989685,0.5767294400310151
247,4,0.297949903479994,0.5767294400310151
247,5,0.10959438897682058,0.5767294400310151
247,6,0.44736129395529695,0.5767294400310151
247,7,0.05971819459579178,0.5767294400310151
247,8,0.11512582864608978,0.5767294400310151
247,9,0.2740628507863132,0.5767294400310151
247,10,0.10704421346250267,0.5767294400310151
247,11,0.6242761823561978,0.5767294400310151
247,12,0.3195197575101817,0.5767294400310151
247,13,0.11988294999021923,0.5767294400310151
247,14,0.21650919280167658,0.5767294400310151
247,15,0.4734029387476158,0.5767294400310151
247,16,0.19685542693555266,0.5767294400310151
247,17,0.22659398270833586,0.5767294400310151
247,18,0.2256354333657355,0.5767294400310151
247,19,0.6532358498438783,0.5767294400310151
247,20,0.4081174575996894,0.5767294400310151
247,21,0.1276389206436821,0.5767294400310151
247,22,0.25304254772812174,0.5767294400310151
247,23,0.49151181043009795,0.5767294400310151
247,24,0.3028205635343918,0.5767294400310151
248,1,0.36536390996530976,0.6045683895870466
248,2,0.601690442006065,0.6045683895870466
248,3,0.42776027735578975,0.6045683895870466
248,4,0.32770487441838125,0.6045683895870466
248,5,0.14340521216984448,0.6045683895870466
248,6,0.4509662275057315,0.6045683895870466
248,7,0.06264856009470762,0.6045683895870466
248,8,0.18913567001941645,0.6045683895870466
248,9,0.3326435370926097,0.6045683895870466
248,10,0.1568632959045493,0.6045683895870466
248,11,0.7224852373831778,0.6045683895870466
248,12,0.36644854240006564,0.6045683895870466
248,13,0.1349866798558278,0.6045683895870466
248,14,0.2209693848604981,0.6045683895870466
248,15,0.21778866105400776,0.6045683895870466
248,16,0.05142085380380354,0.6045683895870466
248,17,0.46410476441629755,0.6045683895870466
248,18,0.1371902310488764,0.6045683895870466
248,19,0.6697339401920486,0.6045683895870466
248,20,0.4116086238486711,0.6045683895870466
248,21,0.23606402936739812,0.6045683895870466
248,22,0.3858909019903073,0.6045683895870466
248,23,0.33991378953928536,0.6045683895870466
248,24,0.2601492340715389,0.6045683895870466
249,1,0.41042216218965033,0.5935771103115364
249,2,0.6586102709200933,0.5935771103115364
249,3,0.18398710372716107,0.5935771103115364
249,4,0.3234782376541601,0.5935771103115364
249,5,0.11264119545583529,0.5935771103115364
249,6,0.4463331485865462,0.5935771103115364
249,7,0.0,0.5935771103115364
249,8,0.11967558361968735,0.5935771103115364
249,9,0.36658062183609497,0.5935771103115364
249,10,0.026921233946739426,0.5935771103115364
249,11,0.48525056663261,0.5935771103115364
249,12,0.44971854672838535,0.5935771103115364
249,13,0.09589506301006173,0.5935771103115364
249,14,0.21792034973380162,0.5935771103115364
249,15,0.21333283781077308,0.5935771103115364
249,16,0.012746599504057307,0.5935771103115364
249,17,0.7089470422730786,0.5935771103115364
249,18,0.2089157901898896,0.5935771103115364
249,19,0.5607572935411594,0.5935771103115364
249,20,0.48223376404270424,0.5935771103115364
249,21,0.2098176534188114,0.5935771103115364
249,22,0.5754159233227316,0.5935771103115364
249,23,0.46638372492281455,0.5935771103115364
249,24,0.22044814545346852,0.5935771103115364
250,1,0.2449190560323675,0.587743987883759
250,2,0.6389512901089992,0.587743987883759
250,3,0.18161938177069908,0.587743987883759
250,4,0.28066907183412826,0.587743987883759
250,5,0.2776358105482305,0.587743987883759
250,6,0.48877561922402135,0.587743987883759
250,7,0.0,0.587743987883759
250,8,0.17974614234828407,0.587743987883759
250,9,0.3309246390707758,0.587743987883759
250,10,0.0,0.587743987883759
250,11,0.49580671874505766,0.587743987883759
250,12,0.4614334265354849,0.587743987883759
250,13,0.08549235368209963,0.587743987883759
250,14,0.39679673909912583,0.587743987883759
250,15,0.3554952489802254,0.587743987883759
250,16,0.24457026411509844,0.587743987883759
250,17,0.5339056311641639,0.587743987883759
250,18,0.13194004974057733,0.587743987883759
250,19,0.44660946331684015,0.587743987883759
250,20,0.2781254570234591,0.587743987883759
250,21,0.2998407685533102,0.587743987883759
250,22,0.3738249968584326,0.587743987883759
250,23,0.43899899559229916,0.587743987883759
250,24,0.17046138111593506,0.587743987883759
251,1,0.4316970679172814,0.6231441812741089
251,2,0.7122518178732888,0.6231441812741089
251,3,0.309968564794751,0.6231441812741089
251,4,0.2706019009629335,0.6231441812741089
251,5,0.38289697925554755,0.6231441812741089
251,6,0.42801995979822843,0.6231441812741089
251,7,0.06831815097798,0.6231441812741089
251,8,0.24390392537147124,0.6231441812741089
251,9,0.14686194876272038,0.6231441812741089
251,10,0.0,0.6231441812741089
251,11,0.6071120906924912,0.6231441812741089
251,12,0.4875539557642085,0.6231441812741089
251,13,0.0,0.6231441812741089
251,14,0.16538399807447324,0.6231441812741089
251,15,0.4751935714900295,0.6231441812741089
251,16,0.3078898580268551,0.6231441812741089
251,17,0.43440811604692764,0.6231441812741089
251,18,0.2242655723684278,0.6231441812741089
251,19,0.35257666134385324,0.6231441812741089
251,20,0.39003943186961065,0.6231441812741089
251,21,0.05795544911216058,0.6231441812741089
251,22,0.42625065396073736,0.6231441812741089
251,23,0.15567832769385953,0.6231441812741089
251,24,0.421970637006417,0.6231441812741089
252,1,0.26937746612306795,0.5815035529420104
252,2,0.95,0.5815035529420104
252,3,0.0,0.5815035529420104
252,4,0.28164438201238473,0.5815035529420104
252,5,0.5107785427969267,0.5815035529420104
252,6,0.4003157198744297,0.5815035529420104
252,7,0.0,0.5815035529420104
252,8,0.16377214764942855,0.5815035529420104
252,9,0.17520377747367355,0.5815035529420104
252,10,0.01731878080274317,0.5815035529420104
252,11,0.4667648967071434,0.5815035529420104
252,12,0.40659453019773856,0.5815035529420104
252,13,0.24212495795641853,0.5815035529420104
252,14,0.25508839614371787,0.5815035529420104
252,15,0.5288632516717,0.5815035529420104
252,16,0.2557719627290066,0.5815035529420104
252,17,0.5138020782639312,0.5815035529420104
252,18,0.1967528417747751,0.5815035529420104
252,19,0.37318320667032323,0.5815035529420104
252,20,0.5158787762621143,0.5815035529420104
252,21,0.0008296696509630525,0.5815035529420104
252,22,0.4462599155755595,0.5815035529420104
252,23,0.18265800973778484,0.5815035529420104
252,24,0.47975152468127447,0.5815035529420104
253,1,0.0970239818155458,0.5832656582759926
253,2,0.8416781309144772,0.5832656582759926
253,3,0.022318936563532565,0.5832656582759926
253,4,0.2961359481945469,0.5832656582759926
253,5,0.48337810084579913,0.5832656582759926
253,6,0.47960393213110186,0.5832656582759926
253,7,0.0,0.5832656582759926
253,8,0.13723616436894864,0.5832656582759926
253,9,0.2377313465655457,0.5832656582759926
253,10,0.1555913440784672,0.5832656582759926
253,11,0.35364366300076244,0.5832656582759926
253,12,0.359065172308805,0.5832656582759926
253,13,0.3766845489829864,0.5832656582759926
253,14,0.3791245766969433,0.5832656582759926
253,15,0.6235413653742488,0.5832656582759926
253,16,0.18439212052802575,0.5832656582759926
253,17,0.498177869204252,0.5832656582759926
253,18,0.3093394150933184,0.5832656582759926
253,19,0.22288601154499427,0.5832656582759926
253,20,0.17900550203034282,0.5832656582759926
253,21,0.13530052415534943,0.5832656582759926
253,22,0.2924943915313318,0.5832656582759926
253,23,0.17541840499618783,0.5832656582759926
253,24,0.7661737106353242,0.5832656582759926
254,1,0.18072146552639162,0.5485377776145914
254,2,0.6389290192871343,0.5485377776145914
254,3,0.022356488095293614,0.5485377776145914
254,4,0.48253478006322215,0.5485377776145914
254,5,0.321513057290053,0.5485377776145914
254,6,0.4228651665782377,0.5485377776145914
254,7,0.10868516474880649,0.5485377776145914
254,8,0.2298363573474161,0.5485377776145914
254,9,0.21861044924683468,0.5485377776145914
254,10,0.15439369708585338,0.5485377776145914
254,11,0.3471712446210547,0.5485377776145914
254,12,0.16739679500943103,0.5485377776145914
254,13,0.2969345951461225,0.5485377776145914
254,14,0.20844788383788904,0.5485377776145914
254,15,0.6359338443473582,0.5485377776145914
254,16,0.33734062348145843,0.5485377776145914
254,17,0.29005827328576617,0.5485377776145914
254,18,0.3530353054607369,0.5485377776145914
254,19,0.40913320336578207,0.5485377776145914
254,20,0.1633412899677472,0.5485377776145914
254,21,0.17023022757965423,0.5485377776145914
254,22,0.43243399422723505,0.5485377776145914
254,23,0.15351363604111543,0.5485377776145914
254,24,0.95,0.5485377776145914
255,1,0.2829817713851828,0.5047486141726827
255,2,0.4393343301795872,0.5047486141726827
255,3,0.0,0.5047486141726827
255,4,0.5598226427534669,0.5047486141726827
255,5,0.2944703646796536,0.5047486141726827
255,6,0.5073207449125667,0.5047486141726827
255,7,0.20185565898388877,0.5047486141726827
255,8,0.2527762874889362,0.5047486141726827
255,9,0.3433451815684647,0.5047486141726827
255,10,0.23407692686720757,0.5047486141726827
255,11,0.13551241582260787,0.5047486141726827
255,12,0.12418086855636636,0.5047486141726827
255,13,0.3040384207712187,0.5047486141726827
255,14,0.22111243364501296,0.5047486141726827
255,15,0.6586896289586022,0.5047486141726827
255,16,0.48475582319788635,0.5047486141726827
255,17,0.2505658610717961,0.5047486141726827
255,18,0.438096935780564,0.5047486141726827
255,19,0.15375777155926024,0.5047486141726827
255,20,0.17632026603239884,0.5047486141726827
255,21,0.07116315419381933,0.5047486141726827
255,22,0.33546563304818233,0.5047486141726827
255,23,0.3867543191338935,0.5047486141726827
255,24,0.8739884888754209,0.5047486141726827
256,1,0.1507434181228399,0.47284754814412416
256,2,0.12945816738433974,0.47284754814412416
256,3,0.1442886948554087,0.47284754814412416
256,4,0.44925900159706894,0.47284754814412416
256,5,0.21250607567852087,0.47284754814412416
256,6,0.32479923125689375,0.47284754814412416
256,7,0.23406955013681827,0.47284754814412416
256,8,0.43934608502635775,0.47284754814412416
256,9,0.29217267125009627,0.47284754814412416
256,10,0.2917300068753943,0.47284754814412416
256,11,0.1531597254999255,0.47284754814412416
256,12,0.12106695312427036,0.47284754814412416
256,13,0.33092486921396835,0.47284754814412416
256,14,0.2984424548830674,0.47284754814412416
256,15,0.6187242389510955,0.47284754814412416
256,16,0.5297503458255094,0.47284754814412416
256,17,0.49478838560685556,0.47284754814412416
256,18,0.2136155450229974,0.47284754814412416
256,19,0.10740483381564643,0.47284754814412416
256,20,0.10933026827063122,0.47284754814412416
256,21,0.24972912822779153,0.47284754814412416
256,22,0.5006966045803288,0.47284754814412416
256,23,0.24918346343696324,0.47284754814412416
256,24,0.5836382271548637,0.47284754814412416
257,1,0.1477331550084461,0.4847126705627743
257,2,0.04295542219679953,0.4847126705627743
257,3,0.2140382735956198,0.4847126705627743
257,4,0.23249767827666704,0.4847126705627743
257,5,0.1557677700817856,0.4847126705627743
257,6,0.27992719147742084,0.4847126705627743
257,7,0.21609476066791622,0.4847126705627743
257,8,0.5969875242185533,0.4847126705627743
257,9,0.16628846104655345,0.4847126705627743
257,10,0.28947704377401867,0.4847126705627743
257,11,0.3921868643518175,0.4847126705627743
257,12,0.09162022101881528,0.4847126705627743
257,13,0.2100655292016097,0.4847126705627743
257,14,0.15058063547843806,0.4847126705627743
257,15,0.6950307699427385,0.4847126705627743
257,16,0.3547546679286492,0.4847126705627743
257,17,0.4346492814618379,0.4847126705627743
257,18,0.3301213732068719,0.4847126705627743
257,19,0.2960522374375758,0.4847126705627743
257,20,0.0,0.4847126705627743
257,21,0.34692161299603347,0.4847126705627743
257,22,0.5275414611963485,0.4847126705627743
257,23,0.029634668850777646,0.4847126705627743
257,24,0.4389952495813534,0.4847126705627743
258,1,0.19530328994381088,0.44482231087119023
258,2,0.1725642450720251,0.44482231087119023
258,3,0.3454470376289483,0.44482231087119023
258,4,0.19958285531576253,0.44482231087119023
258,5,0.03212291127910241,0.44482231087119023
258,6,0.2804564734865409,0.44482231087119023
258,7,0.13169266461503776,0.44482231087119023
258,8,0.6643263135751379,0.44482231087119023
258,9,0.15165238121681354,0.44482231087119023
258,10,0.24033156424570268,0.44482231087119023
258,11,0.27569329304831747,0.44482231087119023
258,12,0.0,0.44482231087119023
258,13,0.55072736891213,0.44482231087119023
258,14,0.2441713610230304,0.44482231087119023
258,15,0.7125441535814442,0.44482231087119023
258,16,0.4067601924390324,0.44482231087119023
258,17,0.4427126321156042,0.44482231087119023
258,18,0.4821360279520418,0.44482231087119023
258,19,0.2173427942198255,0.44482231087119023
258,20,0.08418600286954837,0.44482231087119023
258,21,0.3301137314280118,0.44482231087119023
258,22,0.6720185073714748,0.44482231087119023
258,23,0.03040439992410649,0.44482231087119023
258,24,0.3286652504411505,0.44482231087119023
259,1,0.3393192839256346,0.5301050219312666
259,2,0.17202501952537458,0.5301050219312666
259,3,0.32261101774597023,0.5301050219312666
259,4,0.3358226196342615,0.5301050219312666
259,5,0.2845439086415828,0.5301050219312666
259,6,0.5093953806085632,0.5301050219312666
259,7,0.11381540620610048,0.5301050219312666
259,8,0.6376234142131899,0.5301050219312666
259,9,0.04718234818213135,0.5301050219312666
259,10,0.0287529966118725,0.5301050219312666
259,11,0.09391452476318005,0.5301050219312666
259,12,0.12302317792279288,0.5301050219312666
259,13,0.6823776138980484,0.5301050219312666
259,14,0.20767550093371942,0.5301050219312666
259,15,0.7367251160985372,0.5301050219312666
259,16,0.369386617937708,0.5301050219312666
259,17,0.35304747097833805,0.5301050219312666
259,18,0.5120220951239457,0.5301050219312666
259,19,0.28870363031156376,0.5301050219312666
259,20,0.3626363750162326,0.5301050219312666
259,21,0.3053807697477769,0.5301050219312666
259,22,0.5399502684955266,0.5301050219312666
259,23,0.08803745275186028,0.5301050219312666
259,24,0.48251332190300367,0.5301050219312666
260,1,0.18661974665662306,0.44820344732608625
260,2,0.34258209427430053,0.44820344732608625
260,3,0.21395713698219296,0.44820344732608625
260,4,0.5106038699104583,0.44820344732608625
260,5,0.577431946805261,0.44820344732608625
260,6,0.4566077843015477,0.44820344732608625
260,7,0.22515762224706434,0.44820344732608625
260,8,0.6160780590785491,0.44820344732608625
260,9,0.0,0.44820344732608625
260,10,0.00041230762409132093,0.44820344732608625
260,11,0.11614623483928845,0.44820344732608625
260,12,0.2495916271880123,0.44820344732608625
260,13,0.568599586657973,0.44820344732608625
260,14,0.0,0.44820344732608625
260,15,0.6601569368665655,0.44820344732608625
260,16,0.22951643700900798,0.44820344732608625
260,17,0.31486660657067905,0.44820344732608625
260,18,0.5518538595190848,0.44820344732608625
260,19,0.3709985925263636,0.44820344732608625
260,20,0.3593611952152947,0.44820344732608625
260,21,0.23675219454817015,0.44820344732608625
260,22,0.32280464463516434,0.44820344732608625
260,23,0.25203035154664344,0.44820344732608625
260,24,0.4730743523335252,0.44820344732608625
261,1,0.0,0.510212719443332
261,2,0.06666843166876407,0.510212719443332
261,3,0.21856046955450642,0.510212719443332
261,4,0.7188494464921605,0.510212719443332
261,5,0.5371572054269524,0.510212719443332
261,6,0.3929342304353951,0.510212719443332
261,7,0.12177969941072955,0.510212719443332
261,8,0.45964572130356995,0.510212719443332
261,9,0.004969472888727053,0.510212719443332
261,10,0.1355283008980425,0.510212719443332
261,11,0.23320403177617013,0.510212719443332
261,12,0.4602917740409671,0.510212719443332
261,13,0.42378257061283864,0.510212719443332
261,14,0.011878641942329994,0.510212719443332
261,15,0.6552456714098749,0.510212719443332
261,16,0.25520072272839617,0.510212719443332
261,17,0.6910701263057389,0.510212719443332
261,18,0.5304792387876707,0.510212719443332
261,19,0.4194635800611862,0.510212719443332
261,20,0.3543314883551274,0.510212719443332
261,21,0.135570316699077,0.510212719443332
261,22,0.3343467734592812,0.510212719443332
261,23,0.1284541934265544,0.510212719443332
261,24,0.7668846249775951,0.510212719443332
262,1,0.0,0.5161813414631039
262,2,0.2981282787970202,0.5161813414631039
262,3,0.14995348042727089,0.5161813414631039
262,4,0.6434057311325059,0.5161813414631039
262,5,0.4878472766374839,0.5161813414631039
262,6,0.334697004264526,0.5161813414631039
262,7,0.24222576983023242,0.5161813414631039
262,8,0.6362561666210685,0.5161813414631039
262,9,0.15911190690098143,0.5161813414631039
262,10,0.05497533618898971,0.5161813414631039
262,11,0.279251057135801,0.5161813414631039
262,12,0.3011408244313708,0.5161813414631039
262,13,0.5725803382715411,0.5161813414631039
262,14,0.047230338462697447,0.5161813414631039
262,15,0.5557530157157344,0.5161813414631039
262,16,0.22777927405997922,0.5161813414631039
262,17,0.5998563881395086,0.5161813414631039
262,18,0.47916273639596474,0.5161813414631039
262,19,0.4159857226553725,0.5161813414631039
262,20,0.4222213906808812,0.5161813414631039
262,21,0.34049043096399817,0.5161813414631039
262,22,0.49823114560024195,0.5161813414631039
262,23,0.1892762489028349,0.5161813414631039
262,24,0.6268914989730892,0.5161813414631039
263,1,0.05522084558619707,0.5310293282942586
263,2,0.12177083588302026,0.5310293282942586
263,3,0.07263284568331885,0.5310293282942586
263,4,0.7687026885011612,0.5310293282942586
263,5,0.43043082689640827,0.5310293282942586
263,6,0.16935546609475086,0.5310293282942586
263,7,0.16748091316392535,0.5310293282942586
263,8,0.43136534839458335,0.5310293282942586
263,9,0.050990424646346705,0.5310293282942586
263,10,0.19494742199371007,0.5310293282942586
263,11,0.16766381389184953,0.5310293282942586
263,12,0.3809641778865177,0.5310293282942586
263,13,0.4636582394675462,0.5310293282942586
263,14,0.1728845883817468,0.5310293282942586
263,15,0.40992325935644186,0.5310293282942586
263,16,0.26222515117034056,0.5310293282942586
263,17,0.3550663639742897,0.5310293282942586
263,18,0.40408016267015057,0.5310293282942586
263,19,0.4234066600927289,0.5310293282942586
263,20,0.3610211389133166,0.5310293282942586
263,21,0.34519727803398753,0.5310293282942586
263,22,0.5850841617159915,0.5310293282942586
263,23,0.1357476015802635,0.5310293282942586
263,24,0.52440956180489,0.5310293282942586
264,1,0.0,0.4980601970153417
264,2,0.29712640182554884,0.4980601970153417
264,3,0.0313417045948972,0.4980601970153417
264,4,0.6808719967771918,0.4980601970153417
264,5,0.44168734726774567,0.4980601970153417
264,6,0.3249916310231441,0.4980601970153417
264,7,0.08900245774488505,0.4980601970153417
264,8,0.48022397631489294,0.4980601970153417
264,9,0.1075497877907313,0.4980601970153417
264,10,0.3937053720080618,0.4980601970153417
264,11,0.3149718138912436,0.4980601970153417
264,12,0.3507064596538205,0.4980601970153417
264,13,0.464972888631033,0.4980601970153417
264,14,0.3512747389276386,0.4980601970153417
264,15,0.24785344029781664,0.4980601970153417
264,16,0.48212881790363604,0.4980601970153417
264,17,0.3657320288620405,0.4980601970153417
264,18,0.3328229251086046,0.4980601970153417
264,19,0.4205022055663413,0.4980601970153417
264,20,0.30870605185473066,0.4980601970153417
264,21,0.3008319751178844,0.4980601970153417
264,22,0.41147633528984995,0.4980601970153417
264,23,0.28285064660930104,0.4980601970153417
264,24,0.398897227315021,0.4980601970153417
265,1,0.0,0.5100906779565542
265,2,0.42141355723925195,0.5100906779565542
265,3,0.024926341569687024,0.5100906779565542
265,4,0.5944923788027774,0.5100906779565542
265,5,0.23063916651594174,0.5100906779565542
265,6,0.24847536167201334,0.5100906779565542
265,7,0.19235912995743074,0.5100906779565542
265,8,0.4559741368841717,0.5100906779565542
265,9,0.25879463563933675,0.5100906779565542
265,10,0.592573527752952,0.5100906779565542
265,11,0.4227381558975244,0.5100906779565542
265,12,0.6172151219719246,0.5100906779565542
265,13,0.4477926937060609,0.5100906779565542
265,14,0.50304451747344,0.5100906779565542
265,15,0.22609944383833736,0.5100906779565542
265,16,0.3926358876162276,0.5100906779565542
265,17,0.17952391033766232,0.5100906779565542
265,18,0.2776907429854577,0.5100906779565542
265,19,0.3322446035308992,0.5100906779565542
265,20,0.4234475496134242,0.5100906779565542
265,21,0.21935820045647844,0.5100906779565542
265,22,0.4868624244396734,0.5100906779565542
265,23,0.3078051574684016,0.5100906779565542
265,24,0.13495090224263906,0.5100906779565542
266,1,0.0055381444940167945,0.5442100011832739
266,2,0.33562970115417284,0.5442100011832739
266,3,0.048385564715174544,0.5442100011832739
266,4,0.6640713456215263,0.5442100011832739
266,5,0.31100161451179664,0.5442100011832739
266,6,0.4014668295894974,0.5442100011832739
266,7,0.1624618192252932,0.5442100011832739
266,8,0.39817148247649836,0.5442100011832739
266,9,0.40680864417175266,0.5442100011832739
266,10,0.5531763742928216,0.5442100011832739
266,11,0.4891788598452002,0.5442100011832739
266,12,0.3891509267846612,0.5442100011832739
266,13,0.15624670972274007,0.5442100011832739
266,14,0.5618714403348046,0.5442100011832739
266,15,0.2587042870066524,0.5442100011832739
266,16,0.2851816716740836,0.5442100011832739
266,17,0.41687098725188204,0.5442100011832739
266,18,0.1750495730927087,0.5442100011832739
266,19,0.20279331418090837,0.5442100011832739
266,20,0.3408727188217075,0.5442100011832739
266,21,0.13587935119343703,0.5442100011832739
266,22,0.6470943464600609,0.5442100011832739
266,23,0.3297390300811963,0.5442100011832739
266,24,0.1677905378583721,0.5442100011832739
267,1,0.0,0.4962589142233338
267,2,0.14578575246863934,0.4962589142233338
267,3,0.2637086041343695,0.4962589142233338
267,4,0.2823590272274818,0.4962589142233338
267,5,0.21997070595180684,0.4962589142233338
267,6,0.3163900364621023,0.4962589142233338
267,7,0.1848262101632712,0.4962589142233338
267,8,0.4580500884982948,0.4962589142233338
267,9,0.5200719516413375,0.4962589142233338
267,10,0.5517658905234161,0.4962589142233338
267,11,0.4514267231341922,0.4962589142233338
267,12,0.4720262424478623,0.4962589142233338
267,13,0.18555285048891074,0.4962589142233338
267,14,0.5342338784694912,0.4962589142233338
267,15,0.24088821130129334,0.4962589142233338
267,16,0.32133617103283874,0.4962589142233338
267,17,0.3319917942293812,0.4962589142233338
267,18,0.27999029911156825,0.4962589142233338
267,19,0.2994121724177759,0.4962589142233338
267,20,0.2019593136159842,0.4962589142233338
267,21,0.27036105659892906,0.4962589142233338
267,22,0.5720838822321227,0.4962589142233338
267,23,0.3161772822633204,0.4962589142233338
267,24,0.22776542811847308,0.4962589142233338
268,1,0.0,0.49586674976043194
268,2,0.36169889946175077,0.49586674976043194
268,3,0.20205073239425997,0.49586674976043194
268,4,0.5766135784408544,0.49586674976043194
268,5,0.2800811242087494,0.49586674976043194
268,6,0.252016558021671,0.49586674976043194
268,7,0.2871130918340018,0.49586674976043194
268,8,0.2642252696931847,0.49586674976043194
268,9,0.5203460311897831,0.49586674976043194
268,10,0.5151966291141464,0.49586674976043194
268,11,0.5645038697866473,0.49586674976043194
268,12,0.34805331621360697,0.49586674976043194
268,13,0.2339872339313016,0.49586674976043194
268,14,0.34528578432139034,0.49586674976043194
268,15,0.09159641982698863,0.49586674976043194
268,16,0.3647385234621299,0.49586674976043194
268,17,0.18946065874225795,0.49586674976043194
268,18,0.4230963656370337,0.49586674976043194
268,19,0.28779163613958103,0.49586674976043194
268,20,0.2737340359889914,0.49586674976043194
268,21,0.3964366234013454,0.49586674976043194
268,22,0.8368447571222404,0.49586674976043194
268,23,0.338874516499109,0.49586674976043194
268,24,0.024164129142973167,0.49586674976043194
269,1,0.02351310578150306,0.5083817781147885
269,2,0.33821889936689703,0.5083817781147885
269,3,0.3800004202726347,0.5083817781147885
269,4,0.743655878361934,0.5083817781147885
269,5,0.20574753240576443,0.5083817781147885
269,6,0.340190761352546,0.5083817781147885
269,7,0.14215192889148404,0.5083817781147885
269,8,0.3615883124255808,0.5083817781147885
269,9,0.468296897137649,0.5083817781147885
269,10,0.32592430685695684,0.5083817781147885
269,11,0.5016265937871638,0.5083817781147885
269,12,0.4236310800909491,0.5083817781147885
269,13,0.21633210929193963,0.5083817781147885
269,14,0.26417978492433025,0.5083817781147885
269,15,0.1950924503988588,0.5083817781147885
269,16,0.4196651282295928,0.5083817781147885
269,17,0.28378398463571813,0.5083817781147885
269,18,0.49187334647194053,0.5083817781147885
269,19,0.48220419422402216,0.5083817781147885
269,20,0.32551650691984735,0.5083817781147885
269,21,0.39560994347507716,0.5083817781147885
269,22,0.5975404347180922,0.5083817781147885
269,23,0.2857000130513249,0.5083817781147885
269,24,0.3303372989294975,0.5083817781147885
270,1,0.02316541478675308,0.44822405373532453
270,2,0.5099729663090308,0.44822405373532453
270,3,0.2999060855350556,0.44822405373532453
270,4,0.9188698101050097,0.44822405373532453
270,5,0.08047960213500496,0.44822405373532453
270,6,0.3417934022274422,0.44822405373532453
270,7,0.16382935636713944,0.44822405373532453
270,8,0.48799975601241824,0.44822405373532453
270,9,0.32883952610218836,0.44822405373532453
270,10,0.5932783105170366,0.44822405373532453
270,11,0.3309459036671758,0.44822405373532453
270,12,0.45199918621105145,0.44822405373532453
270,13,0.23727352275080282,0.44822405373532453
270,14,0.2677822981214845,0.44822405373532453
270,15,0.23540104860835553,0.44822405373532453
270,16,0.33456195424670143,0.44822405373532453
270,17,0.3061977916820056,0.44822405373532453
270,18,0.536651247709211,0.44822405373532453
270,19,0.5282180889257888,0.44822405373532453
270,20,0.3064545934926716,0.44822405373532453
270,21,0.365132166781334,0.44822405373532453
270,22,0.7857435973847676,0.44822405373532453
270,23,0.13654726684470037,0.44822405373532453
270,24,0.3824549310839243,0.44822405373532453
271,1,0.12828174632695688,0.49443409505147007
271,2,0.7441127803263579,0.49443409505147007
271,3,0.0,0.49443409505147007
271,4,0.95,0.49443409505147007
271,5,0.15466593899625758,0.49443409505147007
271,6,0.21615721158040951,0.49443409505147007
271,7,0.21913053287488218,0.49443409505147007
271,8,0.3651573251887071,0.49443409505147007
271,9,0.3050787358186075,0.49443409505147007
271,10,0.5910618759654461,0.49443409505147007
271,11,0.22800606520351455,0.49443409505147007
271,12,0.537544351907248,0.49443409505147007
271,13,0.21566479724330845,0.49443409505147007
271,14,0.2754100706078416,0.49443409505147007
271,15,0.3295896152943566,0.49443409505147007
271,16,0.25766567012187436,0.49443409505147007
271,17,0.20301855255517265,0.49443409505147007
271,18,0.5546542396643589,0.49443409505147007
271,19,0.6436899639413178,0.49443409505147007
271,20,0.30014732813207323,0.49443409505147007
271,21,0.32849059827011007,0.49443409505147007
271,22,0.6861075139256827,0.49443409505147007
271,23,0.21658771862286486,0.49443409505147007
271,24,0.3385719963354105,0.49443409505147007
272,1,0.18376316045538588,0.5634917748601587
272,2,0.8354018672194298,0.5634917748601587
272,3,0.0,0.5634917748601587
272,4,0.95,0.5634917748601587
272,5,0.15818572980512835,0.5634917748601587
272,6,0.23316101398904496,0.5634917748601587
272,7,0.2380378424694459,0.5634917748601587
272,8,0.35318322072407304,0.5634917748601587
272,9,0.418653199749741,0.5634917748601587
272,10,0.33411068125612875,0.5634917748601587
272,11,0.1446213120404874,0.5634917748601587
272,12,0.49937827761204506,0.5634917748601587
272,13,0.06847957330997875,0.5634917748601587
272,14,0.05047896709192082,0.5634917748601587
272,15,0.2434476936537832,0.5634917748601587
272,16,0.4304475027700051,0.5634917748601587
272,17,0.2955446203790458,0.5634917748601587
272,18,0.5563792573199717,0.5634917748601587
272,19,0.3716034359539803,0.5634917748601587
272,20,0.3874898128652616,0.5634917748601587
272,21,0.3113572615629385,0.5634917748601587
272,22,0.5943264232931526,0.5634917748601587
272,23,0.3522136881071869,0.5634917748601587
272,24,0.5627223125034995,0.5634917748601587
273,1,0.3338768193455705,0.5248531158130987
273,2,0.95,0.5248531158130987
273,3,0.008207495125044678,0.5248531158130987
273,4,0.8666680966155667,0.5248531158130987
273,5,0.21156066162513015,0.5248531158130987
273,6,0.2518429069438903,0.5248531158130987
273,7,0.2732473257029851,0.5248531158130987
273,8,0.6046433335496627,0.5248531158130987
273,9,0.6570060092049307,0.5248531158130987
273,10,0.2571247594908474,0.5248531158130987
273,11,0.23441845676472972,0.5248531158130987
273,12,0.5273535404855985,0.5248531158130987
273,13,0.27582675603530804,0.5248531158130987
273,14,0.1121523516887748,0.5248531158130987
273,15,0.39157864594832764,0.5248531158130987
273,16,0.2929625597152987,0.5248531158130987
273,17,0.35859838715223025,0.5248531158130987
273,18,0.606243202984581,0.5248531158130987
273,19,0.24702933032412516,0.5248531158130987
273,20,0.5921761649210648,0.5248531158130987
273,21,0.3245917721511909,0.5248531158130987
273,22,0.4499551056922561,0.5248531158130987
273,23,0.3860565439592921,0.5248531158130987
273,24,0.4396552581217039,0.5248531158130987
274,1,0.22760534925731218,0.5566588527486827
274,2,0.7820457192506232,0.5566588527486827
274,3,0.0,0.5566588527486827
274,4,0.755302493944328,0.5566588527486827
274,5,0.08543136321662512,0.5566588527486827
274,6,0.30229504693103,0.5566588527486827
274,7,0.30415646614602093,0.5566588527486827
274,8,0.3412688739660288,0.5566588527486827
274,9,0.5163089982107969,0.5566588527486827
274,10,0.18345737808448376,0.5566588527486827
274,11,0.19304683340473644,0.5566588527486827
274,12,0.655944955803546,0.5566588527486827
274,13,0.12517256155707956,0.5566588527486827
274,14,0.039098960660541124,0.5566588527486827
274,15,0.454221879104194,0.5566588527486827
274,16,0.2608693602186015,0.5566588527486827
274,17,0.4788667705705663,0.5566588527486827
274,18,0.45653373622361443,0.5566588527486827
274,19,0.230662485405483,0.5566588527486827
274,20,0.5429234259710566,0.5566588527486827
274,21,0.46993411001877916,0.5566588527486827
274,22,0.7101136755585284,0.5566588527486827
274,23,0.3759593660209574,0.5566588527486827
274,24,0.23590062411689547,0.5566588527486827
275,1,0.34964784154104844,0.5548750752126416
275,2,0.7339087157284783,0.5548750752126416
275,3,0.0,0.5548750752126416
275,4,0.5313998562067126,0.5548750752126416
275,5,0.17306420823369464,0.5548750752126416
275,6,0.22026068334544135,0.5548750752126416
275,7,0.14529966921205684,0.5548750752126416
275,8,0.41030595726523983,0.5548750752126416
275,9,0.4460692003356826,0.5548750752126416
275,10,0.2581137753092843,0.5548750752126416
275,11,0.023245018155502534,0.5548750752126416
275,12,0.5942729917767077,0.5548750752126416
275,13,0.17094417990911953,0.5548750752126416
275,14,0.1579932923077924,0.5548750752126416
275,15,0.3722671361681461,0.5548750752126416
275,16,0.2536133978256346,0.5548750752126416
275,17,0.3532692318942012,0.5548750752126416
275,18,0.5891902301375364,0.5548750752126416
275,19,0.4259515409629197,0.5548750752126416
275,20,0.6508309436062916,0.5548750752126416
275,21,0.4302091934474471,0.5548750752126416
275,22,0.6299795130137464,0.5548750752126416
275,23,0.5152385596129282,0.5548750752126416
275,24,0.3377788588682886,0.5548750752126416
276,1,0.44487382760690286,0.5679071390824154
276,2,0.6467335910532686,0.5679071390824154
276,3,0.04390711729843861,0.5679071390824154
276,4,0.49644927172090664,0.5679071390824154
276,5,0.41317690019907233,0.5679071390824154
276,6,0.06173155301836111,0.5679071390824154
276,7,0.02829359018644398,0.5679071390824154
276,8,0.6789473402811259,0.5679071390824154
276,9,0.48244942382186884,0.5679071390824154
276,10,0.23915086831869964,0.5679071390824154
276,11,0.0,0.5679071390824154
276,12,0.44778688408453027,0.5679071390824154
276,13,0.3340238645257322,0.5679071390824154
276,14,0.14657603213820236,0.5679071390824154
276,15,0.529749987024766,0.5679071390824154
276,16,0.46183577076899995,0.5679071390824154
276,17,0.5642769040285186,0.5679071390824154
276,18,0.4691989123613987,0.5679071390824154
276,19,0.3376932913054904,0.5679071390824154
276,20,0.7752850071210005,0.5679071390824154
276,21,0.4460654464075485,0.5679071390824154
276,22,0.6523061040767757,0.5679071390824154
276,23,0.4230529992367418,0.5679071390824154
276,24,0.4059844124480061,0.5679071390824154
277,1,0.4925621384551545,0.5594584578687449
277,2,0.5996137229175534,0.5594584578687449
277,3,0.0,0.5594584578687449
277,4,0.43277911369308386,0.5594584578687449
277,5,0.15587549880011253,0.5594584578687449
277,6,0.13308292879348027,0.5594584578687449
277,7,0.0,0.5594584578687449
277,8,0.6038424409809008,0.5594584578687449
277,9,0.4366337971821841,0.5594584578687449
277,10,0.012245666206584155,0.5594584578687449
277,11,0.06377966648651211,0.5594584578687449
277,12,0.4868537261131862,0.5594584578687449
277,13,0.1795949811708594,0.5594584578687449
277,14,0.2575839647071369,0.5594584578687449
277,15,0.4252046340599485,0.5594584578687449
277,16,0.41472641042545494,0.5594584578687449
277,17,0.5528495468454055,0.5594584578687449
277,18,0.5176432433848607,0.5594584578687449
277,19,0.48177926909406055,0.5594584578687449
277,20,0.6097331551568019,0.5594584578687449
277,21,0.5353892031684191,0.5594584578687449
277,22,0.4152500021954718,0.5594584578687449
277,23,0.13070330831328741,0.5594584578687449
277,24,0.609224508696882,0.5594584578687449
278,1,0.45883645607697854,0.5744869970261463
278,2,0.6068890726491417,0.5744869970261463
278,3,0.17402543416134073,0.5744869970261463
278,4,0.36492542059494304,0.5744869970261463
278,5,0.09249377521682087,0.5744869970261463
278,6,0.21893884188747156,0.5744869970261463
278,7,0.0,0.5744869970261463
278,8,0.38479409116353397,0.5744869970261463
278,9,0.3822910895680811,0.5744869970261463
278,10,0.0,0.5744869970261463
278,11,0.0,0.5744869970261463
278,12,0.5851599640157138,0.5744869970261463
278,13,0.19804768751772214,0.5744869970261463
278,14,0.27970606668004644,0.5744869970261463
278,15,0.32452085543553544,0.5744869970261463
278,16,0.3057362865256263,0.5744869970261463
278,17,0.4703349735193989,0.5744869970261463
278,18,0.49337207895921875,0.5744869970261463
278,19,0.6689225983295669,0.5744869970261463
278,20,0.5646333154493473,0.5744869970261463
278,21,0.519346431060727,0.5744869970261463
278,22,0.24917908712026793,0.5744869970261463
278,23,0.01713831546936881,0.5744869970261463
278,24,0.6960602068465117,0.5744869970261463
279,1,0.6168537823966199,0.5941822304813116
279,2,0.7230402662523258,0.5941822304813116
279,3,0.1930412214542359,0.5941822304813116
279,4,0.311830396753569,0.5941822304813116
279,5,0.30244089647963046,0.5941822304813116
279,6,0.2859043634161852,0.5941822304813116
279,7,0.22436099961202072,0.5941822304813116
279,8,0.46793793714311815,0.5941822304813116
279,9,0.20038957397690685,0.5941822304813116
279,10,0.1079048922978297,0.5941822304813116
279,11,0.05672753470502426,0.5941822304813116
279,12,0.6113923377674103,0.5941822304813116
279,13,0.15379631831121848,0.5941822304813116
279,14,0.2802773736341835,0.5941822304813116
279,15,0.4155806748234206,0.5941822304813116
279,16,0.3640562561938128,0.5941822304813116
279,17,0.36047354757467953,0.5941822304813116
279,18,0.42547115967368493,0.5941822304813116
279,19,0.5357734958679043,0.5941822304813116
279,20,0.4711837351603675,0.5941822304813116
279,21,0.5597512081749,0.5941822304813116
279,22,0.0,0.5941822304813116
279,23,0.0,0.5941822304813116
279,24,0.4249903893021596,0.5941822304813116
280,1,0.7603674951942316,0.5725067239826933
280,2,0.44098479009646424,0.5725067239826933
280,3,0.37993102753187247,0.5725067239826933
280,4,0.3043570916535974,0.5725067239826933
280,5,0.0,0.5725067239826933
280,6,0.34191694891232005,0.5725067239826933
280,7,0.0969595038977159,0.5725067239826933
280,8,0.5687583703239771,0.5725067239826933
280,9,0.20741370677349813,0.5725067239826933
280,10,0.17537375402582797,0.5725067239826933
280,11,0.126550071328102,0.5725067239826933
280,12,0.5161647006258067,0.5725067239826933
280,13,0.25219023999221757,0.5725067239826933
280,14,0.09896858977146841,0.5725067239826933
280,15,0.5453224934648484,0.5725067239826933
280,16,0.23713641028678661,0.5725067239826933
280,17,0.1539315982214022,0.5725067239826933
280,18,0.49361518128029436,0.5725067239826933
280,19,0.4867372441606765,0.5725067239826933
280,20,0.5671076528869684,0.5725067239826933
280,21,0.6796879399930171,0.5725067239826933
280,22,0.13962375769895405,0.5725067239826933
280,23,0.0,0.5725067239826933
280,24,0.3828498836582136,0.5725067239826933
281,1,0.5684914632335304,0.6085633081138834
281,2,0.5589467701246882,0.6085633081138834
281,3,0.11033354668831791,0.6085633081138834
281,4,0.41329879361237193,0.6085633081138834
281,5,0.0,0.6085633081138834
281,6,0.2528233433102764,0.6085633081138834
281,7,0.10125539176338924,0.6085633081138834
281,8,0.45463416734931167,0.6085633081138834
281,9,0.3711133099901328,0.6085633081138834
281,10,0.007510305642947412,0.6085633081138834
281,11,0.27507743142764207,0.6085633081138834
281,12,0.6197334715243852,0.6085633081138834
281,13,0.39154240790838835,0.6085633081138834
281,14,0.16368213266344608,0.6085633081138834
281,15,0.46782407018177463,0.6085633081138834
281,16,0.12407286397637496,0.6085633081138834
281,17,0.1942244278763398,0.6085633081138834
281,18,0.33998229555633924,0.6085633081138834
281,19,0.6005179527979038,0.6085633081138834
281,20,0.5392701285141366,0.6085633081138834
281,21,0.6412101989786475,0.6085633081138834
281,22,0.1742949137633005,0.6085633081138834
281,23,0.1010316445201423,0.6085633081138834
281,24,0.35548554026440565,0.6085633081138834
282,1,0.48231973146361856,0.6601085583536824
282,2,0.6706561378649832,0.6601085583536824
282,3,0.2986000326865793,0.6601085583536824
282,4,0.6065157862853915,0.6601085583536824
282,5,0.06816142191955817,0.6601085583536824
282,6,0.36161922830447035,0.6601085583536824
282,7,0.09662615658293697,0.6601085583536824
282,8,0.2927081137731209,0.6601085583536824
282,9,0.06090338956280783,0.6601085583536824
282,10,0.14140650836172863,0.6601085583536824
282,11,0.184015381235493,0.6601085583536824
282,12,0.6560652375832082,0.6601085583536824
282,13,0.48643483211117194,0.6601085583536824
282,14,0.24886925691528894,0.6601085583536824
282,15,0.3467141599594015,0.6601085583536824
282,16,0.01831726713268278,0.6601085583536824
282,17,0.23687736847228938,0.6601085583536824
282,18,0.14108713899424746,0.6601085583536824
282,19,0.6860508115000478,0.6601085583536824
282,20,0.6198995975007973,0.6601085583536824
282,21,0.6357795694923978,0.6601085583536824
282,22,0.1889303596318878,0.6601085583536824
282,23,0.24402948236569952,0.6601085583536824
282,24,0.27282130354205986,0.6601085583536824
283,1,0.3969313721324284,0.6561239262237856
283,2,0.5430007559972149,0.6561239262237856
283,3,0.32168763480036244,0.6561239262237856
283,4,0.5999487496748703,0.6561239262237856
283,5,0.1030357019137953,0.6561239262237856
283,6,0.2664256566529236,0.6561239262237856
283,7,0.2989939114564296,0.6561239262237856
283,8,0.19373113092408153,0.6561239262237856
283,9,0.0,0.6561239262237856
283,10,0.23778546614752818,0.6561239262237856
283,11,0.07615672385240788,0.6561239262237856
283,12,0.4580420574972814,0.6561239262237856
283,13,0.27729004943559676,0.6561239262237856
283,14,0.36089646168114053,0.6561239262237856
283,15,0.3199447498697594,0.6561239262237856
283,16,0.0,0.6561239262237856
283,17,0.4014694324113459,0.6561239262237856
283,18,0.2217235218284438,0.6561239262237856
283,19,0.34154863321207324,0.6561239262237856
283,20,0.4598034983708586,0.6561239262237856
283,21,0.7838468945243882,0.6561239262237856
283,22,0.30920081061875393,0.6561239262237856
283,23,0.2114919112996403,0.6561239262237856
283,24,0.10435461215260378,0.6561239262237856
284,1,0.3853307763102285,0.6815127876071231
284,2,0.37923483072371333,0.6815127876071231
284,3,0.39951396035990716,0.6815127876071231
284,4,0.44878613576446563,0.6815127876071231
284,5,0.3626726686369345,0.6815127876071231
284,6,0.32316290959490257,0.6815127876071231
284,7,0.37341569288811466,0.6815127876071231
284,8,0.20809932774445775,0.6815127876071231
284,9,0.05999125170548945,0.6815127876071231
284,10,0.2834047585026332,0.6815127876071231
284,11,0.034546297566027936,0.6815127876071231
284,12,0.3076357825712982,0.6815127876071231
284,13,0.3003318001778348,0.6815127876071231
284,14,0.39373707171410594,0.6815127876071231
284,15,0.16978248852965844,0.6815127876071231
284,16,0.0,0.6815127876071231
284,17,0.4811811739478915,0.6815127876071231
284,18,0.17566902111372631,0.6815127876071231
284,19,0.2358919262557156,0.6815127876071231
284,20,0.5485463288130064,0.6815127876071231
284,21,0.7132709946202467,0.6815127876071231
284,22,0.47885735884742386,0.6815127876071231
284,23,0.03375837321302105,0.6815127876071231
284,24,0.3618346672027202,0.6815127876071231
285,1,0.2858654856498365,0.7223986176201389
285,2,0.56745959182694,0.7223986176201389
285,3,0.5769302800041904,0.7223986176201389
285,4,0.4328377655814654,0.7223986176201389
285,5,0.4736242472812273,0.7223986176201389
285,6,0.2805733767306197,0.7223986176201389
285,7,0.4655028360918281,0.7223986176201389
285,8,0.299167053053153,0.7223986176201389
285,9,0.0,0.7223986176201389
285,10,0.339341393946533,0.7223986176201389
285,11,0.0,0.7223986176201389
285,12,0.31941797690727936,0.7223986176201389
285,13,0.18985216250525505,0.7223986176201389
285,14,0.44207904336294473,0.7223986176201389
285,15,0.13469995872786616,0.7223986176201389
285,16,0.0,0.7223986176201389
285,17,0.5014008064180522,0.7223986176201389
285,18,0.12231398722381251,0.7223986176201389
285,19,0.1889933282391726,0.7223986176201389
285,20,0.39775632618208434,0.7223986176201389
285,21,0.5806851961269894,0.7223986176201389
285,22,0.39390827705313725,0.7223986176201389
285,23,0.14935399510721742,0.7223986176201389
285,24,0.29209883687249205,0.7223986176201389
286,1,0.2713520104674292,0.7221266494581134
286,2,0.5093283935314182,0.7221266494581134
286,3,0.5891624191822974,0.7221266494581134
286,4,0.255025242626296,0.7221266494581134
286,5,0.3454508919499915,0.7221266494581134
286,6,0.2279021631483308,0.7221266494581134
286,7,0.3732624684154494,0.7221266494581134
286,8,0.43795851686083453,0.7221266494581134
286,9,0.0,0.7221266494581134
286,10,0.2607885556127826,0.7221266494581134
286,11,0.06557269771813902,0.7221266494581134
286,12,0.27459414764010415,0.7221266494581134
286,13,0.3241390958078032,0.7221266494581134
286,14,0.41395917679857064,0.7221266494581134
286,15,0.1774225614350881,0.7221266494581134
286,16,0.09779843193502533,0.7221266494581134
286,17,0.4788509233252558,0.7221266494581134
286,18,0.22584088357381077,0.7221266494581134
286,19,0.37537589938759025,0.7221266494581134
286,20,0.4138335813107765,0.7221266494581134
286,21,0.7224958153494768,0.7221266494581134
286,22,0.5088927059266979,0.7221266494581134
286,23,0.21656157007799473,0.7221266494581134
286,24,0.45103112227226283,0.7221266494581134
287,1,0.32341037594336264,0.6930532635627111
287,2,0.4113511408824263,0.6930532635627111
287,3,0.47658952689280576,0.6930532635627111
287,4,0.24190267584885355,0.6930532635627111
287,5,0.28927055431522875,0.6930532635627111
287,6,0.37361463881184037,0.6930532635627111
287,7,0.2300601456544228,0.6930532635627111
287,8,0.4806723215674549,0.6930532635627111
287,9,0.067775753361765,0.6930532635627111
287,10,0.34007422825174494,0.6930532635627111
287,11,0.0,0.6930532635627111
287,12,0.24445681701969496,0.6930532635627111
287,13,0.3265268131637678,0.6930532635627111
287,14,0.1625547211729914,0.6930532635627111
287,15,0.18921428481540006,0.6930532635627111
287,16,0.1569615197433164,0.6930532635627111
287,17,0.5320602216316497,0.6930532635627111
287,18,0.14744204139892872,0.6930532635627111
287,19,0.18661622549129497,0.6930532635627111
287,20,0.1933743544398121,0.6930532635627111
287,21,0.6346178892365519,0.6930532635627111
287,22,0.7669179052503579,0.6930532635627111
287,23,0.32854845449510084,0.6930532635627111
287,24,0.4977396841608938,0.6930532635627111
288,1,0.4645779611335309,0.7032792938626276
288,2,0.3048533519593446,0.7032792938626276
288,3,0.5991015621697023,0.7032792938626276
288,4,0.16379673745762444,0.7032792938626276
288,5,0.21386410609634088,0.7032792938626276
288,6,0.3053995254913674,0.7032792938626276
288,7,0.17329319984337838,0.7032792938626276
288,8,0.6151497893260396,0.7032792938626276
288,9,0.022175247251618208,0.7032792938626276
288,10,0.3092841799640974,0.7032792938626276
288,11,0.20809997458359436,0.7032792938626276
288,12,0.2504849102468614,0.7032792938626276
288,13,0.5286482324318551,0.7032792938626276
288,14,0.29248244918107286,0.7032792938626276
288,15,0.180739209588157,0.7032792938626276
288,16,0.330485654922698,0.7032792938626276
288,17,0.45807319105077215,0.7032792938626276
288,18,0.02985651393367228,0.7032792938626276
288,19,0.42152604485585954,0.7032792938626276
288,20,0.05859921946728058,0.7032792938626276
288,21,0.6921949282597218,0.7032792938626276
288,22,0.6532124342089126,0.7032792938626276
288,23,0.33401712393311833,0.7032792938626276
288,24,0.4098597559146471,0.7032792938626276
289,1,0.22534780305691046,0.7175659463572965
289,2,0.19804588605113954,0.7175659463572965
289,3,0.613221027482312,0.7175659463572965
289,4,0.1728348891303,0.7175659463572965
289,5,0.2698876744958216,0.7175659463572965
289,6,0.4399686336486902,0.7175659463572965
289,7,0.1703795800187183,0.7175659463572965
289,8,0.6002000418490211,0.7175659463572965
289,9,0.05046708303593847,0.7175659463572965
289,10,0.29105780620122523,0.7175659463572965
289,11,0.1414828115548442,0.7175659463572965
289,12,0.2497563912054562,0.7175659463572965
289,13,0.6182667190418304,0.7175659463572965
289,14,0.13713376219333406,0.7175659463572965
289,15,0.3161430849566621,0.7175659463572965
289,16,0.29229754723659346,0.7175659463572965
289,17,0.3134303840617175,0.7175659463572965
289,18,0.058173194931180436,0.7175659463572965
289,19,0.5545323838060081,0.7175659463572965
289,20,0.0,0.7175659463572965
289,21,0.95,0.7175659463572965
289,22,0.5569710939302405,0.7175659463572965
289,23,0.28898839380623964,0.7175659463572965
289,24,0.43317766304658645,0.7175659463572965
290,1,0.3877687470765112,0.7638375682637512
290,2,0.27230795211636116,0.7638375682637512
290,3,0.668798482634847,0.7638375682637512
290,4,0.3647886651698753,0.7638375682637512
290,5,0.5260785682006142,0.7638375682637512
290,6,0.3474262056630016,0.7638375682637512
290,7,0.0838080761389409,0.7638375682637512
290,8,0.4250837288174406,0.7638375682637512
290,9,0.23752772526204402,0.7638375682637512
290,10,0.24759368359027562,0.7638375682637512
290,11,0.33807262309207786,0.7638375682637512
290,12,0.2653886685880235,0.7638375682637512
290,13,0.5482795104204846,0.7638375682637512
290,14,0.2379327494375488,0.7638375682637512
290,15,0.3543315684201631,0.7638375682637512
290,16,0.17297468144004624,0.7638375682637512
290,17,0.19560544868359403,0.7638375682637512
290,18,0.0,0.7638375682637512
290,19,0.45643487488003615,0.7638375682637512
290,20,0.1780363467902726,0.7638375682637512
290,21,0.8504421308403306,0.7638375682637512
290,22,0.5786379365301677,0.7638375682637512
290,23,0.002412492481913331,0.7638375682637512
290,24,0.2846106579871853,0.7638375682637512
291,1,0.4598313792500803,0.7521940937457701
291,2,0.38955275761813746,0.7521940937457701
291,3,0.6070109910542734,0.7521940937457701
291,4,0.3322348761768621,0.7521940937457701
291,5,0.4363713737608302,0.7521940937457701
291,6,0.26744891009491656,0.7521940937457701
291,7,0.12067462433428437,0.7521940937457701
291,8,0.4903140341548159,0.7521940937457701
291,9,0.31294335960228087,0.7521940937457701
291,10,0.12478804820149125,0.7521940937457701
291,11,0.3576527414998863,0.7521940937457701
291,12,0.695461427643999,0.7521940937457701
291,13,0.5749875262827397,0.7521940937457701
291,14,0.03191332957566276,0.7521940937457701
291,15,0.3663922088269849,0.7521940937457701
291,16,0.32847486239450985,0.7521940937457701
291,17,0.19401262841528685,0.7521940937457701
291,18,0.11101681951555356,0.7521940937457701
291,19,0.2403344911648587,0.7521940937457701
291,20,0.25532446722530855,0.7521940937457701
291,21,0.7377435433675746,0.7521940937457701
291,22,0.37738959044493303,0.7521940937457701
291,23,0.18491187743116066,0.7521940937457701
291,24,0.4986257511741677,0.7521940937457701
292,1,0.48173944276766717,0.79074126961386
292,2,0.5113431145683832,0.79074126961386
292,3,0.4703457471653924,0.79074126961386
292,4,0.1575457721122937,0.79074126961386
292,5,0.4488055069167391,0.79074126961386
292,6,0.3953938460420024,0.79074126961386
292,7,0.21848578289368448,0.79074126961386
292,8,0.37127035986326284,0.79074126961386
292,9,0.31620551305226874,0.79074126961386
292,10,0.0,0.79074126961386
292,11,0.21854854771551674,0.79074126961386
292,12,0.5790732876691747,0.79074126961386
292,13,0.5879955567507049,0.79074126961386
292,14,0.025689842839523393,0.79074126961386
292,15,0.3823747778549218,0.79074126961386
292,16,0.24278650118619224,0.79074126961386
292,17,0.14844687783975286,0.79074126961386
292,18,0.240821628647496,0.79074126961386
292,19,0.0743992549033683,0.79074126961386
292,20,0.20657365535443784,0.79074126961386
292,21,0.4422338389980417,0.79074126961386
292,22,0.13163270929632884,0.79074126961386
292,23,0.15902288378988771,0.79074126961386
292,24,0.3632231425446637,0.79074126961386
293,1,0.382100670827218,0.849784893658667
293,2,0.515783542121927,0.849784893658667
293,3,0.3619031280349457,0.849784893658667
293,4,0.2609194217191873,0.849784893658667
293,5,0.3408984654013649,0.849784893658667
293,6,0.37464930068059993,0.849784893658667
293,7,0.27634455591914425,0.849784893658667
293,8,0.22890079698350824,0.849784893658667
293,9,0.44071780192633964,0.849784893658667
293,10,0.10522268987819837,0.849784893658667
293,11,0.2221308629591087,0.849784893658667
293,12,0.527657009874494,0.849784893658667
293,13,0.6047799184628606,0.849784893658667
293,14,0.09227997657897408,0.849784893658667
293,15,0.2343989233188747,0.849784893658667
293,16,0.36585613774257,0.849784893658667
293,17,0.22343303435211545,0.849784893658667
293,18,0.11949087490969368,0.849784893658667
293,19,0.10077103932973223,0.849784893658667
293,20,0.30598509943658014,0.849784893658667
293,21,0.28124482365881504,0.849784893658667
293,22,0.3152580923177515,0.849784893658667
293,23,0.2167069507287125,0.849784893658667
293,24,0.37707699060462074,0.849784893658667
294,1,0.3871493143429481,0.8309364699551935
294,2,0.39157206514840587,0.8309364699551935
294,3,0.35579317594095483,0.8309364699551935
294,4,0.31933610983375577,0.8309364699551935
294,5,0.34525662429725573,0.8309364699551935
294,6,0.3526194296469115,0.8309364699551935
294,7,0.4091937575799113,0.8309364699551935
294,8,0.4149548113978163,0.8309364699551935
294,9,0.38868906260140407,0.8309364699551935
294,10,0.0790700136111544,0.8309364699551935
294,11,0.30440273784700134,0.8309364699551935
294,12,0.40925574784854335,0.8309364699551935
294,13,0.5566369587992105,0.8309364699551935
294,14,0.3046161257404971,0.8309364699551935
294,15,0.0018080892680487348,0.8309364699551935
294,16,0.2573554898177517,0.8309364699551935
294,17,0.18510128657284558,0.8309364699551935
294,18,0.15472040997061798,0.8309364699551935
294,19,0.19588693602431984,0.8309364699551935
294,20,0.3603049908713994,0.8309364699551935
294,21,0.31732395990179907,0.8309364699551935
294,22,0.18040951603805921,0.8309364699551935
294,23,0.16605044912007794,0.8309364699551935
294,24,0.6063564462490564,0.8309364699551935
295,1,0.36226476734574997,0.8524285588764868
295,2,0.288751982296854,0.8524285588764868
295,3,0.3183880115812656,0.8524285588764868
295,4,0.3806632176982888,0.8524285588764868
295,5,0.372827194579626,0.8524285588764868
295,6,0.5053542095787698,0.8524285588764868
295,7,0.3886561692715972,0.8524285588764868
295,8,0.5184888841359107,0.8524285588764868
295,9,0.25105745076589914,0.8524285588764868
295,10,0.33257424013643155,0.8524285588764868
295,11,0.33925761284142797,0.8524285588764868
295,12,0.3313447381384967,0.8524285588764868
295,13,0.2486921089824367,0.8524285588764868
295,14,0.35104980037700195,0.8524285588764868
295,15,0.04431463729529967,0.8524285588764868
295,16,0.42992459823753726,0.8524285588764868
295,17,0.09113352915472323,0.8524285588764868
295,18,0.08932609748379003,0.8524285588764868
295,19,0.15588248901180182,0.8524285588764868
295,20,0.48992137539334446,0.8524285588764868
295,21,0.38201077504015335,0.8524285588764868
295,22,0.40587578870001007,0.8524285588764868
295,23,0.2203986574123989,0.8524285588764868
295,24,0.6782530802399785,0.8524285588764868
296,1,0.2987106621072831,0.792238534449572
296,2,0.2907150060360043,0.792238534449572
296,3,0.384750277125601,0.792238534449572
296,4,0.34568592214476346,0.792238534449572
296,5,0.38450281960340815,0.792238534449572
296,6,0.5482176999082964,0.792238534449572
296,7,0.4029245694895855,0.792238534449572
296,8,0.3137823339445209,0.792238534449572
296,9,0.3407817395671172,0.792238534449572
296,10,0.319354112294668,0.792238534449572
296,11,0.19467779479945338,0.792238534449572
296,12,0.2574750980594667,0.792238534449572
296,13,0.09673093020251866,0.792238534449572
296,14,0.4776686926778583,0.792238534449572
296,15,0.031105119109039167,0.792238534449572
296,16,0.26742665723664993,0.792238534449572
296,17,0.13509450271196477,0.792238534449572
296,18,0.018166790312713108,0.792238534449572
296,19,0.059712221427581924,0.792238534449572
296,20,0.5016761838020992,0.792238534449572
296,21,0.3645599224047635,0.792238534449572
296,22,0.4985179851920909,0.792238534449572
296,23,0.4209274257158061,0.792238534449572
296,24,0.6776276579224629,0.792238534449572
297,1,0.5208966529409593,0.8701026607969458
297,2,0.4916613248657843,0.8701026607969458
297,3,0.0602052500262405,0.8701026607969458
297,4,0.3927083611815117,0.8701026607969458
297,5,0.27599638249519354,0.8701026607969458
297,6,0.649561675717746,0.8701026607969458
297,7,0.32288423433367563,0.8701026607969458
297,8,0.47708608604752356,0.8701026607969458
297,9,0.20675815990678367,0.8701026607969458
297,10,0.40791428205716745,0.8701026607969458
297,11,0.1791043080579153,0.8701026607969458
297,12,0.34482202869456435,0.8701026607969458
297,13,0.23859146226771444,0.8701026607969458
297,14,0.5027758062140198,0.8701026607969458
297,15,0.05756754923240305,0.8701026607969458
297,16,0.34965847699021324,0.8701026607969458
297,17,0.19726829169078847,0.8701026607969458
297,18,0.1621011368735027,0.8701026607969458
297,19,0.14279618055744686,0.8701026607969458
297,20,0.2520097718301535,0.8701026607969458
297,21,0.27735561881837945,0.8701026607969458
297,22,0.4493070122594608,0.8701026607969458
297,23,0.291466801609983,0.8701026607969458
297,24,0.6151972740218007,0.8701026607969458
298,1,0.49349049650892174,0.9214911706274318
298,2,0.5697957194026836,0.9214911706274318
298,3,0.1880501061398357,0.9214911706274318
298,4,0.3908680106760255,0.9214911706274318
298,5,0.431938198622809,0.9214911706274318
298,6,0.456504216190994,0.9214911706274318
298,7,0.3242805567448007,0.9214911706274318
298,8,0.36481842266070286,0.9214911706274318
298,9,0.3889757182567335,0.9214911706274318
298,10,0.6060796304053697,0.9214911706274318
298,11,0.17357308276949135,0.9214911706274318
298,12,0.34834480166492,0.9214911706274318
298,13,0.3296890839167272,0.9214911706274318
298,14,0.5374596624017555,0.9214911706274318
298,15,0.08333602904129747,0.9214911706274318
298,16,0.19706754000612808,0.9214911706274318
298,17,0.12485126345598019,0.9214911706274318
298,18,0.22233591906992173,0.9214911706274318
298,19,0.12215974101434168,0.9214911706274318
298,20,0.2262269991991004,0.9214911706274318
298,21,0.20331479702084168,0.9214911706274318
298,22,0.42196218774351196,0.9214911706274318
298,23,0.22422269972904857,0.9214911706274318
298,24,0.4526962824741424,0.9214911706274318
299,1,0.5878057676484615,0.8203840340794707
299,2,0.8379352354286267,0.8203840340794707
299,3,0.0,0.8203840340794707
299,4,0.44829562974813575,0.8203840340794707
299,5,0.3019960604431339,0.8203840340794707
299,6,0.34403954816961096,0.8203840340794707
299,7,0.27456730811290214,0.8203840340794707
299,8,0.15716037568593136,0.8203840340794707
299,9,0.2764692425083778,0.8203840340794707
299,10,0.5199491067589591,0.8203840340794707
299,11,0.09135810617444212,0.8203840340794707
299,12,0.4216315213444677,0.8203840340794707
299,13,0.4294973666051402,0.8203840340794707
299,14,0.7398737377864515,0.8203840340794707
299,15,0.12611651951096745,0.8203840340794707
299,16,0.12195513460602819,0.8203840340794707
299,17,0.08530369641692459,0.8203840340794707
299,18,0.1992645107486042,0.8203840340794707
299,19,0.0,0.8203840340794707
299,20,0.1862012148694919,0.8203840340794707
299,21,0.36881316816689547,0.8203840340794707
299,22,0.49935635833683595,0.8203840340794707
299,23,0.27259893971456045,0.8203840340794707
299,24,0.41563418231391147,0.8203840340794707
300,1,0.4152156403438668,0.8906170413127386
300,2,0.95,0.8906170413127386
300,3,0.0,0.8906170413127386
300,4,0.3361906518245352,0.8906170413127386
300,5,0.40628947579336283,0.8906170413127386
300,6,0.3451724278362009,0.8906170413127386
300,7,0.19990230472715592,0.8906170413127386
300,8,0.32869048560575065,0.8906170413127386
300,9,0.2181613337778941,0.8906170413127386
300,10,0.4449248368325417,0.8906170413127386
300,11,0.1308112633997368,0.8906170413127386
300,12,0.35071603630067194,0.8906170413127386
300,13,0.4525239798513699,0.8906170413127386
300,14,0.5635929455883172,0.8906170413127386
300,15,0.0,0.8906170413127386
300,16,0.14096498082953904,0.8906170413127386
300,17,0.269683147469963,0.8906170413127386
300,18,0.1378908847345529,0.8906170413127386
300,19,0.08878250510267623,0.8906170413127386
300,20,0.025737946425217872,0.8906170413127386
300,21,0.5492620306231879,0.8906170413127386
300,22,0.5310031457320344,0.8906170413127386
300,23,0.3757232270357499,0.8906170413127386
300,24,0.4735618758938045,0.8906170413127386
301,1,0.4813873142092199,0.9425493837563
301,2,0.6544613447473494,0.9425493837563
301,3,0.0,0.9425493837563
301,4,0.2097012516903445,0.9425493837563
301,5,0.07167870057130638,0.9425493837563
301,6,0.4081632961445338,0.9425493837563
301,7,0.11296463929512268,0.9425493837563
301,8,0.2407698508469362,0.9425493837563
301,9,0.21806403314222195,0.9425493837563
301,10,0.3413042509098304,0.9425493837563
301,11,0.25516646489952594,0.9425493837563
301,12,0.3244660485561803,0.9425493837563
301,13,0.4794736972768711,0.9425493837563
301,14,0.45654426130288295,0.9425493837563
301,15,0.0588620381496261,0.9425493837563
301,16,0.0,0.9425493837563
301,17,0.2663172175873628,0.9425493837563
301,18,0.2192445322576021,0.9425493837563
301,19,0.04281118435159244,0.9425493837563
301,20,0.08898326958713837,0.9425493837563
301,21,0.4156147969703987,0.9425493837563
301,22,0.8517231651965347,0.9425493837563
301,23,0.44823302569966766,0.9425493837563
301,24,0.5354294731050482,0.9425493837563
302,1,0.5752908456821277,0.908479089979269
302,2,0.4202291669363195,0.908479089979269
302,3,0.0,0.908479089979269
302,4,0.13735067774213872,0.908479089979269
302,5,0.034280243676286404,0.908479089979269
302,6,0.30564275324406354,0.908479089979269
302,7,0.1509659581932188,0.908479089979269
302,8,0.3117688016674342,0.908479089979269
302,9,0.023045871580810118,0.908479089979269
302,10,0.10958838038903701,0.908479089979269
302,11,0.31110345732043043,0.908479089979269
302,12,0.27603045773618395,0.908479089979269
302,13,0.39711046168522357,0.908479089979269
302,14,0.48866819044332754,0.908479089979269
302,15,0.051766023577107426,0.908479089979269
302,16,0.0,0.908479089979269
302,17,0.2334556593340047,0.908479089979269
302,18,0.1060462957294355,0.908479089979269
302,19,0.0,0.908479089979269
302,20,0.027596067341463512,0.908479089979269
302,21,0.2474651759716884,0.908479089979269
302,22,0.9265865426510406,0.908479089979269
302,23,0.41347338169151104,0.908479089979269
302,24,0.36270944491147417,0.908479089979269
303,1,0.7445340717034481,0.9051912109474479
303,2,0.37498829226599845,0.9051912109474479
303,3,0.0,0.9051912109474479
303,4,0.3511559944974542,0.9051912109474479
303,5,0.09404411032644844,0.9051912109474479
303,6,0.2908248633368323,0.9051912109474479
303,7,0.1302280846935481,0.9051912109474479
303,8,0.20932176453697743,0.9051912109474479
303,9,0.02266021974552085,0.9051912109474479
303,10,0.316762044590409,0.9051912109474479
303,11,0.10003488665741392,0.9051912109474479
303,12,0.45983109107389647,0.9051912109474479
303,13,0.4842185349718536,0.9051912109474479
303,14,0.5323381758853891,0.9051912109474479
303,15,0.022833743991379815,0.9051912109474479
303,16,0.07153775192960353,0.9051912109474479
303,17,0.2582601742454582,0.9051912109474479
303,18,0.11078785136351445,0.9051912109474479
303,19,0.26893359608008277,0.9051912109474479
303,20,0.0005803119083689218,0.9051912109474479
303,21,0.1914399759154542,0.9051912109474479
303,22,0.7253776112128155,0.9051912109474479
303,23,0.34655172829919495,0.9051912109474479
303,24,0.3488406984173565,0.9051912109474479
304,1,0.47156887044062534,0.9514466896261888
304,2,0.3383216270313206,0.9514466896261888
304,3,0.0607394812142214,0.9514466896261888
304,4,0.3269267687232194,0.9514466896261888
304,5,0.10843197073614308,0.9514466896261888
304,6,0.18512775482598054,0.9514466896261888
304,7,0.027279779817737604,0.9514466896261888
304,8,0.10163069454823544,0.9514466896261888
304,9,0.13920192762840533,0.9514466896261888
304,10,0.3053499622318005,0.9514466896261888
304,11,0.06344271870493684,0.9514466896261888
304,12,0.46561574946449696,0.9514466896261888
304,13,0.43908313049099834,0.9514466896261888
304,14,0.5143070602910235,0.9514466896261888
304,15,0.04726481159669242,0.9514466896261888
304,16,0.2917198489761169,0.9514466896261888
304,17,0.2506661151879389,0.9514466896261888
304,18,0.0,0.9514466896261888
304,19,0.4646665170892994,0.9514466896261888
304,20,0.11849925014281334,0.9514466896261888
304,21,0.22817035999393903,0.9514466896261888
304,22,0.5668087931333647,0.9514466896261888
304,23,0.23172939845442397,0.9514466896261888
304,24,0.45937063268316797,0.9514466896261888
305,1,0.6229021204983896,0.8754168575858151
305,2,0.2691326876880903,0.8754168575858151
305,3,0.09380748747887119,0.8754168575858151
305,4,0.24620225540784918,0.8754168575858151
305,5,0.18774164963811124,0.8754168575858151
305,6,0.09839549146090483,0.8754168575858151
305,7,0.12221265460187422,0.8754168575858151
305,8,0.21103843234577227,0.8754168575858151
305,9,0.034857992943436,0.8754168575858151
305,10,0.17404317918765685,0.8754168575858151
305,11,0.10699522308677863,0.8754168575858151
305,12,0.37891651324831166,0.8754168575858151
305,13,0.32856714349106403,0.8754168575858151
305,14,0.5549510802581324,0.8754168575858151
305,15,0.05893830689382911,0.8754168575858151
305,16,0.5432160826318959,0.8754168575858151
305,17,0.17841241737360472,0.8754168575858151
305,18,0.1625700769721166,0.8754168575858151
305,19,0.43128436982232654,0.8754168575858151
305,20,0.2992395523918585,0.8754168575858151
305,21,0.09073484359081871,0.8754168575858151
305,22,0.3160456846762826,0.8754168575858151
305,23,0.3062450146804634,0.8754168575858151
305,24,0.4451259915010294,0.8754168575858151
306,1,0.6309843606960668,0.9367907622532028
306,2,0.2348689691200717,0.9367907622532028
306,3,0.0,0.9367907622532028
306,4,0.19711898198515598,0.9367907622532028
306,5,0.05562614338360855,0.9367907622532028
306,6,0.14793380586635824,0.9367907622532028
306,7,0.2881124489366269,0.9367907622532028
306,8,0.2925247919149365,0.9367907622532028
306,9,0.03953940335065331,0.9367907622532028
306,10,0.0680770206667051,0.9367907622532028
306,11,0.15025452929468247,0.9367907622532028
306,12,0.18545046185296876,0.9367907622532028
306,13,0.1711046453794599,0.9367907622532028
306,14,0.4250699325455689,0.9367907622532028
306,15,0.250138571241097,0.9367907622532028
306,16,0.5715858699535075,0.9367907622532028
306,17,0.0515727229558364,0.9367907622532028
306,18,0.10489549961142021,0.9367907622532028
306,19,0.5595905026792136,0.9367907622532028
306,20,0.3895871430194584,0.9367907622532028
306,21,0.17029004621302507,0.9367907622532028
306,22,0.4451626755240876,0.9367907622532028
306,23,0.1764670700499257,0.9367907622532028
306,24,0.149867795186944,0.9367907622532028
307,1,0.5791151868873476,0.9298783525959693
307,2,0.1699993168074926,0.9298783525959693
307,3,0.0099388859206763,0.9298783525959693
307,4,0.12408384258423508,0.9298783525959693
307,5,0.053852799763509276,0.9298783525959693
307,6,0.1602271640805152,0.9298783525959693
307,7,0.3525259660451372,0.9298783525959693
307,8,0.21452874564612928,0.9298783525959693
307,9,0.07661645421577924,0.9298783525959693
307,10,0.3775645139034396,0.9298783525959693
307,11,0.06843669605061956,0.9298783525959693
307,12,0.3410862239183299,0.9298783525959693
307,13,0.30451211968366504,0.9298783525959693
307,14,0.3856501918407956,0.9298783525959693
307,15,0.4374887247679811,0.9298783525959693
307,16,0.6452294541493568,0.9298783525959693
307,17,0.09521254524030683,0.9298783525959693
307,18,0.22408968366669607,0.9298783525959693
307,19,0.8332293963360368,0.9298783525959693
307,20,0.34647000777684317,0.9298783525959693
307,21,0.17274392199033187,0.9298783525959693
307,22,0.3312723112988165,0.9298783525959693
307,23,0.23393380492354776,0.9298783525959693
307,24,0.20133316894255526,0.9298783525959693
308,1,0.7435364134635715,0.9868414406939787
308,2,0.28357359520455516,0.9868414406939787
308,3,0.0,0.9868414406939787
308,4,0.26508893753161267,0.9868414406939787
308,5,0.16055108485714759,0.9868414406939787
308,6,0.27112893904307517,0.9868414406939787
308,7,0.37399323788339833,0.9868414406939787
308,8,0.03870353226115364,0.9868414406939787
308,9,0.1436712469035705,0.9868414406939787
308,10,0.42609854164301514,0.9868414406939787
308,11,0.1649469499732525,0.9868414406939787
308,12,0.33563332353661396,0.9868414406939787
308,13,0.31124517160319287,0.9868414406939787
308,14,0.5611581434524614,0.9868414406939787
308,15,0.3111994309165555,0.9868414406939787
308,16,0.5776170950783117,0.9868414406939787
308,17,0.27969750205202837,0.9868414406939787
308,18,0.08548381345299444,0.9868414406939787
308,19,0.7495476483153485,0.9868414406939787
308,20,0.07506201373925248,0.9868414406939787
308,21,0.25449088895996264,0.9868414406939787
308,22,0.40972198634833157,0.9868414406939787
308,23,0.4152797602810433,0.9868414406939787
308,24,0.061054562278513386,0.9868414406939787
309,1,0.7984258921455967,0.9551012227016729
309,2,0.11571307178681589,0.9551012227016729
309,3,0.07256356740319236,0.9551012227016729
309,4,0.194409512471318,0.9551012227016729
309,5,0.14930862373445242,0.9551012227016729
309,6,0.2933318380215726,0.9551012227016729
309,7,0.07318913472153243,0.9551012227016729
309,8,0.0,0.9551012227016729
309,9,0.15782847400900568,0.9551012227016729
309,10,0.2560431497462874,0.9551012227016729
309,11,0.2982272259285455,0.9551012227016729
309,12,0.3349246455612735,0.9551012227016729
309,13,0.49824389662134927,0.9551012227016729
309,14,0.4059503624219893,0.9551012227016729
309,15,0.18897088429333292,0.9551012227016729
309,16,0.6031552298316178,0.9551012227016729
309,17,0.3063877478027679,0.9551012227016729
309,18,0.13463343742977013,0.9551012227016729
309,19,0.7445545524159413,0.9551012227016729
309,20,0.13683778350515888,0.9551012227016729
309,21,0.030988270352752506,0.9551012227016729
309,22,0.2324218809967373,0.9551012227016729
309,23,0.3559658388377601,0.9551012227016729
309,24,0.0,0.9551012227016729
310,1,0.7690327815652024,0.9761345555714134
310,2,0.06329488513481397,0.9761345555714134
310,3,0.01961020882962919,0.9761345555714134
310,4,0.19882049897119913,0.9761345555714134
310,5,0.15098289721070027,0.9761345555714134
310,6,0.2591342107459028,0.9761345555714134
310,7,0.04591693630411495,0.9761345555714134
310,8,0.07264925916379011,0.9761345555714134
310,9,0.04335398590878001,0.9761345555714134
310,10,0.2626424557055017,0.9761345555714134
310,11,0.4405433328877414,0.9761345555714134
310,12,0.37235668401124244,0.9761345555714134
310,13,0.22043326057101326,0.9761345555714134
310,14,0.43661285317101073,0.9761345555714134
310,15,0.21672391892974693,0.9761345555714134
310,16,0.6876017816825035,0.9761345555714134
310,17,0.2747707801728847,0.9761345555714134
310,18,0.17912721251236147,0.9761345555714134
310,19,0.7546063604582742,0.9761345555714134
310,20,0.1645714562827845,0.9761345555714134
310,21,0.0,0.9761345555714134
310,22,0.19594249396160188,0.9761345555714134
310,23,0.11963314805242622,0.9761345555714134
310,24,0.2569634067961008,0.9761345555714134
311,1,0.712787229325609,1.0
311,2,0.10215508181453382,1.0
311,3,0.0,1.0
311,4,0.036137295719937845,1.0
311,5,0.3099066770997673,1.0
311,6,0.1376199344199426,1.0
311,7,0.06060926831219757,1.0
311,8,0.002883562565668338,1.0
311,9,0.09644649023194257,1.0
311,10,0.28422463967696443,1.0
311,11,0.3594021425355179,1.0
311,12,0.20217769273999853,1.0
311,13,0.20613790626195672,1.0
311,14,0.4188612741573825,1.0
311,15,0.19243527300862648,1.0
311,16,0.7449144219690089,1.0
311,17,0.22055321314241141,1.0
311,18,0.028411507481911152,1.0
311,19,0.7659114328755057,1.0
311,20,0.07599091502072397,1.0
311,21,0.0,1.0
311,22,0.07423008251050325,1.0
311,23,0.047468429350483746,1.0
311,24,0.15817736737543658,1.0
312,1,0.6717669091671549,0.9987878498108753
312,2,0.35576406571968777,0.9987878498108753
312,3,0.0,0.9987878498108753
312,4,0.1650791645524068,0.9987878498108753
312,5,0.18256174238268963,0.9987878498108753
312,6,0.11425156453531143,0.9987878498108753
312,7,0.06496432563515545,0.9987878498108753
312,8,0.11449668794864849,0.9987878498108753
312,9,0.0070756612841604005,0.9987878498108753
312,10,0.28448239487502675,0.9987878498108753
312,11,0.49278107171839136,0.9987878498108753
312,12,0.32239954388261727,0.9987878498108753
312,13,0.28499981810388386,0.9987878498108753
312,14,0.49133046948762604,0.9987878498108753
312,15,0.27704238398509246,0.9987878498108753
312,16,0.6462457337646315,0.9987878498108753
312,17,0.2338916266640463,0.9987878498108753
312,18,0.2813920671931203,0.9987878498108753
312,19,0.7753637453860527,0.9987878498108753
312,20,0.1984581338001835,0.9987878498108753
312,21,0.0,0.9987878498108753
312,22,0.34772438618349655,0.9987878498108753
312,23,0.12830062214564802,0.9987878498108753
312,24,0.11327692551617052,0.9987878498108753
313,1,0.9109713808945578,0.939534056121502
313,2,0.4936563430524028,0.939534056121502
313,3,0.11927598610666573,0.939534056121502
313,4,0.3146311260577678,0.939534056121502
313,5,0.16439864414034278,0.939534056121502
313,6,0.1653643696639062,0.939534056121502
313,7,0.04257264435707686,0.939534056121502
313,8,0.19661549084025218,0.939534056121502
313,9,0.0,0.939534056121502
313,10,0.33429317460180163,0.939534056121502
313,11,0.5968870361079436,0.939534056121502
313,12,0.10043217699504461,0.939534056121502
313,13,0.15141099593153348,0.939534056121502
313,14,0.5382173088165182,0.939534056121502
313,15,0.28819293916597843,0.939534056121502
313,16,0.5676367902591727,0.939534056121502
313,17,0.32997201515471913,0.939534056121502
313,18,0.3753559872004372,0.939534056121502
313,19,0.6755601569191225,0.939534056121502
313,20,0.24205916065941208,0.939534056121502
313,21,0.021338016243063224,0.939534056121502
313,22,0.3433499873145549,0.939534056121502
313,23,0.08122532408579126,0.939534056121502
313,24,0.10901505677169276,0.939534056121502
314,1,0.72515878033939,0.9646223433084449
314,2,0.33869444655013525,0.9646223433084449
314,3,0.24670650554630036,0.9646223433084449
314,4,0.35485154686454473,0.9646223433084449
314,5,0.2874875436423311,0.9646223433084449
314,6,0.11113786100865615,0.9646223433084449
314,7,0.21004165794725216,0.9646223433084449
314,8,0.3613902414028982,0.9646223433084449
314,9,0.08595493772178785,0.9646223433084449
314,10,0.2223324731487316,0.9646223433084449
314,11,0.4243924714744075,0.9646223433084449
314,12,0.41076086560642455,0.9646223433084449
314,13,0.0,0.9646223433084449
314,14,0.3514494240227248,0.9646223433084449
314,15,0.06629420617727691,0.9646223433084449
314,16,0.6741932876394576,0.9646223433084449
314,17,0.3503934809047667,0.9646223433084449
314,18,0.3005938564012004,0.9646223433084449
314,19,0.6729551498312422,0.9646223433084449
314,20,0.31218128424283137,0.9646223433084449
314,21,0.16977501734329772,0.9646223433084449
314,22,0.4351531469974042,0.9646223433084449
314,23,0.10958085663453151,0.9646223433084449
314,24,0.15287707696977682,0.9646223433084449
315,1,0.6128082243656902,0.9353217640141582
315,2,0.35336723193361613,0.9353217640141582
315,3,0.0,0.9353217640141582
315,4,0.4212114408277676,0.9353217640141582
315,5,0.2823891271603256,0.9353217640141582
315,6,0.3226634508083547,0.9353217640141582
315,7,0.41313774824797644,0.9353217640141582
315,8,0.32996887167666333,0.9353217640141582
315,9,0.09034454014890773,0.9353217640141582
315,10,0.16704499546881835,0.9353217640141582
315,11,0.4758621609878995,0.9353217640141582
315,12,0.6007337552661722,0.9353217640141582
315,13,0.1327073072647284,0.9353217640141582
315,14,0.35673660322229533,0.9353217640141582
315,15,0.2519813860944113,0.9353217640141582
315,16,0.8384940829018479,0.9353217640141582
315,17,0.5261005598230966,0.9353217640141582
315,18,0.31741210714627693,0.9353217640141582
315,19,0.67152309209301,0.9353217640141582
315,20,0.4377013983129498,0.9353217640141582
315,21,0.3165257433504263,0.9353217640141582
315,22,0.32240434575122234,0.9353217640141582
315,23,0.04513191905517025,0.9353217640141582
315,24,0.14899745959442995,0.9353217640141582
316,1,0.5474221684000022,0.9408290632745259
316,2,0.40422231256434926,0.9408290632745259
316,3,0.15154415350875963,0.9408290632745259
316,4,0.561406907248065,0.9408290632745259
316,5,0.3174374567187916,0.9408290632745259
316,6,0.3439020889407723,0.9408290632745259
316,7,0.34717208481952805,0.9408290632745259
316,8,0.19709917777264543,0.9408290632745259
316,9,0.09207994802334571,0.9408290632745259
316,10,0.12439458014624306,0.9408290632745259
316,11,0.5100402113626605,0.9408290632745259
316,12,0.4615208189811105,0.9408290632745259
316,13,0.16316352009194202,0.9408290632745259
316,14,0.42846946348268594,0.9408290632745259
316,15,0.4008037279102138,0.9408290632745259
316,16,0.7357202625458167,0.9408290632745259
316,17,0.39907036025895265,0.9408290632745259
316,18,0.21416967551626226,0.9408290632745259
316,19,0.7386720252946588,0.9408290632745259
316,20,0.42487978146895206,0.9408290632745259
316,21,0.3625238897124636,0.9408290632745259
316,22,0.41090152396717083,0.9408290632745259
316,23,0.1235253761845204,0.9408290632745259
316,24,0.3777544703608946,0.9408290632745259
317,1,0.5411231306033756,0.9435447755808007
317,2,0.3594485070856161,0.9435447755808007
317,3,0.16494526818628533,0.9435447755808007
317,4,0.6031987374155066,0.9435447755808007
317,5,0.22301190878577176,0.9435447755808007
317,6,0.15120028632640364,0.9435447755808007
317,7,0.28552586937134183,0.9435447755808007
317,8,0.3229238159094419,0.9435447755808007
317,9,0.273891311979377,0.9435447755808007
317,10,0.1367119565912513,0.9435447755808007
317,11,0.43774880012723727,0.9435447755808007
317,12,0.36318097927483944,0.9435447755808007
317,13,0.2496131835788824,0.9435447755808007
317,14,0.5208295707422322,0.9435447755808007
317,15,0.40515496947667495,0.9435447755808007
317,16,0.5347034776679105,0.9435447755808007
317,17,0.5189643771239167,0.9435447755808007
317,18,0.29726376696634177,0.9435447755808007
317,19,0.8423149927995686,0.9435447755808007
317,20,0.3215844179010309,0.9435447755808007
317,21,0.254574144680662,0.9435447755808007
317,22,0.5709669838809489,0.9435447755808007
317,23,0.1045186835049137,0.9435447755808007
317,24,0.24206458511791673,0.9435447755808007
318,1,0.6563305360510374,0.9253917994540792
318,2,0.3746945538005033,0.9253917994540792
318,3,0.3073166060482989,0.9253917994540792
318,4,0.7197903560578216,0.9253917994540792
318,5,0.20718114466295304,0.9253917994540792
318,6,0.24014043702284033,0.9253917994540792
318,7,0.3821274077047837,0.9253917994540792
318,8,0.5119846763387019,0.9253917994540792
318,9,0.28892632466811224,0.9253917994540792
318,10,0.0,0.9253917994540792
318,11,0.43308656208380214,0.9253917994540792
318,12,0.3401707602294685,0.9253917994540792
318,13,0.37427058954509507,0.9253917994540792
318,14,0.410147481524759,0.9253917994540792
318,15,0.3148481726310261,0.9253917994540792
318,16,0.6244032573169405,0.9253917994540792
318,17,0.5223668313713187,0.9253917994540792
318,18,0.15365320085420303,0.9253917994540792
318,19,0.6366712183579091,0.9253917994540792
318,20,0.32989664068298596,0.9253917994540792
318,21,0.15364064922296228,0.9253917994540792
318,22,0.4692865879785641,0.9253917994540792
318,23,0.19595501120989411,0.9253917994540792
318,24,0.11290085981631229,0.9253917994540792
319,1,0.5412777784460684,0.9367123007007088
319,2,0.34728708148348053,0.9367123007007088
319,3,0.3608249010392558,0.9367123007007088
319,4,0.6230386760903989,0.9367123007007088
319,5,0.38470905051603466,0.9367123007007088
319,6,0.017640704432938192,0.9367123007007088
319,7,0.30627800841267866,0.9367123007007088
319,8,0.6943188144318402,0.9367123007007088
319,9,0.3528169388739915,0.9367123007007088
319,10,0.0,0.9367123007007088
319,11,0.3657258505812139,0.9367123007007088
319,12,0.2977934093737139,0.9367123007007088
319,13,0.22060135952236218,0.9367123007007088
319,14,0.48378705490517415,0.9367123007007088
319,15,0.478246633785827,0.9367123007007088
319,16,0.6572563196673396,0.9367123007007088
319,17,0.19621298952050015,0.9367123007007088
319,18,0.2522347699334566,0.9367123007007088
319,19,0.5998446007975778,0.9367123007007088
319,20,0.48310620590113584,0.9367123007007088
319,21,0.1842683321216872,0.9367123007007088
319,22,0.3948471529901078,0.9367123007007088
319,23,0.22036950712278677,0.9367123007007088
319,24,0.08526939907947545,0.9367123007007088
320,1,0.45382692030545396,0.969261229755514
320,2,0.5290933070788947,0.969261229755514
320,3,0.38789119654496007,0.969261229755514
320,4,0.6169308171288203,0.969261229755514
320,5,0.4145910783274154,0.969261229755514
320,6,0.21657529515749618,0.969261229755514
320,7,0.4076777409155775,0.969261229755514
320,8,0.6052898424045241,0.969261229755514
320,9,0.044127638539888825,0.969261229755514
320,10,0.0,0.969261229755514
320,11,0.2923326430808356,0.969261229755514
320,12,0.328607831585784,0.969261229755514
320,13,0.4446518703820366,0.969261229755514
320,14,0.4603531559500502,0.969261229755514
320,15,0.3221072457252506,0.969261229755514
320,16,0.6889971867813313,0.969261229755514
320,17,0.12331223832659066,0.969261229755514
320,18,0.2605442255051167,0.969261229755514
320,19,0.5778019524289759,0.969261229755514
320,20,0.38174724168733065,0.969261229755514
320,21,0.017026482931527948,0.969261229755514
320,22,0.3368887098867592,0.969261229755514
320,23,0.1300624224259994,0.969261229755514
320,24,0.04506713407300983,0.969261229755514
321,1,0.4704346792599527,0.9416300385268799
321,2,0.5254427276433411,0.9416300385268799
321,3,0.3632024016503683,0.9416300385268799
321,4,0.49695751189422044,0.9416300385268799
321,5,0.38785660868047694,0.9416300385268799
321,6,0.033744808745320765,0.9416300385268799
321,7,0.2843659298157688,0.9416300385268799
321,8,0.5593137324522025,0.9416300385268799
321,9,0.0,0.9416300385268799
321,10,0.09127724815441134,0.9416300385268799
321,11,0.12724803206484456,0.9416300385268799
321,12,0.09534282646777267,0.9416300385268799
321,13,0.3938349154318619,0.9416300385268799
321,14,0.5328957703350765,0.9416300385268799
321,15,0.29204795109892084,0.9416300385268799
321,16,0.6739467862943647,0.9416300385268799
321,17,0.14549402867886935,0.9416300385268799
321,18,0.13608496332514597,0.9416300385268799
321,19,0.2502329834206216,0.9416300385268799
321,20,0.20889498168139037,0.9416300385268799
321,21,0.12276317625499489,0.9416300385268799
321,22,0.32306072009964615,0.9416300385268799
321,23,0.09629333989440576,0.9416300385268799
321,24,0.0,0.9416300385268799
322,1,0.6307604601340785,0.9446123426326936
322,2,0.4915441358195721,0.9446123426326936
322,3,0.19684393656988516,0.9446123426326936
322,4,0.2926842092300428,0.9446123426326936
322,5,0.4689150925458105,0.9446123426326936
322,6,0.024800943179292184,0.9446123426326936
322,7,0.37714588921527736,0.9446123426326936
322,8,0.4632538521939742,0.9446123426326936
322,9,0.019527643948311198,0.9446123426326936
322,10,0.0,0.9446123426326936
322,11,0.16437200989747588,0.9446123426326936
322,12,0.2665782599049588,0.9446123426326936
322,13,0.622150513786785,0.9446123426326936
322,14,0.39405352785904596,0.9446123426326936
322,15,0.05029308592180437,0.9446123426326936
322,16,0.5298686394747534,0.9446123426326936
322,17,0.18867636283231617,0.9446123426326936
322,18,0.35301408162270176,0.9446123426326936
322,19,0.2956072735324328,0.9446123426326936
322,20,0.16832871710939765,0.9446123426326936
322,21,0.3906136816405984,0.9446123426326936
322,22,0.24274917213612496,0.9446123426326936
322,23,0.14909051128511092,0.9446123426326936
322,24,0.2312836311982536,0.9446123426326936
323,1,0.41089248661913924,0.8934189526266485
323,2,0.4744086386990264,0.8934189526266485
323,3,0.32502065304154093,0.8934189526266485
323,4,0.15887856263708117,0.8934189526266485
323,5,0.5980873440082596,0.8934189526266485
323,6,0.0,0.8934189526266485
323,7,0.3876870430057877,0.8934189526266485
323,8,0.47731293479132725,0.8934189526266485
323,9,0.22470954389100997,0.8934189526266485
323,10,0.11806658117943139,0.8934189526266485
323,11,0.22177289423028074,0.8934189526266485
323,12,0.23115810792985086,0.8934189526266485
323,13,0.5740132607092041,0.8934189526266485
323,14,0.46951060457369487,0.8934189526266485
323,15,0.089019741513716,0.8934189526266485
323,16,0.10305229417671746,0.8934189526266485
323,17,0.2995335903391159,0.8934189526266485
323,18,0.21241221666173374,0.8934189526266485
323,19,0.30415468543953145,0.8934189526266485
323,20,0.37277873869078393,0.8934189526266485
323,21,0.3471293590815392,0.8934189526266485
323,22,0.1675639809025543,0.8934189526266485
323,23,0.1984533433523853,0.8934189526266485
323,24,0.36116730119354545,0.8934189526266485
324,1,0.40934299469827046,0.8783689987813366
324,2,0.5300938713376687,0.8783689987813366
324,3,0.4978586705208399,0.8783689987813366
324,4,0.21068802125253164,0.8783689987813366
324,5,0.4557225906590626,0.8783689987813366
324,6,0.0,0.8783689987813366
324,7,0.277980650659405,0.8783689987813366
324,8,0.26161977334674036,0.8783689987813366
324,9,0.0,0.8783689987813366
324,10,0.25833228462859803,0.8783689987813366
324,11,0.21081687291560924,0.8783689987813366
324,12,0.2009451186874936,0.8783689987813366
324,13,0.7091222320808594,0.8783689987813366
324,14,0.4576823607708037,0.8783689987813366
324,15,0.11699655624679331,0.8783689987813366
324,16,0.2676427674732683,0.8783689987813366
324,17,0.32256552161321994,0.8783689987813366
324,18,0.01504936249145733,0.8783689987813366
324,19,0.32673636621842694,0.8783689987813366
324,20,0.4971796515809448,0.8783689987813366
324,21,0.32344172533483523,0.8783689987813366
324,22,0.18619658770953185,0.8783689987813366
324,23,0.23845307710657737,0.8783689987813366
324,24,0.43663090609561905,0.8783689987813366
325,1,0.34281609062905133,0.8327017168374202
325,2,0.4389702385904904,0.8327017168374202
325,3,0.4171653881962076,0.8327017168374202
325,4,0.2635546873080933,0.8327017168374202
325,5,0.1734958213834633,0.8327017168374202
325,6,0.0,0.8327017168374202
325,7,0.42526743018659907,0.8327017168374202
325,8,0.2012314980096575,0.8327017168374202
325,9,0.1253210679720859,0.8327017168374202
325,10,0.3860092813336476,0.8327017168374202
325,11,0.2712015070793373,0.8327017168374202
325,12,0.30160810655604914,0.8327017168374202
325,13,0.6732792933521059,0.8327017168374202
325,14,0.5866723793428772,0.8327017168374202
325,15,0.29537458427137686,0.8327017168374202
325,16,0.480139714430995,0.8327017168374202
325,17,0.25667399972919586,0.8327017168374202
325,18,0.03582513846152635,0.8327017168374202
325,19,0.33400418800358406,0.8327017168374202
325,20,0.45363739015209653,0.8327017168374202
325,21,0.6231493487804767,0.8327017168374202
325,22,0.17681253291015578,0.8327017168374202
325,23,0.13551457005857817,0.8327017168374202
325,24,0.2652436066635584,0.8327017168374202
326,1,0.2877149620733433,0.8450474993393808
326,2,0.4616613356134067,0.8450474993393808
326,3,0.5172820110781366,0.8450474993393808
326,4,0.21044684011261508,0.8450474993393808
326,5,0.07163249954866874,0.8450474993393808
326,6,0.0,0.8450474993393808
326,7,0.4507525843173568,0.8450474993393808
326,8,0.1203712275131493,0.8450474993393808
326,9,0.30089073565200075,0.8450474993393808
326,10,0.32332156000123863,0.8450474993393808
326,11,0.31217203347632055,0.8450474993393808
326,12,0.27377850619231275,0.8450474993393808
326,13,0.6836031955791054,0.8450474993393808
326,14,0.5016371211963522,0.8450474993393808
326,15,0.3781399151283037,0.8450474993393808
326,16,0.490563671660194,0.8450474993393808
326,17,0.27062315959887234,0.8450474993393808
326,18,0.0,0.8450474993393808
326,19,0.37065566537880595,0.8450474993393808
326,20,0.4542865259617781,0.8450474993393808
326,21,0.36771383856543427,0.8450474993393808
326,22,0.022378135145382005,0.8450474993393808
326,23,0.11451089896389818,0.8450474993393808
326,24,0.28393374608092153,0.8450474993393808
327,1,0.0,0.8955617577025592
327,2,0.35368515997898686,0.8955617577025592
327,3,0.5762250731088725,0.8955617577025592
327,4,0.23881955707877076,0.8955617577025592
327,5,0.18869664634573496,0.8955617577025592
327,6,0.22133951291063272,0.8955617577025592
327,7,0.3309544810863104,0.8955617577025592
327,8,0.14310613862491361,0.8955617577025592
327,9,0.29045747028984453,0.8955617577025592
327,10,0.28164033957594,0.8955617577025592
327,11,0.33021640359417354,0.8955617577025592
327,12,0.12815818732413103,0.8955617577025592
327,13,0.6064384136377489,0.8955617577025592
327,14,0.4803660950569166,0.8955617577025592
327,15,0.32961814751405416,0.8955617577025592
327,16,0.3077806419365746,0.8955617577025592
327,17,0.23083551534082858,0.8955617577025592
327,18,0.0,0.8955617577025592
327,19,0.33528462587875846,0.8955617577025592
327,20,0.25996590004736947,0.8955617577025592
327,21,0.4842664096579391,0.8955617577025592
327,22,0.15225158364029595,0.8955617577025592
327,23,0.20961242121843754,0.8955617577025592
327,24,0.31117215391456754,0.8955617577025592
328,1,0.03147715537268027,0.863941989439671
328,2,0.2377073464119459,0.863941989439671
328,3,0.4344142006719327,0.863941989439671
328,4,0.2699604794192074,0.863941989439671
328,5,0.12511296367594482,0.863941989439671
328,6,0.3067396273872318,0.863941989439671
328,7,0.22154381488117542,0.863941989439671
328,8,0.3113933383142217,0.863941989439671
328,9,0.28500023517699624,0.863941989439671
328,10,0.13462599453998672,0.863941989439671
328,11,0.31707272089419186,0.863941989439671
328,12,0.042142507070747195,0.863941989439671
328,13,0.5103229677993566,0.863941989439671
328,14,0.3046961424044937,0.863941989439671
328,15,0.15342085594326804,0.863941989439671
328,16,0.23398914431772552,0.863941989439671
328,17,0.15122135424589156,0.863941989439671
328,18,0.0,0.863941989439671
328,19,0.35458299335537113,0.863941989439671
328,20,0.2324680831819494,0.863941989439671
328,21,0.4985667538283563,0.863941989439671
328,22,0.18669642965124472,0.863941989439671
328,23,0.034787727276619995,0.863941989439671
328,24,0.43644022086540274,0.863941989439671
329,1,0.16219799000806528,0.8310120170077112
329,2,0.24697019526160519,0.8310120170077112
329,3,0.43029819354178733,0.8310120170077112
329,4,0.2699324925250624,0.8310120170077112
329,5,0.017284695897007235,0.8310120170077112
329,6,0.28228200131244674,0.8310120170077112
329,7,0.3350274184474321,0.8310120170077112
329,8,0.2821667367828258,0.8310120170077112
329,9,0.39898397229505156,0.8310120170077112
329,10,0.1856668987950139,0.8310120170077112
329,11,0.41462871560933556,0.8310120170077112
329,12,0.22232751235084813,0.8310120170077112
329,13,0.46423151903562465,0.8310120170077112
329,14,0.14656647300392814,0.8310120170077112
329,15,0.09703950195520829,0.8310120170077112
329,16,0.09875411678504387,0.8310120170077112
329,17,0.25844993900531593,0.8310120170077112
329,18,0.1637088189394534,0.8310120170077112
329,19,0.4379187115915182,0.8310120170077112
329,20,0.16831901514907027,0.8310120170077112
329,21,0.3177779223142958,0.8310120170077112
329,22,0.1341074817555915,0.8310120170077112
329,23,0.15318563209962832,0.8310120170077112
329,24,0.455377835078142,0.8310120170077112
330,1,0.44588006536471536,0.7874067656018641
330,2,0.15305782441700705,0.7874067656018641
330,3,0.1908788404380149,0.7874067656018641
330,4,0.41593580050536116,0.7874067656018641
330,5,0.13828567065540157,0.7874067656018641
330,6,0.22916359464726704,0.7874067656018641
330,7,0.6083940110634486,0.7874067656018641
330,8,0.1340460861957862,0.7874067656018641
330,9,0.41971068321725913,0.7874067656018641
330,10,0.1712503619831898,0.7874067656018641
330,11,0.46571519715739934,0.7874067656018641
330,12,0.06473757923768833,0.7874067656018641
330,13,0.3527607875147585,0.7874067656018641
330,14,0.18324149403430218,0.7874067656018641
330,15,0.08437432894549252,0.7874067656018641
330,16,0.2256525769298689,0.7874067656018641
330,17,0.0,0.7874067656018641
330,18,0.12211585722942905,0.7874067656018641
330,19,0.3470408956188726,0.7874067656018641
330,20,0.13481493057288643,0.7874067656018641
330,21,0.2399652832546415,0.7874067656018641
330,22,0.11170108882952012,0.7874067656018641
330,23,0.02586612278304523,0.7874067656018641
330,24,0.35608917159953674,0.7874067656018641
331,1,0.2149543467562075,0.7913973008535424
331,2,0.10005888746165173,0.7913973008535424
331,3,0.21363452068998087,0.7913973008535424
331,4,0.3049669038125249,0.7913973008535424
331,5,0.3330957150385174,0.7913973008535424
331,6,0.35521843926603447,0.7913973008535424
331,7,0.49873232761596886,0.7913973008535424
331,8,0.34460192203384915,0.7913973008535424
331,9,0.5072245184039299,0.7913973008535424
331,10,0.39140220434636597,0.7913973008535424
331,11,0.4601801161383301,0.7913973008535424
331,12,0.20239378536143043,0.7913973008535424
331,13,0.3595206585729054,0.7913973008535424
331,14,0.2315901089576457,0.7913973008535424
331,15,0.0,0.7913973008535424
331,16,0.32739250727712577,0.7913973008535424
331,17,0.0,0.7913973008535424
331,18,0.26052407360146074,0.7913973008535424
331,19,0.42559260736612015,0.7913973008535424
331,20,0.13291648702678527,0.7913973008535424
331,21,0.20894011773712556,0.7913973008535424
331,22,0.05985850816044326,0.7913973008535424
331,23,0.043360644899614345,0.7913973008535424
331,24,0.1416800287569195,0.7913973008535424
332,1,0.2611280625741704,0.7740278635963921
332,2,0.21412503162108953,0.7740278635963921
332,3,0.3059685878206784,0.7740278635963921
332,4,0.3791885621589255,0.7740278635963921
332,5,0.132147463284851,0.7740278635963921
332,6,0.31972150580287656,0.7740278635963921
332,7,0.43248107503413186,0.7740278635963921
332,8,0.2588357260832715,0.7740278635963921
332,9,0.3776238746170541,0.7740278635963921
332,10,0.6072967232880658,0.7740278635963921
332,11,0.3809120335403049,0.7740278635963921
332,12,0.4203116224961696,0.7740278635963921
332,13,0.2541937299421383,0.7740278635963921
332,14,0.4331747482106738,0.7740278635963921
332,15,0.0958130235865998,0.7740278635963921
332,16,0.4602388539255218,0.7740278635963921
332,17,0.18025011598471727,0.7740278635963921
332,18,0.13143922213224396,0.7740278635963921
332,19,0.5325217732080743,0.7740278635963921
332,20,0.12277241694332279,0.7740278635963921
332,21,0.20563749148588306,0.7740278635963921
332,22,0.19357893955979028,0.7740278635963921
332,23,0.02123163659358203,0.7740278635963921
332,24,0.026532797090496885,0.7740278635963921
333,1,0.14042454979298868,0.7455977050636622
333,2,0.19752828983051188,0.7455977050636622
333,3,0.3711840917204846,0.7455977050636622
333,4,0.5826112330277669,0.7455977050636622
333,5,0.15666912677603012,0.7455977050636622
333,6,0.45679053846376005,0.7455977050636622
333,7,0.25663839201129857,0.7455977050636622
333,8,0.20327085728493563,0.7455977050636622
333,9,0.6931212109925735,0.7455977050636622
333,10,0.5503887601175567,0.7455977050636622
333,11,0.3827933756186834,0.7455977050636622
333,12,0.5636480560335955,0.7455977050636622
333,13,0.13030290262823677,0.7455977050636622
333,14,0.6160503053991466,0.7455977050636622
333,15,0.0,0.7455977050636622
333,16,0.3756647737627356,0.7455977050636622
333,17,0.3250723833761634,0.7455977050636622
333,18,0.1826998047039493,0.7455977050636622
333,19,0.5433465059357313,0.7455977050636622
333,20,0.3968366471862318,0.7455977050636622
333,21,0.06809698529368544,0.7455977050636622
333,22,0.3554389919891817,0.7455977050636622
333,23,0.059640951588579474,0.7455977050636622
333,24,0.0,0.7455977050636622
334,1,0.2619760491718908,0.7483638982747155
334,2,0.336924722935271,0.7483638982747155
334,3,0.27745289007191487,0.7483638982747155
334,4,0.4002632056891492,0.7483638982747155
334,5,0.23864889782894907,0.7483638982747155
334,6,0.4941011822819537,0.7483638982747155
334,7,0.25642505915620606,0.7483638982747155
334,8,0.3439644617255861,0.7483638982747155
334,9,0.8560653409710417,0.7483638982747155
334,10,0.5321418503071789,0.7483638982747155
334,11,0.27286809135026646,0.7483638982747155
334,12,0.4135716783153824,0.7483638982747155
334,13,0.06582833650607255,0.7483638982747155
334,14,0.4239899952721148,0.7483638982747155
334,15,0.0,0.7483638982747155
334,16,0.5712265115239332,0.7483638982747155
334,17,0.428453116143046,0.7483638982747155
334,18,0.24760458616050163,0.7483638982747155
334,19,0.46380885295315133,0.7483638982747155
334,20,0.40994837407306756,0.7483638982747155
334,21,0.0,0.7483638982747155
334,22,0.2977875890062863,0.7483638982747155
334,23,0.20413718288894253,0.7483638982747155
334,24,0.10966741074663103,0.7483638982747155
335,1,0.1771937303010317,0.7197955403470243
335,2,0.2701907440531903,0.7197955403470243
335,3,0.3024374625839393,0.7197955403470243
335,4,0.35090503362005787,0.7197955403470243
335,5,0.33887297352671153,0.7197955403470243
335,6,0.363920506081323,0.7197955403470243
335,7,0.20095878254565974,0.7197955403470243
335,8,0.2980247088809213,0.7197955403470243
335,9,0.8899994731196363,0.7197955403470243
335,10,0.5480827715934911,0.7197955403470243
335,11,0.2506060330322054,0.7197955403470243
335,12,0.07289633481936403,0.7197955403470243
335,13,0.0,0.7197955403470243
335,14,0.34311147607463616,0.7197955403470243
335,15,0.35064635671449357,0.7197955403470243
335,16,0.5423212060143306,0.7197955403470243
335,17,0.3494253476711968,0.7197955403470243
335,18,0.5450799732258385,0.7197955403470243
335,19,0.4265963872569925,0.7197955403470243
335,20,0.5148076428292635,0.7197955403470243
335,21,0.0,0.7197955403470243
335,22,0.19421456621269867,0.7197955403470243
335,23,0.026433761929704258,0.7197955403470243
335,24,0.050885970548086426,0.7197955403470243
336,1,0.03857457057175473,0.7382682386819339
336,2,0.20660363854240688,0.7382682386819339
336,3,0.4107012044734364,0.7382682386819339
336,4,0.5685471241297368,0.7382682386819339
336,5,0.16073230539279038,0.7382682386819339
336,6,0.4356964924421879,0.7382682386819339
336,7,0.15758931211850122,0.7382682386819339
336,8,0.05554815905781446,0.7382682386819339
336,9,0.7536769965062833,0.7382682386819339
336,10,0.6223098610120508,0.7382682386819339
336,11,0.12824945485016828,0.7382682386819339
336,12,0.18555951117526628,0.7382682386819339
336,13,0.0,0.7382682386819339
336,14,0.3973598189805185,0.7382682386819339
336,15,0.339704957389959,0.7382682386819339
336,16,0.5523928439058219,0.7382682386819339
336,17,0.39144583807203337,0.7382682386819339
336,18,0.4544917903709472,0.7382682386819339
336,19,0.32120904734031136,0.7382682386819339
336,20,0.7969048830189523,0.7382682386819339
336,21,0.15517027347845175,0.7382682386819339
336,22,0.3584117018321564,0.7382682386819339
336,23,0.18012829629248212,0.7382682386819339
336,24,0.13175552735861326,0.7382682386819339
337,1,0.1972527203749917,0.6935057790303601
337,2,0.15874743450477619,0.6935057790303601
337,3,0.2966777975885915,0.6935057790303601
337,4,0.3464826999218687,0.6935057790303601
337,5,0.0,0.6935057790303601
337,6,0.5118133772660015,0.6935057790303601
337,7,0.14196427413429652,0.6935057790303601
337,8,0.07112846487085428,0.6935057790303601
337,9,0.7164594994253553,0.6935057790303601
337,10,0.5417745709894236,0.6935057790303601
337,11,0.1244746080321309,0.6935057790303601
337,12,0.24906760022566032,0.6935057790303601
337,13,0.0,0.6935057790303601
337,14,0.4118107532950629,0.6935057790303601
337,15,0.37863544487186174,0.6935057790303601
337,16,0.6079661222848858,0.6935057790303601
337,17,0.4012259973789748,0.6935057790303601
337,18,0.20933651713561577,0.6935057790303601
337,19,0.312367749026046,0.6935057790303601
337,20,0.5613231225431797,0.6935057790303601
337,21,0.09498661942216262,0.6935057790303601
337,22,0.36021507563425054,0.6935057790303601
337,23,0.2664265204842788,0.6935057790303601
337,24,0.2531603639201071,0.6935057790303601
338,1,0.19969726846883043,0.714369543700822
338,2,0.39130490982325095,0.714369543700822
338,3,0.3084181420642889,0.714369543700822
338,4,0.15799802421831927,0.714369543700822
338,5,0.05349998053129592,0.714369543700822
338,6,0.38765000431179125,0.714369543700822
338,7,0.0,0.714369543700822
338,8,0.044934983594474134,0.714369543700822
338,9,0.47591270230233573,0.714369543700822
338,10,0.36095865771601304,0.714369543700822
338,11,0.20278799258541144,0.714369543700822
338,12,0.3015692749738701,0.714369543700822
338,13,0.13543480961227372,0.714369543700822
338,14,0.43976215221046355,0.714369543700822
338,15,0.321996929418891,0.714369543700822
338,16,0.580312957968827,0.714369543700822
338,17,0.5783254028610253,0.714369543700822
338,18,0.041252224004651505,0.714369543700822
338,19,0.556139191589456,0.714369543700822
338,20,0.47085777961888164,0.714369543700822
338,21,0.15048804037436958,0.714369543700822
338,22,0.40387339774484937,0.714369543700822
338,23,0.19608608393449725,0.714369543700822
338,24,0.2877448172623492,0.714369543700822
339,1,0.24823402177043905,0.6694259153829972
339,2,0.430968537501766,0.6694259153829972
339,3,0.3123704139858665,0.6694259153829972
339,4,0.16595580207275704,0.6694259153829972
339,5,0.04689751458226436,0.6694259153829972
339,6,0.14064874164509453,0.6694259153829972
339,7,0.0,0.6694259153829972
339,8,0.0,0.6694259153829972
339,9,0.574109628642041,0.6694259153829972
339,10,0.31790969965866417,0.6694259153829972
339,11,0.16974206084833293,0.6694259153829972
339,12,0.20121012763955343,0.6694259153829972
339,13,0.12912745702092387,0.6694259153829972
339,14,0.42317615950131154,0.6694259153829972
339,15,0.10739605125423174,0.6694259153829972
339,16,0.39121655572428604,0.6694259153829972
339,17,0.5104691983103464,0.6694259153829972
339,18,0.041358188090231916,0.6694259153829972
339,19,0.47816690513071325,0.6694259153829972
339,20,0.41754609738416054,0.6694259153829972
339,21,0.16744154473741973,0.6694259153829972
339,22,0.36111872121043,0.6694259153829972
339,23,0.2762615458362712,0.6694259153829972
339,24,0.2530333258366841,0.6694259153829972
340,1,0.30804261322741544,0.6678775851895504
340,2,0.6291757074317539,0.6678775851895504
340,3,0.2332081366100233,0.6678775851895504
340,4,0.13868142719215631,0.6678775851895504
340,5,0.1448153963708823,0.6678775851895504
340,6,0.11292617117838849,0.6678775851895504
340,7,0.0,0.6678775851895504
340,8,0.28510132314452713,0.6678775851895504
340,9,0.5259096075616404,0.6678775851895504
340,10,0.23034309369550018,0.6678775851895504
340,11,0.29037482097962364,0.6678775851895504
340,12,0.1524514290632581,0.6678775851895504
340,13,0.1751275346368435,0.6678775851895504
340,14,0.5549169605243133,0.6678775851895504
340,15,0.013403621485160666,0.6678775851895504
340,16,0.367535333074825,0.6678775851895504
340,17,0.3428130685924572,0.6678775851895504
340,18,0.0,0.6678775851895504
340,19,0.6317781319508701,0.6678775851895504
340,20,0.3799776794731469,0.6678775851895504
340,21,0.06320343549870111,0.6678775851895504
340,22,0.47334914767699776,0.6678775851895504
340,23,0.3678043185742698,0.6678775851895504
340,24,0.10640662518635477,0.6678775851895504
341,1,0.4816755922610838,0.6761524061101731
341,2,0.6325881641050359,0.6761524061101731
341,3,0.07197572307329689,0.6761524061101731
341,4,0.10559318042210548,0.6761524061101731
341,5,0.19317070405328446,0.6761524061101731
341,6,0.03842728939807835,0.6761524061101731
341,7,0.0,0.6761524061101731
341,8,0.21913879617235887,0.6761524061101731
341,9,0.55060773189228,0.6761524061101731
341,10,0.3194847608111929,0.6761524061101731
341,11,0.42127138830447525,0.6761524061101731
341,12,0.041610699909126025,0.6761524061101731
341,13,0.25274153212414363,0.6761524061101731
341,14,0.5533059181030432,0.6761524061101731
341,15,0.0367032018328831,0.6761524061101731
341,16,0.3656950626692425,0.6761524061101731
341,17,0.3698170535580327,0.6761524061101731
341,18,0.22683289048384317,0.6761524061101731
341,19,0.6657239718205381,0.6761524061101731
341,20,0.4535946497945239,0.6761524061101731
341,21,0.059293399740401195,0.6761524061101731
341,22,0.3652949730349566,0.6761524061101731
341,23,0.4982993921188077,0.6761524061101731
341,24,0.16048395643966692,0.6761524061101731
342,1,0.3478990650848291,0.576178760293342
342,2,0.4096760513959051,0.576178760293342
342,3,0.07751619671627114,0.576178760293342
342,4,0.24296364579185575,0.576178760293342
342,5,0.25044212671530514,0.576178760293342
342,6,0.07779505135256945,0.576178760293342
342,7,0.11807931667615032,0.576178760293342
342,8,0.17876743203510953,0.576178760293342
342,9,0.5025948655834895,0.576178760293342
342,10,0.20707711555672992,0.576178760293342
342,11,0.3982508437669735,0.576178760293342
342,12,0.1030784497792232,0.576178760293342
342,13,0.28890112430554693,0.576178760293342
342,14,0.5716584494025508,0.576178760293342
342,15,0.0,0.576178760293342
342,16,0.3523930320324968,0.576178760293342
342,17,0.36943300245405825,0.576178760293342
342,18,0.4271986555812204,0.576178760293342
342,19,0.45375735262996786,0.576178760293342
342,20,0.24105449687445996,0.576178760293342
342,21,0.0,0.576178760293342
342,22,0.38652578797523046,0.576178760293342
342,23,0.6157117632471362,0.576178760293342
342,24,0.38466796749483034,0.576178760293342
343,1,0.3019131970761592,0.6285331667548332
343,2,0.3252183578165749,0.6285331667548332
343,3,0.10276832654735772,0.6285331667548332
343,4,0.25469333187110516,0.6285331667548332
343,5,0.4056724527997959,0.6285331667548332
343,6,0.07362733446001354,0.6285331667548332
343,7,0.21350209072131565,0.6285331667548332
343,8,0.28320091046017953,0.6285331667548332
343,9,0.4124479143728468,0.6285331667548332
343,10,0.0854439684834892,0.6285331667548332
343,11,0.5012221351834496,0.6285331667548332
343,12,0.21050694992766752,0.6285331667548332
343,13,0.19125497209585696,0.6285331667548332
343,14,0.5145829306975204,0.6285331667548332
343,15,0.3469879718077825,0.6285331667548332
343,16,0.30145111722748685,0.6285331667548332
343,17,0.31660153571108335,0.6285331667548332
343,18,0.552400985456671,0.6285331667548332
343,19,0.33001228306939573,0.6285331667548332
343,20,0.24017407672151914,0.6285331667548332
343,21,0.0319556308918445,0.6285331667548332
343,22,0.3598239810008479,0.6285331667548332
343,23,0.38667175133266696,0.6285331667548332
343,24,0.34944339136570735,0.6285331667548332
344,1,0.38335635194175105,0.5994834368116516
344,2,0.37544125884397406,0.5994834368116516
344,3,0.11147733861592853,0.5994834368116516
344,4,0.2366520433028817,0.5994834368116516
344,5,0.27847838090958743,0.5994834368116516
344,6,0.05700909874561154,0.5994834368116516
344,7,0.23308174762106754,0.5994834368116516
344,8,0.3721904787323584,0.5994834368116516
344,9,0.52055265885552,0.5994834368116516
344,10,0.08052334704130251,0.5994834368116516
344,11,0.3506885222877437,0.5994834368116516
344,12,0.1962111871673365,0.5994834368116516
344,13,0.34818780934456683,0.5994834368116516
344,14,0.40299112210138416,0.5994834368116516
344,15,0.2203549839934092,0.5994834368116516
344,16,0.07509899872053763,0.5994834368116516
344,17,0.2554136991384933,0.5994834368116516
344,18,0.4123794459355976,0.5994834368116516
344,19,0.4033199381998363,0.5994834368116516
344,20,0.12232162733924679,0.5994834368116516
344,21,0.10522108209211409,0.5994834368116516
344,22,0.46036594658076224,0.5994834368116516
344,23,0.30431150834265225,0.5994834368116516
344,24,0.3466672453614336,0.5994834368116516
345,1,0.3194471668992142,0.5866050968504721
345,2,0.4553930366730117,0.5866050968504721
345,3,0.2532682125767584,0.5866050968504721
345,4,0.05661534509149843,0.5866050968504721
345,5,0.32179824257296685,0.5866050968504721
345,6,0.2463022495681832,0.5866050968504721
345,7,0.22229527763881748,0.5866050968504721
345,8,0.4130716439329935,0.5866050968504721
345,9,0.30978937869744927,0.5866050968504721
345,10,0.06414229100724045,0.5866050968504721
345,11,0.41751067938968944,0.5866050968504721
345,12,0.3358361167177353,0.5866050968504721
345,13,0.28225901293760125,0.5866050968504721
345,14,0.5222402587172316,0.5866050968504721
345,15,0.17924214896704244,0.5866050968504721
345,16,0.1039906361698886,0.5866050968504721
345,17,0.3782538579892176,0.5866050968504721
345,18,0.31865474707242236,0.5866050968504721
345,19,0.4039712084185778,0.5866050968504721
345,20,0.034896401050618,0.5866050968504721
345,21,0.06850759651263238,0.5866050968504721
345,22,0.29912617623883797,0.5866050968504721
345,23,0.20021760728294485,0.5866050968504721
345,24,0.36311377904259806,0.5866050968504721
346,1,0.40290789666348287,0.5711038062078095
346,2,0.45970022528713217,0.5711038062078095
346,3,0.2748699419486087,0.5711038062078095
346,4,0.20028331745374703,0.5711038062078095
346,5,0.2635419015546252,0.5711038062078095
346,6,0.24216635878454834,0.5711038062078095
346,7,0.16504458585744947,0.5711038062078095
346,8,0.4527054812269613,0.5711038062078095
346,9,0.22622844246507395,0.5711038062078095
346,10,0.0014492616858733376,0.5711038062078095
346,11,0.5492195317951931,0.5711038062078095
346,12,0.3368848781618668,0.5711038062078095
346,13,0.2932761061464897,0.5711038062078095
346,14,0.4752496560227438,0.5711038062078095
346,15,0.12034546166515446,0.5711038062078095
346,16,0.029624403261253207,0.5711038062078095
346,17,0.5529419175536199,0.5711038062078095
346,18,0.24625667178729543,0.5711038062078095
346,19,0.4217693987187321,0.5711038062078095
346,20,0.051980923807070964,0.5711038062078095
346,21,0.27496713316517285,0.5711038062078095
346,22,0.4588506471868681,0.5711038062078095
346,23,0.16434407743983953,0.5711038062078095
346,24,0.33903012265044297,0.5711038062078095
347,1,0.14971304132597904,0.5701901937988173
347,2,0.2665151819254694,0.5701901937988173
347,3,0.34629017880238744,0.5701901937988173
347,4,0.3997347559651476,0.5701901937988173
347,5,0.4275122300134425,0.5701901937988173
347,6,0.328334393151756,0.5701901937988173
347,7,0.03349311689671791,0.5701901937988173
347,8,0.5078659489511628,0.5701901937988173
347,9,0.09133762757686514,0.5701901937988173
347,10,0.10749245988010014,0.5701901937988173
347,11,0.49374823738199203,0.5701901937988173
347,12,0.32519245283923914,0.5701901937988173
347,13,0.23920285853983947,0.5701901937988173
347,14,0.3184038862060873,0.5701901937988173
347,15,0.11414760092916898,0.5701901937988173
347,16,0.36741001171741494,0.5701901937988173
347,17,0.5372183198461036,0.5701901937988173
347,18,0.43875377275612093,0.5701901937988173
347,19,0.44816331347171623,0.5701901937988173
347,20,0.0,0.5701901937988173
347,21,0.26835198845429303,0.5701901937988173
347,22,0.3816639259094273,0.5701901937988173
347,23,0.2209993234678908,0.5701901937988173
347,24,0.30096677919748005,0.5701901937988173
348,1,0.3047063415419483,0.5436095242354593
348,2,0.03474540529652473,0.5436095242354593
348,3,0.3412605761722582,0.5436095242354593
348,4,0.3915924046393565,0.5436095242354593
348,5,0.5329343047678056,0.5436095242354593
348,6,0.39382439853293694,0.5436095242354593
348,7,0.15598890728573092,0.5436095242354593
348,8,0.6099446858702111,0.5436095242354593
348,9,0.20509557309897963,0.5436095242354593
348,10,0.27626455052683735,0.5436095242354593
348,11,0.4532285295390544,0.5436095242354593
348,12,0.4563919355577484,0.5436095242354593
348,13,0.26202646237424,0.5436095242354593
348,14,0.2517275856373353,0.5436095242354593
348,15,0.091567422783601,0.5436095242354593
348,16,0.3992326550024387,0.5436095242354593
348,17,0.2747740033071895,0.5436095242354593
348,18,0.4298593601736497,0.5436095242354593
348,19,0.5501006436519706,0.5436095242354593
348,20,0.06932509348747658,0.5436095242354593
348,21,0.35661373897291815,0.5436095242354593
348,22,0.41247145046095296,0.5436095242354593
348,23,0.17270426792888371,0.5436095242354593
348,24,0.5374733911138342,0.5436095242354593
349,1,0.3176904261204457,0.5934208224930524
349,2,0.010990670925630483,0.5934208224930524
349,3,0.042210951376695394,0.5934208224930524
349,4,0.0,0.5934208224930524
349,5,0.6350947748752429,0.5934208224930524
349,6,0.21967501583416282,0.5934208224930524
349,7,0.09991263508987412,0.5934208224930524
349,8,0.6707801982882375,0.5934208224930524
349,9,0.2657812290390794,0.5934208224930524
349,10,0.17396986272693402,0.5934208224930524
349,11,0.4651485341692728,0.5934208224930524
349,12,0.5583733030966018,0.5934208224930524
349,13,0.26767623329868645,0.5934208224930524
349,14,0.1413680977079994,0.5934208224930524
349,15,0.0,0.5934208224930524
349,16,0.4216527839167798,0.5934208224930524
349,17,0.3885345151183776,0.5934208224930524
349,18,0.3130358987382189,0.5934208224930524
349,19,0.46639812422610505,0.5934208224930524
349,20,0.12280849792595176,0.5934208224930524
349,21,0.4052085057878978,0.5934208224930524
349,22,0.24372925809157417,0.5934208224930524
349,23,0.2603629831630839,0.5934208224930524
349,24,0.5663436928055461,0.5934208224930524
350,1,0.2278284527603196,0.575332734383103
350,2,0.06084551411386522,0.575332734383103
350,3,0.0686426283516758,0.575332734383103
350,4,0.0,0.575332734383103
350,5,0.3528384944233585,0.575332734383103
350,6,0.0,0.575332734383103
350,7,0.03401802108751474,0.575332734383103
350,8,0.6555916440266535,0.575332734383103
350,9,0.30245658749503374,0.575332734383103
350,10,0.03054077680636541,0.575332734383103
350,11,0.5202690489879576,0.575332734383103
350,12,0.64608027113903,0.575332734383103
350,13,0.13873487561877101,0.575332734383103
350,14,0.10352058043134053,0.575332734383103
350,15,0.0,0.575332734383103
350,16,0.18628335161757045,0.575332734383103
350,17,0.588690015426779,0.575332734383103
350,18,0.4371047836973705,0.575332734383103
350,19,0.5136878024303945,0.575332734383103
350,20,0.3256251613684784,0.575332734383103
350,21,0.2958922673519533,0.575332734383103
350,22,0.4139916306461865,0.575332734383103
350,23,0.22348191763992997,0.575332734383103
350,24,0.5204768586677465,0.575332734383103
351,1,0.34207115345429034,0.5236825511210773
351,2,0.05617961916422182,0.5236825511210773
351,3,0.0770204535694925,0.5236825511210773
351,4,0.1719363115653702,0.5236825511210773
351,5,0.5481908184653689,0.5236825511210773
351,6,0.23410772487605933,0.5236825511210773
351,7,0.0,0.5236825511210773
351,8,0.6872541729857105,0.5236825511210773
351,9,0.43404403229973254,0.5236825511210773
351,10,0.0,0.5236825511210773
351,11,0.6766574799170242,0.5236825511210773
351,12,0.497161459579929,0.5236825511210773
351,13,0.0,0.5236825511210773
351,14,0.06945889777010898,0.5236825511210773
351,15,0.0,0.5236825511210773
351,16,0.39112199287002086,0.5236825511210773
351,17,0.4049704057407466,0.5236825511210773
351,18,0.5777948241691832,0.5236825511210773
351,19,0.4249561797837157,0.5236825511210773
351,20,0.23705337654284414,0.5236825511210773
351,21,0.32334906698716287,0.5236825511210773
351,22,0.4120821479933442,0.5236825511210773
351,23,0.28883624604279906,0.5236825511210773
351,24,0.5505597382706194,0.5236825511210773
352,1,0.3495953176208076,0.48131905058382973
352,2,0.27879747988424286,0.48131905058382973
352,3,0.09717876440214282,0.48131905058382973
352,4,0.09709610041546307,0.48131905058382973
352,5,0.8273428565539739,0.48131905058382973
352,6,0.09388007419621638,0.48131905058382973
352,7,0.0,0.48131905058382973
352,8,0.5139380697212087,0.48131905058382973
352,9,0.38844591403341466,0.48131905058382973
352,10,0.0,0.48131905058382973
352,11,0.5469403818452211,0.48131905058382973
352,12,0.4867005360544326,0.48131905058382973
352,13,0.09631562583047706,0.48131905058382973
352,14,0.0,0.48131905058382973
352,15,0.18889077726952969,0.48131905058382973
352,16,0.4266581979454602,0.48131905058382973
352,17,0.5151881238851327,0.48131905058382973
352,18,0.5342392370551252,0.48131905058382973
352,19,0.3608346837934384,0.48131905058382973
352,20,0.07124278089547134,0.48131905058382973
352,21,0.30194748340306243,0.48131905058382973
352,22,0.25681338885086435,0.48131905058382973
352,23,0.07088614526094844,0.48131905058382973
352,24,0.46856268611699287,0.48131905058382973
353,1,0.41998278034871517,0.5335299612423443
353,2,0.27374604441508105,0.5335299612423443
353,3,0.14964111995567342,0.5335299612423443
353,4,0.08739251383471999,0.5335299612423443
353,5,0.7871202526527186,0.5335299612423443
353,6,0.053698151243750186,0.5335299612423443
353,7,0.11339961929897249,0.5335299612423443
353,8,0.3500083737114739,0.5335299612423443
353,9,0.22840044108152535,0.5335299612423443
353,10,0.0054484591209699035,0.5335299612423443
353,11,0.4058833613521503,0.5335299612423443
353,12,0.6381917511794861,0.5335299612423443
353,13,0.33733575723786247,0.5335299612423443
353,14,0.22829011549416334,0.5335299612423443
353,15,0.483103728274785,0.5335299612423443
353,16,0.4780707829939095,0.5335299612423443
353,17,0.3433477452866247,0.5335299612423443
353,18,0.3530820865721209,0.5335299612423443
353,19,0.31098967310343656,0.5335299612423443
353,20,0.05114256822087872,0.5335299612423443
353,21,0.41823131383328105,0.5335299612423443
353,22,0.28819144862075813,0.5335299612423443
353,23,0.20191320746239155,0.5335299612423443
353,24,0.5768974129634511,0.5335299612423443
354,1,0.2245436274739204,0.4512731241020168
354,2,0.1368394649651984,0.4512731241020168
354,3,0.12504643230405302,0.4512731241020168
354,4,0.04649483859357817,0.4512731241020168
354,5,0.414080973784482,0.4512731241020168
354,6,0.0,0.4512731241020168
354,7,0.297081085796553,0.4512731241020168
354,8,0.5384967816996933,0.4512731241020168
354,9,0.2176609922471752,0.4512731241020168
354,10,0.005829969586394854,0.4512731241020168
354,11,0.15788956223467024,0.4512731241020168
354,12,0.5126615074540368,0.4512731241020168
354,13,0.34753781358761093,0.4512731241020168
354,14,0.35869791368093074,0.4512731241020168
354,15,0.6008077423494405,0.4512731241020168
354,16,0.46837022633072295,0.4512731241020168
354,17,0.19476078819933235,0.4512731241020168
354,18,0.33706258099424324,0.4512731241020168
354,19,0.21847093502756681,0.4512731241020168
354,20,0.19090191989913985,0.4512731241020168
354,21,0.4559982772472416,0.4512731241020168
354,22,0.34247744480107606,0.4512731241020168
354,23,0.049282993517907575,0.4512731241020168
354,24,0.6120399389020852,0.4512731241020168
355,1,0.42698478786817995,0.4902076595099613
355,2,0.29321415523489214,0.4902076595099613
355,3,0.21296156114411494,0.4902076595099613
355,4,0.3157593261556846,0.4902076595099613
355,5,0.32216705201633267,0.4902076595099613
355,6,0.070762978285414,0.4902076595099613
355,7,0.17904068147020272,0.4902076595099613
355,8,0.4020582098638009,0.4902076595099613
355,9,0.14672231796215518,0.4902076595099613
355,10,0.24535724919465712,0.4902076595099613
355,11,0.05074102544913239,0.4902076595099613
355,12,0.5265780211306036,0.4902076595099613
355,13,0.41644241825521033,0.4902076595099613
355,14,0.3059562489492137,0.4902076595099613
355,15,0.5130412230889694,0.4902076595099613
355,16,0.41026263943701313,0.4902076595099613
355,17,0.2641891499269609,0.4902076595099613
355,18,0.40900934470403516,0.4902076595099613
355,19,0.3085914122318425,0.4902076595099613
355,20,0.2443945272086866,0.4902076595099613
355,21,0.3999728068519202,0.4902076595099613
355,22,0.2797805857424178,0.4902076595099613
355,23,0.08408388335192768,0.4902076595099613
355,24,0.36317232180232906,0.4902076595099613
356,1,0.3026112818907685,0.4749951461603856
356,2,0.17115780608404502,0.4749951461603856
356,3,0.22386108684597114,0.4749951461603856
356,4,0.43814850434252994,0.4749951461603856
356,5,0.28016526974071326,0.4749951461603856
356,6,0.1787356250617833,0.4749951461603856
356,7,0.18361497556670003,0.4749951461603856
356,8,0.279549300623798,0.4749951461603856
356,9,0.3551269614689725,0.4749951461603856
356,10,0.347449367106012,0.4749951461603856
356,11,0.11005787893593891,0.4749951461603856
356,12,0.46605472445725443,0.4749951461603856
356,13,0.11452692288656946,0.4749951461603856
356,14,0.5177661602538952,0.4749951461603856
356,15,0.6556752404355439,0.4749951461603856
356,16,0.5295979061517548,0.4749951461603856
356,17,0.2844023319181436,0.4749951461603856
356,18,0.3434074694713804,0.4749951461603856
356,19,0.19169226550134297,0.4749951461603856
356,20,0.22826764144769776,0.4749951461603856
356,21,0.47690604663938424,0.4749951461603856
356,22,0.24485660320687685,0.4749951461603856
356,23,0.16517866242817691,0.4749951461603856
356,24,0.24668854208738533,0.4749951461603856
357,1,0.4003142114943462,0.5068011568046273
357,2,0.2882851281102523,0.5068011568046273
357,3,0.17387820151652986,0.5068011568046273
357,4,0.45881967049209194,0.5068011568046273
357,5,0.2936284046956093,0.5068011568046273
357,6,0.07738448354693162,0.5068011568046273
357,7,0.0,0.5068011568046273
357,8,0.2610854235709883,0.5068011568046273
357,9,0.27838836452828075,0.5068011568046273
357,10,0.3539544229450086,0.5068011568046273
357,11,0.10430974657962164,0.5068011568046273
357,12,0.5178586771562501,0.5068011568046273
357,13,0.1778309762444877,0.5068011568046273
357,14,0.42574907065832945,0.5068011568046273
357,15,0.59009780788822,0.5068011568046273
357,16,0.4347283012641452,0.5068011568046273
357,17,0.2818560394517128,0.5068011568046273
357,18,0.28336236554767225,0.5068011568046273
357,19,0.24178786142587447,0.5068011568046273
357,20,0.24773386626686858,0.5068011568046273
357,21,0.3232610618280247,0.5068011568046273
357,22,0.12724071096667758,0.5068011568046273
357,23,0.17081519167156092,0.5068011568046273
357,24,0.2284974182271054,0.5068011568046273
358,1,0.5746481498494204,0.47094327901899535
358,2,0.20122573547138395,0.47094327901899535
358,3,0.2063895256752137,0.47094327901899535
358,4,0.4607864660127709,0.47094327901899535
358,5,0.3083341425669864,0.47094327901899535
358,6,0.16195287539760178,0.47094327901899535
358,7,0.16707667727816725,0.47094327901899535
358,8,0.22585414055310993,0.47094327901899535
358,9,0.30008339570063924,0.47094327901899535
358,10,0.586759168462381,0.47094327901899535
358,11,0.23360566064523058,0.47094327901899535
358,12,0.5680722534715699,0.47094327901899535
358,13,0.2460100307857438,0.47094327901899535
358,14,0.34217937378996244,0.47094327901899535
358,15,0.7125101961644884,0.47094327901899535
358,16,0.22739719062699024,0.47094327901899535
358,17,0.47804625038063986,0.47094327901899535
358,18,0.314534732537212,0.47094327901899535
358,19,0.3689677163942563,0.47094327901899535
358,20,0.3235653549946439,0.47094327901899535
358,21,0.37433174697095095,0.47094327901899535
358,22,0.3879001010368223,0.47094327901899535
358,23,0.09205816657771161,0.47094327901899535
358,24,0.38407841161406825,0.47094327901899535
359,1,0.5402179508683109,0.5066759379234822
359,2,0.11013577764901783,0.5066759379234822
359,3,0.269674992793132,0.5066759379234822
359,4,0.5157139464793175,0.5066759379234822
359,5,0.16867009244464848,0.5066759379234822
359,6,0.37701580957235925,0.5066759379234822
359,7,0.3089145144484441,0.5066759379234822
359,8,0.2015613030827555,0.5066759379234822
359,9,0.4618277197248982,0.5066759379234822
359,10,0.4719848314043594,0.5066759379234822
359,11,0.16201151412714218,0.5066759379234822
359,12,0.6286444098428015,0.5066759379234822
359,13,0.24840066859340373,0.5066759379234822
359,14,0.41047773806282306,0.5066759379234822
359,15,0.46747737868652467,0.5066759379234822
359,16,0.34004699037950054,0.5066759379234822
359,17,0.48725094047460027,0.5066759379234822
359,18,0.20984676443180547,0.5066759379234822
359,19,0.5250846130834051,0.5066759379234822
359,20,0.3832283007856238,0.5066759379234822
359,21,0.12006645154944426,0.5066759379234822
359,22,0.6887660637388437,0.5066759379234822
359,23,0.03339426794987167,0.5066759379234822
359,24,0.5259529654268813,0.5066759379234822
360,1,0.7114890196230668,0.4635398590195693
360,2,0.023387799056272446,0.4635398590195693
360,3,0.28017087480420877,0.4635398590195693
360,4,0.5776776933105002,0.4635398590195693
360,5,0.20628482808347184,0.4635398590195693
360,6,0.34729323033168746,0.4635398590195693
360,7,0.22065333680021665,0.4635398590195693
360,8,0.3574411966823228,0.4635398590195693
360,9,0.45200699184611237,0.4635398590195693
360,10,0.4445570911794413,0.4635398590195693
360,11,0.3704818739610436,0.4635398590195693
360,12,0.3106123994531879,0.4635398590195693
360,13,0.20204433138809375,0.4635398590195693
360,14,0.639933285790835,0.4635398590195693
360,15,0.3978602659770273,0.4635398590195693
360,16,0.42501643671541356,0.4635398590195693
360,17,0.5348687037502189,0.4635398590195693
360,18,0.11157547743549928,0.4635398590195693
360,19,0.44422204754713224,0.4635398590195693
360,20,0.33580450347258517,0.4635398590195693
360,21,0.13378063224559353,0.4635398590195693
360,22,0.6827029556878373,0.4635398590195693
360,23,0.02623521990493175,0.4635398590195693
360,24,0.16154229043926366,0.4635398590195693
361,1,0.5468874776269581,0.45779356380834985
361,2,0.0,0.45779356380834985
361,3,0.3897413751489962,0.45779356380834985
361,4,0.4471238854755285,0.45779356380834985
361,5,0.22458309994692513,0.45779356380834985
361,6,0.4323486550544413,0.45779356380834985
361,7,0.28713941862057873,0.45779356380834985
361,8,0.3044203938877656,0.45779356380834985
361,9,0.5517205644221135,0.45779356380834985
361,10,0.2613832174167444,0.45779356380834985
361,11,0.3188824453220111,0.45779356380834985
361,12,0.2140365532263051,0.45779356380834985
361,13,0.2976270669826423,0.45779356380834985
361,14,0.5017866285680792,0.45779356380834985
361,15,0.3591725259019433,0.45779356380834985
361,16,0.6807729411339574,0.45779356380834985
361,17,0.4189720021108458,0.45779356380834985
361,18,0.0452925191698996,0.45779356380834985
361,19,0.3607580133232034,0.45779356380834985
361,20,0.24330553073029126,0.45779356380834985
361,21,0.11649019112621123,0.45779356380834985
361,22,0.6442556170738096,0.45779356380834985
361,23,0.22221734573328272,0.45779356380834985
361,24,0.15646314128884428,0.45779356380834985
362,1,0.4788598427503654,0.4933717831376402
362,2,0.08556532144322473,0.4933717831376402
362,3,0.4629523161061529,0.4933717831376402
362,4,0.5252917028752931,0.4933717831376402
362,5,0.12866086145164965,0.4933717831376402
362,6,0.2642081512278098,0.4933717831376402
362,7,0.2395290873153866,0.4933717831376402
362,8,0.16222527167224352,0.4933717831376402
362,9,0.3976777395714313,0.4933717831376402
362,10,0.319075402636157,0.4933717831376402
362,11,0.30032951885525194,0.4933717831376402
362,12,0.31362753308148716,0.4933717831376402
362,13,0.34170211061045747,0.4933717831376402
362,14,0.2767238147728952,0.4933717831376402
362,15,0.3471824275209588,0.4933717831376402
362,16,0.7083926774466295,0.4933717831376402
362,17,0.24202681588062738,0.4933717831376402
362,18,0.0,0.4933717831376402
362,19,0.4926976278672611,0.4933717831376402
362,20,0.08461291362812348,0.4933717831376402
362,21,0.2790149351458646,0.4933717831376402
362,22,0.7054258379701622,0.4933717831376402
362,23,0.14026059251760203,0.4933717831376402
362,24,0.337144020788788,0.4933717831376402
363,1,0.5621000485626391,0.5394664224195675
363,2,0.1265792187783699,0.5394664224195675
363,3,0.47111108762637915,0.5394664224195675
363,4,0.4767021121861397,0.5394664224195675
363,5,0.22065413223128824,0.5394664224195675
363,6,0.25141326350925447,0.5394664224195675
363,7,0.1516475208626074,0.5394664224195675
363,8,0.26742585044199013,0.5394664224195675
363,9,0.48003648886612993,0.5394664224195675
363,10,0.27139021891048354,0.5394664224195675
363,11,0.23257061209765617,0.5394664224195675
363,12,0.179317341709149,0.5394664224195675
363,13,0.59009088867612,0.5394664224195675
363,14,0.25013490914622993,0.5394664224195675
363,15,0.16940408378817254,0.5394664224195675
363,16,0.462049450658972,0.5394664224195675
363,17,0.25473730802544226,0.5394664224195675
363,18,0.15737192937307654,0.5394664224195675
363,19,0.24262429588282458,0.5394664224195675
363,20,0.28779531725393825,0.5394664224195675
363,21,0.3505019532849959,0.5394664224195675
363,22,0.6021603335018533,0.5394664224195675
363,23,0.16870601515743125,0.5394664224195675
363,24,0.3977672756783315,0.5394664224195675
364,1,0.3143771172135496,0.5005636475826946
364,2,0.027096189934817272,0.5005636475826946
364,3,0.18052852835866212,0.5005636475826946
364,4,0.27522047321135745,0.5005636475826946
364,5,0.2791951270740106,0.5005636475826946
364,6,0.5271268789350954,0.5005636475826946
364,7,0.08841470506056814,0.5005636475826946
364,8,0.26225298458334995,0.5005636475826946
364,9,0.5674370666547616,0.5005636475826946
364,10,0.3574444425049656,0.5005636475826946
364,11,0.40132013982875303,0.5005636475826946
364,12,0.3944805943036846,0.5005636475826946
364,13,0.4140576532732039,0.5005636475826946
364,14,0.2616429135136921,0.5005636475826946
364,15,0.3216513831598263,0.5005636475826946
364,16,0.5484486716520891,0.5005636475826946
364,17,0.3307933500444687,0.5005636475826946
364,18,0.24239029676077684,0.5005636475826946
364,19,0.01063611205446735,0.5005636475826946
364,20,0.09526436576124533,0.5005636475826946
364,21,0.32013785474745426,0.5005636475826946
364,22,0.5920612019194137,0.5005636475826946
364,23,0.0,0.5005636475826946
364,24,0.4488667978593865,0.5005636475826946
365,1,0.30283430051921245,0.5326169610947207
365,2,0.021217705728892762,0.5326169610947207
365,3,0.053501860688027314,0.5326169610947207
365,4,0.3067508985448135,0.5326169610947207
365,5,0.35901756034017207,0.5326169610947207
365,6,0.6685285868411129,0.5326169610947207
365,7,0.28761881726259336,0.5326169610947207
365,8,0.42637830261658827,0.5326169610947207
365,9,0.6717028238685187,0.5326169610947207
365,10,0.1517786053431849,0.5326169610947207
365,11,0.18384913234094996,0.5326169610947207
365,12,0.24796918854920083,0.5326169610947207
365,13,0.3989287939735942,0.5326169610947207
365,14,0.14922577298040157,0.5326169610947207
365,15,0.133993083480291,0.5326169610947207
365,16,0.704486590980613,0.5326169610947207
365,17,0.19292637894446069,0.5326169610947207
365,18,0.20853096368699692,0.5326169610947207
365,19,0.19431116530756826,0.5326169610947207
365,20,0.17678040437640927,0.5326169610947207
365,21,0.324345299472554,0.5326169610947207
365,22,0.6980757465697538,0.5326169610947207
365,23,0.14627405589185458,0.5326169610947207
365,24,0.3534235625310693,0.5326169610947207
366,1,0.2932952015118737,0.47902068469062914
366,2,0.2188022923704871,0.47902068469062914
366,3,0.0,0.47902068469062914
366,4,0.29287557486510385,0.47902068469062914
366,5,0.6586141521569064,0.47902068469062914
366,6,0.6725049773712299,0.47902068469062914
366,7,0.1499799961833174,0.47902068469062914
366,8,0.5343681141506582,0.47902068469062914
366,9,0.5662794343588067,0.47902068469062914
366,10,0.0,0.47902068469062914
366,11,0.33729710616948233,0.47902068469062914
366,12,0.576082377062441,0.47902068469062914
366,13,0.25916791873180484,0.47902068469062914
366,14,0.07554318143069566,0.47902068469062914
366,15,0.3695040027982862,0.47902068469062914
366,16,0.6011377559939562,0.47902068469062914
366,17,0.058098450941871604,0.47902068469062914
366,18,0.34465171697296737,0.47902068469062914
366,19,0.3756162407578148,0.47902068469062914
366,20,0.14508827434239996,0.47902068469062914
366,21,0.37684989258105994,0.47902068469062914
366,22,0.6934329190774966,0.47902068469062914
366,23,0.15925765906244357,0.47902068469062914
366,24,0.3978982693386624,0.47902068469062914
367,1,0.21811947873713844,0.5196268332938461
367,2,0.23803509540455403,0.5196268332938461
367,3,0.17900194634388197,0.5196268332938461
367,4,0.580485794787865,0.5196268332938461
367,5,0.7842272792755943,0.5196268332938461
367,6,0.6341036126758249,0.5196268332938461
367,7,0.18702056929328156,0.5196268332938461
367,8,0.5598231170164932,0.5196268332938461
367,9,0.3866682755830857,0.5196268332938461
367,10,0.0,0.5196268332938461
367,11,0.48744897333769,0.5196268332938461
367,12,0.334968078532808,0.5196268332938461
367,13,0.3274961223818482,0.5196268332938461
367,14,0.2787713837211898,0.5196268332938461
367,15,0.5201279011867864,0.5196268332938461
367,16,0.5207458395165296,0.5196268332938461
367,17,0.0,0.5196268332938461
367,18,0.39508557736913014,0.5196268332938461
367,19,0.2768056969816727,0.5196268332938461
367,20,0.38417223360609043,0.5196268332938461
367,21,0.3772304707298925,0.5196268332938461
367,22,0.6093302620449861,0.5196268332938461
367,23,0.00320850477500903,0.5196268332938461
367,24,0.24238523530120928,0.5196268332938461
368,1,0.22625130997771406,0.4659184552483489
368,2,0.19209064843021037,0.4659184552483489
368,3,0.3587381406219131,0.4659184552483489
368,4,0.6470620467296332,0.4659184552483489
368,5,0.6389686710264937,0.4659184552483489
368,6,0.7979890358017147,0.4659184552483489
368,7,0.38354804277471966,0.4659184552483489
368,8,0.42139917526241083,0.4659184552483489
368,9,0.10293561659978084,0.4659184552483489
368,10,0.20650174498649734,0.4659184552483489
368,11,0.4805920603579259,0.4659184552483489
368,12,0.23131743819125858,0.4659184552483489
368,13,0.3364268833136514,0.4659184552483489
368,14,0.13660307423867374,0.4659184552483489
368,15,0.5541637717156157,0.4659184552483489
368,16,0.6415385932668867,0.4659184552483489
368,17,0.07065522618696808,0.4659184552483489
368,18,0.2274946265543838,0.4659184552483489
368,19,0.09883253711202164,0.4659184552483489
368,20,0.31935352346076235,0.4659184552483489
368,21,0.23261156279863682,0.4659184552483489
368,22,0.4223705170688917,0.4659184552483489
368,23,0.1814827208904659,0.4659184552483489
368,24,0.28777794306278603,0.4659184552483489
369,1,0.252686415848606,0.5239068580344504
369,2,0.09962361291599792,0.5239068580344504
369,3,0.49130499772543534,0.5239068580344504
369,4,0.4925832605416163,0.5239068580344504
369,5,0.55262877986845,0.5239068580344504
369,6,0.5181551003327951,0.5239068580344504
369,7,0.49283241899388974,0.5239068580344504
369,8,0.1627024695497682,0.5239068580344504
369,9,0.25956860790953606,0.5239068580344504
369,10,0.06922889660228917,0.5239068580344504
369,11,0.44956559834763116,0.5239068580344504
369,12,0.1997196110744947,0.5239068580344504
369,13,0.38501907224731935,0.5239068580344504
369,14,0.11923037276648973,0.5239068580344504
369,15,0.6387036986945269,0.5239068580344504
369,16,0.5964383243691826,0.5239068580344504
369,17,0.13538643377882917,0.5239068580344504
369,18,0.36454493220005696,0.5239068580344504
369,19,0.23001579182542692,0.5239068580344504
369,20,0.44193008655071786,0.5239068580344504
369,21,0.2654544370791904,0.5239068580344504
369,22,0.29723334597405404,0.5239068580344504
369,23,0.0,0.5239068580344504
369,24,0.030111441222606616,0.5239068580344504
370,1,0.29219402227484725,0.5194373733523907
370,2,0.2666053416124838,0.5194373733523907
370,3,0.43900671372725497,0.5194373733523907
370,4,0.3799211954039817,0.5194373733523907
370,5,0.5968791324934934,0.5194373733523907
370,6,0.3496996900979419,0.5194373733523907
370,7,0.5765975636838021,0.5194373733523907
370,8,0.30998246193855017,0.5194373733523907
370,9,0.3158621890197713,0.5194373733523907
370,10,0.0,0.5194373733523907
370,11,0.3710547065747511,0.5194373733523907
370,12,0.5023795560576112,0.5194373733523907
370,13,0.4508381311706603,0.5194373733523907
370,14,0.04457813137056148,0.5194373733523907
370,15,0.5324121455921144,0.5194373733523907
370,16,0.5355834359285325,0.5194373733523907
370,17,0.11999947405722819,0.5194373733523907
370,18,0.4166907657362345,0.5194373733523907
370,19,0.12765584310635797,0.5194373733523907
370,20,0.2374927605088495,0.5194373733523907
370,21,0.3264823449843395,0.5194373733523907
370,22,0.12146734503772305,0.5194373733523907
370,23,0.24410320888135253,0.5194373733523907
370,24,0.05196854234597628,0.5194373733523907
371,1,0.11619760986473995,0.5670260232761215
371,2,0.4581931615599453,0.5670260232761215
371,3,0.41290553622044257,0.5670260232761215
371,4,0.1483861789131768,0.5670260232761215
371,5,0.6715613248203555,0.5670260232761215
371,6,0.4755860353507174,0.5670260232761215
371,7,0.552485479869053,0.5670260232761215
371,8,0.49888670442794614,0.5670260232761215
371,9,0.16456564096991283,0.5670260232761215
371,10,0.0,0.5670260232761215
371,11,0.23929765690618757,0.5670260232761215
371,12,0.554937413372007,0.5670260232761215
371,13,0.4491617026002535,0.5670260232761215
371,14,0.2383304109782493,0.5670260232761215
371,15,0.6089727382190762,0.5670260232761215
371,16,0.49273610986302674,0.5670260232761215
371,17,0.0,0.5670260232761215
371,18,0.21177756722312427,0.5670260232761215
371,19,0.15234843776464457,0.5670260232761215
371,20,0.07999688336103555,0.5670260232761215
371,21,0.4044796694520286,0.5670260232761215
371,22,0.015666604345208113,0.5670260232761215
371,23,0.10648504990826765,0.5670260232761215
371,24,0.05482650271750906,0.5670260232761215
372,1,0.18417433407162967,0.5660668693354349
372,2,0.433221280648445,0.5660668693354349
372,3,0.30371805630275384,0.5660668693354349
372,4,0.17715705224231004,0.5660668693354349
372,5,0.7657137294791712,0.5660668693354349
372,6,0.37352445769328535,0.5660668693354349
372,7,0.500578920627209,0.5660668693354349
372,8,0.46601423884300297,0.5660668693354349
372,9,0.33608573577637,0.5660668693354349
372,10,0.026738396052812835,0.5660668693354349
372,11,0.4046773180888922,0.5660668693354349
372,12,0.4377619245777155,0.5660668693354349
372,13,0.27737094875269275,0.5660668693354349
372,14,0.17059114787892804,0.5660668693354349
372,15,0.6312070841212178,0.5660668693354349
372,16,0.522012206581591,0.5660668693354349
372,17,0.0,0.5660668693354349
372,18,0.0794614466134006,0.5660668693354349
372,19,0.14473828103523226,0.5660668693354349
372,20,0.13393073786226428,0.5660668693354349
372,21,0.11245500947206971,0.5660668693354349
372,22,0.0,0.5660668693354349
372,23,0.0,0.5660668693354349
372,24,0.047988941704578576,0.5660668693354349
373,1,0.0,0.5573884928946448
373,2,0.691934057124596,0.5573884928946448
373,3,0.14544612986312933,0.5573884928946448
373,4,0.026165475281923367,0.5573884928946448
373,5,0.6455237335042578,0.5573884928946448
373,6,0.31125272662318637,0.5573884928946448
373,7,0.40424969411407574,0.5573884928946448
373,8,0.3703282768199504,0.5573884928946448
373,9,0.33092668702673045,0.5573884928946448
373,10,0.023013951123445876,0.5573884928946448
373,11,0.5399807163256669,0.5573884928946448
373,12,0.18933198191562534,0.5573884928946448
373,13,0.5014749908014241,0.5573884928946448
373,14,0.0,0.5573884928946448
373,15,0.7875564200499915,0.5573884928946448
373,16,0.5376831055288036,0.5573884928946448
373,17,0.0,0.5573884928946448
373,18,0.12201082996436907,0.5573884928946448
373,19,0.3343592730961205,0.5573884928946448
373,20,0.24753781062050126,0.5573884928946448
373,21,0.3090683672571566,0.5573884928946448
373,22,0.07037254043745106,0.5573884928946448
373,23,0.24963659091412818,0.5573884928946448
373,24,0.12081460710727548,0.5573884928946448
374,1,0.07478899518379896,0.5460778416689921
374,2,0.5649195499146746,0.5460778416689921
374,3,0.3641132675503155,0.5460778416689921
374,4,0.11613108334256156,0.5460778416689921
374,5,0.6618925767259669,0.5460778416689921
374,6,0.14649315543824418,0.5460778416689921
374,7,0.3366257381087561,0.5460778416689921
374,8,0.3678280046595395,0.5460778416689921
374,9,0.3336913724308747,0.5460778416689921
374,10,0.19342385393437322,0.5460778416689921
374,11,0.4849965496066239,0.5460778416689921
374,12,0.14289412534654988,0.5460778416689921
374,13,0.4860751683821445,0.5460778416689921
374,14,0.006181041641066871,0.5460778416689921
374,15,0.6927734104730503,0.5460778416689921
374,16,0.40721815362982483,0.5460778416689921
374,17,0.08433741828145666,0.5460778416689921
374,18,0.0,0.5460778416689921
374,19,0.22230028068710167,0.5460778416689921
374,20,0.4867882223341102,0.5460778416689921
374,21,0.3599722998437403,0.5460778416689921
374,22,0.20282626950406984,0.5460778416689921
374,23,0.15230989910597373,0.5460778416689921
374,24,0.08973291776682082,0.5460778416689921
375,1,0.0,0.6135588399237075
375,2,0.4599057014842917,0.6135588399237075
375,3,0.21177131677490899,0.6135588399237075
375,4,0.16899444476425507,0.6135588399237075
375,5,0.5722760140215094,0.6135588399237075
375,6,0.07339520881055993,0.6135588399237075
375,7,0.42982125506066404,0.6135588399237075
375,8,0.31449423480560407,0.6135588399237075
375,9,0.33057139349299186,0.6135588399237075
375,10,0.09677934671748062,0.6135588399237075
375,11,0.21981618948334342,0.6135588399237075
375,12,0.3198714449837933,0.6135588399237075
375,13,0.5375722417103002,0.6135588399237075
375,14,0.0,0.6135588399237075
375,15,0.5243310854466132,0.6135588399237075
375,16,0.339422945688498,0.6135588399237075
375,17,0.0,0.6135588399237075
375,18,0.0620199411449131,0.6135588399237075
375,19,0.22534636443798597,0.6135588399237075
375,20,0.38379265140037433,0.6135588399237075
375,21,0.13110531842415707,0.6135588399237075
375,22,0.1599508887028366,0.6135588399237075
375,23,0.13314184817828503,0.6135588399237075
375,24,0.009359716167622822,0.6135588399237075
376,1,0.16993438231637487,0.5649705129659808
376,2,0.5725486601408465,0.5649705129659808
376,3,0.06458062425113473,0.5649705129659808
376,4,0.1730975091785598,0.5649705129659808
376,5,0.7747696440638923,0.5649705129659808
376,6,0.09969752710052768,0.5649705129659808
376,7,0.36722591279713196,0.5649705129659808
376,8,0.2756524805426786,0.5649705129659808
376,9,0.2850869304406991,0.5649705129659808
376,10,0.19706733788698658,0.5649705129659808
376,11,0.21293311562063724,0.5649705129659808
376,12,0.4516273635287117,0.5649705129659808
376,13,0.3965268089871413,0.5649705129659808
376,14,0.0,0.5649705129659808
376,15,0.5182081682511765,0.5649705129659808
376,16,0.2324712195902024,0.5649705129659808
376,17,0.03613600332235688,0.5649705129659808
376,18,0.0827006844119088,0.5649705129659808
376,19,0.16525241357335338,0.5649705129659808
376,20,0.4100069425704881,0.5649705129659808
376,21,0.24683704282744576,0.5649705129659808
376,22,0.3921954524070915,0.5649705129659808
376,23,0.0,0.5649705129659808
376,24,0.0,0.5649705129659808
377,1,0.1754612477782749,0.5994797900910204
377,2,0.663525448274224,0.5994797900910204
377,3,0.13210002165514387,0.5994797900910204
377,4,0.2846814281601472,0.5994797900910204
377,5,0.6137500027472482,0.5994797900910204
377,6,0.0,0.5994797900910204
377,7,0.36725535072639076,0.5994797900910204
377,8,0.3827489927420091,0.5994797900910204
377,9,0.37174391031748744,0.5994797900910204
377,10,0.08255617474767854,0.5994797900910204
377,11,0.31786103865662707,0.5994797900910204
377,12,0.5509377197175804,0.5994797900910204
377,13,0.4648937743201408,0.5994797900910204
377,14,0.16255211369569492,0.5994797900910204
377,15,0.3936222299867193,0.5994797900910204
377,16,0.12618890143964812,0.5994797900910204
377,17,0.004261619128234348,0.5994797900910204
377,18,0.0,0.5994797900910204
377,19,0.29668564248659357,0.5994797900910204
377,20,0.006323174837008283,0.5994797900910204
377,21,0.3609863687226594,0.5994797900910204
377,22,0.35557449709677574,0.5994797900910204
377,23,0.02953300701618281,0.5994797900910204
377,24,0.0,0.5994797900910204
378,1,0.12479687985912952,0.5977611402483546
378,2,0.5175927264573404,0.5977611402483546
378,3,0.03513760207833194,0.5977611402483546
378,4,0.4201844197406631,0.5977611402483546
378,5,0.4905198118590802,0.5977611402483546
378,6,0.0,0.5977611402483546
378,7,0.23982151553738748,0.5977611402483546
378,8,0.3097665928822043,0.5977611402483546
378,9,0.4192432097762546,0.5977611402483546
378,10,0.17765896094060202,0.5977611402483546
378,11,0.49152079496808043,0.5977611402483546
378,12,0.4183612204846442,0.5977611402483546
378,13,0.5173202379706379,0.5977611402483546
378,14,0.21599567093428687,0.5977611402483546
378,15,0.3952545830976892,0.5977611402483546
378,16,0.03625875544726227,0.5977611402483546
378,17,0.22965641888379731,0.5977611402483546
378,18,0.06923985977175023,0.5977611402483546
378,19,0.34852283907786064,0.5977611402483546
378,20,0.08652536570006916,0.5977611402483546
378,21,0.3534397513369676,0.5977611402483546
378,22,0.3348582530009711,0.5977611402483546
378,23,0.12111576767323416,0.5977611402483546
378,24,0.12549319686319682,0.5977611402483546
379,1,0.0,0.6079505286434816
379,2,0.6001910228357914,0.6079505286434816
379,3,0.06723568651350344,0.6079505286434816
379,4,0.17359110331413946,0.6079505286434816
379,5,0.39769073502599006,0.6079505286434816
379,6,0.0,0.6079505286434816
379,7,0.18591779726479973,0.6079505286434816
379,8,0.44653818972830017,0.6079505286434816
379,9,0.2411802576634028,0.6079505286434816
379,10,0.14208254666404088,0.6079505286434816
379,11,0.5883928649069599,0.6079505286434816
379,12,0.497781180759895,0.6079505286434816
379,13,0.5161816883111171,0.6079505286434816
379,14,0.24746744357806802,0.6079505286434816
379,15,0.6432666469990718,0.6079505286434816
379,16,0.08565936181759573,0.6079505286434816
379,17,0.29975556337533193,0.6079505286434816
379,18,0.2365655128054137,0.6079505286434816
379,19,0.28245528950041715,0.6079505286434816
379,20,0.15868394434851116,0.6079505286434816
379,21,0.24152559312786515,0.6079505286434816
379,22,0.6367196320528248,0.6079505286434816
379,23,0.31858898472578223,0.6079505286434816
379,24,0.26268372094913045,0.6079505286434816
380,1,0.060434732306680006,0.6292526317087139
380,2,0.6940921442228192,0.6292526317087139
380,3,0.2022443377954025,0.6292526317087139
380,4,0.34654640886789295,0.6292526317087139
380,5,0.31842378022456014,0.6292526317087139
380,6,0.03867138068405403,0.6292526317087139
380,7,0.10670247679674376,0.6292526317087139
380,8,0.48948003971276327,0.6292526317087139
380,9,0.2741466440511757,0.6292526317087139
380,10,0.09447089496468752,0.6292526317087139
380,11,0.5302624205463464,0.6292526317087139
380,12,0.30342640249939123,0.6292526317087139
380,13,0.409451205363973,0.6292526317087139
380,14,0.19887716034341307,0.6292526317087139
380,15,0.448593003631534,0.6292526317087139
380,16,0.01325787465008997,0.6292526317087139
380,17,0.1376461574031914,0.6292526317087139
380,18,0.012462983710520348,0.6292526317087139
380,19,0.4903571986190245,0.6292526317087139
380,20,0.35987982061618506,0.6292526317087139
380,21,0.19822509662204751,0.6292526317087139
380,22,0.4193809965083216,0.6292526317087139
380,23,0.33574558285595674,0.6292526317087139
380,24,0.2909635686838738,0.6292526317087139
381,1,0.14291116670049048,0.6438257619146324
381,2,0.4308434312138164,0.6438257619146324
381,3,0.0,0.6438257619146324
381,4,0.20570458802982403,0.6438257619146324
381,5,0.3216317592418276,0.6438257619146324
381,6,0.0014488100820788802,0.6438257619146324
381,7,0.1856319514567938,0.6438257619146324
381,8,0.6752174291698652,0.6438257619146324
381,9,0.44623317090285863,0.6438257619146324
381,10,0.0,0.6438257619146324
381,11,0.4126662558585109,0.6438257619146324
381,12,0.21775602373583614,0.6438257619146324
381,13,0.6361947882096494,0.6438257619146324
381,14,0.2851625720381789,0.6438257619146324
381,15,0.35328044379635765,0.6438257619146324
381,16,0.2419794183873098,0.6438257619146324
381,17,0.07109097477800719,0.6438257619146324
381,18,0.12724103336100204,0.6438257619146324
381,19,0.5657744772504463,0.6438257619146324
381,20,0.28273911142739283,0.6438257619146324
381,21,0.17636122038031965,0.6438257619146324
381,22,0.35294140171974236,0.6438257619146324
381,23,0.5161777885989991,0.6438257619146324
381,24,0.4853739646514048,0.6438257619146324
382,1,0.011126444592177903,0.6997034711789558
382,2,0.4246268100142151,0.6997034711789558
382,3,0.09747037281536051,0.6997034711789558
382,4,0.25630490584923005,0.6997034711789558
382,5,0.20519398577203984,0.6997034711789558
382,6,0.04370501673782299,0.6997034711789558
382,7,0.24509632014590105,0.6997034711789558
382,8,0.5239678362570374,0.6997034711789558
382,9,0.32925800990930104,0.6997034711789558
382,10,0.08929596598327857,0.6997034711789558
382,11,0.46170671795464135,0.6997034711789558
382,12,0.21331865868367017,0.6997034711789558
382,13,0.5532513441737926,0.6997034711789558
382,14,0.38571066961239964,0.6997034711789558
382,15,0.2033523000585869,0.6997034711789558
382,16,0.23672642442203923,0.6997034711789558
382,17,0.0,0.6997034711789558
382,18,0.3204000095389883,0.6997034711789558
382,19,0.33903329888093053,0.6997034711789558
382,20,0.0,0.6997034711789558
382,21,0.3466152344523737,0.6997034711789558
382,22,0.52322044363955,0.6997034711789558
382,23,0.5372034082733722,0.6997034711789558
382,24,0.31083826005362647,0.6997034711789558
383,1,0.028083170446852088,0.6922048816747775
383,2,0.24670505034508322,0.6922048816747775
383,3,0.0,0.6922048816747775
383,4,0.42131053786716377,0.6922048816747775
383,5,0.17082775163288139,0.6922048816747775
383,6,0.0,0.6922048816747775
383,7,0.13229206858564296,0.6922048816747775
383,8,0.2896404423460549,0.6922048816747775
383,9,0.4533454789312631,0.6922048816747775
383,10,0.06719223152995692,0.6922048816747775
383,11,0.4141952291667499,0.6922048816747775
383,12,0.23613770386753863,0.6922048816747775
383,13,0.5396906045671013,0.6922048816747775
383,14,0.4343815774928437,0.6922048816747775
383,15,0.17868139262322202,0.6922048816747775
383,16,0.32975968211377876,0.6922048816747775
383,17,0.22059156049843862,0.6922048816747775
383,18,0.21910795168469738,0.6922048816747775
383,19,0.16479575002825272,0.6922048816747775
383,20,0.0,0.6922048816747775
383,21,0.1402587517031451,0.6922048816747775
383,22,0.5531681895263768,0.6922048816747775
383,23,0.5981035232326538,0.6922048816747775
383,24,0.2366417320906995,0.6922048816747775
384,1,0.04803072036710475,0.6971586926720506
384,2,0.0,0.6971586926720506
384,3,0.24054669997723077,0.6971586926720506
384,4,0.33610215254133524,0.6971586926720506
384,5,0.18527190069804647,0.6971586926720506
384,6,0.11850891795945764,0.6971586926720506
384,7,0.23268834648715192,0.6971586926720506
384,8,0.43277832629382873,0.6971586926720506
384,9,0.21766028752461458,0.6971586926720506
384,10,0.0,0.6971586926720506
384,11,0.4423818116223872,0.6971586926720506
384,12,0.057979522907034564,0.6971586926720506
384,13,0.5951867609571889,0.6971586926720506
384,14,0.6035620235585044,0.6971586926720506
384,15,0.24157021186556565,0.6971586926720506
384,16,0.31216336200835326,0.6971586926720506
384,17,0.28077122449943603,0.6971586926720506
384,18,0.0,0.6971586926720506
384,19,0.1256730473025492,0.6971586926720506
384,20,0.10241362913913636,0.6971586926720506
384,21,0.0,0.6971586926720506
384,22,0.31781028253510535,0.6971586926720506
384,23,0.47316719681308694,0.6971586926720506
384,24,0.33267711063524963,0.6971586926720506
385,1,0.0,0.7533076147670051
385,2,0.0527817849199014,0.7533076147670051
385,3,0.3205709674090207,0.7533076147670051
385,4,0.2988557572854435,0.7533076147670051
385,5,0.4465707284616024,0.7533076147670051
385,6,0.13822592763504638,0.7533076147670051
385,7,0.17228798098576636,0.7533076147670051
385,8,0.23798152445454104,0.7533076147670051
385,9,0.33872556455529873,0.7533076147670051
385,10,0.0,0.7533076147670051
385,11,0.41972352786134737,0.7533076147670051
385,12,0.19909264701675095,0.7533076147670051
385,13,0.4082874156029421,0.7533076147670051
385,14,0.5090125189683168,0.7533076147670051
385,15,0.3852184686250938,0.7533076147670051
385,16,0.22063660176383357,0.7533076147670051
385,17,0.3999414044804803,0.7533076147670051
385,18,0.105022972844594,0.7533076147670051
385,19,0.0900744721633237,0.7533076147670051
385,20,0.1614740046480344,0.7533076147670051
385,21,0.12877887630922427,0.7533076147670051
385,22,0.24671894929855184,0.7533076147670051
385,23,0.47051497236705214,0.7533076147670051
385,24,0.34103286178801584,0.7533076147670051
386,1,0.0,0.720872197734781
386,2,0.0,0.720872197734781
386,3,0.26606053556183573,0.720872197734781
386,4,0.24756862462317467,0.720872197734781
386,5,0.5121613643318653,0.720872197734781
386,6,0.34196732950134906,0.720872197734781
386,7,0.16871507059939386,0.720872197734781
386,8,0.3361961491388331,0.720872197734781
386,9,0.1690174841083698,0.720872197734781
386,10,0.1831747887350423,0.720872197734781
386,11,0.38975302227135117,0.720872197734781
386,12,0.2503492701675293,0.720872197734781
386,13,0.2212211588391681,0.720872197734781
386,14,0.3040763105824301,0.720872197734781
386,15,0.31686014604500073,0.720872197734781
386,16,0.12421027287753425,0.720872197734781
386,17,0.4844335772083427,0.720872197734781
386,18,0.08444036372225075,0.720872197734781
386,19,0.03710123787497037,0.720872197734781
386,20,0.21147151228227357,0.720872197734781
386,21,0.0,0.720872197734781
386,22,0.3977891160442555,0.720872197734781
386,23,0.35886497745758855,0.720872197734781
386,24,0.150873144652971,0.720872197734781
387,1,0.26435414832199144,0.7802801160162475
387,2,0.055336879392964784,0.7802801160162475
387,3,0.35832009467567827,0.7802801160162475
387,4,0.02719756791187014,0.7802801160162475
387,5,0.4246106608410827,0.7802801160162475
387,6,0.3740155578146928,0.7802801160162475
387,7,0.2367649560883228,0.7802801160162475
387,8,0.24877387453097558,0.7802801160162475
387,9,0.1761378706711099,0.7802801160162475
387,10,0.2703409440935321,0.7802801160162475
387,11,0.2605765354411682,0.7802801160162475
387,12,0.33502525663314103,0.7802801160162475
387,13,0.21107880109180016,0.7802801160162475
387,14,0.14101610184207952,0.7802801160162475
387,15,0.19495757912306078,0.7802801160162475
387,16,0.19878281326732233,0.7802801160162475
387,17,0.37274181754963787,0.7802801160162475
387,18,0.016007296908576496,0.7802801160162475
387,19,0.11522077364458458,0.7802801160162475
387,20,0.25861960156149644,0.7802801160162475
387,21,0.16668322302304334,0.7802801160162475
387,22,0.38694096108650505,0.7802801160162475
387,23,0.38702618353498675,0.7802801160162475
387,24,0.17240898364679694,0.7802801160162475
388,1,0.5158136149101484,0.7081754016439826
388,2,0.1624538439709044,0.7081754016439826
388,3,0.43984702695804334,0.7081754016439826
388,4,0.016523620802424047,0.7081754016439826
388,5,0.49421207655547117,0.7081754016439826
388,6,0.4658060196190835,0.7081754016439826
388,7,0.2814464406861278,0.7081754016439826
388,8,0.4608225361025441,0.7081754016439826
388,9,0.24489644332249275,0.7081754016439826
388,10,0.06777005311715897,0.7081754016439826
388,11,0.365804020157471,0.7081754016439826
388,12,0.3741262728412562,0.7081754016439826
388,13,0.005055782402275388,0.7081754016439826
388,14,0.10272502058021231,0.7081754016439826
388,15,0.40092647475642995,0.7081754016439826
388,16,0.16168004809124548,0.7081754016439826
388,17,0.38541799064618226,0.7081754016439826
388,18,0.0,0.7081754016439826
388,19,0.3714270685383403,0.7081754016439826
388,20,0.45513440746643874,0.7081754016439826
388,21,0.05207289079256597,0.7081754016439826
388,22,0.3879947513198829,0.7081754016439826
388,23,0.6624118325275903,0.7081754016439826
388,24,0.14563188674051875,0.7081754016439826
389,1,0.3761889802469064,0.7800828073204066
389,2,0.2481388269908603,0.7800828073204066
389,3,0.4367936841933999,0.7800828073204066
389,4,0.0,0.7800828073204066
389,5,0.5811268800342406,0.7800828073204066
389,6,0.44404316693321466,0.7800828073204066
389,7,0.10119205153870509,0.7800828073204066
389,8,0.6915543639420234,0.7800828073204066
389,9,0.3323800209896688,0.7800828073204066
389,10,0.12730959358393876,0.7800828073204066
389,11,0.2929920960018296,0.7800828073204066
389,12,0.39214094573777547,0.7800828073204066
389,13,0.09649724064739995,0.7800828073204066
389,14,0.16702312570653396,0.7800828073204066
389,15,0.45363038477573897,0.7800828073204066
389,16,0.08711512092889453,0.7800828073204066
389,17,0.23771176908805564,0.7800828073204066
389,18,0.021728477979653854,0.7800828073204066
389,19,0.28173493520002935,0.7800828073204066
389,20,0.5116489944906801,0.7800828073204066
389,21,0.11535923305027863,0.7800828073204066
389,22,0.4069398039334611,0.7800828073204066
389,23,0.6261989867667935,0.7800828073204066
389,24,0.209457174128315,0.7800828073204066
390,1,0.35611997759595004,0.8254886120936907
390,2,0.12431900368040816,0.8254886120936907
390,3,0.3443125007315777,0.8254886120936907
390,4,0.12377538158094453,0.8254886120936907
390,5,0.6553480637074076,0.8254886120936907
390,6,0.2390331840072597,0.8254886120936907
390,7,0.10225050398958906,0.8254886120936907
390,8,0.7789050719964492,0.8254886120936907
390,9,0.1580564866673394,0.8254886120936907
390,10,0.03342472562366128,0.8254886120936907
390,11,0.20391230801307353,0.8254886120936907
390,12,0.36886388578667384,0.8254886120936907
390,13,0.10162652782939208,0.8254886120936907
390,14,0.09069404197554254,0.8254886120936907
390,15,0.4526787570045462,0.8254886120936907
390,16,0.05735459419185611,0.8254886120936907
390,17,0.25234799316707907,0.8254886120936907
390,18,0.33842572164073437,0.8254886120936907
390,19,0.4099063773782808,0.8254886120936907
390,20,0.527935127151714,0.8254886120936907
390,21,0.0,0.8254886120936907
390,22,0.4656696468026381,0.8254886120936907
390,23,0.6043514063247476,0.8254886120936907
390,24,0.21528254372716304,0.8254886120936907
391,1,0.46493874720703005,0.8518451493132099
391,2,0.0,0.8518451493132099
391,3,0.12066706475899999,0.8518451493132099
391,4,0.2559729448782738,0.8518451493132099
391,5,0.61260501337761,0.8518451493132099
391,6,0.13678815682035633,0.8518451493132099
391,7,0.10085562370728977,0.8518451493132099
391,8,0.8171786598427705,0.8518451493132099
391,9,0.2807293253568533,0.8518451493132099
391,10,0.0,0.8518451493132099
391,11,0.25689654344154755,0.8518451493132099
391,12,0.31541540571834437,0.8518451493132099
391,13,0.214901579538134,0.8518451493132099
391,14,0.3843906938318091,0.8518451493132099
391,15,0.3544138978871578,0.8518451493132099
391,16,0.09983064417389302,0.8518451493132099
391,17,0.11695851438328364,0.8518451493132099
391,18,0.35465617887399525,0.8518451493132099
391,19,0.2632693336574773,0.8518451493132099
391,20,0.33978929696787274,0.8518451493132099
391,21,0.12297076026452725,0.8518451493132099
391,22,0.3407751897159254,0.8518451493132099
391,23,0.31723145773300754,0.8518451493132099
391,24,0.2953451329261715,0.8518451493132099
392,1,0.5732847281003184,0.8139960149023605
392,2,0.018113964107514265,0.8139960149023605
392,3,0.2293870659438022,0.8139960149023605
392,4,0.4093988932580548,0.8139960149023605
392,5,0.40141101733837486,0.8139960149023605
392,6,0.039684793137506974,0.8139960149023605
392,7,0.07822539227283182,0.8139960149023605
392,8,0.5417775096440056,0.8139960149023605
392,9,0.1767989160797474,0.8139960149023605
392,10,0.0,0.8139960149023605
392,11,0.2946302366866707,0.8139960149023605
392,12,0.029703082238606404,0.8139960149023605
392,13,0.32459160528444064,0.8139960149023605
392,14,0.4374922100746511,0.8139960149023605
392,15,0.18439810415976135,0.8139960149023605
392,16,0.10609586303601476,0.8139960149023605
392,17,0.36278119351061877,0.8139960149023605
392,18,0.4406262564085306,0.8139960149023605
392,19,0.3136862709271767,0.8139960149023605
392,20,0.052683402364608556,0.8139960149023605
392,21,0.11568529371808114,0.8139960149023605
392,22,0.3173411045411009,0.8139960149023605
392,23,0.37857047226419227,0.8139960149023605
392,24,0.4554787283733583,0.8139960149023605
393,1,0.548767141678072,0.8439018884390862
393,2,0.19238366671211027,0.8439018884390862
393,3,0.3675613399128895,0.8439018884390862
393,4,0.4561730813128387,0.8439018884390862
393,5,0.5230954798396379,0.8439018884390862
393,6,0.16402025914058144,0.8439018884390862
393,7,0.0,0.8439018884390862
393,8,0.3960028769388882,0.8439018884390862
393,9,0.1438210837891809,0.8439018884390862
393,10,0.08785276930433858,0.8439018884390862
393,11,0.13034966434669487,0.8439018884390862
393,12,0.034946671653551094,0.8439018884390862
393,13,0.3506801024093401,0.8439018884390862
393,14,0.48164417166455037,0.8439018884390862
393,15,0.13351365330550727,0.8439018884390862
393,16,0.38789534652384833,0.8439018884390862
393,17,0.4620200981255086,0.8439018884390862
393,18,0.48855917739639587,0.8439018884390862
393,19,0.25059775480516666,0.8439018884390862
393,20,0.0,0.8439018884390862
393,21,0.2171173894808816,0.8439018884390862
393,22,0.41657275515970865,0.8439018884390862
393,23,0.24024344501301925,0.8439018884390862
393,24,0.4003809073990806,0.8439018884390862
394,1,0.5886416428746652,0.8542176385351418
394,2,0.19770575227075338,0.8542176385351418
394,3,0.4520496720885854,0.8542176385351418
394,4,0.47255418775395813,0.8542176385351418
394,5,0.4945194024303514,0.8542176385351418
394,6,0.31754169691728296,0.8542176385351418
394,7,0.15072753668520017,0.8542176385351418
394,8,0.4104919497085957,0.8542176385351418
394,9,0.2590750756286873,0.8542176385351418
394,10,0.01858747678754888,0.8542176385351418
394,11,0.15988741392527922,0.8542176385351418
394,12,0.21997907850077097,0.8542176385351418
394,13,0.4323573083917807,0.8542176385351418
394,14,0.5529765108254504,0.8542176385351418
394,15,0.4237552786317943,0.8542176385351418
394,16,0.437310703357576,0.8542176385351418
394,17,0.32877785224926576,0.8542176385351418
394,18,0.6631146102504585,0.8542176385351418
394,19,0.35866775598031936,0.8542176385351418
394,20,0.0750833744934247,0.8542176385351418
394,21,0.2667489402452096,0.8542176385351418
394,22,0.42969894403252606,0.8542176385351418
394,23,0.2164334525430041,0.8542176385351418
394,24,0.4415238926891679,0.8542176385351418
395,1,0.4513574985184623,0.8590209960037696
395,2,0.2980627541219074,0.8590209960037696
395,3,0.38845175735156445,0.8590209960037696
395,4,0.4577602132223698,0.8590209960037696
395,5,0.39716057602322047,0.8590209960037696
395,6,0.2827458478755409,0.8590209960037696
395,7,0.027099384245064223,0.8590209960037696
395,8,0.23470356129806175,0.8590209960037696
395,9,0.2898947143086897,0.8590209960037696
395,10,0.016230069573304,0.8590209960037696
395,11,0.19931955031779805,0.8590209960037696
395,12,0.3167606550358126,0.8590209960037696
395,13,0.3382790633160866,0.8590209960037696
395,14,0.47798271912566986,0.8590209960037696
395,15,0.2889043190759813,0.8590209960037696
395,16,0.4836006053613886,0.8590209960037696
395,17,0.5046320952217944,0.8590209960037696
395,18,0.9459615283067063,0.8590209960037696
395,19,0.5794629094564091,0.8590209960037696
395,20,0.04998499958447852,0.8590209960037696
395,21,0.33549129396111715,0.8590209960037696
395,22,0.2765309896276929,0.8590209960037696
395,23,0.3473645021822155,0.8590209960037696
395,24,0.35406404604123204,0.8590209960037696
396,1,0.46646006103392673,0.8574438107464378
396,2,0.38616286195314387,0.8574438107464378
396,3,0.42588434253848334,0.8574438107464378
396,4,0.3643702323045992,0.8574438107464378
396,5,0.4181895471162017,0.8574438107464378
396,6,0.44874631515054586,0.8574438107464378
396,7,0.0,0.8574438107464378
396,8,0.15400381321081769,0.8574438107464378
396,9,0.351799839790211,0.8574438107464378
396,10,0.0,0.8574438107464378
396,11,0.25115626289964693,0.8574438107464378
396,12,0.17632285675688805,0.8574438107464378
396,13,0.04833654784105457,0.8574438107464378
396,14,0.35496587484416914,0.8574438107464378
396,15,0.14739378523407215,0.8574438107464378
396,16,0.3564657197828287,0.8574438107464378
396,17,0.20619439786078314,0.8574438107464378
396,18,0.7767700708503197,0.8574438107464378
396,19,0.5807222663532113,0.8574438107464378
396,20,0.11661267572849346,0.8574438107464378
396,21,0.13739985498970836,0.8574438107464378
396,22,0.1701969089696143,0.8574438107464378
396,23,0.4799043306456878,0.8574438107464378
396,24,0.528676850132004,0.8574438107464378
397,1,0.45334077929417405,0.9237662003312197
397,2,0.24180425719475468,0.9237662003312197
397,3,0.39830908573294554,0.9237662003312197
397,4,0.6326856053575498,0.9237662003312197
397,5,0.2365382526112077,0.9237662003312197
397,6,0.46102537301709584,0.9237662003312197
397,7,0.0,0.9237662003312197
397,8,0.12520135484467898,0.9237662003312197
397,9,0.40000136345579046,0.9237662003312197
397,10,0.19224772018479244,0.9237662003312197
397,11,0.2260856498041618,0.9237662003312197
397,12,0.2870130798844093,0.9237662003312197
397,13,0.12144948280498269,0.9237662003312197
397,14,0.18810609590133953,0.9237662003312197
397,15,0.17849664767057108,0.9237662003312197
397,16,0.4119908946273896,0.9237662003312197
397,17,0.4373758367209549,0.9237662003312197
397,18,0.5741422686541694,0.9237662003312197
397,19,0.4443012941671348,0.9237662003312197
397,20,0.1330398321117026,0.9237662003312197
397,21,0.06943542127299121,0.9237662003312197
397,22,0.20707012806077152,0.9237662003312197
397,23,0.5260992772696708,0.9237662003312197
397,24,0.35826330202339873,0.9237662003312197
398,1,0.4995403985869279,0.8917822613338315
398,2,0.15094051513006002,0.8917822613338315
398,3,0.434412412293401,0.8917822613338315
398,4,0.7254515956979839,0.8917822613338315
398,5,0.08986241178481386,0.8917822613338315
398,6,0.47710264378808187,0.8917822613338315
398,7,0.1679117808991928,0.8917822613338315
398,8,0.11887170449734082,0.8917822613338315
398,9,0.4229366111345913,0.8917822613338315
398,10,0.04506704166697495,0.8917822613338315
398,11,0.08451754227483402,0.8917822613338315
398,12,0.21265007769415492,0.8917822613338315
398,13,0.19454855868176157,0.8917822613338315
398,14,0.2395239934203039,0.8917822613338315
398,15,0.3151411719147715,0.8917822613338315
398,16,0.44186473201444965,0.8917822613338315
398,17,0.1336945653199652,0.8917822613338315
398,18,0.5193612443860681,0.8917822613338315
398,19,0.7282805701790905,0.8917822613338315
398,20,0.33008385476724,0.8917822613338315
398,21,0.052127456730966276,0.8917822613338315
398,22,0.5312758773193375,0.8917822613338315
398,23,0.38948231145012363,0.8917822613338315
398,24,0.49708288780941345,0.8917822613338315
399,1,0.3596760375055744,0.8920767799562297
399,2,0.14334697881461322,0.8920767799562297
399,3,0.2832440461197281,0.8920767799562297
399,4,0.5686830612932812,0.8920767799562297
399,5,0.3642299376987769,0.8920767799562297
399,6,0.6346059892978914,0.8920767799562297
399,7,0.24326420115570124,0.8920767799562297
399,8,0.11949202663307348,0.8920767799562297
399,9,0.23306941487039104,0.8920767799562297
399,10,0.013146889512719653,0.8920767799562297
399,11,0.147243067451561,0.8920767799562297
399,12,0.3824312081377229,0.8920767799562297
399,13,0.14569761577931523,0.8920767799562297
399,14,0.38730829844871706,0.8920767799562297
399,15,0.22362278255299134,0.8920767799562297
399,16,0.3730942147481594,0.8920767799562297
399,17,0.14836373013534146,0.8920767799562297
399,18,0.3542347821359955,0.8920767799562297
399,19,0.6307699830111061,0.8920767799562297
399,20,0.44645955910895874,0.8920767799562297
399,21,0.120561325905822,0.8920767799562297
399,22,0.4669678092475971,0.8920767799562297
399,23,0.37723480753802574,0.8920767799562297
399,24,0.41031736483317555,0.8920767799562297
400,1,0.41037858262686255,0.9224298417131163
400,2,0.2243262826031023,0.9224298417131163
400,3,0.19564987024524338,0.9224298417131163
400,4,0.511722804476027,0.9224298417131163
400,5,0.30942313134011806,0.9224298417131163
400,6,0.40740068367475335,0.9224298417131163
400,7,0.2591678302297114,0.9224298417131163
400,8,0.14705626246525472,0.9224298417131163
400,9,0.41255080647742,0.9224298417131163
400,10,0.3626761950529219,0.9224298417131163
400,11,0.0,0.9224298417131163
400,12,0.37007830551343635,0.9224298417131163
400,13,0.23496667671046567,0.9224298417131163
400,14,0.3764534139874455,0.9224298417131163
400,15,0.3043439097024715,0.9224298417131163
400,16,0.543661694697381,0.9224298417131163
400,17,0.12891080513561967,0.9224298417131163
400,18,0.46759593394871435,0.9224298417131163
400,19,0.40195074945224873,0.9224298417131163
400,20,0.3618891254119225,0.9224298417131163
400,21,0.07578616611591092,0.9224298417131163
400,22,0.5043085307693124,0.9224298417131163
400,23,0.2917255587584584,0.9224298417131163
400,24,0.37596122425591083,0.9224298417131163
401,1,0.470576352553468,0.9431559556896428
401,2,0.14285079120917415,0.9431559556896428
401,3,0.06770835720707769,0.9431559556896428
401,4,0.31897533576716597,0.9431559556896428
401,5,0.4448712108236498,0.9431559556896428
401,6,0.34770599617603837,0.9431559556896428
401,7,0.30218444554654367,0.9431559556896428
401,8,0.13979935375323702,0.9431559556896428
401,9,0.6870757738700445,0.9431559556896428
401,10,0.2660031668982626,0.9431559556896428
401,11,0.2765169932185533,0.9431559556896428
401,12,0.21728083099515633,0.9431559556896428
401,13,0.04120687897127684,0.9431559556896428
401,14,0.2772735524024265,0.9431559556896428
401,15,0.2893887626180351,0.9431559556896428
401,16,0.5176685881695299,0.9431559556896428
401,17,0.23921145629385893,0.9431559556896428
401,18,0.37300698479721217,0.9431559556896428
401,19,0.35172812752792515,0.9431559556896428
401,20,0.39340287725557965,0.9431559556896428
401,21,0.3818030133940351,0.9431559556896428
401,22,0.6462799844693891,0.9431559556896428
401,23,0.3864698688971976,0.9431559556896428
401,24,0.6347530562379966,0.9431559556896428
402,1,0.3168538590458533,0.9480144051751517
402,2,0.03425663852657898,0.9480144051751517
402,3,0.014036644112474433,0.9480144051751517
402,4,0.37241160564045295,0.9480144051751517
402,5,0.5641224906716114,0.9480144051751517
402,6,0.4161799403411943,0.9480144051751517
402,7,0.17931712451038662,0.9480144051751517
402,8,0.3986731758879045,0.9480144051751517
402,9,0.5574886904581411,0.9480144051751517
402,10,0.1942082591345432,0.9480144051751517
402,11,0.19290038370223223,0.9480144051751517
402,12,0.2676181930747623,0.9480144051751517
402,13,0.07381919900134232,0.9480144051751517
402,14,0.26072887047934473,0.9480144051751517
402,15,0.28662752146402853,0.9480144051751517
402,16,0.3368850733465221,0.9480144051751517
402,17,0.20156112069134083,0.9480144051751517
402,18,0.32216813780934433,0.9480144051751517
402,19,0.33421849244418456,0.9480144051751517
402,20,0.3175548592337671,0.9480144051751517
402,21,0.45250063714275623,0.9480144051751517
402,22,0.7113448594799576,0.9480144051751517
402,23,0.5083843227009233,0.9480144051751517
402,24,0.7027417543900258,0.9480144051751517
403,1,0.3409756751320763,0.9783505588453161
403,2,0.0,0.9783505588453161
403,3,0.0,0.9783505588453161
403,4,0.23057701717785095,0.9783505588453161
403,5,0.6176691757769235,0.9783505588453161
403,6,0.46592811337426343,0.9783505588453161
403,7,0.0,0.9783505588453161
403,8,0.3007899717879034,0.9783505588453161
403,9,0.7082101752324995,0.9783505588453161
403,10,0.14626227703573264,0.9783505588453161
403,11,0.45010167598961626,0.9783505588453161
403,12,0.22858500740318427,0.9783505588453161
403,13,0.13186875974795784,0.9783505588453161
403,14,0.3564098852029931,0.9783505588453161
403,15,0.26021392643949326,0.9783505588453161
403,16,0.48946490485281335,0.9783505588453161
403,17,0.41072547122789693,0.9783505588453161
403,18,0.5081660201089193,0.9783505588453161
403,19,0.4061115387930825,0.9783505588453161
403,20,0.39950835463719825,0.9783505588453161
403,21,0.1878493007123837,0.9783505588453161
403,22,0.6624284320741051,0.9783505588453161
403,23,0.5360185797821357,0.9783505588453161
403,24,0.783746538775281,0.9783505588453161
404,1,0.25897466501991995,0.9526253629325779
404,2,0.0,0.9526253629325779
404,3,0.0,0.9526253629325779
404,4,0.1598248101715663,0.9526253629325779
404,5,0.301626116500485,0.9526253629325779
404,6,0.5786125201535508,0.9526253629325779
404,7,0.14360138728550645,0.9526253629325779
404,8,0.2952929409780661,0.9526253629325779
404,9,0.4224769018203359,0.9526253629325779
404,10,0.2735625912498568,0.9526253629325779
404,11,0.6686040059559155,0.9526253629325779
404,12,0.13284078355641182,0.9526253629325779
404,13,0.0,0.9526253629325779
404,14,0.30629367895522924,0.9526253629325779
404,15,0.230979584243294,0.9526253629325779
404,16,0.6225029928407706,0.9526253629325779
404,17,0.46925160984998054,0.9526253629325779
404,18,0.3292536437610446,0.9526253629325779
404,19,0.3988114284977973,0.9526253629325779
404,20,0.11407264751662938,0.9526253629325779
404,21,0.08857418381951149,0.9526253629325779
404,22,0.6398675105706187,0.9526253629325779
404,23,0.42206952693778044,0.9526253629325779
404,24,0.7235126576274428,0.9526253629325779
405,1,0.20342720665138103,0.9382226426772888
405,2,0.23978896193850194,0.9382226426772888
405,3,0.25954359907389957,0.9382226426772888
405,4,0.3360814736974268,0.9382226426772888
405,5,0.2811302815044624,0.9382226426772888
405,6,0.5390598271596921,0.9382226426772888
405,7,0.2029030367905165,0.9382226426772888
405,8,0.29960187760360657,0.9382226426772888
405,9,0.30843911780948585,0.9382226426772888
405,10,0.275631637473901,0.9382226426772888
405,11,0.6922444179250071,0.9382226426772888
405,12,0.2068593884974548,0.9382226426772888
405,13,0.10394883032900448,0.9382226426772888
405,14,0.20402490967413822,0.9382226426772888
405,15,0.12785088857440807,0.9382226426772888
405,16,0.5715775649557154,0.9382226426772888
405,17,0.33846193241776446,0.9382226426772888
405,18,0.29779221680708956,0.9382226426772888
405,19,0.29057201638293256,0.9382226426772888
405,20,0.08388341156705323,0.9382226426772888
405,21,0.24376316055196834,0.9382226426772888
405,22,0.47231895311491956,0.9382226426772888
405,23,0.48821907713063717,0.9382226426772888
405,24,0.8771348903253272,0.9382226426772888
406,1,0.21339596351194823,0.9288976970246617
406,2,0.35549708083156284,0.9288976970246617
406,3,0.1207717832512501,0.9288976970246617
406,4,0.397001776428065,0.9288976970246617
406,5,0.4403102458251479,0.9288976970246617
406,6,0.4946456414872843,0.9288976970246617
406,7,0.2824773268357613,0.9288976970246617
406,8,0.25179414368164893,0.9288976970246617
406,9,0.335246409125591,0.9288976970246617
406,10,0.2645540372080846,0.9288976970246617
406,11,0.5787826437969914,0.9288976970246617
406,12,0.1442887355732197,0.9288976970246617
406,13,0.14162389444469334,0.9288976970246617
406,14,0.3004566581544888,0.9288976970246617
406,15,0.35382067003390044,0.9288976970246617
406,16,0.3844965659389966,0.9288976970246617
406,17,0.0,0.9288976970246617
406,18,0.13634402258993283,0.9288976970246617
406,19,0.269076263160144,0.9288976970246617
406,20,0.1316493008621142,0.9288976970246617
406,21,0.19686115305907034,0.9288976970246617
406,22,0.6086866129731671,0.9288976970246617
406,23,0.5161817710984773,0.9288976970246617
406,24,0.4146353647214339,0.9288976970246617
407,1,0.23993862551397324,0.9198968319236202
407,2,0.2870608939347388,0.9198968319236202
407,3,0.10177663559141645,0.9198968319236202
407,4,0.16707798080249942,0.9198968319236202
407,5,0.3645093701115223,0.9198968319236202
407,6,0.42807899777175046,0.9198968319236202
407,7,0.1046785970729193,0.9198968319236202
407,8,0.3172558019188913,0.9198968319236202
407,9,0.47124717880547284,0.9198968319236202
407,10,0.22828894058994992,0.9198968319236202
407,11,0.5466242049256761,0.9198968319236202
407,12,0.1863216916054429,0.9198968319236202
407,13,0.14544044854581578,0.9198968319236202
407,14,0.42858711353098927,0.9198968319236202
407,15,0.33612475557113247,0.9198968319236202
407,16,0.3394588069423378,0.9198968319236202
407,17,0.0047969451612096745,0.9198968319236202
407,18,0.22235319189189673,0.9198968319236202
407,19,0.23783169013688218,0.9198968319236202
407,20,0.15537212751327129,0.9198968319236202
407,21,0.12458561205924659,0.9198968319236202
407,22,0.6028920215881776,0.9198968319236202
407,23,0.44009507190042596,0.9198968319236202
407,24,0.2916055872520867,0.9198968319236202
408,1,0.0,0.9222722000821258
408,2,0.20522311154065515,0.9222722000821258
408,3,0.0,0.9222722000821258
408,4,0.2814810224007541,0.9222722000821258
408,5,0.42745859603852027,0.9222722000821258
408,6,0.4809318093120818,0.9222722000821258
408,7,0.21808999634185944,0.9222722000821258
408,8,0.3019639125789979,0.9222722000821258
408,9,0.4563062107860062,0.9222722000821258
408,10,0.22302390950284756,0.9222722000821258
408,11,0.5058597663464787,0.9222722000821258
408,12,0.2738981151072357,0.9222722000821258
408,13,0.015088815132252603,0.9222722000821258
408,14,0.41515102706359863,0.9222722000821258
408,15,0.4365622351251452,0.9222722000821258
408,16,0.27502389798164706,0.9222722000821258
408,17,0.02617394011590854,0.9222722000821258
408,18,0.318780222907071,0.9222722000821258
408,19,0.34690499169094613,0.9222722000821258
408,20,0.2508492130610691,0.9222722000821258
408,21,0.06853315771408873,0.9222722000821258
408,22,0.6814287219650972,0.9222722000821258
408,23,0.6322094267740357,0.9222722000821258
408,24,0.40370423009119016,0.9222722000821258
409,1,0.07714287865651312,1.0
409,2,0.1876123841206892,1.0
409,3,0.0,1.0
409,4,0.3454871593998829,1.0
409,5,0.27850890080455193,1.0
409,6,0.4875574462627206,1.0
409,7,0.28335235880615794,1.0
409,8,0.15876145466546127,1.0
409,9,0.4654725946747282,1.0
409,10,0.32414063082206396,1.0
409,11,0.36952406332469806,1.0
409,12,0.47523382745200793,1.0
409,13,0.12463628934351181,1.0
409,14,0.24649136573604127,1.0
409,15,0.4263140336251127,1.0
409,16,0.2653799846314104,1.0
409,17,0.031120857758301576,1.0
409,18,0.38460596670611835,1.0
409,19,0.5011005861732815,1.0
409,20,0.4152948802752587,1.0
409,21,0.1666091753757334,1.0
409,22,0.6520668841607491,1.0
409,23,0.3682157466790478,1.0
409,24,0.19263485330798616,1.0
410,1,0.0,0.9734164692246888
410,2,0.058382211115772076,0.9734164692246888
410,3,0.0,0.9734164692246888
410,4,0.40854381271981915,0.9734164692246888
410,5,0.1896674574420475,0.9734164692246888
410,6,0.3704052654552452,0.9734164692246888
410,7,0.33963013840235184,0.9734164692246888
410,8,0.3976494160695162,0.9734164692246888
410,9,0.18425976869794047,0.9734164692246888
410,10,0.0,0.9734164692246888
410,11,0.19830144606502814,0.9734164692246888
410,12,0.4840848253609302,0.9734164692246888
410,13,0.08548770515721227,0.9734164692246888
410,14,0.29956831330226535,0.9734164692246888
410,15,0.22866258095080422,0.9734164692246888
410,16,0.21178168327919492,0.9734164692246888
410,17,0.2251577355514111,0.9734164692246888
410,18,0.2305565025173937,0.9734164692246888
410,19,0.6436143236513625,0.9734164692246888
410,20,0.4914424696665934,0.9734164692246888
410,21,0.059058135817697976,0.9734164692246888
410,22,0.5652648321788264,0.9734164692246888
410,23,0.4619105639503144,0.9734164692246888
410,24,0.2546593465498957,0.9734164692246888
411,1,0.04707932112092199,0.9704855896287627
411,2,0.0,0.9704855896287627
411,3,0.0,0.9704855896287627
411,4,0.4538673678564521,0.9704855896287627
411,5,0.24004075706576858,0.9704855896287627
411,6,0.21183312658352638,0.9704855896287627
411,7,0.42364939179914585,0.9704855896287627
411,8,0.2179744057125023,0.9704855896287627
411,9,0.20346339752655546,0.9704855896287627
411,10,0.13714211562060286,0.9704855896287627
411,11,0.2874823986855985,0.9704855896287627
411,12,0.5731741643795907,0.9704855896287627
411,13,0.23093078699011382,0.9704855896287627
411,14,0.26189240242948464,0.9704855896287627
411,15,0.18974870756793472,0.9704855896287627
411,16,0.22056088155309408,0.9704855896287627
411,17,0.2658127257254686,0.9704855896287627
411,18,0.27218488499495946,0.9704855896287627
411,19,0.49549554098077897,0.9704855896287627
411,20,0.33247035313255535,0.9704855896287627
411,21,0.1439244582850041,0.9704855896287627
411,22,0.4040942040433224,0.9704855896287627
411,23,0.695181261331099,0.9704855896287627
411,24,0.27159188925687183,0.9704855896287627
412,1,0.0,0.908163950970476
412,2,0.046398410784831964,0.908163950970476
412,3,0.0,0.908163950970476
412,4,0.2138290385944837,0.908163950970476
412,5,0.19067164463637143,0.908163950970476
412,6,0.3557271703697694,0.908163950970476
412,7,0.23302392048058684,0.908163950970476
412,8,0.039786364325442525,0.908163950970476
412,9,0.2088081051328599,0.908163950970476
412,10,0.0,0.908163950970476
412,11,0.26676208376829513,0.908163950970476
412,12,0.31006901815579,0.908163950970476
412,13,0.11912575350594412,0.908163950970476
412,14,0.2734638754224328,0.908163950970476
412,15,0.2664430326149538,0.908163950970476
412,16,0.42866485468997795,0.908163950970476
412,17,0.03688941922125061,0.908163950970476
412,18,0.47764768576547967,0.908163950970476
412,19,0.3701916502382702,0.908163950970476
412,20,0.4736419311016618,0.908163950970476
412,21,0.1806975317427251,0.908163950970476
412,22,0.42726188809570864,0.908163950970476
412,23,0.597684328281284,0.908163950970476
412,24,0.3749649782681034,0.908163950970476
413,1,0.1073975263975408,0.9743644047471113
413,2,0.0,0.9743644047471113
413,3,0.10984345520170916,0.9743644047471113
413,4,0.0,0.9743644047471113
413,5,0.1987263846691689,0.9743644047471113
413,6,0.13386101515663643,0.9743644047471113
413,7,0.33375478911629397,0.9743644047471113
413,8,0.0,0.9743644047471113
413,9,0.21548509433699076,0.9743644047471113
413,10,0.009629082578878581,0.9743644047471113
413,11,0.39855211205515306,0.9743644047471113
413,12,0.4519834936586555,0.9743644047471113
413,13,0.03664071577525216,0.9743644047471113
413,14,0.20077433952521478,0.9743644047471113
413,15,0.29485368439685294,0.9743644047471113
413,16,0.41397027819348436,0.9743644047471113
413,17,0.1910844441037352,0.9743644047471113
413,18,0.5698118532610488,0.9743644047471113
413,19,0.28675654003390416,0.9743644047471113
413,20,0.3774649715447205,0.9743644047471113
413,21,0.2163432255657476,0.9743644047471113
413,22,0.5457485079667336,0.9743644047471113
413,23,0.4743885861828834,0.9743644047471113
413,24,0.4262093517022346,0.9743644047471113
414,1,0.2041701347515112,0.950827176764768
414,2,0.2613952627864954,0.950827176764768
414,3,0.2541086349086692,0.950827176764768
414,4,0.0,0.950827176764768
414,5,0.33289713678753197,0.950827176764768
414,6,0.03505969414667945,0.950827176764768
414,7,0.2899953264651532,0.950827176764768
414,8,0.12623426730384912,0.950827176764768
414,9,0.2620618319696986,0.950827176764768
414,10,0.20216590818545022,0.950827176764768
414,11,0.31336266315683087,0.950827176764768
414,12,0.45818536578995306,0.950827176764768
414,13,0.21004364456545946,0.950827176764768
414,14,0.06434137807256785,0.950827176764768
414,15,0.11817894130447898,0.950827176764768
414,16,0.5678163727447982,0.950827176764768
414,17,0.16970891848823685,0.950827176764768
414,18,0.4334518773177985,0.950827176764768
414,19,0.450590841296852,0.950827176764768
414,20,0.4237080868912304,0.950827176764768
414,21,0.09441769301237335,0.950827176764768
414,22,0.36898731672258267,0.950827176764768
414,23,0.2506947383221932,0.950827176764768
414,24,0.3984693265595407,0.950827176764768
415,1,0.36154219016200306,0.9772950032463277
415,2,0.2613669660626525,0.9772950032463277
415,3,0.2985215748146197,0.9772950032463277
415,4,0.0020636392990640642,0.9772950032463277
415,5,0.41389114257056153,0.9772950032463277
415,6,0.11938429948510768,0.9772950032463277
415,7,0.23488501337645243,0.9772950032463277
415,8,0.2681586362986352,0.9772950032463277
415,9,0.23052726689196057,0.9772950032463277
415,10,0.28874311226062926,0.9772950032463277
415,11,0.2660404039283989,0.9772950032463277
415,12,0.5534866656586915,0.9772950032463277
415,13,0.1925684268400508,0.9772950032463277
415,14,0.12430437779320094,0.9772950032463277
415,15,0.1878159663044049,0.9772950032463277
415,16,0.4971778982446469,0.9772950032463277
415,17,0.15253455273091443,0.9772950032463277
415,18,0.4105196436628761,0.9772950032463277
415,19,0.3901650721332169,0.9772950032463277
415,20,0.5285509382320278,0.9772950032463277
415,21,0.12875879618283728,0.9772950032463277
415,22,0.38587552129538505,0.9772950032463277
415,23,0.34057248425890796,0.9772950032463277
415,24,0.5500427875241015,0.9772950032463277
416,1,0.2719209926892466,0.9295872952939772
416,2,0.4092520235418763,0.9295872952939772
416,3,0.36555471764880904,0.9295872952939772
416,4,0.0,0.9295872952939772
416,5,0.31600988530212504,0.9295872952939772
416,6,0.21821539387292282,0.9295872952939772
416,7,0.19830986584804652,0.9295872952939772
416,8,0.19072890125198136,0.9295872952939772
416,9,0.19963560474819744,0.9295872952939772
416,10,0.3495043208714155,0.9295872952939772
416,11,0.16808399902128973,0.9295872952939772
416,12,0.4865806030673076,0.9295872952939772
416,13,0.23131154555127134,0.9295872952939772
416,14,0.17004150163550935,0.9295872952939772
416,15,0.15799444664395138,0.9295872952939772
416,16,0.35955888567688665,0.9295872952939772
416,17,0.325264079951684,0.9295872952939772
416,18,0.17928538172721056,0.9295872952939772
416,19,0.4031641359155514,0.9295872952939772
416,20,0.3656634933326634,0.9295872952939772
416,21,0.23464214138273698,0.9295872952939772
416,22,0.3241308711790144,0.9295872952939772
416,23,0.3576540569764217,0.9295872952939772
416,24,0.4661512536100114,0.9295872952939772
417,1,0.2980477494621437,0.9425501725805105
417,2,0.3523938792958075,0.9425501725805105
417,3,0.35025568087572856,0.9425501725805105
417,4,0.10972088702743665,0.9425501725805105
417,5,0.2653442538847466,0.9425501725805105
417,6,0.28400847710684657,0.9425501725805105
417,7,0.14411436150539803,0.9425501725805105
417,8,0.06715917803296062,0.9425501725805105
417,9,0.1681809290823869,0.9425501725805105
417,10,0.5884542541586013,0.9425501725805105
417,11,0.20202421829200087,0.9425501725805105
417,12,0.4391996310169489,0.9425501725805105
417,13,0.28999336564338635,0.9425501725805105
417,14,0.05929324439012304,0.9425501725805105
417,15,0.2134043144464515,0.9425501725805105
417,16,0.29321590260252606,0.9425501725805105
417,17,0.3505662296513865,0.9425501725805105
417,18,0.24984145934070676,0.9425501725805105
417,19,0.3040519229740122,0.9425501725805105
417,20,0.2400032108796646,0.9425501725805105
417,21,0.49408024577432275,0.9425501725805105
417,22,0.31571957339680207,0.9425501725805105
417,23,0.34415720590139837,0.9425501725805105
417,24,0.6194318842339182,0.9425501725805105
418,1,0.307010915394356,0.9326339220927923
418,2,0.33490140330059814,0.9326339220927923
418,3,0.19863266694937265,0.9326339220927923
418,4,0.22846690243816625,0.9326339220927923
418,5,0.3762234739120196,0.9326339220927923
418,6,0.31629679912681,0.9326339220927923
418,7,0.3455813832668875,0.9326339220927923
418,8,0.0349591854777494,0.9326339220927923
418,9,0.37996607088789525,0.9326339220927923
418,10,0.8052672795749418,0.9326339220927923
418,11,0.09744282925897406,0.9326339220927923
418,12,0.41235270113621836,0.9326339220927923
418,13,0.22509584430406357,0.9326339220927923
418,14,0.04967105274136117,0.9326339220927923
418,15,0.16783805921334308,0.9326339220927923
418,16,0.5274316531819879,0.9326339220927923
418,17,0.4434790565682885,0.9326339220927923
418,18,0.0,0.9326339220927923
418,19,0.11421608208494238,0.9326339220927923
418,20,0.3139242922788458,0.9326339220927923
418,21,0.39396671328735416,0.9326339220927923
418,22,0.11999264428033282,0.9326339220927923
418,23,0.12310708320397559,0.9326339220927923
418,24,0.6679697465614729,0.9326339220927923
419,1,0.3744724545379344,0.8999625460722538
419,2,0.3528191169484827,0.8999625460722538
419,3,0.1544184823268131,0.8999625460722538
419,4,0.11766322867695643,0.8999625460722538
419,5,0.03964594330332716,0.8999625460722538
419,6,0.4537650197044527,0.8999625460722538
419,7,0.4562404370345804,0.8999625460722538
419,8,0.0,0.8999625460722538
419,9,0.3096667687371225,0.8999625460722538
419,10,0.7797490883224668,0.8999625460722538
419,11,0.6725408375640097,0.8999625460722538
419,12,0.6623994557905739,0.8999625460722538
419,13,0.31117623785157156,0.8999625460722538
419,14,0.0860694107050323,0.8999625460722538
419,15,0.1733984783078043,0.8999625460722538
419,16,0.39314781000388155,0.8999625460722538
419,17,0.448701912619932,0.8999625460722538
419,18,0.0,0.8999625460722538
419,19,0.15799799087618713,0.8999625460722538
419,20,0.582674156182921,0.8999625460722538
419,21,0.3556340125040742,0.8999625460722538
419,22,0.031588699118507035,0.8999625460722538
419,23,0.2386961512062813,0.8999625460722538
419,24,0.5513837485164252,0.8999625460722538
420,1,0.31073772744005085,0.8745128155624472
420,2,0.35994020986237785,0.8745128155624472
420,3,0.05734178764964454,0.8745128155624472
420,4,0.0711286397385313,0.8745128155624472
420,5,0.31120488294173443,0.8745128155624472
420,6,0.3638676161828917,0.8745128155624472
420,7,0.27935501492163517,0.8745128155624472
420,8,0.05804309507558523,0.8745128155624472
420,9,0.500351258525908,0.8745128155624472
420,10,0.5971453924069571,0.8745128155624472
420,11,0.8249316587691004,0.8745128155624472
420,12,0.6834713626474724,0.8745128155624472
420,13,0.407204531736184,0.8745128155624472
420,14,0.14582079793447406,0.8745128155624472
420,15,0.15861995021526723,0.8745128155624472
420,16,0.3249802139404885,0.8745128155624472
420,17,0.4489046474969369,0.8745128155624472
420,18,0.0,0.8745128155624472
420,19,0.24731498589467832,0.8745128155624472
420,20,0.5581436875921972,0.8745128155624472
420,21,0.2786269456231624,0.8745128155624472
420,22,0.2228770298390797,0.8745128155624472
420,23,0.258625050654255,0.8745128155624472
420,24,0.49180877199469575,0.8745128155624472
421,1,0.29162427267680074,0.9046182501039438
421,2,0.2064191225121329,0.9046182501039438
421,3,0.3752937942078484,0.9046182501039438
421,4,0.16495181898713754,0.9046182501039438
421,5,0.2400192192900708,0.9046182501039438
421,6,0.4679820761543234,0.9046182501039438
421,7,0.430843168488137,0.9046182501039438
421,8,0.0,0.9046182501039438
421,9,0.6638527912457556,0.9046182501039438
421,10,0.6779627985085761,0.9046182501039438
421,11,0.8631945388629667,0.9046182501039438
421,12,0.7975347869416727,0.9046182501039438
421,13,0.4827865966907525,0.9046182501039438
421,14,0.2599081317121564,0.9046182501039438
421,15,0.3221013996339763,0.9046182501039438
421,16,0.19767458177278385,0.9046182501039438
421,17,0.618396820364881,0.9046182501039438
421,18,0.0,0.9046182501039438
421,19,0.323399120502738,0.9046182501039438
421,20,0.32278125127983104,0.9046182501039438
421,21,0.176069765384014,0.9046182501039438
421,22,0.13393029945289614,0.9046182501039438
421,23,0.3716608930889077,0.9046182501039438
421,24,0.41543074658738177,0.9046182501039438
422,1,0.04281484182512274,0.8356852093497131
422,2,0.05294919532450257,0.8356852093497131
422,3,0.26184288694795954,0.8356852093497131
422,4,0.0,0.8356852093497131
422,5,0.45969516807743793,0.8356852093497131
422,6,0.4039435267360435,0.8356852093497131
422,7,0.25930884929855985,0.8356852093497131
422,8,0.0392028060630362,0.8356852093497131
422,9,0.49038294425109125,0.8356852093497131
422,10,0.4614619409420539,0.8356852093497131
422,11,0.6712747541711336,0.8356852093497131
422,12,0.910027958740752,0.8356852093497131
422,13,0.5417891655791705,0.8356852093497131
422,14,0.057192303326640825,0.8356852093497131
422,15,0.2980712672603597,0.8356852093497131
422,16,0.3495596060896874,0.8356852093497131
422,17,0.7411707572160694,0.8356852093497131
422,18,0.310299091332822,0.8356852093497131
422,19,0.4718172799894792,0.8356852093497131
422,20,0.33303284462743443,0.8356852093497131
422,21,0.03256738802541653,0.8356852093497131
422,22,0.0839571382872455,0.8356852093497131
422,23,0.33721080562514466,0.8356852093497131
422,24,0.48778932043283646,0.8356852093497131
423,1,0.04753752491656134,0.8045835570389648
423,2,0.0,0.8045835570389648
423,3,0.14130677769088715,0.8045835570389648
423,4,0.0,0.8045835570389648
423,5,0.6838371802778854,0.8045835570389648
423,6,0.26217578654467577,0.8045835570389648
423,7,0.20291991760761524,0.8045835570389648
423,8,0.32133109646022917,0.8045835570389648
423,9,0.32564450223908664,0.8045835570389648
423,10,0.5589149020004573,0.8045835570389648
423,11,0.5929726131092643,0.8045835570389648
423,12,0.8908229120556858,0.8045835570389648
423,13,0.48460098066613483,0.8045835570389648
423,14,0.0,0.8045835570389648
423,15,0.35174408667650214,0.8045835570389648
423,16,0.1450819567719902,0.8045835570389648
423,17,0.5745028409976558,0.8045835570389648
423,18,0.2536994354294377,0.8045835570389648
423,19,0.3696323889274853,0.8045835570389648
423,20,0.5353297094334395,0.8045835570389648
423,21,0.2580490095562501,0.8045835570389648
423,22,0.21994964461067598,0.8045835570389648
423,23,0.43496682316470403,0.8045835570389648
423,24,0.32467421934668583,0.8045835570389648
424,1,0.27404473191878487,0.8573794371400693
424,2,0.19198477779839979,0.8573794371400693
424,3,0.0,0.8573794371400693
424,4,0.0,0.8573794371400693
424,5,0.7387515261745421,0.8573794371400693
424,6,0.25643939034982194,0.8573794371400693
424,7,0.13351255603972095,0.8573794371400693
424,8,0.3790787979116856,0.8573794371400693
424,9,0.38965981738676925,0.8573794371400693
424,10,0.4383875186103781,0.8573794371400693
424,11,0.5642536995389927,0.8573794371400693
424,12,0.7980665993255622,0.8573794371400693
424,13,0.5954219387636703,0.8573794371400693
424,14,0.10341070335231442,0.8573794371400693
424,15,0.3496280010836034,0.8573794371400693
424,16,0.3149249278436098,0.8573794371400693
424,17,0.4776686753213787,0.8573794371400693
424,18,0.1983715222048043,0.8573794371400693
424,19,0.5895754778013192,0.8573794371400693
424,20,0.42994327766070767,0.8573794371400693
424,21,0.09605041584648588,0.8573794371400693
424,22,0.09855269178078324,0.8573794371400693
424,23,0.46313864145706257,0.8573794371400693
424,24,0.08243708318309295,0.8573794371400693
425,1,0.23725171687390043,0.8136142339660926
425,2,0.16543950878127023,0.8136142339660926
425,3,0.0,0.8136142339660926
425,4,0.14227462695911655,0.8136142339660926
425,5,0.829815275016204,0.8136142339660926
425,6,0.17186817993651532,0.8136142339660926
425,7,0.1796489716419713,0.8136142339660926
425,8,0.2829890945194886,0.8136142339660926
425,9,0.3003209001161266,0.8136142339660926
425,10,0.3603989873774161,0.8136142339660926
425,11,0.48470949923814255,0.8136142339660926
425,12,0.675102192668328,0.8136142339660926
425,13,0.5965814093922317,0.8136142339660926
425,14,0.04992711978513599,0.8136142339660926
425,15,0.3798848404010698,0.8136142339660926
425,16,0.36620909825692666,0.8136142339660926
425,17,0.5031588876471665,0.8136142339660926
425,18,0.08937376774722164,0.8136142339660926
425,19,0.6205199262839339,0.8136142339660926
425,20,0.36929880638351564,0.8136142339660926
425,21,0.12260376631668765,0.8136142339660926
425,22,0.02486215781137037,0.8136142339660926
425,23,0.5814945201837911,0.8136142339660926
425,24,0.13475806733381337,0.8136142339660926
426,1,0.18938423158174916,0.7788854820585414
426,2,0.1507030231056171,0.7788854820585414
426,3,0.1475313094150702,0.7788854820585414
426,4,0.21658091508763447,0.7788854820585414
426,5,0.8051000943285924,0.7788854820585414
426,6,0.23775316840979094,0.7788854820585414
426,7,0.2244999167012513,0.7788854820585414
426,8,0.3147522228288627,0.7788854820585414
426,9,0.3627093022160844,0.7788854820585414
426,10,0.44696984210623397,0.7788854820585414
426,11,0.5249371745085281,0.7788854820585414
426,12,0.6221431973784508,0.7788854820585414
426,13,0.7438493751736867,0.7788854820585414
426,14,0.0,0.7788854820585414
426,15,0.4857447624769527,0.7788854820585414
426,16,0.5295455351720728,0.7788854820585414
426,17,0.4880018979545399,0.7788854820585414
426,18,0.001964484105321823,0.7788854820585414
426,19,0.6199204630532622,0.7788854820585414
426,20,0.1895813277056848,0.7788854820585414
426,21,0.17711064440418778,0.7788854820585414
426,22,0.0,0.7788854820585414
426,23,0.6736061276565353,0.7788854820585414
426,24,0.19646634223145215,0.7788854820585414
427,1,0.29153547495961574,0.7620431578556415
427,2,0.04248506909807914,0.7620431578556415
427,3,0.20810699087886977,0.7620431578556415
427,4,0.28776796515345865,0.7620431578556415
427,5,0.8521158167368291,0.7620431578556415
427,6,0.16907695673003043,0.7620431578556415
427,7,0.26529788664567483,0.7620431578556415
427,8,0.16332894237152507,0.7620431578556415
427,9,0.4749565147260718,0.7620431578556415
427,10,0.5147013911373353,0.7620431578556415
427,11,0.708587889098022,0.7620431578556415
427,12,0.8857532097825049,0.7620431578556415
427,13,0.5807499881158943,0.7620431578556415
427,14,0.027482489903889584,0.7620431578556415
427,15,0.4529697210010092,0.7620431578556415
427,16,0.689085565134749,0.7620431578556415
427,17,0.5681495166848769,0.7620431578556415
427,18,0.012966373450706108,0.7620431578556415
427,19,0.5667970392926882,0.7620431578556415
427,20,0.2751928222903516,0.7620431578556415
427,21,0.44852678086160197,0.7620431578556415
427,22,0.0,0.7620431578556415
427,23,0.7272650917741741,0.7620431578556415
427,24,0.026123049969699025,0.7620431578556415
428,1,0.2720676340334609,0.8026569627049142
428,2,0.02151331530199238,0.8026569627049142
428,3,0.38852964913627136,0.8026569627049142
428,4,0.2389432703670175,0.8026569627049142
428,5,0.7601909931740438,0.8026569627049142
428,6,0.061989341751889,0.8026569627049142
428,7,0.11915066266420063,0.8026569627049142
428,8,0.002024997520599342,0.8026569627049142
428,9,0.46275546391213557,0.8026569627049142
428,10,0.4523787249234494,0.8026569627049142
428,11,0.6469417522730972,0.8026569627049142
428,12,0.8759964825195917,0.8026569627049142
428,13,0.4640260547933357,0.8026569627049142
428,14,0.0,0.8026569627049142
428,15,0.6104721080081529,0.8026569627049142
428,16,0.6654184881546534,0.8026569627049142
428,17,0.685507574029093,0.8026569627049142
428,18,0.0,0.8026569627049142
428,19,0.527840415176887,0.8026569627049142
428,20,0.4057200854625538,0.8026569627049142
428,21,0.36970257312165095,0.8026569627049142
428,22,0.04558814597276388,0.8026569627049142
428,23,0.43702679404312406,0.8026569627049142
428,24,0.0005040083417586494,0.8026569627049142
429,1,0.22804073972654834,0.7623596101410036
429,2,0.1886897630189009,0.7623596101410036
429,3,0.6422970481954782,0.7623596101410036
429,4,0.2982295636697412,0.7623596101410036
429,5,0.8011918566293983,0.7623596101410036
429,6,0.00429189614784202,0.7623596101410036
429,7,0.033288355734911526,0.7623596101410036
429,8,0.0,0.7623596101410036
429,9,0.1788562735116453,0.7623596101410036
429,10,0.3070542206427716,0.7623596101410036
429,11,0.5031756417831768,0.7623596101410036
429,12,0.8439681311463652,0.7623596101410036
429,13,0.2929540205021737,0.7623596101410036
429,14,0.0,0.7623596101410036
429,15,0.6166498846477897,0.7623596101410036
429,16,0.44945380281890007,0.7623596101410036
429,17,0.5717341763754041,0.7623596101410036
429,18,0.025630152938554498,0.7623596101410036
429,19,0.39298413794661374,0.7623596101410036
429,20,0.39329430273404326,0.7623596101410036
429,21,0.3955271572061595,0.7623596101410036
429,22,0.15534836089873105,0.7623596101410036
429,23,0.5294550698985527,0.7623596101410036
429,24,0.0,0.7623596101410036
430,1,0.251221026158982,0.6772772797976772
430,2,0.11394342441651598,0.6772772797976772
430,3,0.6842843151011658,0.6772772797976772
430,4,0.3749486257849179,0.6772772797976772
430,5,0.5412418115997922,0.6772772797976772
430,6,0.1645748079993106,0.6772772797976772
430,7,0.26142845329864267,0.6772772797976772
430,8,0.13162435173479473,0.6772772797976772
430,9,0.2572074760758862,0.6772772797976772
430,10,0.271723826235561,0.6772772797976772
430,11,0.4435082895291906,0.6772772797976772
430,12,0.5775083529459448,0.6772772797976772
430,13,0.20429679685458652,0.6772772797976772
430,14,0.0,0.6772772797976772
430,15,0.6798610016276841,0.6772772797976772
430,16,0.5935797038057444,0.6772772797976772
430,17,0.4917631337940187,0.6772772797976772
430,18,0.18030469915362082,0.6772772797976772
430,19,0.3259895715831667,0.6772772797976772
430,20,0.40068128195078095,0.6772772797976772
430,21,0.40793848087282214,0.6772772797976772
430,22,0.1659413271938627,0.6772772797976772
430,23,0.41411324297219443,0.6772772797976772
430,24,0.1115176774620209,0.6772772797976772
431,1,0.002291249323490341,0.733725361933746
431,2,0.03711330197001032,0.733725361933746
431,3,0.6656770824148657,0.733725361933746
431,4,0.35002732966206296,0.733725361933746
431,5,0.5042340322674175,0.733725361933746
431,6,0.06696638882629208,0.733725361933746
431,7,0.04913294341029145,0.733725361933746
431,8,0.024207957600131197,0.733725361933746
431,9,0.40900447407791296,0.733725361933746
431,10,0.44872805643671976,0.733725361933746
431,11,0.16346462829840103,0.733725361933746
431,12,0.5397017552034054,0.733725361933746
431,13,0.13643695671718908,0.733725361933746
431,14,0.06195936694910245,0.733725361933746
431,15,0.5709815446526579,0.733725361933746
431,16,0.6093326351870219,0.733725361933746
431,17,0.5136712130359099,0.733725361933746
431,18,0.4321556355152525,0.733725361933746
431,19,0.18905171872171678,0.733725361933746
431,20,0.46113356021733126,0.733725361933746
431,21,0.2513740483463884,0.733725361933746
431,22,0.16725792226082342,0.733725361933746
431,23,0.4635115226098297,0.733725361933746
431,24,0.3680073120718641,0.733725361933746
432,1,0.0,0.687013595707455
432,2,0.04031253522270212,0.687013595707455
432,3,0.588213150959617,0.687013595707455
432,4,0.388482391517632,0.687013595707455
432,5,0.30286261577577517,0.687013595707455
432,6,0.04022427058153284,0.687013595707455
432,7,0.10718628004817454,0.687013595707455
432,8,0.0,0.687013595707455
432,9,0.42743718988645185,0.687013595707455
432,10,0.5116262426651539,0.687013595707455
432,11,0.20902921974232566,0.687013595707455
432,12,0.47738242205378595,0.687013595707455
432,13,0.10349565625572305,0.687013595707455
432,14,0.0,0.687013595707455
432,15,0.45211381958272495,0.687013595707455
432,16,0.42019884422310927,0.687013595707455
432,17,0.30836281901176055,0.687013595707455
432,18,0.3646706170635957,0.687013595707455
432,19,0.21279541674273533,0.687013595707455
432,20,0.5129703632111585,0.687013595707455
432,21,0.33507899694613175,0.687013595707455
432,22,0.2679207633181506,0.687013595707455
432,23,0.4988774295555837,0.687013595707455
432,24,0.3098525990160688,0.687013595707455
433,1,0.19677450527519513,0.7233385220654831
433,2,0.1709869582741712,0.7233385220654831
433,3,0.5633114837670421,0.7233385220654831
433,4,0.48948379110668383,0.7233385220654831
433,5,0.3305545606779389,0.7233385220654831
433,6,0.2401075390270973,0.7233385220654831
433,7,0.17868786150472524,0.7233385220654831
433,8,0.14053446745611398,0.7233385220654831
433,9,0.22390382265720513,0.7233385220654831
433,10,0.3525085886444215,0.7233385220654831
433,11,0.14464762351862942,0.7233385220654831
433,12,0.524047415330417,0.7233385220654831
433,13,0.1475867420135897,0.7233385220654831
433,14,0.16518517927621335,0.7233385220654831
433,15,0.45968070612650114,0.7233385220654831
433,16,0.4915743449903621,0.7233385220654831
433,17,0.43142250202404975,0.7233385220654831
433,18,0.24056484129760877,0.7233385220654831
433,19,0.22085351106058376,0.7233385220654831
433,20,0.5283419983632553,0.7233385220654831
433,21,0.27785097727118124,0.7233385220654831
433,22,0.3902519655674466,0.7233385220654831
433,23,0.524036170621897,0.7233385220654831
433,24,0.5540049297761698,0.7233385220654831
434,1,0.3885052264993541,0.6868109151037215
434,2,0.20513259128959566,0.6868109151037215
434,3,0.7191508135081763,0.6868109151037215
434,4,0.4574658210745264,0.6868109151037215
434,5,0.3208254581461547,0.6868109151037215
434,6,0.026992253113643144,0.6868109151037215
434,7,0.1456887311005766,0.6868109151037215
434,8,0.15439806879133314,0.6868109151037215
434,9,0.24467787713500325,0.6868109151037215
434,10,0.371879527479408,0.6868109151037215
434,11,0.19459060943416823,0.6868109151037215
434,12,0.3549329188735705,0.6868109151037215
434,13,0.20959164444553616,0.6868109151037215
434,14,0.0,0.6868109151037215
434,15,0.3478208103882846,0.6868109151037215
434,16,0.5837600580177711,0.6868109151037215
434,17,0.3914820163737738,0.6868109151037215
434,18,0.44937253947288525,0.6868109151037215
434,19,0.28569534787791184,0.6868109151037215
434,20,0.4024222295594445,0.6868109151037215
434,21,0.2304168461078862,0.6868109151037215
434,22,0.26643011127366156,0.6868109151037215
434,23,0.4896247928847923,0.6868109151037215
434,24,0.5672934572483049,0.6868109151037215
435,1,0.46311156805316334,0.6653354166702339
435,2,0.13545029585017487,0.6653354166702339
435,3,0.7390311182266875,0.6653354166702339
435,4,0.2981189535813477,0.6653354166702339
435,5,0.211317968618705,0.6653354166702339
435,6,0.0,0.6653354166702339
435,7,0.21047530973213252,0.6653354166702339
435,8,0.13522056733655302,0.6653354166702339
435,9,0.06349520930688868,0.6653354166702339
435,10,0.20642920257402594,0.6653354166702339
435,11,0.0,0.6653354166702339
435,12,0.2765629987660638,0.6653354166702339
435,13,0.35155761399572094,0.6653354166702339
435,14,0.06746660614528446,0.6653354166702339
435,15,0.45346017632912694,0.6653354166702339
435,16,0.484966874896653,0.6653354166702339
435,17,0.6344418366148509,0.6653354166702339
435,18,0.2892153579566876,0.6653354166702339
435,19,0.30173241680544405,0.6653354166702339
435,20,0.4153128609109314,0.6653354166702339
435,21,0.18976725386194027,0.6653354166702339
435,22,0.2120383078197293,0.6653354166702339
435,23,0.5061349417528727,0.6653354166702339
435,24,0.661846316550528,0.6653354166702339
436,1,0.4345535553159148,0.7048164628483926
436,2,0.20009307401534737,0.7048164628483926
436,3,0.646422297780522,0.7048164628483926
436,4,0.3595408431804622,0.7048164628483926
436,5,0.01379323389679124,0.7048164628483926
436,6,0.03445235696134169,0.7048164628483926
436,7,0.2858899059199759,0.7048164628483926
436,8,0.3169591914260653,0.7048164628483926
436,9,0.20151165720244524,0.7048164628483926
436,10,0.2228105179810387,0.7048164628483926
436,11,0.05639717881842978,0.7048164628483926
436,12,0.2656972110721536,0.7048164628483926
436,13,0.2916955516449646,0.7048164628483926
436,14,0.06694363086414072,0.7048164628483926
436,15,0.3153205064047548,0.7048164628483926
436,16,0.4366500185296372,0.7048164628483926
436,17,0.46585019811966943,0.7048164628483926
436,18,0.24007218016723514,0.7048164628483926
436,19,0.0,0.7048164628483926
436,20,0.4118782817809251,0.7048164628483926
436,21,0.16560598340100852,0.7048164628483926
436,22,0.39721103924169465,0.7048164628483926
436,23,0.5431705088425937,0.7048164628483926
436,24,0.884292651527707,0.7048164628483926
437,1,0.43555304045833,0.653290082564823
437,2,0.3032986649572994,0.653290082564823
437,3,0.5324113763409528,0.653290082564823
437,4,0.22065365764737369,0.653290082564823
437,5,0.02558687985780523,0.653290082564823
437,6,0.03305785246668903,0.653290082564823
437,7,0.4192183607336582,0.653290082564823
437,8,0.30079014936841375,0.653290082564823
437,9,0.3407434045922465,0.653290082564823
437,10,0.2518618528249676,0.653290082564823
437,11,0.027497145266652506,0.653290082564823
437,12,0.20052774916922933,0.653290082564823
437,13,0.10599377757828468,0.653290082564823
437,14,0.06335329922161295,0.653290082564823
437,15,0.30196324479394476,0.653290082564823
437,16,0.2818386782980362,0.653290082564823
437,17,0.34740581941800064,0.653290082564823
437,18,0.30252041315957373,0.653290082564823
437,19,0.03796781518451938,0.653290082564823
437,20,0.3886698249675023,0.653290082564823
437,21,0.31873864171129584,0.653290082564823
437,22,0.31346146215787907,0.653290082564823
437,23,0.41188104671569603,0.653290082564823
437,24,0.6262551831294638,0.653290082564823
438,1,0.4474312695847042,0.6077553192610106
438,2,0.14331117022255402,0.6077553192610106
438,3,0.5653469463503918,0.6077553192610106
438,4,0.20307007700306606,0.6077553192610106
438,5,0.0,0.6077553192610106
438,6,0.02073213243691574,0.6077553192610106
438,7,0.17661206978426952,0.6077553192610106
438,8,0.36071715656062875,0.6077553192610106
438,9,0.44894247653492797,0.6077553192610106
438,10,0.26905423217537916,0.6077553192610106
438,11,0.2356878781115469,0.6077553192610106
438,12,0.08065800572208173,0.6077553192610106
438,13,0.0,0.6077553192610106
438,14,0.13226805622248708,0.6077553192610106
438,15,0.0035834772540712656,0.6077553192610106
438,16,0.13528508074841591,0.6077553192610106
438,17,0.390943355135259,0.6077553192610106
438,18,0.2968462567060543,0.6077553192610106
438,19,0.14268662548733665,0.6077553192610106
438,20,0.42746429490726345,0.6077553192610106
438,21,0.3865035008109394,0.6077553192610106
438,22,0.3010493160445293,0.6077553192610106
438,23,0.3097672399980721,0.6077553192610106
438,24,0.4863591211696666,0.6077553192610106
439,1,0.5613161881592951,0.6288080089511293
439,2,0.06859717140104621,0.6288080089511293
439,3,0.5166732228751791,0.6288080089511293
439,4,0.4023648398367443,0.6288080089511293
439,5,0.1889106796458488,0.6288080089511293
439,6,0.0853157738347229,0.6288080089511293
439,7,0.1715107521511306,0.6288080089511293
439,8,0.325388363265901,0.6288080089511293
439,9,0.158666693323036,0.6288080089511293
439,10,0.4012373216267058,0.6288080089511293
439,11,0.19117303304681138,0.6288080089511293
439,12,0.053099189509721215,0.6288080089511293
439,13,0.022079973475659972,0.6288080089511293
439,14,0.0036495169447481046,0.6288080089511293
439,15,0.018863826115818674,0.6288080089511293
439,16,0.08007912116777023,0.6288080089511293
439,17,0.3533349603867434,0.6288080089511293
439,18,0.17845584086151428,0.6288080089511293
439,19,0.2202971327113203,0.6288080089511293
439,20,0.19313335985870053,0.6288080089511293
439,21,0.3987101759064861,0.6288080089511293
439,22,0.3921734650036587,0.6288080089511293
439,23,0.12625512380031403,0.6288080089511293
439,24,0.5623739089883938,0.6288080089511293
440,1,0.5567669539693275,0.5832805898285766
440,2,0.00510916902411844,0.5832805898285766
440,3,0.5211795708199499,0.5832805898285766
440,4,0.45523545482204303,0.5832805898285766
440,5,0.033211078831647645,0.5832805898285766
440,6,0.0,0.5832805898285766
440,7,0.0,0.5832805898285766
440,8,0.43729600279426956,0.5832805898285766
440,9,0.10528290123172623,0.5832805898285766
440,10,0.25233452486413,0.5832805898285766
440,11,0.27114551254789704,0.5832805898285766
440,12,0.3429768169042904,0.5832805898285766
440,13,0.0,0.5832805898285766
440,14,0.05913533705398442,0.5832805898285766
440,15,0.06331394298190568,0.5832805898285766
440,16,0.14741422334197593,0.5832805898285766
440,17,0.46435899956220333,0.5832805898285766
440,18,0.3172912963947867,0.5832805898285766
440,19,0.1293824121457034,0.5832805898285766
440,20,0.13414486585815905,0.5832805898285766
440,21,0.4357575515104587,0.5832805898285766
440,22,0.4179095649646779,0.5832805898285766
440,23,0.14325324138296774,0.5832805898285766
440,24,0.4852686500383179,0.5832805898285766
441,1,0.3876660920807696,0.5729860677850687
441,2,0.14002145854177506,0.5729860677850687
441,3,0.3972286522118109,0.5729860677850687
441,4,0.4435148276173299,0.5729860677850687
441,5,0.07634887367053775,0.5729860677850687
441,6,0.22183983518638742,0.5729860677850687
441,7,0.11440112966185262,0.5729860677850687
441,8,0.46125888513193053,0.5729860677850687
441,9,0.22479823229910245,0.5729860677850687
441,10,0.019831702737265755,0.5729860677850687
441,11,0.25214001608709913,0.5729860677850687
441,12,0.2033597433875065,0.5729860677850687
441,13,0.2720201469253285,0.5729860677850687
441,14,0.2165987614606133,0.5729860677850687
441,15,0.0,0.5729860677850687
441,16,0.12987376593797528,0.5729860677850687
441,17,0.35438248402653383,0.5729860677850687
441,18,0.33493810100927535,0.5729860677850687
441,19,0.1648929507783077,0.5729860677850687
441,20,0.07236474212278728,0.5729860677850687
441,21,0.3063148229132654,0.5729860677850687
441,22,0.3372232866077715,0.5729860677850687
441,23,0.20077330470406185,0.5729860677850687
441,24,0.5016114093044036,0.5729860677850687
442,1,0.23640014594383896,0.5282125774911711
442,2,0.0,0.5282125774911711
442,3,0.3051775809062349,0.5282125774911711
442,4,0.6373866725221482,0.5282125774911711
442,5,0.07852604231665729,0.5282125774911711
442,6,0.31066856417582633,0.5282125774911711
442,7,0.0856455542686803,0.5282125774911711
442,8,0.5924526466748332,0.5282125774911711
442,9,0.3570657137260255,0.5282125774911711
442,10,0.0,0.5282125774911711
442,11,0.42434197796352496,0.5282125774911711
442,12,0.28433624730723983,0.5282125774911711
442,13,0.24019670300757806,0.5282125774911711
442,14,0.2243057231712899,0.5282125774911711
442,15,0.19654645996303372,0.5282125774911711
442,16,0.3007239062123989,0.5282125774911711
442,17,0.20812974399950296,0.5282125774911711
442,18,0.22587627161880874,0.5282125774911711
442,19,0.07707886918729794,0.5282125774911711
442,20,0.05086643164754863,0.5282125774911711
442,21,0.2333396281420653,0.5282125774911711
442,22,0.15259225172001223,0.5282125774911711
442,23,0.11572111329353972,0.5282125774911711
442,24,0.5910954221926883,0.5282125774911711
443,1,0.08574767240551856,0.5721820661981593
443,2,0.0,0.5721820661981593
443,3,0.21323599654114955,0.5721820661981593
443,4,0.47659400959901616,0.5721820661981593
443,5,0.11263373646255632,0.5721820661981593
443,6,0.1721314525376791,0.5721820661981593
443,7,0.0,0.5721820661981593
443,8,0.43616527017202905,0.5721820661981593
443,9,0.23347633169984636,0.5721820661981593
443,10,0.0,0.5721820661981593
443,11,0.42258228689867644,0.5721820661981593
443,12,0.2965472076209012,0.5721820661981593
443,13,0.16882468326862113,0.5721820661981593
443,14,0.33585125643006153,0.5721820661981593
443,15,0.0,0.5721820661981593
443,16,0.3838602521656163,0.5721820661981593
443,17,0.2064839652016453,0.5721820661981593
443,18,0.38871449203357233,0.5721820661981593
443,19,0.2553982291697419,0.5721820661981593
443,20,0.2019576179211725,0.5721820661981593
443,21,0.10810749857034499,0.5721820661981593
443,22,0.228954325523605,0.5721820661981593
443,23,0.04194177203276958,0.5721820661981593
443,24,0.6640678173173359,0.5721820661981593
444,1,0.05597785284660854,0.5648307578690651
444,2,0.16773817564766486,0.5648307578690651
444,3,0.5057990842497464,0.5648307578690651
444,4,0.5512966340398782,0.5648307578690651
444,5,0.1886460304087852,0.5648307578690651
444,6,0.030965178360627954,0.5648307578690651
444,7,0.0,0.5648307578690651
444,8,0.4685605787578351,0.5648307578690651
444,9,0.0011146596653670293,0.5648307578690651
444,10,0.0,0.5648307578690651
444,11,0.22165534608832074,0.5648307578690651
444,12,0.07949833102281442,0.5648307578690651
444,13,0.3388091072446826,0.5648307578690651
444,14,0.5669615898188722,0.5648307578690651
444,15,0.0,0.5648307578690651
444,16,0.35328230547999256,0.5648307578690651
444,17,0.24063800505664873,0.5648307578690651
444,18,0.3796700668552908,0.5648307578690651
444,19,0.09634513131653702,0.5648307578690651
444,20,0.17743161131062815,0.5648307578690651
444,21,0.10328454093007217,0.5648307578690651
444,22,0.24591400950232395,0.5648307578690651
444,23,0.03710003862438384,0.5648307578690651
444,24,0.5268012603746436,0.5648307578690651
445,1,0.03469004371600061,0.5621776516044543
445,2,0.0025834463157164422,0.5621776516044543
445,3,0.3819008815129807,0.5621776516044543
445,4,0.6834619981027406,0.5621776516044543
445,5,0.43208615504227577,0.5621776516044543
445,6,0.02223292575820139,0.5621776516044543
445,7,0.0,0.5621776516044543
445,8,0.3216409021170071,0.5621776516044543
445,9,0.0,0.5621776516044543
445,10,0.031574901470477895,0.5621776516044543
445,11,0.1382394058440038,0.5621776516044543
445,12,0.09519274985147474,0.5621776516044543
445,13,0.35397529204502,0.5621776516044543
445,14,0.5420602944125877,0.5621776516044543
445,15,0.02817440963547105,0.5621776516044543
445,16,0.6131056507995023,0.5621776516044543
445,17,0.5523963992482989,0.5621776516044543
445,18,0.543051716306289,0.5621776516044543
445,19,0.16280512810410855,0.5621776516044543
445,20,0.10562297216756555,0.5621776516044543
445,21,0.24032874230483586,0.5621776516044543
445,22,0.3667430528345284,0.5621776516044543
445,23,0.0,0.5621776516044543
445,24,0.480716930638892,0.5621776516044543
446,1,0.26313823174501505,0.5210563648177484
446,2,0.23168735357790649,0.5210563648177484
446,3,0.2870880718909895,0.5210563648177484
446,4,0.558315983529109,0.5210563648177484
446,5,0.10903067707987346,0.5210563648177484
446,6,0.0,0.5210563648177484
446,7,0.19679708847216223,0.5210563648177484
446,8,0.3456074142374048,0.5210563648177484
446,9,0.0,0.5210563648177484
446,10,0.1983871100105199,0.5210563648177484
446,11,0.3775747521324015,0.5210563648177484
446,12,0.23108104753734296,0.5210563648177484
446,13,0.3434068886392026,0.5210563648177484
446,14,0.45288002972652985,0.5210563648177484
446,15,0.20200386317007724,0.5210563648177484
446,16,0.43621139214302007,0.5210563648177484
446,17,0.480159655342692,0.5210563648177484
446,18,0.6909394972182376,0.5210563648177484
446,19,0.2909673526657403,0.5210563648177484
446,20,0.02741346805412885,0.5210563648177484
446,21,0.07609686298707938,0.5210563648177484
446,22,0.5071766075964335,0.5210563648177484
446,23,0.03756318170345409,0.5210563648177484
446,24,0.5849209283192045,0.5210563648177484
447,1,0.3299266823951892,0.5474331490022213
447,2,0.23758392586720378,0.5474331490022213
447,3,0.2695800972294654,0.5474331490022213
447,4,0.5964185758076224,0.5474331490022213
447,5,0.10171415522153071,0.5474331490022213
447,6,0.0,0.5474331490022213
447,7,0.40709034646368747,0.5474331490022213
447,8,0.4223904691586087,0.5474331490022213
447,9,0.14639054774251142,0.5474331490022213
447,10,0.2561231416035354,0.5474331490022213
447,11,0.38171641284755575,0.5474331490022213
447,12,0.2608005595252054,0.5474331490022213
447,13,0.48422719607824277,0.5474331490022213
447,14,0.44650150655820836,0.5474331490022213
447,15,0.27327031184368206,0.5474331490022213
447,16,0.38292113369595426,0.5474331490022213
447,17,0.5752491390381717,0.5474331490022213
447,18,0.5078708196637924,0.5474331490022213
447,19,0.29773820600363426,0.5474331490022213
447,20,0.03389822571096816,0.5474331490022213
447,21,0.17392493122335345,0.5474331490022213
447,22,0.5150347213399311,0.5474331490022213
447,23,0.0,0.5474331490022213
447,24,0.5960421380801758,0.5474331490022213
448,1,0.11124956812616332,0.5672812404703604
448,2,0.14081320667453362,0.5672812404703604
448,3,0.34311335298517354,0.5672812404703604
448,4,0.6449653202697504,0.5672812404703604
448,5,0.08993469824569277,0.5672812404703604
448,6,0.10118245723421374,0.5672812404703604
448,7,0.3801757301554348,0.5672812404703604
448,8,0.42462180731567023,0.5672812404703604
448,9,0.2094756240839679,0.5672812404703604
448,10,0.20643096990677223,0.5672812404703604
448,11,0.15654973161549984,0.5672812404703604
448,12,0.2819034931581044,0.5672812404703604
448,13,0.43338584815079156,0.5672812404703604
448,14,0.4499291727849964,0.5672812404703604
448,15,0.26614073576197617,0.5672812404703604
448,16,0.5691728950792414,0.5672812404703604
448,17,0.5846722842084626,0.5672812404703604
448,18,0.3892847663199491,0.5672812404703604
448,19,0.3253919243322481,0.5672812404703604
448,20,0.06430152075259724,0.5672812404703604
448,21,0.07196008229930889,0.5672812404703604
448,22,0.6343621050436307,0.5672812404703604
448,23,0.2305411664337142,0.5672812404703604
448,24,0.47691261312739014,0.5672812404703604
449,1,0.015913081950024943,0.5074914754247212
449,2,0.2447841118770726,0.5074914754247212
449,3,0.5245287931933348,0.5074914754247212
449,4,0.813224278360219,0.5074914754247212
449,5,0.2879328335822949,0.5074914754247212
449,6,0.017221607211227327,0.5074914754247212
449,7,0.3134668439519352,0.5074914754247212
449,8,0.33736925835039644,0.5074914754247212
449,9,0.14376348042305642,0.5074914754247212
449,10,0.15171898988760757,0.5074914754247212
449,11,0.1363208269360889,0.5074914754247212
449,12,0.17059904181194888,0.5074914754247212
449,13,0.24192797469783467,0.5074914754247212
449,14,0.5367141603495289,0.5074914754247212
449,15,0.45605086503859904,0.5074914754247212
449,16,0.482444650959301,0.5074914754247212
449,17,0.5680780188387053,0.5074914754247212
449,18,0.38055801163343317,0.5074914754247212
449,19,0.3327156486117851,0.5074914754247212
449,20,0.1761056119982861,0.5074914754247212
449,21,0.21381344957083448,0.5074914754247212
449,22,0.4079560593128559,0.5074914754247212
449,23,0.21129165640344527,0.5074914754247212
449,24,0.2492087731992419,0.5074914754247212
450,1,0.1300418081476451,0.5161384312955396
450,2,0.29696736385566574,0.5161384312955396
450,3,0.5798689126367499,0.5161384312955396
450,4,0.6740783032579388,0.5161384312955396
450,5,0.3813089837581961,0.5161384312955396
450,6,0.0627865439987782,0.5161384312955396
450,7,0.33105643025111803,0.5161384312955396
450,8,0.2558055516419014,0.5161384312955396
450,9,0.07996666994252484,0.5161384312955396
450,10,0.15313771465123308,0.5161384312955396
450,11,0.28418529709816287,0.5161384312955396
450,12,0.0721283638237231,0.5161384312955396
450,13,0.034177351082637836,0.5161384312955396
450,14,0.4767564861441515,0.5161384312955396
450,15,0.17646208887616227,0.5161384312955396
450,16,0.43131443527757674,0.5161384312955396
450,17,0.8156954768836446,0.5161384312955396
450,18,0.3019672786668798,0.5161384312955396
450,19,0.3890318956250513,0.5161384312955396
450,20,0.22655882109670744,0.5161384312955396
450,21,0.36963162114286424,0.5161384312955396
450,22,0.37711991949727774,0.5161384312955396
450,23,0.15737201677061044,0.5161384312955396
450,24,0.42147905710505873,0.5161384312955396
451,1,0.17763580924793196,0.5469790539122117
451,2,0.284307458811777,0.5469790539122117
451,3,0.592683055166044,0.5469790539122117
451,4,0.5961391407835359,0.5469790539122117
451,5,0.3722315640463748,0.5469790539122117
451,6,0.45403722997986096,0.5469790539122117
451,7,0.4274039220374024,0.5469790539122117
451,8,0.5881568150833014,0.5469790539122117
451,9,0.0,0.5469790539122117
451,10,0.207035807265198,0.5469790539122117
451,11,0.3548252608033202,0.5469790539122117
451,12,0.12574524544086566,0.5469790539122117
451,13,0.08220742053091692,0.5469790539122117
451,14,0.4750741285151199,0.5469790539122117
451,15,0.22390750300599394,0.5469790539122117
451,16,0.4364817386240025,0.5469790539122117
451,17,0.6188550000034818,0.5469790539122117
451,18,0.15113070790614508,0.5469790539122117
451,19,0.32746729764610233,0.5469790539122117
451,20,0.5248521599218692,0.5469790539122117
451,21,0.3832897337111221,0.5469790539122117
451,22,0.5258606155487043,0.5469790539122117
451,23,0.05110859866564038,0.5469790539122117
451,24,0.4155548768460912,0.5469790539122117
452,1,0.16633366721740017,0.516800142098068
452,2,0.25864641784779846,0.516800142098068
452,3,0.45527861250252455,0.516800142098068
452,4,0.514170252143429,0.516800142098068
452,5,0.39258706235182156,0.516800142098068
452,6,0.38338199329254546,0.516800142098068
452,7,0.47276295902448784,0.516800142098068
452,8,0.5362118377883924,0.516800142098068
452,9,0.0,0.516800142098068
452,10,0.309480309862807,0.516800142098068
452,11,0.4398960240979536,0.516800142098068
452,12,0.3165786050490904,0.516800142098068
452,13,0.13399642701738637,0.516800142098068
452,14,0.2921592998500083,0.516800142098068
452,15,0.39516655235204545,0.516800142098068
452,16,0.33743986747902466,0.516800142098068
452,17,0.5968241818709737,0.516800142098068
452,18,0.20700770664217155,0.516800142098068
452,19,0.4121575886635849,0.516800142098068
452,20,0.4887739810606822,0.516800142098068
452,21,0.25220490963930686,0.516800142098068
452,22,0.5401366295796004,0.516800142098068
452,23,0.06791748280900353,0.516800142098068
452,24,0.4282308906850032,0.516800142098068
453,1,0.2584342962886873,0.5051166398270197
453,2,0.3635256544287788,0.5051166398270197
453,3,0.32604250027904663,0.5051166398270197
453,4,0.6974456977769332,0.5051166398270197
453,5,0.5848642151498897,0.5051166398270197
453,6,0.5949658420487012,0.5051166398270197
453,7,0.5416107104939495,0.5051166398270197
453,8,0.6171970075956456,0.5051166398270197
453,9,0.031138107504675484,0.5051166398270197
453,10,0.2303897562390977,0.5051166398270197
453,11,0.4869914275180337,0.5051166398270197
453,12,0.42975298812502705,0.5051166398270197
453,13,0.1139755547067473,0.5051166398270197
453,14,0.3278979077718484,0.5051166398270197
453,15,0.18705307203844612,0.5051166398270197
453,16,0.19169902630426836,0.5051166398270197
453,17,0.6999564431905793,0.5051166398270197
453,18,0.3367289928397335,0.5051166398270197
453,19,0.3368794065914136,0.5051166398270197
453,20,0.28874014096490147,0.5051166398270197
453,21,0.30561558825473034,0.5051166398270197
453,22,0.5088537797738466,0.5051166398270197
453,23,0.09147175068524775,0.5051166398270197
453,24,0.5669978510279329,0.5051166398270197
454,1,0.2830918749999031,0.48300322987666117
454,2,0.31935133626521645,0.48300322987666117
454,3,0.14867507014571102,0.48300322987666117
454,4,0.4600051926427201,0.48300322987666117
454,5,0.5076389770710382,0.48300322987666117
454,6,0.5080883121894931,0.48300322987666117
454,7,0.6562274631747379,0.48300322987666117
454,8,0.6054454314870154,0.48300322987666117
454,9,0.03602358621480374,0.48300322987666117
454,10,0.32244182851433534,0.48300322987666117
454,11,0.3848578192866893,0.48300322987666117
454,12,0.6294440322339747,0.48300322987666117
454,13,0.0,0.48300322987666117
454,14,0.2795902349529975,0.48300322987666117
454,15,0.27489925603386384,0.48300322987666117
454,16,0.0,0.48300322987666117
454,17,0.30851545122811963,0.48300322987666117
454,18,0.5582936273211352,0.48300322987666117
454,19,0.41857667945080296,0.48300322987666117
454,20,0.41323657462664254,0.48300322987666117
454,21,0.311408525812546,0.48300322987666117
454,22,0.27203756387507777,0.48300322987666117
454,23,0.2394603310402072,0.48300322987666117
454,24,0.7542689196038563,0.48300322987666117
455,1,0.1729548116279485,0.5141165129602223
455,2,0.23931580877879438,0.5141165129602223
455,3,0.028403022913145143,0.5141165129602223
455,4,0.2811160960361648,0.5141165129602223
455,5,0.6416527030932534,0.5141165129602223
455,6,0.4090785490722253,0.5141165129602223
455,7,0.5510699653976576,0.5141165129602223
455,8,0.5120865048595442,0.5141165129602223
455,9,0.0,0.5141165129602223
455,10,0.31469576317783804,0.5141165129602223
455,11,0.3094825713729484,0.5141165129602223
455,12,0.6114098756337616,0.5141165129602223
455,13,0.0434463481853683,0.5141165129602223
455,14,0.25759703737827794,0.5141165129602223
455,15,0.3373670603723848,0.5141165129602223
455,16,0.0,0.5141165129602223
455,17,0.22840017157214232,0.5141165129602223
455,18,0.34250465701802385,0.5141165129602223
455,19,0.30629183913078895,0.5141165129602223
455,20,0.4433740420066626,0.5141165129602223
455,21,0.28452067028650835,0.5141165129602223
455,22,0.1762864230799857,0.5141165129602223
455,23,0.04861235030376887,0.5141165129602223
455,24,0.7089494876420372,0.5141165129602223
456,1,0.19313456156813685,0.47073053011575994
456,2,0.2057291900041235,0.47073053011575994
456,3,0.0,0.47073053011575994
456,4,0.25494370782200865,0.47073053011575994
456,5,0.3575556438874017,0.47073053011575994
456,6,0.2900473693821314,0.47073053011575994
456,7,0.5184448413639555,0.47073053011575994
456,8,0.5715771054681281,0.47073053011575994
456,9,0.1479333907104105,0.47073053011575994
456,10,0.21954265555078542,0.47073053011575994
456,11,0.4018155470922072,0.47073053011575994
456,12,0.5208579544008054,0.47073053011575994
456,13,0.0032142834205711873,0.47073053011575994
456,14,0.22586989984749065,0.47073053011575994
456,15,0.1383987195511739,0.47073053011575994
456,16,0.03261595229865899,0.47073053011575994
456,17,0.32645427710539165,0.47073053011575994
456,18,0.6322663566538665,0.47073053011575994
456,19,0.33091090907370563,0.47073053011575994
456,20,0.592154512129894,0.47073053011575994
456,21,0.3243729533514224,0.47073053011575994
456,22,0.13313389171141166,0.47073053011575994
456,23,0.08364364141582126,0.47073053011575994
456,24,0.7581858879984141,0.47073053011575994
457,1,0.34025325007438295,0.4855412088841031
457,2,0.48509935371097734,0.4855412088841031
457,3,0.11543235141598913,0.4855412088841031
457,4,0.30835108180832005,0.4855412088841031
457,5,0.2451793106033169,0.4855412088841031
457,6,0.5443378481981629,0.4855412088841031
457,7,0.5116902202504394,0.4855412088841031
457,8,0.6014559875207944,0.4855412088841031
457,9,0.0,0.4855412088841031
457,10,0.3600109896172826,0.4855412088841031
457,11,0.3127305624476914,0.4855412088841031
457,12,0.4851252520350369,0.4855412088841031
457,13,0.09442209518827217,0.4855412088841031
457,14,0.26634860726417503,0.4855412088841031
457,15,0.12163830917891545,0.4855412088841031
457,16,0.0,0.4855412088841031
457,17,0.28038908316930194,0.4855412088841031
457,18,0.6309363085544601,0.4855412088841031
457,19,0.14221760409248224,0.4855412088841031
457,20,0.6461752265577313,0.4855412088841031
457,21,0.1325406773354122,0.4855412088841031
457,22,0.11873446992742334,0.4855412088841031
457,23,0.1326504572279029,0.4855412088841031
457,24,0.7367176818190321,0.4855412088841031
458,1,0.4077047633048444,0.486055431375887
458,2,0.3666664509102743,0.486055431375887
458,3,0.1596955314916419,0.486055431375887
458,4,0.2513425059604915,0.486055431375887
458,5,0.22740026701055488,0.486055431375887
458,6,0.6053232976498868,0.486055431375887
458,7,0.4446462830699956,0.486055431375887
458,8,0.42947599913164936,0.486055431375887
458,9,0.0,0.486055431375887
458,10,0.20038518022740895,0.486055431375887
458,11,0.32592047411765673,0.486055431375887
458,12,0.3688221946676548,0.486055431375887
458,13,0.25918524703492474,0.486055431375887
458,14,0.15862720245120607,0.486055431375887
458,15,0.0035850486179097307,0.486055431375887
458,16,0.0,0.486055431375887
458,17,0.4513828076831562,0.486055431375887
458,18,0.5857167191180157,0.486055431375887
458,19,0.13018922049699172,0.486055431375887
458,20,0.6558383566201258,0.486055431375887
458,21,0.22269256876405324,0.486055431375887
458,22,0.2297877517399335,0.486055431375887
458,23,0.25914632039803703,0.486055431375887
458,24,0.6060645642580483,0.486055431375887
459,1,0.3975415668176558,0.5163167889870679
459,2,0.39706113168612206,0.5163167889870679
459,3,0.2442562193674689,0.5163167889870679
459,4,0.316386464197551,0.5163167889870679
459,5,0.26688704871364327,0.5163167889870679
459,6,0.44501635227853265,0.5163167889870679
459,7,0.5542690482904549,0.5163167889870679
459,8,0.4415157697163492,0.5163167889870679
459,9,0.11382787416521406,0.5163167889870679
459,10,0.2475162500933954,0.5163167889870679
459,11,0.4491301992630372,0.5163167889870679
459,12,0.28268761208885934,0.5163167889870679
459,13,0.2643737386703308,0.5163167889870679
459,14,0.0,0.5163167889870679
459,15,0.0,0.5163167889870679
459,16,0.145894123428788,0.5163167889870679
459,17,0.4260259530349588,0.5163167889870679
459,18,0.5065285812636589,0.5163167889870679
459,19,0.12045136897777711,0.5163167889870679
459,20,0.6434765953056562,0.5163167889870679
459,21,0.1443893868171968,0.5163167889870679
459,22,0.26252708022620197,0.5163167889870679
459,23,0.4151192094211775,0.5163167889870679
459,24,0.5818620820944499,0.5163167889870679
460,1,0.5051439511821956,0.5027486640425154
460,2,0.1939997104724638,0.5027486640425154
460,3,0.21783913670162677,0.5027486640425154
460,4,0.4297101402070871,0.5027486640425154
460,5,0.2967831769189513,0.5027486640425154
460,6,0.39503134831506903,0.5027486640425154
460,7,0.5840054062314313,0.5027486640425154
460,8,0.4112266973954939,0.5027486640425154
460,9,0.18330922316992085,0.5027486640425154
460,10,0.2165636384354796,0.5027486640425154
460,11,0.6048218479133469,0.5027486640425154
460,12,0.4552907715956158,0.5027486640425154
460,13,0.39636395334900615,0.5027486640425154
460,14,0.044722884955754945,0.5027486640425154
460,15,0.0,0.5027486640425154
460,16,0.07917855924858067,0.5027486640425154
460,17,0.43912866448660626,0.5027486640425154
460,18,0.4500112185187675,0.5027486640425154
460,19,0.2070314709979168,0.5027486640425154
460,20,0.715591199436453,0.5027486640425154
460,21,0.0950303187138423,0.5027486640425154
460,22,0.16146425174717374,0.5027486640425154
460,23,0.5875755943473028,0.5027486640425154
460,24,0.5430252281746408,0.5027486640425154
461,1,0.46161424192834316,0.523748002039394
461,2,0.3469099876489422,0.523748002039394
461,3,0.04804970497483507,0.523748002039394
461,4,0.4447104083705168,0.523748002039394
461,5,0.3137492459632878,0.523748002039394
461,6,0.17949952975969766,0.523748002039394
461,7,0.6622486228472501,0.523748002039394
461,8,0.3230420989517976,0.523748002039394
461,9,0.27479071215423967,0.523748002039394
461,10,0.2022888469550686,0.523748002039394
461,11,0.6136598908875576,0.523748002039394
461,12,0.48397670250724373,0.523748002039394
461,13,0.37770709927975904,0.523748002039394
461,14,0.0,0.523748002039394
461,15,0.0,0.523748002039394
461,16,0.0027350466035479387,0.523748002039394
461,17,0.5308002171381655,0.523748002039394
461,18,0.477802996093531,0.523748002039394
461,19,0.30605614369586076,0.523748002039394
461,20,0.8877176375847231,0.523748002039394
461,21,0.0,0.523748002039394
461,22,0.2672921780566746,0.523748002039394
461,23,0.4323709466040291,0.523748002039394
461,24,0.3858780833366566,0.523748002039394
462,1,0.3550011885357145,0.5069268113745219
462,2,0.504779701955709,0.5069268113745219
462,3,0.09716183393073947,0.5069268113745219
462,4,0.4543524244775268,0.5069268113745219
462,5,0.27963205582421985,0.5069268113745219
462,6,0.25066210044543374,0.5069268113745219
462,7,0.4791055036155663,0.5069268113745219
462,8,0.0,0.5069268113745219
462,9,0.4588346706778343,0.5069268113745219
462,10,0.18668761775381168,0.5069268113745219
462,11,0.6205027262859424,0.5069268113745219
462,12,0.46897032244892184,0.5069268113745219
462,13,0.6563290385426153,0.5069268113745219
462,14,0.0,0.5069268113745219
462,15,0.022628379425405222,0.5069268113745219
462,16,0.12915530488528684,0.5069268113745219
462,17,0.2991929660693716,0.5069268113745219
462,18,0.30141146719706624,0.5069268113745219
462,19,0.2899827302392895,0.5069268113745219
462,20,0.6734477119830783,0.5069268113745219
462,21,0.19680901154518707,0.5069268113745219
462,22,0.2909048907832193,0.5069268113745219
462,23,0.2690034239089313,0.5069268113745219
462,24,0.19256020536795881,0.5069268113745219
463,1,0.4101509595257663,0.5007288707762724
463,2,0.3192263493077411,0.5007288707762724
463,3,0.1174397060481981,0.5007288707762724
463,4,0.5070347689212957,0.5007288707762724
463,5,0.3985080486186856,0.5007288707762724
463,6,0.09326887285669239,0.5007288707762724
463,7,0.3215145149130053,0.5007288707762724
463,8,0.1737255914213117,0.5007288707762724
463,9,0.3402043860316074,0.5007288707762724
463,10,0.30426469982268306,0.5007288707762724
463,11,0.7677533753951868,0.5007288707762724
463,12,0.5341753340237572,0.5007288707762724
463,13,0.3849696196298129,0.5007288707762724
463,14,0.14832418864104704,0.5007288707762724
463,15,0.008939316276400974,0.5007288707762724
463,16,0.24245617256570212,0.5007288707762724
463,17,0.0,0.5007288707762724
463,18,0.4290121547064071,0.5007288707762724
463,19,0.4534505019839441,0.5007288707762724
463,20,0.49680629540913285,0.5007288707762724
463,21,0.1720486019583931,0.5007288707762724
463,22,0.17913679655552955,0.5007288707762724
463,23,0.24176480292939295,0.5007288707762724
463,24,0.2218406368554492,0.5007288707762724
464,1,0.5508616604478698,0.5673351697138234
464,2,0.5798542757605009,0.5673351697138234
464,3,0.13286833093513317,0.5673351697138234
464,4,0.6450970162105889,0.5673351697138234
464,5,0.45001901690433127,0.5673351697138234
464,6,0.32546936566586143,0.5673351697138234
464,7,0.5962941291370387,0.5673351697138234
464,8,0.20043361732372234,0.5673351697138234
464,9,0.2720211482690476,0.5673351697138234
464,10,0.37512748768842824,0.5673351697138234
464,11,0.5688116087449785,0.5673351697138234
464,12,0.2819775471094562,0.5673351697138234
464,13,0.6853382050827374,0.5673351697138234
464,14,0.22336594005849614,0.5673351697138234
464,15,0.2603283151169289,0.5673351697138234
464,16,0.2962648773990027,0.5673351697138234
464,17,0.07311318134105207,0.5673351697138234
464,18,0.2829039739693769,0.5673351697138234
464,19,0.36180629211311444,0.5673351697138234
464,20,0.4329749169484167,0.5673351697138234
464,21,0.10560450519611406,0.5673351697138234
464,22,0.2436017419166025,0.5673351697138234
464,23,0.4370286471288864,0.5673351697138234
464,24,0.14057726172168983,0.5673351697138234
465,1,0.6637442415911345,0.5256364054130411
465,2,0.6692965531573418,0.5256364054130411
465,3,0.4212311250645724,0.5256364054130411
465,4,0.6110280835061245,0.5256364054130411
465,5,0.5373504983109436,0.5256364054130411
465,6,0.5729173382826142,0.5256364054130411
465,7,0.5171708072929239,0.5256364054130411
465,8,0.2987938463769467,0.5256364054130411
465,9,0.26275025996251156,0.5256364054130411
465,10,0.6595496475310829,0.5256364054130411
465,11,0.32297178973108936,0.5256364054130411
465,12,0.08637478876801319,0.5256364054130411
465,13,0.564206073245534,0.5256364054130411
465,14,0.0,0.5256364054130411
465,15,0.1642201407604662,0.5256364054130411
465,16,0.29149962513392197,0.5256364054130411
465,17,0.31010917897814344,0.5256364054130411
465,18,0.24957741047438062,0.5256364054130411
465,19,0.4004679942027529,0.5256364054130411
465,20,0.3343090350151948,0.5256364054130411
465,21,0.11746486327413695,0.5256364054130411
465,22,0.46227847981207604,0.5256364054130411
465,23,0.34940492022096226,0.5256364054130411
465,24,0.27288524836857914,0.5256364054130411
466,1,0.5099857630846937,0.5681431175139857
466,2,0.593705143280999,0.5681431175139857
466,3,0.4899149524114237,0.5681431175139857
466,4,0.45817967437970997,0.5681431175139857
466,5,0.4404835559910594,0.5681431175139857
466,6,0.4543356454543462,0.5681431175139857
466,7,0.6994793084976034,0.5681431175139857
466,8,0.05936824302468574,0.5681431175139857
466,9,0.21695831325622658,0.5681431175139857
466,10,0.49569308004682244,0.5681431175139857
466,11,0.28750636743210856,0.5681431175139857
466,12,0.29800898005819565,0.5681431175139857
466,13,0.5867812082032174,0.5681431175139857
466,14,0.13116406296616942,0.5681431175139857
466,15,0.12456250112523158,0.5681431175139857
466,16,0.40912063388380604,0.5681431175139857
466,17,0.5268236381811612,0.5681431175139857
466,18,0.3209042722674063,0.5681431175139857
466,19,0.41132610038006606,0.5681431175139857
466,20,0.12517812024417807,0.5681431175139857
466,21,0.0799750491092946,0.5681431175139857
466,22,0.13710609563685922,0.5681431175139857
466,23,0.5335373267375179,0.5681431175139857
466,24,0.2988620337307245,0.5681431175139857
467,1,0.37546564402156113,0.5103950576313679
467,2,0.3213983011296331,0.5103950576313679
467,3,0.4236377810562006,0.5103950576313679
467,4,0.5580308389880317,0.5103950576313679
467,5,0.3504007197247786,0.5103950576313679
467,6,0.5165902110581251,0.5103950576313679
467,7,0.7461681506659548,0.5103950576313679
467,8,0.16039838557463476,0.5103950576313679
467,9,0.29095697162243456,0.5103950576313679
467,10,0.6823180785016261,0.5103950576313679
467,11,0.27062297321462087,0.5103950576313679
467,12,0.41376031043645156,0.5103950576313679
467,13,0.641979771132844,0.5103950576313679
467,14,0.18891303644514906,0.5103950576313679
467,15,0.3246735437970749,0.5103950576313679
467,16,0.2487872020258591,0.5103950576313679
467,17,0.43663472180672563,0.5103950576313679
467,18,0.07034155440868708,0.5103950576313679
467,19,0.5694151777260713,0.5103950576313679
467,20,0.17826393949629993,0.5103950576313679
467,21,0.0,0.5103950576313679
467,22,0.0,0.5103950576313679
467,23,0.5496750275259146,0.5103950576313679
467,24,0.35694422834010064,0.5103950576313679
468,1,0.544166603891194,0.5394205554103909
468,2,0.26579487051694045,0.5394205554103909
468,3,0.4066295763678561,0.5394205554103909
468,4,0.5597930893304949,0.5394205554103909
468,5,0.33139695547896647,0.5394205554103909
468,6,0.5019544704099617,0.5394205554103909
468,7,0.5962191375461031,0.5394205554103909
468,8,0.414162234698212,0.5394205554103909
468,9,0.4431510080537723,0.5394205554103909
468,10,0.38420269891390174,0.5394205554103909
468,11,0.1559656454631414,0.5394205554103909
468,12,0.4566319665787172,0.5394205554103909
468,13,0.4564732030322349,0.5394205554103909
468,14,0.027613148924594183,0.5394205554103909
468,15,0.40717885073465426,0.5394205554103909
468,16,0.30126781208140924,0.5394205554103909
468,17,0.4639770281940288,0.5394205554103909
468,18,0.17939884526441557,0.5394205554103909
468,19,0.4811910150681212,0.5394205554103909
468,20,0.14454258838477924,0.5394205554103909
468,21,0.06756053352606874,0.5394205554103909
468,22,0.27659908891283685,0.5394205554103909
468,23,0.5522169880935648,0.5394205554103909
468,24,0.4791824401272612,0.5394205554103909
469,1,0.5773963410616202,0.5756043353033522
469,2,0.4304687266033751,0.5756043353033522
469,3,0.3258503450614537,0.5756043353033522
469,4,0.5982227570336438,0.5756043353033522
469,5,0.44857719368433485,0.5756043353033522
469,6,0.36318372464243287,0.5756043353033522
469,7,0.4656393041490155,0.5756043353033522
469,8,0.5126484558616847,0.5756043353033522
469,9,0.5115822029005915,0.5756043353033522
469,10,0.47375643582122323,0.5756043353033522
469,11,0.20179664204255549,0.5756043353033522
469,12,0.5158135391988152,0.5756043353033522
469,13,0.3787652367002534,0.5756043353033522
469,14,0.0,0.5756043353033522
469,15,0.5755497091339513,0.5756043353033522
469,16,0.4274454974040747,0.5756043353033522
469,17,0.4434959157663988,0.5756043353033522
469,18,0.11118391629251428,0.5756043353033522
469,19,0.4518102421528449,0.5756043353033522
469,20,0.14612993863482446,0.5756043353033522
469,21,0.13060455219676473,0.5756043353033522
469,22,0.3134240948272367,0.5756043353033522
469,23,0.4614472183868291,0.5756043353033522
469,24,0.10546093378074661,0.5756043353033522
470,1,0.5137677424529604,0.6072621324157385
470,2,0.3356019810170412,0.6072621324157385
470,3,0.44889416059395404,0.6072621324157385
470,4,0.5115932802658891,0.6072621324157385
470,5,0.4357247029356199,0.6072621324157385
470,6,0.4172060461228361,0.6072621324157385
470,7,0.16905038058688154,0.6072621324157385
470,8,0.2599985033928467,0.6072621324157385
470,9,0.8127447738100173,0.6072621324157385
470,10,0.5834318896465495,0.6072621324157385
470,11,0.28505719617772,0.6072621324157385
470,12,0.5724907039946484,0.6072621324157385
470,13,0.04982035263997964,0.6072621324157385
470,14,0.04785218213274719,0.6072621324157385
470,15,0.5761764739658772,0.6072621324157385
470,16,0.4778397994397222,0.6072621324157385
470,17,0.4386516696578987,0.6072621324157385
470,18,0.1461299330473309,0.6072621324157385
470,19,0.39908615506049144,0.6072621324157385
470,20,0.1387617248288554,0.6072621324157385
470,21,0.04983188280825919,0.6072621324157385
470,22,0.3695653910508461,0.6072621324157385
470,23,0.4504836008265545,0.6072621324157385
470,24,0.17565808698839647,0.6072621324157385
471,1,0.6528267087518534,0.5245554485377075
471,2,0.36166025818909425,0.5245554485377075
471,3,0.5923740051214199,0.5245554485377075
471,4,0.3126178545678453,0.5245554485377075
471,5,0.5021913651868555,0.5245554485377075
471,6,0.37841529675289565,0.5245554485377075
471,7,0.1696500603634503,0.5245554485377075
471,8,0.3552121555358322,0.5245554485377075
471,9,0.6753015994250253,0.5245554485377075
471,10,0.3392358373733842,0.5245554485377075
471,11,0.4369352333128631,0.5245554485377075
471,12,0.5976538559649551,0.5245554485377075
471,13,0.17819470010143912,0.5245554485377075
471,14,0.11602931580743965,0.5245554485377075
471,15,0.5804911138669847,0.5245554485377075
471,16,0.15727380271572416,0.5245554485377075
471,17,0.43239610441047255,0.5245554485377075
471,18,0.2003043754587267,0.5245554485377075
471,19,0.36638477958205673,0.5245554485377075
471,20,0.21043275419927,0.5245554485377075
471,21,0.0,0.5245554485377075
471,22,0.34772164981086534,0.5245554485377075
471,23,0.5528707829853899,0.5245554485377075
471,24,0.14344988449704002,0.5245554485377075
472,1,0.5118143946724233,0.5544821225820291
472,2,0.6098869094576794,0.5544821225820291
472,3,0.5694080784842798,0.5544821225820291
472,4,0.317263872038968,0.5544821225820291
472,5,0.33337273878584683,0.5544821225820291
472,6,0.3702311771159879,0.5544821225820291
472,7,0.14958507657045472,0.5544821225820291
472,8,0.42470710185521077,0.5544821225820291
472,9,0.4519525821934052,0.5544821225820291
472,10,0.4579027540855014,0.5544821225820291
472,11,0.18281650717829814,0.5544821225820291
472,12,0.5288193970150313,0.5544821225820291
472,13,0.0,0.5544821225820291
472,14,0.0,0.5544821225820291
472,15,0.6517951755640254,0.5544821225820291
472,16,0.34684602563398276,0.5544821225820291
472,17,0.4999121021496631,0.5544821225820291
472,18,0.39181465534297016,0.5544821225820291
472,19,0.5123818953621246,0.5544821225820291
472,20,0.32977243630692477,0.5544821225820291
472,21,0.15714464426672495,0.5544821225820291
472,22,0.19712861200255383,0.5544821225820291
472,23,0.4819824176481301,0.5544821225820291
472,24,0.0,0.5544821225820291
473,1,0.39939480936760535,0.628652588094399
473,2,0.6229716851204761,0.628652588094399
473,3,0.5054916080193471,0.628652588094399
473,4,0.5102464168994957,0.628652588094399
473,5,0.34611815070966034,0.628652588094399
473,6,0.29837011393950474,0.628652588094399
473,7,0.10545144501995028,0.628652588094399
473,8,0.5085977682932966,0.628652588094399
473,9,0.4822993645839718,0.628652588094399
473,10,0.5734356009881074,0.628652588094399
473,11,0.3476662544801655,0.628652588094399
473,12,0.4512349259843493,0.628652588094399
473,13,0.0,0.628652588094399
473,14,0.0723116771407255,0.628652588094399
473,15,0.7042461916991287,0.628652588094399
473,16,0.4384184871175592,0.628652588094399
473,17,0.6044567178033782,0.628652588094399
473,18,0.42022782316096763,0.628652588094399
473,19,0.5807717423656099,0.628652588094399
473,20,0.2259763201075267,0.628652588094399
473,21,0.023634335483286223,0.628652588094399
473,22,0.0803355814580311,0.628652588094399
473,23,0.3589751275747305,0.628652588094399
473,24,0.2584121243627596,0.628652588094399
474,1,0.285320816483038,0.6270819844233803
474,2,0.451515813425591,0.6270819844233803
474,3,0.3936043676479777,0.6270819844233803
474,4,0.5774931097681456,0.6270819844233803
474,5,0.5204340374273431,0.6270819844233803
474,6,0.22725973861606205,0.6270819844233803
474,7,0.25426229120309374,0.6270819844233803
474,8,0.7218830634743069,0.6270819844233803
474,9,0.26162546290555166,0.6270819844233803
474,10,0.4886854480935768,0.6270819844233803
474,11,0.5613830117823624,0.6270819844233803
474,12,0.35704943978926695,0.6270819844233803
474,13,0.18678303332665663,0.6270819844233803
474,14,0.010510348409543943,0.6270819844233803
474,15,0.8644587529891121,0.6270819844233803
474,16,0.47839283597534116,0.6270819844233803
474,17,0.5300640574227179,0.6270819844233803
474,18,0.3029431957241623,0.6270819844233803
474,19,0.4500805634512848,0.6270819844233803
474,20,0.15325265050914716,0.6270819844233803
474,21,0.04896453382527241,0.6270819844233803
474,22,0.15280868209301476,0.6270819844233803
474,23,0.3978568913477707,0.6270819844233803
474,24,0.283980024733262,0.6270819844233803
475,1,0.2675087259962003,0.6655678798556337
475,2,0.31450449374865397,0.6655678798556337
475,3,0.2939626927994965,0.6655678798556337
475,4,0.5704895510489176,0.6655678798556337
475,5,0.62289109879174,0.6655678798556337
475,6,0.18130993635194936,0.6655678798556337
475,7,0.25310623276747274,0.6655678798556337
475,8,0.6297294352040332,0.6655678798556337
475,9,0.16261661782599096,0.6655678798556337
475,10,0.4813384815418247,0.6655678798556337
475,11,0.48737400217837556,0.6655678798556337
475,12,0.42555326000217525,0.6655678798556337
475,13,0.36742230044977753,0.6655678798556337
475,14,0.0,0.6655678798556337
475,15,0.7018598598552008,0.6655678798556337
475,16,0.4817843125832513,0.6655678798556337
475,17,0.4012209815242005,0.6655678798556337
475,18,0.23712662100932558,0.6655678798556337
475,19,0.3869247357289813,0.6655678798556337
475,20,0.10686704216555491,0.6655678798556337
475,21,0.18895808041037782,0.6655678798556337
475,22,0.0,0.6655678798556337
475,23,0.2982185340104543,0.6655678798556337
475,24,0.05153513047061695,0.6655678798556337
476,1,0.17171164882430057,0.6866532709648144
476,2,0.18549233417315095,0.6866532709648144
476,3,0.1980702991093651,0.6866532709648144
476,4,0.350350747973447,0.6866532709648144
476,5,0.6636623222528656,0.6866532709648144
476,6,0.311722480123631,0.6866532709648144
476,7,0.31110060305671683,0.6866532709648144
476,8,0.7772289470845376,0.6866532709648144
476,9,0.1498694114965784,0.6866532709648144
476,10,0.26553494393504323,0.6866532709648144
476,11,0.39356314104714096,0.6866532709648144
476,12,0.41878280502733145,0.6866532709648144
476,13,0.4422553344928528,0.6866532709648144
476,14,0.07420155791611431,0.6866532709648144
476,15,0.660170303520944,0.6866532709648144
476,16,0.4334207146761395,0.6866532709648144
476,17,0.45595727748382925,0.6866532709648144
476,18,0.20537852906802917,0.6866532709648144
476,19,0.2527497530224212,0.6866532709648144
476,20,0.17243615183144867,0.6866532709648144
476,21,0.1402304278740587,0.6866532709648144
476,22,0.16078857754243361,0.6866532709648144
476,23,0.21611585629782532,0.6866532709648144
476,24,0.17937238383839255,0.6866532709648144
477,1,0.08329394067144849,0.690345755009711
477,2,0.16879057592862054,0.690345755009711
477,3,0.21566191092001982,0.690345755009711
477,4,0.2795494800537588,0.690345755009711
477,5,0.5419513728222327,0.690345755009711
477,6,0.46367991686738763,0.690345755009711
477,7,0.39646211220412475,0.690345755009711
477,8,0.7171096921791743,0.690345755009711
477,9,0.079844169795109,0.690345755009711
477,10,0.23719100446467964,0.690345755009711
477,11,0.4643470963770316,0.690345755009711
477,12,0.28054551141418427,0.690345755009711
477,13,0.3231175971866955,0.690345755009711
477,14,0.08866532980523223,0.690345755009711
477,15,0.6599181954404545,0.690345755009711
477,16,0.44319933155486574,0.690345755009711
477,17,0.3356015731340971,0.690345755009711
477,18,0.17951971870515088,0.690345755009711
477,19,0.23982579520915917,0.690345755009711
477,20,0.1798452668027039,0.690345755009711
477,21,0.29149476284594666,0.690345755009711
477,22,0.03205863217206936,0.690345755009711
477,23,0.29177898375218436,0.690345755009711
477,24,0.07503488449331908,0.690345755009711
478,1,0.14485578243274597,0.685689678776362
478,2,0.047426544902973156,0.685689678776362
478,3,0.39551956764514606,0.685689678776362
478,4,0.6819556866117191,0.685689678776362
478,5,0.513672303552869,0.685689678776362
478,6,0.3977724834467126,0.685689678776362
478,7,0.15793476793131558,0.685689678776362
478,8,0.45928230278908166,0.685689678776362
478,9,0.060079841609429974,0.685689678776362
478,10,0.022713112121459628,0.685689678776362
478,11,0.5825808393861178,0.685689678776362
478,12,0.1286741334358223,0.685689678776362
478,13,0.4895221149043185,0.685689678776362
478,14,0.0,0.685689678776362
478,15,0.47700540054017737,0.685689678776362
478,16,0.6548086297464247,0.685689678776362
478,17,0.17739038080431418,0.685689678776362
478,18,0.1336673687742987,0.685689678776362
478,19,0.10446573215773344,0.685689678776362
478,20,0.2576944926537389,0.685689678776362
478,21,0.20428240226547129,0.685689678776362
478,22,0.05733588719837036,0.685689678776362
478,23,0.3385648358470589,0.685689678776362
478,24,0.04411325791718,0.685689678776362
479,1,0.250495705488448,0.6884909632268587
479,2,0.0,0.6884909632268587
479,3,0.3227212557479493,0.6884909632268587
479,4,0.6874012377263418,0.6884909632268587
479,5,0.571964613185518,0.6884909632268587
479,6,0.4396222542002835,0.6884909632268587
479,7,0.0,0.6884909632268587
479,8,0.4477072164605987,0.6884909632268587
479,9,0.0,0.6884909632268587
479,10,0.3141416220578354,0.6884909632268587
479,11,0.5046494624227397,0.6884909632268587
479,12,0.2490761441632126,0.6884909632268587
479,13,0.3978057595269754,0.6884909632268587
479,14,0.22150422778430973,0.6884909632268587
479,15,0.374204593944691,0.6884909632268587
479,16,0.4847762880120829,0.6884909632268587
479,17,0.21681444902848854,0.6884909632268587
479,18,0.15436852481764213,0.6884909632268587
479,19,0.19008607186351012,0.6884909632268587
479,20,0.2690997631943268,0.6884909632268587
479,21,0.06648134413767862,0.6884909632268587
479,22,0.10197605137175611,0.6884909632268587
479,23,0.1949927631654452,0.6884909632268587
479,24,0.09809979688272691,0.6884909632268587
480,1,0.1838361474600827,0.7448346453138178
480,2,0.17124151060378656,0.7448346453138178
480,3,0.28785825413537547,0.7448346453138178
480,4,0.5738028568997704,0.7448346453138178
480,5,0.45774205794725337,0.7448346453138178
480,6,0.25088390874187755,0.7448346453138178
480,7,0.17998516386217392,0.7448346453138178
480,8,0.6898112466578519,0.7448346453138178
480,9,0.20312828027147625,0.7448346453138178
480,10,0.15496377890015825,0.7448346453138178
480,11,0.510172244121217,0.7448346453138178
480,12,0.2628013842025259,0.7448346453138178
480,13,0.35158520783157904,0.7448346453138178
480,14,0.2804040208704419,0.7448346453138178
480,15,0.5477438435178869,0.7448346453138178
480,16,0.658208352150608,0.7448346453138178
480,17,0.15752074603823446,0.7448346453138178
480,18,0.3219547763567724,0.7448346453138178
480,19,0.13912907555373238,0.7448346453138178
480,20,0.398022648615586,0.7448346453138178
480,21,0.11772410175356654,0.7448346453138178
480,22,0.25437919915906415,0.7448346453138178
480,23,0.11757597867803296,0.7448346453138178
480,24,0.14468158288228272,0.7448346453138178
