campaign_id,seed,episode,protocol_branch,public_code_index_zero_based,public_code_index_one_based,selected_matching,centralized_matching,distributed_matching,centralized_stage_sequence,distributed_stage_sequence,accepted_stage_count,null_stage,stage_count,consensus_rounds_per_stage,consensus_round_instances,directed_proposal_transmissions,centralized_distributed_equal,all_agents_agree,all_tags_valid,discarded_invalid_tags,max_encoding_residual,resource_screen_retained_edges,resource_screen_nonbinding
TRAJ-MICRO-V1,12031,1,exploration_public_assignment,3,4,0-0;1-2;2-1,0-0;1-2;2-1,0-0;1-2;2-1,PUBLIC:0-0;1-2;2-1,PUBLIC:0-0;1-2;2-1,3,0,0,0,0,0,1,1,1,0,0.0,15,1
TRAJ-MICRO-V1,12031,2,exploration_public_assignment,10,11,0-0;1-4;2-2,0-0;1-4;2-2,0-0;1-4;2-2,PUBLIC:0-0;1-4;2-2,PUBLIC:0-0;1-4;2-2,3,0,0,0,0,0,1,1,1,0,0.0,15,1
TRAJ-MICRO-V1,12031,3,exploration_public_assignment,17,18,0-1;1-2;2-4,0-1;1-2;2-4,0-1;1-2;2-4,PUBLIC:0-1;1-2;2-4,PUBLIC:0-1;1-2;2-4,3,0,0,0,0,0,1,1,1,0,0.0,15,1
TRAJ-MICRO-V1,12031,4,exploration_public_assignment,24,25,0-2;1-0;2-1,0-2;1-0;2-1,0-2;1-0;2-1,PUBLIC:0-2;1-0;2-1,PUBLIC:0-2;1-0;2-1,3,0,0,0,0,0,1,1,1,0,0.0,15,1
TRAJ-MICRO-V1,12031,5,exploration_public_assignment,31,32,0-2;1-3;2-1,0-2;1-3;2-1,0-2;1-3;2-1,PUBLIC:0-2;1-3;2-1,PUBLIC:0-2;1-3;2-1,3,0,0,0,0,0,1,1,1,0,0.0,15,1
TRAJ-MICRO-V1,12031,6,exploration_public_assignment,38,39,0-3;1-0;2-4,0-3;1-0;2-4,0-3;1-0;2-4,PUBLIC:0-3;1-0;2-4,PUBLIC:0-3;1-0;2-4,3,0,0,0,0,0,1,1,1,0,0.0,15,1
TRAJ-MICRO-V1,12031,7,exploration_public_assignment,45,46,0-3;1-4;2-0,0-3;1-4;2-0,0-3;1-4;2-0,PUBLIC:0-3;1-4;2-0,PUBLIC:0-3;1-4;2-0,3,0,0,0,0,0,1,1,1,0,0.0,15,1
TRAJ-MICRO-V1,12031,8,exploration_public_assignment,52,53,0-4;1-1;2-2,0-4;1-1;2-2,0-4;1-1;2-2,PUBLIC:0-4;1-1;2-2,PUBLIC:0-4;1-1;2-2,3,0,0,0,0,0,1,1,1,0,0.0,15,1
TRAJ-MICRO-V1,12031,9,exploration_public_assignment,59,60,0-4;1-3;2-2,0-4;1-3;2-2,0-4;1-3;2-2,PUBLIC:0-4;1-3;2-2,PUBLIC:0-4;1-3;2-2,3,0,0,0,0,0,1,1,1,0,0.0,15,1
TRAJ-MICRO-V1,12031,10,exploration_public_assignment,6,7,0-0;1-3;2-1,0-0;1-3;2-1,0-0;1-3;2-1,PUBLIC:0-0;1-3;2-1,PUBLIC:0-0;1-3;2-1,3,0,0,0,0,0,1,1,1,0,0.0,15,1
TRAJ-MICRO-V1,12031,11,exploration_public_assignment,13,14,0-1;1-0;2-3,0-1;1-0;2-3,0-1;1-0;2-3,PUBLIC:0-1;1-0;2-3,PUBLIC:0-1;1-0;2-3,3,0,0,0,0,0,1,1,1,0,0.0,15,1
TRAJ-MICRO-V1,12031,12,exploration_public_assignment,20,21,0-1;1-3;2-4,0-1;1-3;2-4,0-1;1-3;2-4,PUBLIC:0-1;1-3;2-4,PUBLIC:0-1;1-3;2-4,3,0,0,0,0,0,1,1,1,0,0.0,15,1
TRAJ-MICRO-V1,12031,13,exploration_public_assignment,27,28,0-2;1-1;2-0,0-2;1-1;2-0,0-2;1-1;2-0,PUBLIC:0-2;1-1;2-0,PUBLIC:0-2;1-1;2-0,3,0,0,0,0,0,1,1,1,0,0.0,15,1
TRAJ-MICRO-V1,12031,14,exploration_public_assignment,34,35,0-2;1-4;2-1,0-2;1-4;2-1,0-2;1-4;2-1,PUBLIC:0-2;1-4;2-1,PUBLIC:0-2;1-4;2-1,3,0,0,0,0,0,1,1,1,0,0.0,15,1
TRAJ-MICRO-V1,12031,15,exploration_public_assignment,41,42,0-3;1-1;2-4,0-3;1-1;2-4,0-3;1-1;2-4,PUBLIC:0-3;1-1;2-4,PUBLIC:0-3;1-1;2-4,3,0,0,0,0,0,1,1,1,0,0.0,15,1
TRAJ-MICRO-V1,12031,16,exploration_public_assignment,48,49,0-4;1-0;2-1,0-4;1-0;2-1,0-4;1-0;2-1,PUBLIC:0-4;1-0;2-1,PUBLIC:0-4;1-0;2-1,3,0,0,0,0,0,1,1,1,0,0.0,15,1
TRAJ-MICRO-V1,12031,17,exploration_public_assignment,55,56,0-4;1-2;2-1,0-4;1-2;2-1,0-4;1-2;2-1,PUBLIC:0-4;1-2;2-1,PUBLIC:0-4;1-2;2-1,3,0,0,0,0,0,1,1,1,0,0.0,15,1
TRAJ-MICRO-V1,12031,18,exploration_public_assignment,2,3,0-0;1-1;2-4,0-0;1-1;2-4,0-0;1-1;2-4,PUBLIC:0-0;1-1;2-4,PUBLIC:0-0;1-1;2-4,3,0,0,0,0,0,1,1,1,0,0.0,15,1
TRAJ-MICRO-V1,12031,19,configured_scale,,,0-1;1-3;2-2,0-1;1-3;2-2,0-1;1-3;2-2,0-1|2-2|1-3|NULL,0-1|2-2|1-3|NULL,3,4,4,2,8,32,1,1,1,0,0.0,15,1
TRAJ-MICRO-V1,12031,19,zero_scale,,,0-1;1-3;2-2,0-1;1-3;2-2,0-1;1-3;2-2,0-1|1-3|2-2|NULL,0-1|1-3|2-2|NULL,3,4,4,2,8,32,1,1,1,0,0.0,15,1
TRAJ-MICRO-V1,12031,20,configured_scale,,,0-0;1-2;2-1,0-0;1-2;2-1,0-0;1-2;2-1,1-2|2-1|0-0|NULL,1-2|2-1|0-0|NULL,3,4,4,2,8,32,1,1,1,0,0.0,15,1
TRAJ-MICRO-V1,12031,20,zero_scale,,,0-0;1-2;2-1,0-0;1-2;2-1,0-0;1-2;2-1,1-2|0-0|2-1|NULL,1-2|0-0|2-1|NULL,3,4,4,2,8,32,1,1,1,0,0.0,15,1
TRAJ-MICRO-V1,12031,21,configured_scale,,,0-2;1-1;2-0,0-2;1-1;2-0,0-2;1-1;2-0,1-1|2-0|0-2|NULL,1-1|2-0|0-2|NULL,3,4,4,2,8,32,1,1,1,0,0.0,15,1
TRAJ-MICRO-V1,12031,21,zero_scale,,,0-2;1-1;2-3,0-2;1-1;2-3,0-2;1-1;2-3,1-1|0-2|2-3|NULL,1-1|0-2|2-3|NULL,3,4,4,2,8,32,1,1,1,0,0.0,15,1
TRAJ-MICRO-V1,12031,22,configured_scale,,,0-4;1-3;2-2,0-4;1-3;2-2,0-4;1-3;2-2,0-4|1-3|2-2|NULL,0-4|1-3|2-2|NULL,3,4,4,2,8,32,1,1,1,0,0.0,15,1
TRAJ-MICRO-V1,12031,22,zero_scale,,,0-1;1-3;2-2,0-1;1-3;2-2,0-1;1-3;2-2,0-1|1-3|2-2|NULL,0-1|1-3|2-2|NULL,3,4,4,2,8,32,1,1,1,0,0.0,15,1
TRAJ-MICRO-V1,12031,23,configured_scale,,,0-1;1-2;2-4,0-1;1-2;2-4,0-1;1-2;2-4,2-4|0-1|1-2|NULL,2-4|0-1|1-2|NULL,3,4,4,2,8,32,1,1,1,0,0.0,15,1
TRAJ-MICRO-V1,12031,23,zero_scale,,,0-1;1-2;2-4,0-1;1-2;2-4,0-1;1-2;2-4,0-1|1-2|2-4|NULL,0-1|1-2|2-4|NULL,3,4,4,2,8,32,1,1,1,0,0.0,15,1
TRAJ-MICRO-V1,12031,24,configured_scale,,,0-0;1-4;2-3,0-0;1-4;2-3,0-0;1-4;2-3,0-0|2-3|1-4|NULL,0-0|2-3|1-4|NULL,3,4,4,2,8,32,1,1,1,0,0.0,15,1
TRAJ-MICRO-V1,12031,24,zero_scale,,,0-0;1-1;2-3,0-0;1-1;2-3,0-0;1-1;2-3,0-0|1-1|2-3|NULL,0-0|1-1|2-3|NULL,3,4,4,2,8,32,1,1,1,0,0.0,15,1
TRAJ-MICRO-V1,12031,25,configured_scale,,,0-1;1-3;2-4,0-1;1-3;2-4,0-1;1-3;2-4,0-1|1-3|2-4|NULL,0-1|1-3|2-4|NULL,3,4,4,2,8,32,1,1,1,0,0.0,15,1
TRAJ-MICRO-V1,12031,25,zero_scale,,,0-1;1-0;2-4,0-1;1-0;2-4,0-1;1-0;2-4,0-1|1-0|2-4|NULL,0-1|1-0|2-4|NULL,3,4,4,2,8,32,1,1,1,0,0.0,15,1
TRAJ-MICRO-V1,12031,26,configured_scale,,,0-0;1-2;2-4,0-0;1-2;2-4,0-0;1-2;2-4,2-4|0-0|1-2|NULL,2-4|0-0|1-2|NULL,3,4,4,2,8,32,1,1,1,0,0.0,15,1
TRAJ-MICRO-V1,12031,26,zero_scale,,,0-0;1-2;2-4,0-0;1-2;2-4,0-0;1-2;2-4,0-0|1-2|2-4|NULL,0-0|1-2|2-4|NULL,3,4,4,2,8,32,1,1,1,0,0.0,15,1
TRAJ-MICRO-V1,12031,27,configured_scale,,,0-2;1-1;2-0,0-2;1-1;2-0,0-2;1-1;2-0,2-0|1-1|0-2|NULL,2-0|1-1|0-2|NULL,3,4,4,2,8,32,1,1,1,0,0.0,15,1
TRAJ-MICRO-V1,12031,27,zero_scale,,,0-0;1-1;2-4,0-0;1-1;2-4,0-0;1-1;2-4,0-0|1-1|2-4|NULL,0-0|1-1|2-4|NULL,3,4,4,2,8,32,1,1,1,0,0.0,15,1
TRAJ-MICRO-V1,12031,28,configured_scale,,,0-1;1-0;2-4,0-1;1-0;2-4,0-1;1-0;2-4,2-4|0-1|1-0|NULL,2-4|0-1|1-0|NULL,3,4,4,2,8,32,1,1,1,0,0.0,15,1
TRAJ-MICRO-V1,12031,28,zero_scale,,,0-1;1-0;2-4,0-1;1-0;2-4,0-1;1-0;2-4,2-4|0-1|1-0|NULL,2-4|0-1|1-0|NULL,3,4,4,2,8,32,1,1,1,0,0.0,15,1
TRAJ-MICRO-V1,12031,29,configured_scale,,,0-0;1-2;2-4,0-0;1-2;2-4,0-0;1-2;2-4,2-4|0-0|1-2|NULL,2-4|0-0|1-2|NULL,3,4,4,2,8,32,1,1,1,0,0.0,15,1
TRAJ-MICRO-V1,12031,29,zero_scale,,,0-0;1-2;2-4,0-0;1-2;2-4,0-0;1-2;2-4,2-4|0-0|1-2|NULL,2-4|0-0|1-2|NULL,3,4,4,2,8,32,1,1,1,0,0.0,15,1
TRAJ-MICRO-V1,12031,30,configured_scale,,,0-0;1-3;2-4,0-0;1-3;2-4,0-0;1-3;2-4,2-4|1-3|0-0|NULL,2-4|1-3|0-0|NULL,3,4,4,2,8,32,1,1,1,0,0.0,15,1
TRAJ-MICRO-V1,12031,30,zero_scale,,,0-0;1-4;2-3,0-0;1-4;2-3,0-0;1-4;2-3,2-3|1-4|0-0|NULL,2-3|1-4|0-0|NULL,3,4,4,2,8,32,1,1,1,0,0.0,15,1
TRAJ-MICRO-V1,12031,31,configured_scale,,,0-4;1-3;2-2,0-4;1-3;2-2,0-4;1-3;2-2,0-4|1-3|2-2|NULL,0-4|1-3|2-2|NULL,3,4,4,2,8,32,1,1,1,0,0.0,15,1
TRAJ-MICRO-V1,12031,31,zero_scale,,,0-4;1-3;2-2,0-4;1-3;2-2,0-4;1-3;2-2,1-3|0-4|2-2|NULL,1-3|0-4|2-2|NULL,3,4,4,2,8,32,1,1,1,0,0.0,15,1
TRAJ-MICRO-V1,12031,32,configured_scale,,,0-3;1-2;2-1,0-3;1-2;2-1,0-3;1-2;2-1,0-3|1-2|2-1|NULL,0-3|1-2|2-1|NULL,3,4,4,2,8,32,1,1,1,0,0.0,15,1
TRAJ-MICRO-V1,12031,32,zero_scale,,,0-0;1-2;2-1,0-0;1-2;2-1,0-0;1-2;2-1,1-2|0-0|2-1|NULL,1-2|0-0|2-1|NULL,3,4,4,2,8,32,1,1,1,0,0.0,15,1
TRAJ-MICRO-V1,12031,33,configured_scale,,,0-4;1-2;2-0,0-4;1-2;2-0,0-4;1-2;2-0,2-0|1-2|0-4|NULL,2-0|1-2|0-4|NULL,3,4,4,2,8,32,1,1,1,0,0.0,15,1
TRAJ-MICRO-V1,12031,33,zero_scale,,,0-2;1-1;2-0,0-2;1-1;2-0,0-2;1-1;2-0,0-2|1-1|2-0|NULL,0-2|1-1|2-0|NULL,3,4,4,2,8,32,1,1,1,0,0.0,15,1
TRAJ-MICRO-V1,12031,34,configured_scale,,,0-4;1-3;2-0,0-4;1-3;2-0,0-4;1-3;2-0,0-4|1-3|2-0|NULL,0-4|1-3|2-0|NULL,3,4,4,2,8,32,1,1,1,0,0.0,15,1
TRAJ-MICRO-V1,12031,34,zero_scale,,,0-4;1-3;2-2,0-4;1-3;2-2,0-4;1-3;2-2,0-4|1-3|2-2|NULL,0-4|1-3|2-2|NULL,3,4,4,2,8,32,1,1,1,0,0.0,15,1
TRAJ-MICRO-V1,12031,35,configured_scale,,,0-3;1-2;2-1,0-3;1-2;2-1,0-3;1-2;2-1,0-3|1-2|2-1|NULL,0-3|1-2|2-1|NULL,3,4,4,2,8,32,1,1,1,0,0.0,15,1
TRAJ-MICRO-V1,12031,35,zero_scale,,,0-3;1-2;2-1,0-3;1-2;2-1,0-3;1-2;2-1,0-3|1-2|2-1|NULL,0-3|1-2|2-1|NULL,3,4,4,2,8,32,1,1,1,0,0.0,15,1
TRAJ-MICRO-V1,12031,36,configured_scale,,,0-4;1-2;2-0,0-4;1-2;2-0,0-4;1-2;2-0,0-4|1-2|2-0|NULL,0-4|1-2|2-0|NULL,3,4,4,2,8,32,1,1,1,0,0.0,15,1
TRAJ-MICRO-V1,12031,36,zero_scale,,,0-2;1-1;2-3,0-2;1-1;2-3,0-2;1-1;2-3,0-2|1-1|2-3|NULL,0-2|1-1|2-3|NULL,3,4,4,2,8,32,1,1,1,0,0.0,15,1
TRAJ-MICRO-V1,12031,37,configured_scale,,,0-1;1-3;2-2,0-1;1-3;2-2,0-1;1-3;2-2,0-1|1-3|2-2|NULL,0-1|1-3|2-2|NULL,3,4,4,2,8,32,1,1,1,0,0.0,15,1
TRAJ-MICRO-V1,12031,37,zero_scale,,,0-1;1-3;2-2,0-1;1-3;2-2,0-1;1-3;2-2,0-1|1-3|2-2|NULL,0-1|1-3|2-2|NULL,3,4,4,2,8,32,1,1,1,0,0.0,15,1
TRAJ-MICRO-V1,12031,38,configured_scale,,,0-0;1-2;2-4,0-0;1-2;2-4,0-0;1-2;2-4,0-0|1-2|2-4|NULL,0-0|1-2|2-4|NULL,3,4,4,2,8,32,1,1,1,0,0.0,15,1
TRAJ-MICRO-V1,12031,38,zero_scale,,,0-0;1-2;2-4,0-0;1-2;2-4,0-0;1-2;2-4,0-0|1-2|2-4|NULL,0-0|1-2|2-4|NULL,3,4,4,2,8,32,1,1,1,0,0.0,15,1
TRAJ-MICRO-V1,12031,39,configured_scale,,,0-2;1-1;2-4,0-2;1-1;2-4,0-2;1-1;2-4,0-2|2-4|1-1|NULL,0-2|2-4|1-1|NULL,3,4,4,2,8,32,1,1,1,0,0.0,15,1
TRAJ-MICRO-V1,12031,39,zero_scale,,,0-2;1-1;2-4,0-2;1-1;2-4,0-2;1-1;2-4,0-2|2-4|1-1|NULL,0-2|2-4|1-1|NULL,3,4,4,2,8,32,1,1,1,0,0.0,15,1
TRAJ-MICRO-V1,12031,40,configured_scale,,,0-1;1-3;2-4,0-1;1-3;2-4,0-1;1-3;2-4,0-1|1-3|2-4|NULL,0-1|1-3|2-4|NULL,3,4,4,2,8,32,1,1,1,0,0.0,15,1
TRAJ-MICRO-V1,12031,40,zero_scale,,,0-1;1-3;2-4,0-1;1-3;2-4,0-1;1-3;2-4,0-1|1-3|2-4|NULL,0-1|1-3|2-4|NULL,3,4,4,2,8,32,1,1,1,0,0.0,15,1
TRAJ-MICRO-V1,12031,41,configured_scale,,,0-3;1-2;2-4,0-3;1-2;2-4,0-3;1-2;2-4,1-2|0-3|2-4|NULL,1-2|0-3|2-4|NULL,3,4,4,2,8,32,1,1,1,0,0.0,15,1
TRAJ-MICRO-V1,12031,41,zero_scale,,,0-0;1-2;2-4,0-0;1-2;2-4,0-0;1-2;2-4,1-2|0-0|2-4|NULL,1-2|0-0|2-4|NULL,3,4,4,2,8,32,1,1,1,0,0.0,15,1
TRAJ-MICRO-V1,12031,42,configured_scale,,,0-0;1-3;2-4,0-0;1-3;2-4,0-0;1-3;2-4,1-3|0-0|2-4|NULL,1-3|0-0|2-4|NULL,3,4,4,2,8,32,1,1,1,0,0.0,15,1
TRAJ-MICRO-V1,12031,42,zero_scale,,,0-0;1-3;2-4,0-0;1-3;2-4,0-0;1-3;2-4,1-3|0-0|2-4|NULL,1-3|0-0|2-4|NULL,3,4,4,2,8,32,1,1,1,0,0.0,15,1
TRAJ-MICRO-V1,12031,43,configured_scale,,,0-1;1-0;2-3,0-1;1-0;2-3,0-1;1-0;2-3,1-0|0-1|2-3|NULL,1-0|0-1|2-3|NULL,3,4,4,2,8,32,1,1,1,0,0.0,15,1
TRAJ-MICRO-V1,12031,43,zero_scale,,,0-1;1-0;2-4,0-1;1-0;2-4,0-1;1-0;2-4,1-0|0-1|2-4|NULL,1-0|0-1|2-4|NULL,3,4,4,2,8,32,1,1,1,0,0.0,15,1
TRAJ-MICRO-V1,12031,44,configured_scale,,,0-0;1-2;2-4,0-0;1-2;2-4,0-0;1-2;2-4,0-0|2-4|1-2|NULL,0-0|2-4|1-2|NULL,3,4,4,2,8,32,1,1,1,0,0.0,15,1
TRAJ-MICRO-V1,12031,44,zero_scale,,,0-0;1-2;2-4,0-0;1-2;2-4,0-0;1-2;2-4,1-2|0-0|2-4|NULL,1-2|0-0|2-4|NULL,3,4,4,2,8,32,1,1,1,0,0.0,15,1
TRAJ-MICRO-V1,12031,45,configured_scale,,,0-0;1-1;2-4,0-0;1-1;2-4,0-0;1-1;2-4,1-1|2-4|0-0|NULL,1-1|2-4|0-0|NULL,3,4,4,2,8,32,1,1,1,0,0.0,15,1
TRAJ-MICRO-V1,12031,45,zero_scale,,,0-2;1-1;2-4,0-2;1-1;2-4,0-2;1-1;2-4,1-1|2-4|0-2|NULL,1-1|2-4|0-2|NULL,3,4,4,2,8,32,1,1,1,0,0.0,15,1
TRAJ-MICRO-V1,12031,46,configured_scale,,,0-1;1-0;2-4,0-1;1-0;2-4,0-1;1-0;2-4,1-0|2-4|0-1|NULL,1-0|2-4|0-1|NULL,3,4,4,2,8,32,1,1,1,0,0.0,15,1
TRAJ-MICRO-V1,12031,46,zero_scale,,,0-1;1-0;2-4,0-1;1-0;2-4,0-1;1-0;2-4,1-0|2-4|0-1|NULL,1-0|2-4|0-1|NULL,3,4,4,2,8,32,1,1,1,0,0.0,15,1
TRAJ-MICRO-V1,12031,47,configured_scale,,,0-1;1-3;2-4,0-1;1-3;2-4,0-1;1-3;2-4,2-4|1-3|0-1|NULL,2-4|1-3|0-1|NULL,3,4,4,2,8,32,1,1,1,0,0.0,15,1
TRAJ-MICRO-V1,12031,47,zero_scale,,,0-3;1-2;2-4,0-3;1-2;2-4,0-3;1-2;2-4,2-4|1-2|0-3|NULL,2-4|1-2|0-3|NULL,3,4,4,2,8,32,1,1,1,0,0.0,15,1
TRAJ-MICRO-V1,12031,48,configured_scale,,,0-4;1-2;2-0,0-4;1-2;2-0,0-4;1-2;2-0,2-0|1-2|0-4|NULL,2-0|1-2|0-4|NULL,3,4,4,2,8,32,1,1,1,0,0.0,15,1
TRAJ-MICRO-V1,12031,48,zero_scale,,,0-3;1-2;2-4,0-3;1-2;2-4,0-3;1-2;2-4,2-4|1-2|0-3|NULL,2-4|1-2|0-3|NULL,3,4,4,2,8,32,1,1,1,0,0.0,15,1
TRAJ-MICRO-V1,12031,49,configured_scale,,,0-1;1-0;2-4,0-1;1-0;2-4,0-1;1-0;2-4,2-4|1-0|0-1|NULL,2-4|1-0|0-1|NULL,3,4,4,2,8,32,1,1,1,0,0.0,15,1
TRAJ-MICRO-V1,12031,49,zero_scale,,,0-1;1-3;2-4,0-1;1-3;2-4,0-1;1-3;2-4,2-4|1-3|0-1|NULL,2-4|1-3|0-1|NULL,3,4,4,2,8,32,1,1,1,0,0.0,15,1
TRAJ-MICRO-V1,12031,50,configured_scale,,,0-4;1-3;2-1,0-4;1-3;2-1,0-4;1-3;2-1,2-1|1-3|0-4|NULL,2-1|1-3|0-4|NULL,3,4,4,2,8,32,1,1,1,0,0.0,15,1
TRAJ-MICRO-V1,12031,50,zero_scale,,,0-3;1-2;2-4,0-3;1-2;2-4,0-3;1-2;2-4,2-4|1-2|0-3|NULL,2-4|1-2|0-3|NULL,3,4,4,2,8,32,1,1,1,0,0.0,15,1
TRAJ-MICRO-V1,12031,51,configured_scale,,,0-3;1-2;2-0,0-3;1-2;2-0,0-3;1-2;2-0,2-0|1-2|0-3|NULL,2-0|1-2|0-3|NULL,3,4,4,2,8,32,1,1,1,0,0.0,15,1
TRAJ-MICRO-V1,12031,51,zero_scale,,,0-1;1-2;2-0,0-1;1-2;2-0,0-1;1-2;2-0,2-0|1-2|0-1|NULL,2-0|1-2|0-1|NULL,3,4,4,2,8,32,1,1,1,0,0.0,15,1
TRAJ-MICRO-V1,12031,52,configured_scale,,,0-1;1-0;2-2,0-1;1-0;2-2,0-1;1-0;2-2,2-2|1-0|0-1|NULL,2-2|1-0|0-1|NULL,3,4,4,2,8,32,1,1,1,0,0.0,15,1
TRAJ-MICRO-V1,12031,52,zero_scale,,,0-1;1-3;2-2,0-1;1-3;2-2,0-1;1-3;2-2,2-2|1-3|0-1|NULL,2-2|1-3|0-1|NULL,3,4,4,2,8,32,1,1,1,0,0.0,15,1
TRAJ-MICRO-V1,12031,53,configured_scale,,,0-1;1-3;2-4,0-1;1-3;2-4,0-1;1-3;2-4,2-4|0-1|1-3|NULL,2-4|0-1|1-3|NULL,3,4,4,2,8,32,1,1,1,0,0.0,15,1
TRAJ-MICRO-V1,12031,53,zero_scale,,,0-0;1-2;2-4,0-0;1-2;2-4,0-0;1-2;2-4,2-4|1-2|0-0|NULL,2-4|1-2|0-0|NULL,3,4,4,2,8,32,1,1,1,0,0.0,15,1
TRAJ-MICRO-V1,12031,54,configured_scale,,,0-0;1-2;2-3,0-0;1-2;2-3,0-0;1-2;2-3,2-3|0-0|1-2|NULL,2-3|0-0|1-2|NULL,3,4,4,2,8,32,1,1,1,0,0.0,15,1
TRAJ-MICRO-V1,12031,54,zero_scale,,,0-1;1-2;2-3,0-1;1-2;2-3,0-1;1-2;2-3,2-3|0-1|1-2|NULL,2-3|0-1|1-2|NULL,3,4,4,2,8,32,1,1,1,0,0.0,15,1
TRAJ-MICRO-V1,12031,55,configured_scale,,,0-1;1-3;2-2,0-1;1-3;2-2,0-1;1-3;2-2,2-2|1-3|0-1|NULL,2-2|1-3|0-1|NULL,3,4,4,2,8,32,1,1,1,0,0.0,15,1
TRAJ-MICRO-V1,12031,55,zero_scale,,,0-1;1-3;2-2,0-1;1-3;2-2,0-1;1-3;2-2,2-2|0-1|1-3|NULL,2-2|0-1|1-3|NULL,3,4,4,2,8,32,1,1,1,0,0.0,15,1
TRAJ-MICRO-V1,12031,56,configured_scale,,,0-1;1-2;2-4,0-1;1-2;2-4,0-1;1-2;2-4,2-4|1-2|0-1|NULL,2-4|1-2|0-1|NULL,3,4,4,2,8,32,1,1,1,0,0.0,15,1
TRAJ-MICRO-V1,12031,56,zero_scale,,,0-0;1-2;2-4,0-0;1-2;2-4,0-0;1-2;2-4,2-4|1-2|0-0|NULL,2-4|1-2|0-0|NULL,3,4,4,2,8,32,1,1,1,0,0.0,15,1
TRAJ-MICRO-V1,12031,57,configured_scale,,,0-2;1-1;2-4,0-2;1-1;2-4,0-2;1-1;2-4,2-4|1-1|0-2|NULL,2-4|1-1|0-2|NULL,3,4,4,2,8,32,1,1,1,0,0.0,15,1
TRAJ-MICRO-V1,12031,57,zero_scale,,,0-2;1-1;2-4,0-2;1-1;2-4,0-2;1-1;2-4,2-4|1-1|0-2|NULL,2-4|1-1|0-2|NULL,3,4,4,2,8,32,1,1,1,0,0.0,15,1
TRAJ-MICRO-V1,12031,58,configured_scale,,,0-1;1-3;2-4,0-1;1-3;2-4,0-1;1-3;2-4,2-4|0-1|1-3|NULL,2-4|0-1|1-3|NULL,3,4,4,2,8,32,1,1,1,0,0.0,15,1
TRAJ-MICRO-V1,12031,58,zero_scale,,,0-1;1-3;2-4,0-1;1-3;2-4,0-1;1-3;2-4,2-4|1-3|0-1|NULL,2-4|1-3|0-1|NULL,3,4,4,2,8,32,1,1,1,0,0.0,15,1
TRAJ-MICRO-V1,12031,59,configured_scale,,,0-0;1-3;2-4,0-0;1-3;2-4,0-0;1-3;2-4,2-4|1-3|0-0|NULL,2-4|1-3|0-0|NULL,3,4,4,2,8,32,1,1,1,0,0.0,15,1
TRAJ-MICRO-V1,12031,59,zero_scale,,,0-0;1-2;2-4,0-0;1-2;2-4,0-0;1-2;2-4,2-4|1-2|0-0|NULL,2-4|1-2|0-0|NULL,3,4,4,2,8,32,1,1,1,0,0.0,15,1
TRAJ-MICRO-V1,12031,60,configured_scale,,,0-0;1-3;2-4,0-0;1-3;2-4,0-0;1-3;2-4,2-4|1-3|0-0|NULL,2-4|1-3|0-0|NULL,3,4,4,2,8,32,1,1,1,0,0.0,15,1
TRAJ-MICRO-V1,12031,60,zero_scale,,,0-1;1-4;2-3,0-1;1-4;2-3,0-1;1-4;2-3,2-3|1-4|0-1|NULL,2-3|1-4|0-1|NULL,3,4,4,2,8,32,1,1,1,0,0.0,15,1
TRAJ-MICRO-V1,12031,61,configured_scale,,,0-0;1-3;2-4,0-0;1-3;2-4,0-0;1-3;2-4,1-3|2-4|0-0|NULL,1-3|2-4|0-0|NULL,3,4,4,2,8,32,1,1,1,0,0.0,15,1
TRAJ-MICRO-V1,12031,61,zero_scale,,,0-1;1-3;2-4,0-1;1-3;2-4,0-1;1-3;2-4,1-3|2-4|0-1|NULL,1-3|2-4|0-1|NULL,3,4,4,2,8,32,1,1,1,0,0.0,15,1
TRAJ-MICRO-V1,12031,62,configured_scale,,,0-0;1-2;2-4,0-0;1-2;2-4,0-0;1-2;2-4,2-4|1-2|0-0|NULL,2-4|1-2|0-0|NULL,3,4,4,2,8,32,1,1,1,0,0.0,15,1
TRAJ-MICRO-V1,12031,62,zero_scale,,,0-0;1-2;2-4,0-0;1-2;2-4,0-0;1-2;2-4,1-2|2-4|0-0|NULL,1-2|2-4|0-0|NULL,3,4,4,2,8,32,1,1,1,0,0.0,15,1
TRAJ-MICRO-V1,12031,63,configured_scale,,,0-2;1-4;2-0,0-2;1-4;2-0,0-2;1-4;2-0,1-4|2-0|0-2|NULL,1-4|2-0|0-2|NULL,3,4,4,2,8,32,1,1,1,0,0.0,15,1
TRAJ-MICRO-V1,12031,63,zero_scale,,,0-1;1-2;2-0,0-1;1-2;2-0,0-1;1-2;2-0,1-2|2-0|0-1|NULL,1-2|2-0|0-1|NULL,3,4,4,2,8,32,1,1,1,0,0.0,15,1
TRAJ-MICRO-V1,12031,64,configured_scale,,,0-0;1-3;2-4,0-0;1-3;2-4,0-0;1-3;2-4,1-3|2-4|0-0|NULL,1-3|2-4|0-0|NULL,3,4,4,2,8,32,1,1,1,0,0.0,15,1
TRAJ-MICRO-V1,12031,64,zero_scale,,,0-1;1-3;2-2,0-1;1-3;2-2,0-1;1-3;2-2,1-3|0-1|2-2|NULL,1-3|0-1|2-2|NULL,3,4,4,2,8,32,1,1,1,0,0.0,15,1
TRAJ-MICRO-V1,12031,65,configured_scale,,,0-0;1-2;2-4,0-0;1-2;2-4,0-0;1-2;2-4,1-2|2-4|0-0|NULL,1-2|2-4|0-0|NULL,3,4,4,2,8,32,1,1,1,0,0.0,15,1
TRAJ-MICRO-V1,12031,65,zero_scale,,,0-0;1-2;2-4,0-0;1-2;2-4,0-0;1-2;2-4,1-2|2-4|0-0|NULL,1-2|2-4|0-0|NULL,3,4,4,2,8,32,1,1,1,0,0.0,15,1
TRAJ-MICRO-V1,12031,66,configured_scale,,,0-2;1-4;2-0,0-2;1-4;2-0,0-2;1-4;2-0,1-4|2-0|0-2|NULL,1-4|2-0|0-2|NULL,3,4,4,2,8,32,1,1,1,0,0.0,15,1
TRAJ-MICRO-V1,12031,66,zero_scale,,,0-0;1-4;2-3,0-0;1-4;2-3,0-0;1-4;2-3,1-4|2-3|0-0|NULL,1-4|2-3|0-0|NULL,3,4,4,2,8,32,1,1,1,0,0.0,15,1
TRAJ-MICRO-V1,12031,67,configured_scale,,,0-0;1-3;2-4,0-0;1-3;2-4,0-0;1-3;2-4,1-3|2-4|0-0|NULL,1-3|2-4|0-0|NULL,3,4,4,2,8,32,1,1,1,0,0.0,15,1
TRAJ-MICRO-V1,12031,67,zero_scale,,,0-1;1-3;2-4,0-1;1-3;2-4,0-1;1-3;2-4,1-3|2-4|0-1|NULL,1-3|2-4|0-1|NULL,3,4,4,2,8,32,1,1,1,0,0.0,15,1
TRAJ-MICRO-V1,12031,68,configured_scale,,,0-0;1-2;2-4,0-0;1-2;2-4,0-0;1-2;2-4,2-4|0-0|1-2|NULL,2-4|0-0|1-2|NULL,3,4,4,2,8,32,1,1,1,0,0.0,15,1
TRAJ-MICRO-V1,12031,68,zero_scale,,,0-0;1-2;2-4,0-0;1-2;2-4,0-0;1-2;2-4,2-4|0-0|1-2|NULL,2-4|0-0|1-2|NULL,3,4,4,2,8,32,1,1,1,0,0.0,15,1
TRAJ-MICRO-V1,12031,69,configured_scale,,,0-0;1-1;2-4,0-0;1-1;2-4,0-0;1-1;2-4,0-0|2-4|1-1|NULL,0-0|2-4|1-1|NULL,3,4,4,2,8,32,1,1,1,0,0.0,15,1
TRAJ-MICRO-V1,12031,69,zero_scale,,,0-0;1-1;2-4,0-0;1-1;2-4,0-0;1-1;2-4,0-0|2-4|1-1|NULL,0-0|2-4|1-1|NULL,3,4,4,2,8,32,1,1,1,0,0.0,15,1
TRAJ-MICRO-V1,12031,70,configured_scale,,,0-1;1-0;2-4,0-1;1-0;2-4,0-1;1-0;2-4,0-1|1-0|2-4|NULL,0-1|1-0|2-4|NULL,3,4,4,2,8,32,1,1,1,0,0.0,15,1
TRAJ-MICRO-V1,12031,70,zero_scale,,,0-1;1-0;2-4,0-1;1-0;2-4,0-1;1-0;2-4,0-1|1-0|2-4|NULL,0-1|1-0|2-4|NULL,3,4,4,2,8,32,1,1,1,0,0.0,15,1
TRAJ-MICRO-V1,12031,71,configured_scale,,,0-0;1-2;2-4,0-0;1-2;2-4,0-0;1-2;2-4,0-0|1-2|2-4|NULL,0-0|1-2|2-4|NULL,3,4,4,2,8,32,1,1,1,0,0.0,15,1
TRAJ-MICRO-V1,12031,71,zero_scale,,,0-0;1-2;2-4,0-0;1-2;2-4,0-0;1-2;2-4,0-0|1-2|2-4|NULL,0-0|1-2|2-4|NULL,3,4,4,2,8,32,1,1,1,0,0.0,15,1
TRAJ-MICRO-V1,12031,72,configured_scale,,,0-0;1-1;2-3,0-0;1-1;2-3,0-0;1-1;2-3,0-0|1-1|2-3|NULL,0-0|1-1|2-3|NULL,3,4,4,2,8,32,1,1,1,0,0.0,15,1
TRAJ-MICRO-V1,12031,72,zero_scale,,,0-0;1-1;2-3,0-0;1-1;2-3,0-0;1-1;2-3,0-0|1-1|2-3|NULL,0-0|1-1|2-3|NULL,3,4,4,2,8,32,1,1,1,0,0.0,15,1
TRAJ-MICRO-V1,12031,73,configured_scale,,,0-1;1-0;2-2,0-1;1-0;2-2,0-1;1-0;2-2,0-1|1-0|2-2|NULL,0-1|1-0|2-2|NULL,3,4,4,2,8,32,1,1,1,0,0.0,15,1
TRAJ-MICRO-V1,12031,73,zero_scale,,,0-1;1-0;2-2,0-1;1-0;2-2,0-1;1-0;2-2,0-1|1-0|2-2|NULL,0-1|1-0|2-2|NULL,3,4,4,2,8,32,1,1,1,0,0.0,15,1
TRAJ-MICRO-V1,12031,74,configured_scale,,,0-1;1-2;2-4,0-1;1-2;2-4,0-1;1-2;2-4,0-1|1-2|2-4|NULL,0-1|1-2|2-4|NULL,3,4,4,2,8,32,1,1,1,0,0.0,15,1
TRAJ-MICRO-V1,12031,74,zero_scale,,,0-1;1-2;2-4,0-1;1-2;2-4,0-1;1-2;2-4,0-1|1-2|2-4|NULL,0-1|1-2|2-4|NULL,3,4,4,2,8,32,1,1,1,0,0.0,15,1
TRAJ-MICRO-V1,12031,75,configured_scale,,,0-1;1-2;2-0,0-1;1-2;2-0,0-1;1-2;2-0,1-2|0-1|2-0|NULL,1-2|0-1|2-0|NULL,3,4,4,2,8,32,1,1,1,0,0.0,15,1
TRAJ-MICRO-V1,12031,75,zero_scale,,,0-2;1-1;2-3,0-2;1-1;2-3,0-2;1-1;2-3,0-2|1-1|2-3|NULL,0-2|1-1|2-3|NULL,3,4,4,2,8,32,1,1,1,0,0.0,15,1
TRAJ-MICRO-V1,12031,76,configured_scale,,,0-1;1-2;2-3,0-1;1-2;2-3,0-1;1-2;2-3,1-2|0-1|2-3|NULL,1-2|0-1|2-3|NULL,3,4,4,2,8,32,1,1,1,0,0.0,15,1
TRAJ-MICRO-V1,12031,76,zero_scale,,,0-1;1-2;2-4,0-1;1-2;2-4,0-1;1-2;2-4,1-2|0-1|2-4|NULL,1-2|0-1|2-4|NULL,3,4,4,2,8,32,1,1,1,0,0.0,15,1
TRAJ-MICRO-V1,12031,77,configured_scale,,,0-3;1-2;2-1,0-3;1-2;2-1,0-3;1-2;2-1,1-2|0-3|2-1|NULL,1-2|0-3|2-1|NULL,3,4,4,2,8,32,1,1,1,0,0.0,15,1
TRAJ-MICRO-V1,12031,77,zero_scale,,,0-3;1-2;2-1,0-3;1-2;2-1,0-3;1-2;2-1,1-2|0-3|2-1|NULL,1-2|0-3|2-1|NULL,3,4,4,2,8,32,1,1,1,0,0.0,15,1
TRAJ-MICRO-V1,12031,78,configured_scale,,,0-1;1-2;2-3,0-1;1-2;2-3,0-1;1-2;2-3,2-3|1-2|0-1|NULL,2-3|1-2|0-1|NULL,3,4,4,2,8,32,1,1,1,0,0.0,15,1
TRAJ-MICRO-V1,12031,78,zero_scale,,,0-1;1-2;2-3,0-1;1-2;2-3,0-1;1-2;2-3,1-2|2-3|0-1|NULL,1-2|2-3|0-1|NULL,3,4,4,2,8,32,1,1,1,0,0.0,15,1
TRAJ-MICRO-V1,12031,79,configured_scale,,,0-4;1-2;2-3,0-4;1-2;2-3,0-4;1-2;2-3,2-3|1-2|0-4|NULL,2-3|1-2|0-4|NULL,3,4,4,2,8,32,1,1,1,0,0.0,15,1
TRAJ-MICRO-V1,12031,79,zero_scale,,,0-1;1-3;2-2,0-1;1-3;2-2,0-1;1-3;2-2,1-3|2-2|0-1|NULL,1-3|2-2|0-1|NULL,3,4,4,2,8,32,1,1,1,0,0.0,15,1
TRAJ-MICRO-V1,12031,80,configured_scale,,,0-3;1-2;2-4,0-3;1-2;2-4,0-3;1-2;2-4,2-4|1-2|0-3|NULL,2-4|1-2|0-3|NULL,3,4,4,2,8,32,1,1,1,0,0.0,15,1
TRAJ-MICRO-V1,12031,80,zero_scale,,,0-3;1-2;2-4,0-3;1-2;2-4,0-3;1-2;2-4,1-2|2-4|0-3|NULL,1-2|2-4|0-3|NULL,3,4,4,2,8,32,1,1,1,0,0.0,15,1
TRAJ-MICRO-V1,12031,81,configured_scale,,,0-1;1-2;2-3,0-1;1-2;2-3,0-1;1-2;2-3,2-3|1-2|0-1|NULL,2-3|1-2|0-1|NULL,3,4,4,2,8,32,1,1,1,0,0.0,15,1
TRAJ-MICRO-V1,12031,81,zero_scale,,,0-1;1-2;2-3,0-1;1-2;2-3,0-1;1-2;2-3,0-1|2-3|1-2|NULL,0-1|2-3|1-2|NULL,3,4,4,2,8,32,1,1,1,0,0.0,15,1
TRAJ-MICRO-V1,12031,82,configured_scale,,,0-1;1-3;2-4,0-1;1-3;2-4,0-1;1-3;2-4,2-4|0-1|1-3|NULL,2-4|0-1|1-3|NULL,3,4,4,2,8,32,1,1,1,0,0.0,15,1
TRAJ-MICRO-V1,12031,82,zero_scale,,,0-1;1-3;2-4,0-1;1-3;2-4,0-1;1-3;2-4,0-1|2-4|1-3|NULL,0-1|2-4|1-3|NULL,3,4,4,2,8,32,1,1,1,0,0.0,15,1
TRAJ-MICRO-V1,12031,83,configured_scale,,,0-0;1-3;2-4,0-0;1-3;2-4,0-0;1-3;2-4,2-4|0-0|1-3|NULL,2-4|0-0|1-3|NULL,3,4,4,2,8,32,1,1,1,0,0.0,15,1
TRAJ-MICRO-V1,12031,83,zero_scale,,,0-0;1-2;2-4,0-0;1-2;2-4,0-0;1-2;2-4,2-4|0-0|1-2|NULL,2-4|0-0|1-2|NULL,3,4,4,2,8,32,1,1,1,0,0.0,15,1
TRAJ-MICRO-V1,12031,84,configured_scale,,,0-0;1-3;2-4,0-0;1-3;2-4,0-0;1-3;2-4,2-4|0-0|1-3|NULL,2-4|0-0|1-3|NULL,3,4,4,2,8,32,1,1,1,0,0.0,15,1
TRAJ-MICRO-V1,12031,84,zero_scale,,,0-0;1-3;2-4,0-0;1-3;2-4,0-0;1-3;2-4,2-4|0-0|1-3|NULL,2-4|0-0|1-3|NULL,3,4,4,2,8,32,1,1,1,0,0.0,15,1
TRAJ-MICRO-V1,12031,85,configured_scale,,,0-1;1-3;2-4,0-1;1-3;2-4,0-1;1-3;2-4,2-4|1-3|0-1|NULL,2-4|1-3|0-1|NULL,3,4,4,2,8,32,1,1,1,0,0.0,15,1
TRAJ-MICRO-V1,12031,85,zero_scale,,,0-1;1-3;2-4,0-1;1-3;2-4,0-1;1-3;2-4,2-4|1-3|0-1|NULL,2-4|1-3|0-1|NULL,3,4,4,2,8,32,1,1,1,0,0.0,15,1
TRAJ-MICRO-V1,12031,86,configured_scale,,,0-3;1-2;2-4,0-3;1-2;2-4,0-3;1-2;2-4,2-4|0-3|1-2|NULL,2-4|0-3|1-2|NULL,3,4,4,2,8,32,1,1,1,0,0.0,15,1
TRAJ-MICRO-V1,12031,86,zero_scale,,,0-3;1-2;2-4,0-3;1-2;2-4,0-3;1-2;2-4,2-4|0-3|1-2|NULL,2-4|0-3|1-2|NULL,3,4,4,2,8,32,1,1,1,0,0.0,15,1
TRAJ-MICRO-V1,12031,87,configured_scale,,,0-2;1-3;2-4,0-2;1-3;2-4,0-2;1-3;2-4,2-4|0-2|1-3|NULL,2-4|0-2|1-3|NULL,3,4,4,2,8,32,1,1,1,0,0.0,15,1
TRAJ-MICRO-V1,12031,87,zero_scale,,,0-2;1-3;2-4,0-2;1-3;2-4,0-2;1-3;2-4,2-4|1-3|0-2|NULL,2-4|1-3|0-2|NULL,3,4,4,2,8,32,1,1,1,0,0.0,15,1
TRAJ-MICRO-V1,12031,88,configured_scale,,,0-1;1-3;2-4,0-1;1-3;2-4,0-1;1-3;2-4,2-4|1-3|0-1|NULL,2-4|1-3|0-1|NULL,3,4,4,2,8,32,1,1,1,0,0.0,15,1
TRAJ-MICRO-V1,12031,88,zero_scale,,,0-1;1-3;2-4,0-1;1-3;2-4,0-1;1-3;2-4,2-4|1-3|0-1|NULL,2-4|1-3|0-1|NULL,3,4,4,2,8,32,1,1,1,0,0.0,15,1
TRAJ-MICRO-V1,12031,89,configured_scale,,,0-0;1-3;2-4,0-0;1-3;2-4,0-0;1-3;2-4,1-3|2-4|0-0|NULL,1-3|2-4|0-0|NULL,3,4,4,2,8,32,1,1,1,0,0.0,15,1
TRAJ-MICRO-V1,12031,89,zero_scale,,,0-3;1-2;2-4,0-3;1-2;2-4,0-3;1-2;2-4,0-3|2-4|1-2|NULL,0-3|2-4|1-2|NULL,3,4,4,2,8,32,1,1,1,0,0.0,15,1
TRAJ-MICRO-V1,12031,90,configured_scale,,,0-3;1-2;2-4,0-3;1-2;2-4,0-3;1-2;2-4,1-2|0-3|2-4|NULL,1-2|0-3|2-4|NULL,3,4,4,2,8,32,1,1,1,0,0.0,15,1
TRAJ-MICRO-V1,12031,90,zero_scale,,,0-2;1-3;2-4,0-2;1-3;2-4,0-2;1-3;2-4,0-2|1-3|2-4|NULL,0-2|1-3|2-4|NULL,3,4,4,2,8,32,1,1,1,0,0.0,15,1
TRAJ-MICRO-V1,12031,91,configured_scale,,,0-4;1-3;2-2,0-4;1-3;2-2,0-4;1-3;2-2,0-4|1-3|2-2|NULL,0-4|1-3|2-2|NULL,3,4,4,2,8,32,1,1,1,0,0.0,15,1
TRAJ-MICRO-V1,12031,91,zero_scale,,,0-1;1-3;2-2,0-1;1-3;2-2,0-1;1-3;2-2,0-1|1-3|2-2|NULL,0-1|1-3|2-2|NULL,3,4,4,2,8,32,1,1,1,0,0.0,15,1
TRAJ-MICRO-V1,12031,92,configured_scale,,,0-3;1-2;2-1,0-3;1-2;2-1,0-3;1-2;2-1,1-2|0-3|2-1|NULL,1-2|0-3|2-1|NULL,3,4,4,2,8,32,1,1,1,0,0.0,15,1
TRAJ-MICRO-V1,12031,92,zero_scale,,,0-3;1-2;2-1,0-3;1-2;2-1,0-3;1-2;2-1,1-2|0-3|2-1|NULL,1-2|0-3|2-1|NULL,3,4,4,2,8,32,1,1,1,0,0.0,15,1
TRAJ-MICRO-V1,12031,93,configured_scale,,,0-1;1-2;2-0,0-1;1-2;2-0,0-1;1-2;2-0,1-2|0-1|2-0|NULL,1-2|0-1|2-0|NULL,3,4,4,2,8,32,1,1,1,0,0.0,15,1
TRAJ-MICRO-V1,12031,93,zero_scale,,,0-1;1-2;2-3,0-1;1-2;2-3,0-1;1-2;2-3,1-2|0-1|2-3|NULL,1-2|0-1|2-3|NULL,3,4,4,2,8,32,1,1,1,0,0.0,15,1
TRAJ-MICRO-V1,12031,94,configured_scale,,,0-1;1-3;2-2,0-1;1-3;2-2,0-1;1-3;2-2,1-3|0-1|2-2|NULL,1-3|0-1|2-2|NULL,3,4,4,2,8,32,1,1,1,0,0.0,15,1
TRAJ-MICRO-V1,12031,94,zero_scale,,,0-1;1-3;2-2,0-1;1-3;2-2,0-1;1-3;2-2,1-3|0-1|2-2|NULL,1-3|0-1|2-2|NULL,3,4,4,2,8,32,1,1,1,0,0.0,15,1
TRAJ-MICRO-V1,12031,95,configured_scale,,,0-1;1-2;2-4,0-1;1-2;2-4,0-1;1-2;2-4,1-2|2-4|0-1|NULL,1-2|2-4|0-1|NULL,3,4,4,2,8,32,1,1,1,0,0.0,15,1
TRAJ-MICRO-V1,12031,95,zero_scale,,,0-1;1-2;2-4,0-1;1-2;2-4,0-1;1-2;2-4,1-2|2-4|0-1|NULL,1-2|2-4|0-1|NULL,3,4,4,2,8,32,1,1,1,0,0.0,15,1
TRAJ-MICRO-V1,12031,96,configured_scale,,,0-1;1-4;2-3,0-1;1-4;2-3,0-1;1-4;2-3,1-4|2-3|0-1|NULL,1-4|2-3|0-1|NULL,3,4,4,2,8,32,1,1,1,0,0.0,15,1
TRAJ-MICRO-V1,12031,96,zero_scale,,,0-1;1-4;2-3,0-1;1-4;2-3,0-1;1-4;2-3,1-4|2-3|0-1|NULL,1-4|2-3|0-1|NULL,3,4,4,2,8,32,1,1,1,0,0.0,15,1
TRAJ-MICRO-V1,12031,97,configured_scale,,,0-1;1-0;2-4,0-1;1-0;2-4,0-1;1-0;2-4,1-0|2-4|0-1|NULL,1-0|2-4|0-1|NULL,3,4,4,2,8,32,1,1,1,0,0.0,15,1
TRAJ-MICRO-V1,12031,97,zero_scale,,,0-1;1-3;2-4,0-1;1-3;2-4,0-1;1-3;2-4,1-3|2-4|0-1|NULL,1-3|2-4|0-1|NULL,3,4,4,2,8,32,1,1,1,0,0.0,15,1
TRAJ-MICRO-V1,12031,98,configured_scale,,,0-0;1-2;2-4,0-0;1-2;2-4,0-0;1-2;2-4,2-4|0-0|1-2|NULL,2-4|0-0|1-2|NULL,3,4,4,2,8,32,1,1,1,0,0.0,15,1
TRAJ-MICRO-V1,12031,98,zero_scale,,,0-0;1-2;2-4,0-0;1-2;2-4,0-0;1-2;2-4,2-4|1-2|0-0|NULL,2-4|1-2|0-0|NULL,3,4,4,2,8,32,1,1,1,0,0.0,15,1
TRAJ-MICRO-V1,12031,99,configured_scale,,,0-2;1-1;2-0,0-2;1-1;2-0,0-2;1-1;2-0,2-0|1-1|0-2|NULL,2-0|1-1|0-2|NULL,3,4,4,2,8,32,1,1,1,0,0.0,15,1
TRAJ-MICRO-V1,12031,99,zero_scale,,,0-0;1-1;2-4,0-0;1-1;2-4,0-0;1-1;2-4,1-1|2-4|0-0|NULL,1-1|2-4|0-0|NULL,3,4,4,2,8,32,1,1,1,0,0.0,15,1
TRAJ-MICRO-V1,12031,100,configured_scale,,,0-1;1-0;2-4,0-1;1-0;2-4,0-1;1-0;2-4,1-0|2-4|0-1|NULL,1-0|2-4|0-1|NULL,3,4,4,2,8,32,1,1,1,0,0.0,15,1
TRAJ-MICRO-V1,12031,100,zero_scale,,,0-1;1-0;2-4,0-1;1-0;2-4,0-1;1-0;2-4,1-0|0-1|2-4|NULL,1-0|0-1|2-4|NULL,3,4,4,2,8,32,1,1,1,0,0.0,15,1
TRAJ-MICRO-V1,12031,101,configured_scale,,,0-0;1-2;2-4,0-0;1-2;2-4,0-0;1-2;2-4,2-4|0-0|1-2|NULL,2-4|0-0|1-2|NULL,3,4,4,2,8,32,1,1,1,0,0.0,15,1
TRAJ-MICRO-V1,12031,101,zero_scale,,,0-0;1-2;2-4,0-0;1-2;2-4,0-0;1-2;2-4,0-0|2-4|1-2|NULL,0-0|2-4|1-2|NULL,3,4,4,2,8,32,1,1,1,0,0.0,15,1
TRAJ-MICRO-V1,12031,102,configured_scale,,,0-1;1-2;2-0,0-1;1-2;2-0,0-1;1-2;2-0,2-0|0-1|1-2|NULL,2-0|0-1|1-2|NULL,3,4,4,2,8,32,1,1,1,0,0.0,15,1
TRAJ-MICRO-V1,12031,102,zero_scale,,,0-0;1-1;2-3,0-0;1-1;2-3,0-0;1-1;2-3,0-0|1-1|2-3|NULL,0-0|1-1|2-3|NULL,3,4,4,2,8,32,1,1,1,0,0.0,15,1
TRAJ-MICRO-V1,12031,103,configured_scale,,,0-1;1-3;2-0,0-1;1-3;2-0,0-1;1-3;2-0,2-0|0-1|1-3|NULL,2-0|0-1|1-3|NULL,3,4,4,2,8,32,1,1,1,0,0.0,15,1
TRAJ-MICRO-V1,12031,103,zero_scale,,,0-1;1-0;2-2,0-1;1-0;2-2,0-1;1-0;2-2,1-0|0-1|2-2|NULL,1-0|0-1|2-2|NULL,3,4,4,2,8,32,1,1,1,0,0.0,15,1
TRAJ-MICRO-V1,12031,104,configured_scale,,,0-0;1-2;2-4,0-0;1-2;2-4,0-0;1-2;2-4,2-4|1-2|0-0|NULL,2-4|1-2|0-0|NULL,3,4,4,2,8,32,1,1,1,0,0.0,15,1
TRAJ-MICRO-V1,12031,104,zero_scale,,,0-0;1-2;2-1,0-0;1-2;2-1,0-0;1-2;2-1,1-2|2-1|0-0|NULL,1-2|2-1|0-0|NULL,3,4,4,2,8,32,1,1,1,0,0.0,15,1
TRAJ-MICRO-V1,12031,105,configured_scale,,,0-1;1-2;2-0,0-1;1-2;2-0,0-1;1-2;2-0,2-0|1-2|0-1|NULL,2-0|1-2|0-1|NULL,3,4,4,2,8,32,1,1,1,0,0.0,15,1
TRAJ-MICRO-V1,12031,105,zero_scale,,,0-2;1-1;2-0,0-2;1-1;2-0,0-2;1-1;2-0,2-0|1-1|0-2|NULL,2-0|1-1|0-2|NULL,3,4,4,2,8,32,1,1,1,0,0.0,15,1
TRAJ-MICRO-V1,12031,106,configured_scale,,,0-1;1-3;2-4,0-1;1-3;2-4,0-1;1-3;2-4,2-4|1-3|0-1|NULL,2-4|1-3|0-1|NULL,3,4,4,2,8,32,1,1,1,0,0.0,15,1
TRAJ-MICRO-V1,12031,106,zero_scale,,,0-1;1-3;2-2,0-1;1-3;2-2,0-1;1-3;2-2,2-2|1-3|0-1|NULL,2-2|1-3|0-1|NULL,3,4,4,2,8,32,1,1,1,0,0.0,15,1
TRAJ-MICRO-V1,12031,107,configured_scale,,,0-0;1-2;2-4,0-0;1-2;2-4,0-0;1-2;2-4,2-4|1-2|0-0|NULL,2-4|1-2|0-0|NULL,3,4,4,2,8,32,1,1,1,0,0.0,15,1
TRAJ-MICRO-V1,12031,107,zero_scale,,,0-0;1-2;2-4,0-0;1-2;2-4,0-0;1-2;2-4,2-4|1-2|0-0|NULL,2-4|1-2|0-0|NULL,3,4,4,2,8,32,1,1,1,0,0.0,15,1
TRAJ-MICRO-V1,12031,108,configured_scale,,,0-1;1-2;2-0,0-1;1-2;2-0,0-1;1-2;2-0,2-0|1-2|0-1|NULL,2-0|1-2|0-1|NULL,3,4,4,2,8,32,1,1,1,0,0.0,15,1
TRAJ-MICRO-V1,12031,108,zero_scale,,,0-1;1-2;2-0,0-1;1-2;2-0,0-1;1-2;2-0,2-0|1-2|0-1|NULL,2-0|1-2|0-1|NULL,3,4,4,2,8,32,1,1,1,0,0.0,15,1
TRAJ-MICRO-V1,12031,109,configured_scale,,,0-1;1-2;2-0,0-1;1-2;2-0,0-1;1-2;2-0,2-0|0-1|1-2|NULL,2-0|0-1|1-2|NULL,3,4,4,2,8,32,1,1,1,0,0.0,15,1
TRAJ-MICRO-V1,12031,109,zero_scale,,,0-1;1-2;2-4,0-1;1-2;2-4,0-1;1-2;2-4,0-1|1-2|2-4|NULL,0-1|1-2|2-4|NULL,3,4,4,2,8,32,1,1,1,0,0.0,15,1
TRAJ-MICRO-V1,12031,110,configured_scale,,,0-0;1-2;2-1,0-0;1-2;2-1,0-0;1-2;2-1,2-1|0-0|1-2|NULL,2-1|0-0|1-2|NULL,3,4,4,2,8,32,1,1,1,0,0.0,15,1
TRAJ-MICRO-V1,12031,110,zero_scale,,,0-1;1-2;2-4,0-1;1-2;2-4,0-1;1-2;2-4,0-1|1-2|2-4|NULL,0-1|1-2|2-4|NULL,3,4,4,2,8,32,1,1,1,0,0.0,15,1
TRAJ-MICRO-V1,12031,111,configured_scale,,,0-1;1-2;2-0,0-1;1-2;2-0,0-1;1-2;2-0,0-1|2-0|1-2|NULL,0-1|2-0|1-2|NULL,3,4,4,2,8,32,1,1,1,0,0.0,15,1
TRAJ-MICRO-V1,12031,111,zero_scale,,,0-1;1-2;2-0,0-1;1-2;2-0,0-1;1-2;2-0,0-1|2-0|1-2|NULL,0-1|2-0|1-2|NULL,3,4,4,2,8,32,1,1,1,0,0.0,15,1
TRAJ-MICRO-V1,12031,112,configured_scale,,,0-1;1-3;2-2,0-1;1-3;2-2,0-1;1-3;2-2,2-2|0-1|1-3|NULL,2-2|0-1|1-3|NULL,3,4,4,2,8,32,1,1,1,0,0.0,15,1
TRAJ-MICRO-V1,12031,112,zero_scale,,,0-1;1-0;2-2,0-1;1-0;2-2,0-1;1-0;2-2,0-1|2-2|1-0|NULL,0-1|2-2|1-0|NULL,3,4,4,2,8,32,1,1,1,0,0.0,15,1
TRAJ-MICRO-V1,12031,113,configured_scale,,,0-0;1-2;2-4,0-0;1-2;2-4,0-0;1-2;2-4,1-2|2-4|0-0|NULL,1-2|2-4|0-0|NULL,3,4,4,2,8,32,1,1,1,0,0.0,15,1
TRAJ-MICRO-V1,12031,113,zero_scale,,,0-0;1-2;2-4,0-0;1-2;2-4,0-0;1-2;2-4,1-2|2-4|0-0|NULL,1-2|2-4|0-0|NULL,3,4,4,2,8,32,1,1,1,0,0.0,15,1
TRAJ-MICRO-V1,12031,114,configured_scale,,,0-1;1-2;2-4,0-1;1-2;2-4,0-1;1-2;2-4,2-4|1-2|0-1|NULL,2-4|1-2|0-1|NULL,3,4,4,2,8,32,1,1,1,0,0.0,15,1
TRAJ-MICRO-V1,12031,114,zero_scale,,,0-1;1-2;2-3,0-1;1-2;2-3,0-1;1-2;2-3,2-3|1-2|0-1|NULL,2-3|1-2|0-1|NULL,3,4,4,2,8,32,1,1,1,0,0.0,15,1
TRAJ-MICRO-V1,12031,115,configured_scale,,,0-1;1-3;2-4,0-1;1-3;2-4,0-1;1-3;2-4,1-3|2-4|0-1|NULL,1-3|2-4|0-1|NULL,3,4,4,2,8,32,1,1,1,0,0.0,15,1
TRAJ-MICRO-V1,12031,115,zero_scale,,,0-1;1-3;2-4,0-1;1-3;2-4,0-1;1-3;2-4,2-4|1-3|0-1|NULL,2-4|1-3|0-1|NULL,3,4,4,2,8,32,1,1,1,0,0.0,15,1
TRAJ-MICRO-V1,12031,116,configured_scale,,,0-0;1-3;2-4,0-0;1-3;2-4,0-0;1-3;2-4,1-3|2-4|0-0|NULL,1-3|2-4|0-0|NULL,3,4,4,2,8,32,1,1,1,0,0.0,15,1
TRAJ-MICRO-V1,12031,116,zero_scale,,,0-0;1-3;2-4,0-0;1-3;2-4,0-0;1-3;2-4,2-4|1-3|0-0|NULL,2-4|1-3|0-0|NULL,3,4,4,2,8,32,1,1,1,0,0.0,15,1
TRAJ-MICRO-V1,12031,117,configured_scale,,,0-3;1-2;2-4,0-3;1-2;2-4,0-3;1-2;2-4,2-4|1-2|0-3|NULL,2-4|1-2|0-3|NULL,3,4,4,2,8,32,1,1,1,0,0.0,15,1
TRAJ-MICRO-V1,12031,117,zero_scale,,,0-2;1-4;2-3,0-2;1-4;2-3,0-2;1-4;2-3,2-3|1-4|0-2|NULL,2-3|1-4|0-2|NULL,3,4,4,2,8,32,1,1,1,0,0.0,15,1
TRAJ-MICRO-V1,12031,118,configured_scale,,,0-1;1-4;2-3,0-1;1-4;2-3,0-1;1-4;2-3,1-4|2-3|0-1|NULL,1-4|2-3|0-1|NULL,3,4,4,2,8,32,1,1,1,0,0.0,15,1
TRAJ-MICRO-V1,12031,118,zero_scale,,,0-1;1-3;2-4,0-1;1-3;2-4,0-1;1-3;2-4,1-3|2-4|0-1|NULL,1-3|2-4|0-1|NULL,3,4,4,2,8,32,1,1,1,0,0.0,15,1
TRAJ-MICRO-V1,12031,119,configured_scale,,,0-0;1-3;2-4,0-0;1-3;2-4,0-0;1-3;2-4,1-3|2-4|0-0|NULL,1-3|2-4|0-0|NULL,3,4,4,2,8,32,1,1,1,0,0.0,15,1
TRAJ-MICRO-V1,12031,119,zero_scale,,,0-3;1-2;2-4,0-3;1-2;2-4,0-3;1-2;2-4,1-2|2-4|0-3|NULL,1-2|2-4|0-3|NULL,3,4,4,2,8,32,1,1,1,0,0.0,15,1
TRAJ-MICRO-V1,12031,120,configured_scale,,,0-3;1-2;2-4,0-3;1-2;2-4,0-3;1-2;2-4,1-2|2-4|0-3|NULL,1-2|2-4|0-3|NULL,3,4,4,2,8,32,1,1,1,0,0.0,15,1
TRAJ-MICRO-V1,12031,120,zero_scale,,,0-2;1-4;2-3,0-2;1-4;2-3,0-2;1-4;2-3,1-4|2-3|0-2|NULL,1-4|2-3|0-2|NULL,3,4,4,2,8,32,1,1,1,0,0.0,15,1
TRAJ-MICRO-V1,12031,121,configured_scale,,,0-4;1-2;2-3,0-4;1-2;2-3,0-4;1-2;2-3,0-4|1-2|2-3|NULL,0-4|1-2|2-3|NULL,3,4,4,2,8,32,1,1,1,0,0.0,15,1
TRAJ-MICRO-V1,12031,121,zero_scale,,,0-4;1-3;2-2,0-4;1-3;2-2,0-4;1-3;2-2,0-4|1-3|2-2|NULL,0-4|1-3|2-2|NULL,3,4,4,2,8,32,1,1,1,0,0.0,15,1
TRAJ-MICRO-V1,12031,122,configured_scale,,,0-3;1-2;2-4,0-3;1-2;2-4,0-3;1-2;2-4,2-4|0-3|1-2|NULL,2-4|0-3|1-2|NULL,3,4,4,2,8,32,1,1,1,0,0.0,15,1
TRAJ-MICRO-V1,12031,122,zero_scale,,,0-3;1-2;2-4,0-3;1-2;2-4,0-3;1-2;2-4,2-4|1-2|0-3|NULL,2-4|1-2|0-3|NULL,3,4,4,2,8,32,1,1,1,0,0.0,15,1
TRAJ-MICRO-V1,12031,123,configured_scale,,,0-4;1-2;2-3,0-4;1-2;2-3,0-4;1-2;2-3,0-4|1-2|2-3|NULL,0-4|1-2|2-3|NULL,3,4,4,2,8,32,1,1,1,0,0.0,15,1
TRAJ-MICRO-V1,12031,123,zero_scale,,,0-2;1-4;2-3,0-2;1-4;2-3,0-2;1-4;2-3,1-4|0-2|2-3|NULL,1-4|0-2|2-3|NULL,3,4,4,2,8,32,1,1,1,0,0.0,15,1
TRAJ-MICRO-V1,12031,124,configured_scale,,,0-4;1-2;2-3,0-4;1-2;2-3,0-4;1-2;2-3,0-4|2-3|1-2|NULL,0-4|2-3|1-2|NULL,3,4,4,2,8,32,1,1,1,0,0.0,15,1
TRAJ-MICRO-V1,12031,124,zero_scale,,,0-4;1-3;2-2,0-4;1-3;2-2,0-4;1-3;2-2,0-4|1-3|2-2|NULL,0-4|1-3|2-2|NULL,3,4,4,2,8,32,1,1,1,0,0.0,15,1
TRAJ-MICRO-V1,12031,125,configured_scale,,,0-3;1-2;2-4,0-3;1-2;2-4,0-3;1-2;2-4,2-4|0-3|1-2|NULL,2-4|0-3|1-2|NULL,3,4,4,2,8,32,1,1,1,0,0.0,15,1
TRAJ-MICRO-V1,12031,125,zero_scale,,,0-3;1-2;2-4,0-3;1-2;2-4,0-3;1-2;2-4,2-4|0-3|1-2|NULL,2-4|0-3|1-2|NULL,3,4,4,2,8,32,1,1,1,0,0.0,15,1
TRAJ-MICRO-V1,12031,126,configured_scale,,,0-2;1-4;2-3,0-2;1-4;2-3,0-2;1-4;2-3,2-3|0-2|1-4|NULL,2-3|0-2|1-4|NULL,3,4,4,2,8,32,1,1,1,0,0.0,15,1
TRAJ-MICRO-V1,12031,126,zero_scale,,,0-2;1-4;2-3,0-2;1-4;2-3,0-2;1-4;2-3,2-3|1-4|0-2|NULL,2-3|1-4|0-2|NULL,3,4,4,2,8,32,1,1,1,0,0.0,15,1
TRAJ-MICRO-V1,12031,127,configured_scale,,,0-1;1-3;2-4,0-1;1-3;2-4,0-1;1-3;2-4,2-4|1-3|0-1|NULL,2-4|1-3|0-1|NULL,3,4,4,2,8,32,1,1,1,0,0.0,15,1
TRAJ-MICRO-V1,12031,127,zero_scale,,,0-1;1-3;2-4,0-1;1-3;2-4,0-1;1-3;2-4,2-4|1-3|0-1|NULL,2-4|1-3|0-1|NULL,3,4,4,2,8,32,1,1,1,0,0.0,15,1
TRAJ-MICRO-V1,12031,128,configured_scale,,,0-3;1-2;2-4,0-3;1-2;2-4,0-3;1-2;2-4,2-4|0-3|1-2|NULL,2-4|0-3|1-2|NULL,3,4,4,2,8,32,1,1,1,0,0.0,15,1
TRAJ-MICRO-V1,12031,128,zero_scale,,,0-0;1-2;2-4,0-0;1-2;2-4,0-0;1-2;2-4,2-4|0-0|1-2|NULL,2-4|0-0|1-2|NULL,3,4,4,2,8,32,1,1,1,0,0.0,15,1
TRAJ-MICRO-V1,12031,129,configured_scale,,,0-2;1-1;2-3,0-2;1-1;2-3,0-2;1-1;2-3,0-2|2-3|1-1|NULL,0-2|2-3|1-1|NULL,3,4,4,2,8,32,1,1,1,0,0.0,15,1
TRAJ-MICRO-V1,12031,129,zero_scale,,,0-2;1-1;2-3,0-2;1-1;2-3,0-2;1-1;2-3,0-2|1-1|2-3|NULL,0-2|1-1|2-3|NULL,3,4,4,2,8,32,1,1,1,0,0.0,15,1
TRAJ-MICRO-V1,12031,130,configured_scale,,,0-1;1-2;2-4,0-1;1-2;2-4,0-1;1-2;2-4,0-1|1-2|2-4|NULL,0-1|1-2|2-4|NULL,3,4,4,2,8,32,1,1,1,0,0.0,15,1
TRAJ-MICRO-V1,12031,130,zero_scale,,,0-1;1-2;2-4,0-1;1-2;2-4,0-1;1-2;2-4,0-1|1-2|2-4|NULL,0-1|1-2|2-4|NULL,3,4,4,2,8,32,1,1,1,0,0.0,15,1
TRAJ-MICRO-V1,12031,131,configured_scale,,,0-1;1-2;2-4,0-1;1-2;2-4,0-1;1-2;2-4,0-1|1-2|2-4|NULL,0-1|1-2|2-4|NULL,3,4,4,2,8,32,1,1,1,0,0.0,15,1
TRAJ-MICRO-V1,12031,131,zero_scale,,,0-0;1-2;2-1,0-0;1-2;2-1,0-0;1-2;2-1,0-0|1-2|2-1|NULL,0-0|1-2|2-1|NULL,3,4,4,2,8,32,1,1,1,0,0.0,15,1
TRAJ-MICRO-V1,12031,132,configured_scale,,,0-1;1-2;2-0,0-1;1-2;2-0,0-1;1-2;2-0,0-1|1-2|2-0|NULL,0-1|1-2|2-0|NULL,3,4,4,2,8,32,1,1,1,0,0.0,15,1
TRAJ-MICRO-V1,12031,132,zero_scale,,,0-1;1-2;2-0,0-1;1-2;2-0,0-1;1-2;2-0,0-1|1-2|2-0|NULL,0-1|1-2|2-0|NULL,3,4,4,2,8,32,1,1,1,0,0.0,15,1
TRAJ-MICRO-V1,12031,133,configured_scale,,,0-1;1-2;2-4,0-1;1-2;2-4,0-1;1-2;2-4,0-1|1-2|2-4|NULL,0-1|1-2|2-4|NULL,3,4,4,2,8,32,1,1,1,0,0.0,15,1
TRAJ-MICRO-V1,12031,133,zero_scale,,,0-1;1-2;2-4,0-1;1-2;2-4,0-1;1-2;2-4,0-1|1-2|2-4|NULL,0-1|1-2|2-4|NULL,3,4,4,2,8,32,1,1,1,0,0.0,15,1
TRAJ-MICRO-V1,12031,134,configured_scale,,,0-1;1-2;2-4,0-1;1-2;2-4,0-1;1-2;2-4,1-2|0-1|2-4|NULL,1-2|0-1|2-4|NULL,3,4,4,2,8,32,1,1,1,0,0.0,15,1
TRAJ-MICRO-V1,12031,134,zero_scale,,,0-0;1-2;2-1,0-0;1-2;2-1,0-0;1-2;2-1,1-2|0-0|2-1|NULL,1-2|0-0|2-1|NULL,3,4,4,2,8,32,1,1,1,0,0.0,15,1
TRAJ-MICRO-V1,12031,135,configured_scale,,,0-1;1-2;2-0,0-1;1-2;2-0,0-1;1-2;2-0,2-0|1-2|0-1|NULL,2-0|1-2|0-1|NULL,3,4,4,2,8,32,1,1,1,0,0.0,15,1
TRAJ-MICRO-V1,12031,135,zero_scale,,,0-2;1-1;2-0,0-2;1-1;2-0,0-2;1-1;2-0,0-2|1-1|2-0|NULL,0-2|1-1|2-0|NULL,3,4,4,2,8,32,1,1,1,0,0.0,15,1
TRAJ-MICRO-V1,12031,136,configured_scale,,,0-4;1-3;2-2,0-4;1-3;2-2,0-4;1-3;2-2,1-3|0-4|2-2|NULL,1-3|0-4|2-2|NULL,3,4,4,2,8,32,1,1,1,0,0.0,15,1
TRAJ-MICRO-V1,12031,136,zero_scale,,,0-1;1-3;2-2,0-1;1-3;2-2,0-1;1-3;2-2,0-1|1-3|2-2|NULL,0-1|1-3|2-2|NULL,3,4,4,2,8,32,1,1,1,0,0.0,15,1
TRAJ-MICRO-V1,12031,137,configured_scale,,,0-1;1-2;2-0,0-1;1-2;2-0,0-1;1-2;2-0,1-2|0-1|2-0|NULL,1-2|0-1|2-0|NULL,3,4,4,2,8,32,1,1,1,0,0.0,15,1
TRAJ-MICRO-V1,12031,137,zero_scale,,,0-0;1-2;2-1,0-0;1-2;2-1,0-0;1-2;2-1,0-0|1-2|2-1|NULL,0-0|1-2|2-1|NULL,3,4,4,2,8,32,1,1,1,0,0.0,15,1
TRAJ-MICRO-V1,12031,138,configured_scale,,,0-2;1-1;2-0,0-2;1-1;2-0,0-2;1-1;2-0,2-0|0-2|1-1|NULL,2-0|0-2|1-1|NULL,3,4,4,2,8,32,1,1,1,0,0.0,15,1
TRAJ-MICRO-V1,12031,138,zero_scale,,,0-1;1-2;2-0,0-1;1-2;2-0,0-1;1-2;2-0,0-1|1-2|2-0|NULL,0-1|1-2|2-0|NULL,3,4,4,2,8,32,1,1,1,0,0.0,15,1
TRAJ-MICRO-V1,12031,139,configured_scale,,,0-1;1-0;2-2,0-1;1-0;2-2,0-1;1-0;2-2,0-1|1-0|2-2|NULL,0-1|1-0|2-2|NULL,3,4,4,2,8,32,1,1,1,0,0.0,15,1
TRAJ-MICRO-V1,12031,139,zero_scale,,,0-1;1-0;2-2,0-1;1-0;2-2,0-1;1-0;2-2,0-1|1-0|2-2|NULL,0-1|1-0|2-2|NULL,3,4,4,2,8,32,1,1,1,0,0.0,15,1
TRAJ-MICRO-V1,12031,140,configured_scale,,,0-1;1-0;2-4,0-1;1-0;2-4,0-1;1-0;2-4,0-1|1-0|2-4|NULL,0-1|1-0|2-4|NULL,3,4,4,2,8,32,1,1,1,0,0.0,15,1
TRAJ-MICRO-V1,12031,140,zero_scale,,,0-0;1-2;2-1,0-0;1-2;2-1,0-0;1-2;2-1,0-0|1-2|2-1|NULL,0-0|1-2|2-1|NULL,3,4,4,2,8,32,1,1,1,0,0.0,15,1
TRAJ-MICRO-V1,12031,141,configured_scale,,,0-0;1-1;2-3,0-0;1-1;2-3,0-0;1-1;2-3,0-0|1-1|2-3|NULL,0-0|1-1|2-3|NULL,3,4,4,2,8,32,1,1,1,0,0.0,15,1
TRAJ-MICRO-V1,12031,141,zero_scale,,,0-0;1-1;2-3,0-0;1-1;2-3,0-0;1-1;2-3,0-0|1-1|2-3|NULL,0-0|1-1|2-3|NULL,3,4,4,2,8,32,1,1,1,0,0.0,15,1
TRAJ-MICRO-V1,12031,142,configured_scale,,,0-0;1-3;2-4,0-0;1-3;2-4,0-0;1-3;2-4,0-0|1-3|2-4|NULL,0-0|1-3|2-4|NULL,3,4,4,2,8,32,1,1,1,0,0.0,15,1
TRAJ-MICRO-V1,12031,142,zero_scale,,,0-0;1-3;2-4,0-0;1-3;2-4,0-0;1-3;2-4,0-0|1-3|2-4|NULL,0-0|1-3|2-4|NULL,3,4,4,2,8,32,1,1,1,0,0.0,15,1
TRAJ-MICRO-V1,12031,143,configured_scale,,,0-0;1-2;2-4,0-0;1-2;2-4,0-0;1-2;2-4,0-0|2-4|1-2|NULL,0-0|2-4|1-2|NULL,3,4,4,2,8,32,1,1,1,0,0.0,15,1
TRAJ-MICRO-V1,12031,143,zero_scale,,,0-0;1-2;2-4,0-0;1-2;2-4,0-0;1-2;2-4,0-0|2-4|1-2|NULL,0-0|2-4|1-2|NULL,3,4,4,2,8,32,1,1,1,0,0.0,15,1
TRAJ-MICRO-V1,12031,144,configured_scale,,,0-0;1-1;2-4,0-0;1-1;2-4,0-0;1-1;2-4,0-0|2-4|1-1|NULL,0-0|2-4|1-1|NULL,3,4,4,2,8,32,1,1,1,0,0.0,15,1
TRAJ-MICRO-V1,12031,144,zero_scale,,,0-0;1-1;2-4,0-0;1-1;2-4,0-0;1-1;2-4,0-0|2-4|1-1|NULL,0-0|2-4|1-1|NULL,3,4,4,2,8,32,1,1,1,0,0.0,15,1
TRAJ-MICRO-V1,12031,145,configured_scale,,,0-0;1-3;2-4,0-0;1-3;2-4,0-0;1-3;2-4,0-0|2-4|1-3|NULL,0-0|2-4|1-3|NULL,3,4,4,2,8,32,1,1,1,0,0.0,15,1
TRAJ-MICRO-V1,12031,145,zero_scale,,,0-1;1-3;2-4,0-1;1-3;2-4,0-1;1-3;2-4,0-1|2-4|1-3|NULL,0-1|2-4|1-3|NULL,3,4,4,2,8,32,1,1,1,0,0.0,15,1
TRAJ-MICRO-V1,12031,146,configured_scale,,,0-0;1-3;2-4,0-0;1-3;2-4,0-0;1-3;2-4,2-4|0-0|1-3|NULL,2-4|0-0|1-3|NULL,3,4,4,2,8,32,1,1,1,0,0.0,15,1
TRAJ-MICRO-V1,12031,146,zero_scale,,,0-0;1-2;2-4,0-0;1-2;2-4,0-0;1-2;2-4,2-4|0-0|1-2|NULL,2-4|0-0|1-2|NULL,3,4,4,2,8,32,1,1,1,0,0.0,15,1
TRAJ-MICRO-V1,12031,147,configured_scale,,,0-1;1-4;2-3,0-1;1-4;2-3,0-1;1-4;2-3,1-4|0-1|2-3|NULL,1-4|0-1|2-3|NULL,3,4,4,2,8,32,1,1,1,0,0.0,15,1
TRAJ-MICRO-V1,12031,147,zero_scale,,,0-1;1-4;2-3,0-1;1-4;2-3,0-1;1-4;2-3,1-4|0-1|2-3|NULL,1-4|0-1|2-3|NULL,3,4,4,2,8,32,1,1,1,0,0.0,15,1
TRAJ-MICRO-V1,12031,148,configured_scale,,,0-1;1-3;2-2,0-1;1-3;2-2,0-1;1-3;2-2,1-3|0-1|2-2|NULL,1-3|0-1|2-2|NULL,3,4,4,2,8,32,1,1,1,0,0.0,15,1
TRAJ-MICRO-V1,12031,148,zero_scale,,,0-1;1-3;2-2,0-1;1-3;2-2,0-1;1-3;2-2,1-3|0-1|2-2|NULL,1-3|0-1|2-2|NULL,3,4,4,2,8,32,1,1,1,0,0.0,15,1
TRAJ-MICRO-V1,12031,149,configured_scale,,,0-3;1-2;2-1,0-3;1-2;2-1,0-3;1-2;2-1,1-2|2-1|0-3|NULL,1-2|2-1|0-3|NULL,3,4,4,2,8,32,1,1,1,0,0.0,15,1
TRAJ-MICRO-V1,12031,149,zero_scale,,,0-3;1-2;2-1,0-3;1-2;2-1,0-3;1-2;2-1,1-2|2-1|0-3|NULL,1-2|2-1|0-3|NULL,3,4,4,2,8,32,1,1,1,0,0.0,15,1
TRAJ-MICRO-V1,12031,150,configured_scale,,,0-1;1-2;2-0,0-1;1-2;2-0,0-1;1-2;2-0,1-2|2-0|0-1|NULL,1-2|2-0|0-1|NULL,3,4,4,2,8,32,1,1,1,0,0.0,15,1
TRAJ-MICRO-V1,12031,150,zero_scale,,,0-1;1-2;2-3,0-1;1-2;2-3,0-1;1-2;2-3,1-2|2-3|0-1|NULL,1-2|2-3|0-1|NULL,3,4,4,2,8,32,1,1,1,0,0.0,15,1
TRAJ-MICRO-V1,12031,151,configured_scale,,,0-1;1-2;2-3,0-1;1-2;2-3,0-1;1-2;2-3,1-2|2-3|0-1|NULL,1-2|2-3|0-1|NULL,3,4,4,2,8,32,1,1,1,0,0.0,15,1
TRAJ-MICRO-V1,12031,151,zero_scale,,,0-1;1-2;2-3,0-1;1-2;2-3,0-1;1-2;2-3,1-2|0-1|2-3|NULL,1-2|0-1|2-3|NULL,3,4,4,2,8,32,1,1,1,0,0.0,15,1
TRAJ-MICRO-V1,12031,152,configured_scale,,,0-2;1-3;2-1,0-2;1-3;2-1,0-2;1-3;2-1,1-3|2-1|0-2|NULL,1-3|2-1|0-2|NULL,3,4,4,2,8,32,1,1,1,0,0.0,15,1
TRAJ-MICRO-V1,12031,152,zero_scale,,,0-3;1-2;2-1,0-3;1-2;2-1,0-3;1-2;2-1,1-2|2-1|0-3|NULL,1-2|2-1|0-3|NULL,3,4,4,2,8,32,1,1,1,0,0.0,15,1
TRAJ-MICRO-V1,12031,153,configured_scale,,,0-4;1-2;2-3,0-4;1-2;2-3,0-4;1-2;2-3,2-3|1-2|0-4|NULL,2-3|1-2|0-4|NULL,3,4,4,2,8,32,1,1,1,0,0.0,15,1
TRAJ-MICRO-V1,12031,153,zero_scale,,,0-1;1-2;2-3,0-1;1-2;2-3,0-1;1-2;2-3,2-3|1-2|0-1|NULL,2-3|1-2|0-1|NULL,3,4,4,2,8,32,1,1,1,0,0.0,15,1
TRAJ-MICRO-V1,12031,154,configured_scale,,,0-1;1-4;2-3,0-1;1-4;2-3,0-1;1-4;2-3,2-3|1-4|0-1|NULL,2-3|1-4|0-1|NULL,3,4,4,2,8,32,1,1,1,0,0.0,15,1
TRAJ-MICRO-V1,12031,154,zero_scale,,,0-1;1-3;2-4,0-1;1-3;2-4,0-1;1-3;2-4,2-4|1-3|0-1|NULL,2-4|1-3|0-1|NULL,3,4,4,2,8,32,1,1,1,0,0.0,15,1
TRAJ-MICRO-V1,12031,155,configured_scale,,,0-0;1-3;2-4,0-0;1-3;2-4,0-0;1-3;2-4,2-4|1-3|0-0|NULL,2-4|1-3|0-0|NULL,3,4,4,2,8,32,1,1,1,0,0.0,15,1
TRAJ-MICRO-V1,12031,155,zero_scale,,,0-3;1-2;2-4,0-3;1-2;2-4,0-3;1-2;2-4,2-4|1-2|0-3|NULL,2-4|1-2|0-3|NULL,3,4,4,2,8,32,1,1,1,0,0.0,15,1
TRAJ-MICRO-V1,12031,156,configured_scale,,,0-2;1-3;2-4,0-2;1-3;2-4,0-2;1-3;2-4,2-4|1-3|0-2|NULL,2-4|1-3|0-2|NULL,3,4,4,2,8,32,1,1,1,0,0.0,15,1
TRAJ-MICRO-V1,12031,156,zero_scale,,,0-2;1-3;2-4,0-2;1-3;2-4,0-2;1-3;2-4,2-4|1-3|0-2|NULL,2-4|1-3|0-2|NULL,3,4,4,2,8,32,1,1,1,0,0.0,15,1
TRAJ-MICRO-V1,12031,157,configured_scale,,,0-1;1-3;2-4,0-1;1-3;2-4,0-1;1-3;2-4,2-4|1-3|0-1|NULL,2-4|1-3|0-1|NULL,3,4,4,2,8,32,1,1,1,0,0.0,15,1
TRAJ-MICRO-V1,12031,157,zero_scale,,,0-1;1-3;2-4,0-1;1-3;2-4,0-1;1-3;2-4,2-4|1-3|0-1|NULL,2-4|1-3|0-1|NULL,3,4,4,2,8,32,1,1,1,0,0.0,15,1
TRAJ-MICRO-V1,12031,158,configured_scale,,,0-0;1-2;2-4,0-0;1-2;2-4,0-0;1-2;2-4,2-4|1-2|0-0|NULL,2-4|1-2|0-0|NULL,3,4,4,2,8,32,1,1,1,0,0.0,15,1
TRAJ-MICRO-V1,12031,158,zero_scale,,,0-0;1-2;2-4,0-0;1-2;2-4,0-0;1-2;2-4,2-4|1-2|0-0|NULL,2-4|1-2|0-0|NULL,3,4,4,2,8,32,1,1,1,0,0.0,15,1
TRAJ-MICRO-V1,12031,159,configured_scale,,,0-0;1-3;2-4,0-0;1-3;2-4,0-0;1-3;2-4,2-4|0-0|1-3|NULL,2-4|0-0|1-3|NULL,3,4,4,2,8,32,1,1,1,0,0.0,15,1
TRAJ-MICRO-V1,12031,159,zero_scale,,,0-1;1-3;2-4,0-1;1-3;2-4,0-1;1-3;2-4,2-4|1-3|0-1|NULL,2-4|1-3|0-1|NULL,3,4,4,2,8,32,1,1,1,0,0.0,15,1
TRAJ-MICRO-V1,12031,160,configured_scale,,,0-1;1-3;2-4,0-1;1-3;2-4,0-1;1-3;2-4,2-4|0-1|1-3|NULL,2-4|0-1|1-3|NULL,3,4,4,2,8,32,1,1,1,0,0.0,15,1
TRAJ-MICRO-V1,12031,160,zero_scale,,,0-1;1-3;2-4,0-1;1-3;2-4,0-1;1-3;2-4,2-4|0-1|1-3|NULL,2-4|0-1|1-3|NULL,3,4,4,2,8,32,1,1,1,0,0.0,15,1
TRAJ-MICRO-V1,12031,161,configured_scale,,,0-1;1-2;2-4,0-1;1-2;2-4,0-1;1-2;2-4,2-4|0-1|1-2|NULL,2-4|0-1|1-2|NULL,3,4,4,2,8,32,1,1,1,0,0.0,15,1
TRAJ-MICRO-V1,12031,161,zero_scale,,,0-0;1-2;2-4,0-0;1-2;2-4,0-0;1-2;2-4,2-4|1-2|0-0|NULL,2-4|1-2|0-0|NULL,3,4,4,2,8,32,1,1,1,0,0.0,15,1
TRAJ-MICRO-V1,12031,162,configured_scale,,,0-1;1-2;2-0,0-1;1-2;2-0,0-1;1-2;2-0,2-0|1-2|0-1|NULL,2-0|1-2|0-1|NULL,3,4,4,2,8,32,1,1,1,0,0.0,15,1
TRAJ-MICRO-V1,12031,162,zero_scale,,,0-1;1-2;2-3,0-1;1-2;2-3,0-1;1-2;2-3,2-3|1-2|0-1|NULL,2-3|1-2|0-1|NULL,3,4,4,2,8,32,1,1,1,0,0.0,15,1
TRAJ-MICRO-V1,12031,163,configured_scale,,,0-1;1-3;2-2,0-1;1-3;2-2,0-1;1-3;2-2,2-2|1-3|0-1|NULL,2-2|1-3|0-1|NULL,3,4,4,2,8,32,1,1,1,0,0.0,15,1
TRAJ-MICRO-V1,12031,163,zero_scale,,,0-1;1-3;2-2,0-1;1-3;2-2,0-1;1-3;2-2,2-2|1-3|0-1|NULL,2-2|1-3|0-1|NULL,3,4,4,2,8,32,1,1,1,0,0.0,15,1
TRAJ-MICRO-V1,12031,164,configured_scale,,,0-2;1-3;2-1,0-2;1-3;2-1,0-2;1-3;2-1,2-1|1-3|0-2|NULL,2-1|1-3|0-2|NULL,3,4,4,2,8,32,1,1,1,0,0.0,15,1
TRAJ-MICRO-V1,12031,164,zero_scale,,,0-3;1-2;2-1,0-3;1-2;2-1,0-3;1-2;2-1,1-2|2-1|0-3|NULL,1-2|2-1|0-3|NULL,3,4,4,2,8,32,1,1,1,0,0.0,15,1
TRAJ-MICRO-V1,12031,165,configured_scale,,,0-1;1-2;2-0,0-1;1-2;2-0,0-1;1-2;2-0,2-0|1-2|0-1|NULL,2-0|1-2|0-1|NULL,3,4,4,2,8,32,1,1,1,0,0.0,15,1
TRAJ-MICRO-V1,12031,165,zero_scale,,,0-1;1-2;2-3,0-1;1-2;2-3,0-1;1-2;2-3,2-3|1-2|0-1|NULL,2-3|1-2|0-1|NULL,3,4,4,2,8,32,1,1,1,0,0.0,15,1
TRAJ-MICRO-V1,12031,166,configured_scale,,,0-4;1-2;2-1,0-4;1-2;2-1,0-4;1-2;2-1,1-2|2-1|0-4|NULL,1-2|2-1|0-4|NULL,3,4,4,2,8,32,1,1,1,0,0.0,15,1
TRAJ-MICRO-V1,12031,166,zero_scale,,,0-1;1-2;2-4,0-1;1-2;2-4,0-1;1-2;2-4,1-2|0-1|2-4|NULL,1-2|0-1|2-4|NULL,3,4,4,2,8,32,1,1,1,0,0.0,15,1
TRAJ-MICRO-V1,12031,167,configured_scale,,,0-0;1-2;2-1,0-0;1-2;2-1,0-0;1-2;2-1,1-2|2-1|0-0|NULL,1-2|2-1|0-0|NULL,3,4,4,2,8,32,1,1,1,0,0.0,15,1
TRAJ-MICRO-V1,12031,167,zero_scale,,,0-0;1-2;2-1,0-0;1-2;2-1,0-0;1-2;2-1,1-2|2-1|0-0|NULL,1-2|2-1|0-0|NULL,3,4,4,2,8,32,1,1,1,0,0.0,15,1
TRAJ-MICRO-V1,12031,168,configured_scale,,,0-2;1-1;2-0,0-2;1-1;2-0,0-2;1-1;2-0,1-1|2-0|0-2|NULL,1-1|2-0|0-2|NULL,3,4,4,2,8,32,1,1,1,0,0.0,15,1
TRAJ-MICRO-V1,12031,168,zero_scale,,,0-2;1-1;2-0,0-2;1-1;2-0,0-2;1-1;2-0,1-1|0-2|2-0|NULL,1-1|0-2|2-0|NULL,3,4,4,2,8,32,1,1,1,0,0.0,15,1
TRAJ-MICRO-V1,12031,169,configured_scale,,,0-1;1-0;2-2,0-1;1-0;2-2,0-1;1-0;2-2,0-1|1-0|2-2|NULL,0-1|1-0|2-2|NULL,3,4,4,2,8,32,1,1,1,0,0.0,15,1
TRAJ-MICRO-V1,12031,169,zero_scale,,,0-1;1-0;2-2,0-1;1-0;2-2,0-1;1-0;2-2,0-1|1-0|2-2|NULL,0-1|1-0|2-2|NULL,3,4,4,2,8,32,1,1,1,0,0.0,15,1
TRAJ-MICRO-V1,12031,170,configured_scale,,,0-1;1-2;2-4,0-1;1-2;2-4,0-1;1-2;2-4,1-2|0-1|2-4|NULL,1-2|0-1|2-4|NULL,3,4,4,2,8,32,1,1,1,0,0.0,15,1
TRAJ-MICRO-V1,12031,170,zero_scale,,,0-0;1-2;2-4,0-0;1-2;2-4,0-0;1-2;2-4,0-0|1-2|2-4|NULL,0-0|1-2|2-4|NULL,3,4,4,2,8,32,1,1,1,0,0.0,15,1
TRAJ-MICRO-V1,12031,171,configured_scale,,,0-0;1-1;2-4,0-0;1-1;2-4,0-0;1-1;2-4,1-1|0-0|2-4|NULL,1-1|0-0|2-4|NULL,3,4,4,2,8,32,1,1,1,0,0.0,15,1
TRAJ-MICRO-V1,12031,171,zero_scale,,,0-0;1-1;2-3,0-0;1-1;2-3,0-0;1-1;2-3,0-0|1-1|2-3|NULL,0-0|1-1|2-3|NULL,3,4,4,2,8,32,1,1,1,0,0.0,15,1
TRAJ-MICRO-V1,12031,172,configured_scale,,,0-1;1-0;2-4,0-1;1-0;2-4,0-1;1-0;2-4,1-0|0-1|2-4|NULL,1-0|0-1|2-4|NULL,3,4,4,2,8,32,1,1,1,0,0.0,15,1
TRAJ-MICRO-V1,12031,172,zero_scale,,,0-1;1-0;2-4,0-1;1-0;2-4,0-1;1-0;2-4,1-0|0-1|2-4|NULL,1-0|0-1|2-4|NULL,3,4,4,2,8,32,1,1,1,0,0.0,15,1
TRAJ-MICRO-V1,12031,173,configured_scale,,,0-0;1-2;2-4,0-0;1-2;2-4,0-0;1-2;2-4,2-4|0-0|1-2|NULL,2-4|0-0|1-2|NULL,3,4,4,2,8,32,1,1,1,0,0.0,15,1
TRAJ-MICRO-V1,12031,173,zero_scale,,,0-0;1-2;2-4,0-0;1-2;2-4,0-0;1-2;2-4,0-0|2-4|1-2|NULL,0-0|2-4|1-2|NULL,3,4,4,2,8,32,1,1,1,0,0.0,15,1
TRAJ-MICRO-V1,12031,174,configured_scale,,,0-0;1-1;2-4,0-0;1-1;2-4,0-0;1-1;2-4,2-4|0-0|1-1|NULL,2-4|0-0|1-1|NULL,3,4,4,2,8,32,1,1,1,0,0.0,15,1
TRAJ-MICRO-V1,12031,174,zero_scale,,,0-0;1-4;2-3,0-0;1-4;2-3,0-0;1-4;2-3,1-4|0-0|2-3|NULL,1-4|0-0|2-3|NULL,3,4,4,2,8,32,1,1,1,0,0.0,15,1
TRAJ-MICRO-V1,12031,175,configured_scale,,,0-0;1-3;2-4,0-0;1-3;2-4,0-0;1-3;2-4,2-4|1-3|0-0|NULL,2-4|1-3|0-0|NULL,3,4,4,2,8,32,1,1,1,0,0.0,15,1
TRAJ-MICRO-V1,12031,175,zero_scale,,,0-1;1-3;2-4,0-1;1-3;2-4,0-1;1-3;2-4,1-3|0-1|2-4|NULL,1-3|0-1|2-4|NULL,3,4,4,2,8,32,1,1,1,0,0.0,15,1
TRAJ-MICRO-V1,12031,176,configured_scale,,,0-0;1-2;2-4,0-0;1-2;2-4,0-0;1-2;2-4,0-0|2-4|1-2|NULL,0-0|2-4|1-2|NULL,3,4,4,2,8,32,1,1,1,0,0.0,15,1
TRAJ-MICRO-V1,12031,176,zero_scale,,,0-0;1-2;2-4,0-0;1-2;2-4,0-0;1-2;2-4,0-0|1-2|2-4|NULL,0-0|1-2|2-4|NULL,3,4,4,2,8,32,1,1,1,0,0.0,15,1
TRAJ-MICRO-V1,12031,177,configured_scale,,,0-0;1-2;2-3,0-0;1-2;2-3,0-0;1-2;2-3,0-0|1-2|2-3|NULL,0-0|1-2|2-3|NULL,3,4,4,2,8,32,1,1,1,0,0.0,15,1
TRAJ-MICRO-V1,12031,177,zero_scale,,,0-2;1-1;2-0,0-2;1-1;2-0,0-2;1-1;2-0,0-2|1-1|2-0|NULL,0-2|1-1|2-0|NULL,3,4,4,2,8,32,1,1,1,0,0.0,15,1
TRAJ-MICRO-V1,12031,178,configured_scale,,,0-4;1-3;2-2,0-4;1-3;2-2,0-4;1-3;2-2,0-4|1-3|2-2|NULL,0-4|1-3|2-2|NULL,3,4,4,2,8,32,1,1,1,0,0.0,15,1
TRAJ-MICRO-V1,12031,178,zero_scale,,,0-1;1-3;2-2,0-1;1-3;2-2,0-1;1-3;2-2,0-1|1-3|2-2|NULL,0-1|1-3|2-2|NULL,3,4,4,2,8,32,1,1,1,0,0.0,15,1
TRAJ-MICRO-V1,12031,179,configured_scale,,,0-0;1-2;2-1,0-0;1-2;2-1,0-0;1-2;2-1,1-2|0-0|2-1|NULL,1-2|0-0|2-1|NULL,3,4,4,2,8,32,1,1,1,0,0.0,15,1
TRAJ-MICRO-V1,12031,179,zero_scale,,,0-0;1-2;2-1,0-0;1-2;2-1,0-0;1-2;2-1,0-0|1-2|2-1|NULL,0-0|1-2|2-1|NULL,3,4,4,2,8,32,1,1,1,0,0.0,15,1
TRAJ-MICRO-V1,12031,180,configured_scale,,,0-0;1-2;2-3,0-0;1-2;2-3,0-0;1-2;2-3,0-0|1-2|2-3|NULL,0-0|1-2|2-3|NULL,3,4,4,2,8,32,1,1,1,0,0.0,15,1
TRAJ-MICRO-V1,12031,180,zero_scale,,,0-2;1-1;2-0,0-2;1-1;2-0,0-2;1-1;2-0,0-2|1-1|2-0|NULL,0-2|1-1|2-0|NULL,3,4,4,2,8,32,1,1,1,0,0.0,15,1
TRAJ-MICRO-V1,12031,181,configured_scale,,,0-4;1-3;2-2,0-4;1-3;2-2,0-4;1-3;2-2,1-3|0-4|2-2|NULL,1-3|0-4|2-2|NULL,3,4,4,2,8,32,1,1,1,0,0.0,15,1
TRAJ-MICRO-V1,12031,181,zero_scale,,,0-1;1-3;2-2,0-1;1-3;2-2,0-1;1-3;2-2,0-1|1-3|2-2|NULL,0-1|1-3|2-2|NULL,3,4,4,2,8,32,1,1,1,0,0.0,15,1
TRAJ-MICRO-V1,12031,182,configured_scale,,,0-0;1-2;2-4,0-0;1-2;2-4,0-0;1-2;2-4,0-0|2-4|1-2|NULL,0-0|2-4|1-2|NULL,3,4,4,2,8,32,1,1,1,0,0.0,15,1
TRAJ-MICRO-V1,12031,182,zero_scale,,,0-0;1-2;2-4,0-0;1-2;2-4,0-0;1-2;2-4,0-0|1-2|2-4|NULL,0-0|1-2|2-4|NULL,3,4,4,2,8,32,1,1,1,0,0.0,15,1
TRAJ-MICRO-V1,12031,183,configured_scale,,,0-1;1-3;2-4,0-1;1-3;2-4,0-1;1-3;2-4,2-4|0-1|1-3|NULL,2-4|0-1|1-3|NULL,3,4,4,2,8,32,1,1,1,0,0.0,15,1
TRAJ-MICRO-V1,12031,183,zero_scale,,,0-1;1-4;2-3,0-1;1-4;2-3,0-1;1-4;2-3,0-1|2-3|1-4|NULL,0-1|2-3|1-4|NULL,3,4,4,2,8,32,1,1,1,0,0.0,15,1
TRAJ-MICRO-V1,12031,184,configured_scale,,,0-1;1-3;2-4,0-1;1-3;2-4,0-1;1-3;2-4,2-4|0-1|1-3|NULL,2-4|0-1|1-3|NULL,3,4,4,2,8,32,1,1,1,0,0.0,15,1
TRAJ-MICRO-V1,12031,184,zero_scale,,,0-1;1-3;2-4,0-1;1-3;2-4,0-1;1-3;2-4,0-1|2-4|1-3|NULL,0-1|2-4|1-3|NULL,3,4,4,2,8,32,1,1,1,0,0.0,15,1
TRAJ-MICRO-V1,12031,185,configured_scale,,,0-1;1-2;2-4,0-1;1-2;2-4,0-1;1-2;2-4,2-4|0-1|1-2|NULL,2-4|0-1|1-2|NULL,3,4,4,2,8,32,1,1,1,0,0.0,15,1
TRAJ-MICRO-V1,12031,185,zero_scale,,,0-0;1-2;2-4,0-0;1-2;2-4,0-0;1-2;2-4,2-4|0-0|1-2|NULL,2-4|0-0|1-2|NULL,3,4,4,2,8,32,1,1,1,0,0.0,15,1
TRAJ-MICRO-V1,12031,186,configured_scale,,,0-2;1-1;2-4,0-2;1-1;2-4,0-2;1-1;2-4,0-2|1-1|2-4|NULL,0-2|1-1|2-4|NULL,3,4,4,2,8,32,1,1,1,0,0.0,15,1
TRAJ-MICRO-V1,12031,186,zero_scale,,,0-2;1-1;2-3,0-2;1-1;2-3,0-2;1-1;2-3,0-2|1-1|2-3|NULL,0-2|1-1|2-3|NULL,3,4,4,2,8,32,1,1,1,0,0.0,15,1
TRAJ-MICRO-V1,12031,187,configured_scale,,,0-1;1-3;2-2,0-1;1-3;2-2,0-1;1-3;2-2,0-1|2-2|1-3|NULL,0-1|2-2|1-3|NULL,3,4,4,2,8,32,1,1,1,0,0.0,15,1
TRAJ-MICRO-V1,12031,187,zero_scale,,,0-1;1-2;2-4,0-1;1-2;2-4,0-1;1-2;2-4,0-1|1-2|2-4|NULL,0-1|1-2|2-4|NULL,3,4,4,2,8,32,1,1,1,0,0.0,15,1
TRAJ-MICRO-V1,12031,188,configured_scale,,,0-0;1-2;2-4,0-0;1-2;2-4,0-0;1-2;2-4,0-0|1-2|2-4|NULL,0-0|1-2|2-4|NULL,3,4,4,2,8,32,1,1,1,0,0.0,15,1
TRAJ-MICRO-V1,12031,188,zero_scale,,,0-0;1-2;2-4,0-0;1-2;2-4,0-0;1-2;2-4,0-0|1-2|2-4|NULL,0-0|1-2|2-4|NULL,3,4,4,2,8,32,1,1,1,0,0.0,15,1
TRAJ-MICRO-V1,12031,189,configured_scale,,,0-1;1-2;2-3,0-1;1-2;2-3,0-1;1-2;2-3,0-1|2-3|1-2|NULL,0-1|2-3|1-2|NULL,3,4,4,2,8,32,1,1,1,0,0.0,15,1
TRAJ-MICRO-V1,12031,189,zero_scale,,,0-1;1-2;2-3,0-1;1-2;2-3,0-1;1-2;2-3,0-1|1-2|2-3|NULL,0-1|1-2|2-3|NULL,3,4,4,2,8,32,1,1,1,0,0.0,15,1
TRAJ-MICRO-V1,12031,190,configured_scale,,,0-1;1-3;2-2,0-1;1-3;2-2,0-1;1-3;2-2,0-1|1-3|2-2|NULL,0-1|1-3|2-2|NULL,3,4,4,2,8,32,1,1,1,0,0.0,15,1
TRAJ-MICRO-V1,12031,190,zero_scale,,,0-1;1-3;2-2,0-1;1-3;2-2,0-1;1-3;2-2,0-1|1-3|2-2|NULL,0-1|1-3|2-2|NULL,3,4,4,2,8,32,1,1,1,0,0.0,15,1
TRAJ-MICRO-V1,12031,191,configured_scale,,,0-3;1-2;2-4,0-3;1-2;2-4,0-3;1-2;2-4,1-2|2-4|0-3|NULL,1-2|2-4|0-3|NULL,3,4,4,2,8,32,1,1,1,0,0.0,15,1
TRAJ-MICRO-V1,12031,191,zero_scale,,,0-3;1-2;2-4,0-3;1-2;2-4,0-3;1-2;2-4,1-2|0-3|2-4|NULL,1-2|0-3|2-4|NULL,3,4,4,2,8,32,1,1,1,0,0.0,15,1
TRAJ-MICRO-V1,12031,192,configured_scale,,,0-4;1-2;2-3,0-4;1-2;2-3,0-4;1-2;2-3,2-3|1-2|0-4|NULL,2-3|1-2|0-4|NULL,3,4,4,2,8,32,1,1,1,0,0.0,15,1
TRAJ-MICRO-V1,12031,192,zero_scale,,,0-2;1-3;2-4,0-2;1-3;2-4,0-2;1-3;2-4,0-2|1-3|2-4|NULL,0-2|1-3|2-4|NULL,3,4,4,2,8,32,1,1,1,0,0.0,15,1
TRAJ-MICRO-V1,12031,193,configured_scale,,,0-4;1-3;2-2,0-4;1-3;2-2,0-4;1-3;2-2,0-4|1-3|2-2|NULL,0-4|1-3|2-2|NULL,3,4,4,2,8,32,1,1,1,0,0.0,15,1
TRAJ-MICRO-V1,12031,193,zero_scale,,,0-4;1-3;2-2,0-4;1-3;2-2,0-4;1-3;2-2,1-3|0-4|2-2|NULL,1-3|0-4|2-2|NULL,3,4,4,2,8,32,1,1,1,0,0.0,15,1
TRAJ-MICRO-V1,12031,194,configured_scale,,,0-3;1-2;2-4,0-3;1-2;2-4,0-3;1-2;2-4,2-4|0-3|1-2|NULL,2-4|0-3|1-2|NULL,3,4,4,2,8,32,1,1,1,0,0.0,15,1
TRAJ-MICRO-V1,12031,194,zero_scale,,,0-3;1-2;2-4,0-3;1-2;2-4,0-3;1-2;2-4,2-4|1-2|0-3|NULL,2-4|1-2|0-3|NULL,3,4,4,2,8,32,1,1,1,0,0.0,15,1
TRAJ-MICRO-V1,12031,195,configured_scale,,,0-4;1-2;2-3,0-4;1-2;2-3,0-4;1-2;2-3,0-4|1-2|2-3|NULL,0-4|1-2|2-3|NULL,3,4,4,2,8,32,1,1,1,0,0.0,15,1
TRAJ-MICRO-V1,12031,195,zero_scale,,,0-2;1-4;2-3,0-2;1-4;2-3,0-2;1-4;2-3,0-2|1-4|2-3|NULL,0-2|1-4|2-3|NULL,3,4,4,2,8,32,1,1,1,0,0.0,15,1
TRAJ-MICRO-V1,12031,196,configured_scale,,,0-4;1-2;2-3,0-4;1-2;2-3,0-4;1-2;2-3,0-4|1-2|2-3|NULL,0-4|1-2|2-3|NULL,3,4,4,2,8,32,1,1,1,0,0.0,15,1
TRAJ-MICRO-V1,12031,196,zero_scale,,,0-1;1-3;2-4,0-1;1-3;2-4,0-1;1-3;2-4,0-1|1-3|2-4|NULL,0-1|1-3|2-4|NULL,3,4,4,2,8,32,1,1,1,0,0.0,15,1
TRAJ-MICRO-V1,12031,197,configured_scale,,,0-0;1-2;2-4,0-0;1-2;2-4,0-0;1-2;2-4,0-0|2-4|1-2|NULL,0-0|2-4|1-2|NULL,3,4,4,2,8,32,1,1,1,0,0.0,15,1
TRAJ-MICRO-V1,12031,197,zero_scale,,,0-0;1-2;2-4,0-0;1-2;2-4,0-0;1-2;2-4,0-0|1-2|2-4|NULL,0-0|1-2|2-4|NULL,3,4,4,2,8,32,1,1,1,0,0.0,15,1
TRAJ-MICRO-V1,12031,198,configured_scale,,,0-0;1-4;2-3,0-0;1-4;2-3,0-0;1-4;2-3,0-0|1-4|2-3|NULL,0-0|1-4|2-3|NULL,3,4,4,2,8,32,1,1,1,0,0.0,15,1
TRAJ-MICRO-V1,12031,198,zero_scale,,,0-1;1-4;2-3,0-1;1-4;2-3,0-1;1-4;2-3,0-1|1-4|2-3|NULL,0-1|1-4|2-3|NULL,3,4,4,2,8,32,1,1,1,0,0.0,15,1
TRAJ-MICRO-V1,12031,199,configured_scale,,,0-0;1-3;2-4,0-0;1-3;2-4,0-0;1-3;2-4,0-0|1-3|2-4|NULL,0-0|1-3|2-4|NULL,3,4,4,2,8,32,1,1,1,0,0.0,15,1
TRAJ-MICRO-V1,12031,199,zero_scale,,,0-1;1-3;2-4,0-1;1-3;2-4,0-1;1-3;2-4,0-1|1-3|2-4|NULL,0-1|1-3|2-4|NULL,3,4,4,2,8,32,1,1,1,0,0.0,15,1
TRAJ-MICRO-V1,12031,200,configured_scale,,,0-0;1-2;2-3,0-0;1-2;2-3,0-0;1-2;2-3,0-0|1-2|2-3|NULL,0-0|1-2|2-3|NULL,3,4,4,2,8,32,1,1,1,0,0.0,15,1
TRAJ-MICRO-V1,12031,200,zero_scale,,,0-0;1-2;2-4,0-0;1-2;2-4,0-0;1-2;2-4,0-0|1-2|2-4|NULL,0-0|1-2|2-4|NULL,3,4,4,2,8,32,1,1,1,0,0.0,15,1
TRAJ-MICRO-V1,12031,201,configured_scale,,,0-2;1-3;2-4,0-2;1-3;2-4,0-2;1-3;2-4,1-3|0-2|2-4|NULL,1-3|0-2|2-4|NULL,3,4,4,2,8,32,1,1,1,0,0.0,15,1
TRAJ-MICRO-V1,12031,201,zero_scale,,,0-2;1-1;2-3,0-2;1-1;2-3,0-2;1-1;2-3,2-3|1-1|0-2|NULL,2-3|1-1|0-2|NULL,3,4,4,2,8,32,1,1,1,0,0.0,15,1
TRAJ-MICRO-V1,12031,202,configured_scale,,,0-1;1-3;2-4,0-1;1-3;2-4,0-1;1-3;2-4,1-3|2-4|0-1|NULL,1-3|2-4|0-1|NULL,3,4,4,2,8,32,1,1,1,0,0.0,15,1
TRAJ-MICRO-V1,12031,202,zero_scale,,,0-1;1-3;2-4,0-1;1-3;2-4,0-1;1-3;2-4,1-3|2-4|0-1|NULL,1-3|2-4|0-1|NULL,3,4,4,2,8,32,1,1,1,0,0.0,15,1
TRAJ-MICRO-V1,12031,203,configured_scale,,,0-3;1-2;2-4,0-3;1-2;2-4,0-3;1-2;2-4,2-4|1-2|0-3|NULL,2-4|1-2|0-3|NULL,3,4,4,2,8,32,1,1,1,0,0.0,15,1
TRAJ-MICRO-V1,12031,203,zero_scale,,,0-3;1-2;2-4,0-3;1-2;2-4,0-3;1-2;2-4,1-2|2-4|0-3|NULL,1-2|2-4|0-3|NULL,3,4,4,2,8,32,1,1,1,0,0.0,15,1
TRAJ-MICRO-V1,12031,204,configured_scale,,,0-1;1-2;2-4,0-1;1-2;2-4,0-1;1-2;2-4,2-4|1-2|0-1|NULL,2-4|1-2|0-1|NULL,3,4,4,2,8,32,1,1,1,0,0.0,15,1
TRAJ-MICRO-V1,12031,204,zero_scale,,,0-2;1-4;2-3,0-2;1-4;2-3,0-2;1-4;2-3,1-4|2-3|0-2|NULL,1-4|2-3|0-2|NULL,3,4,4,2,8,32,1,1,1,0,0.0,15,1
TRAJ-MICRO-V1,12031,205,configured_scale,,,0-1;1-3;2-4,0-1;1-3;2-4,0-1;1-3;2-4,1-3|2-4|0-1|NULL,1-3|2-4|0-1|NULL,3,4,4,2,8,32,1,1,1,0,0.0,15,1
TRAJ-MICRO-V1,12031,205,zero_scale,,,0-1;1-3;2-2,0-1;1-3;2-2,0-1;1-3;2-2,1-3|2-2|0-1|NULL,1-3|2-2|0-1|NULL,3,4,4,2,8,32,1,1,1,0,0.0,15,1
TRAJ-MICRO-V1,12031,206,configured_scale,,,0-1;1-2;2-4,0-1;1-2;2-4,0-1;1-2;2-4,1-2|2-4|0-1|NULL,1-2|2-4|0-1|NULL,3,4,4,2,8,32,1,1,1,0,0.0,15,1
TRAJ-MICRO-V1,12031,206,zero_scale,,,0-1;1-2;2-4,0-1;1-2;2-4,0-1;1-2;2-4,1-2|2-4|0-1|NULL,1-2|2-4|0-1|NULL,3,4,4,2,8,32,1,1,1,0,0.0,15,1
TRAJ-MICRO-V1,12031,207,configured_scale,,,0-1;1-2;2-0,0-1;1-2;2-0,0-1;1-2;2-0,2-0|1-2|0-1|NULL,2-0|1-2|0-1|NULL,3,4,4,2,8,32,1,1,1,0,0.0,15,1
TRAJ-MICRO-V1,12031,207,zero_scale,,,0-2;1-1;2-3,0-2;1-1;2-3,0-2;1-1;2-3,1-1|2-3|0-2|NULL,1-1|2-3|0-2|NULL,3,4,4,2,8,32,1,1,1,0,0.0,15,1
TRAJ-MICRO-V1,12031,208,configured_scale,,,0-1;1-3;2-4,0-1;1-3;2-4,0-1;1-3;2-4,1-3|2-4|0-1|NULL,1-3|2-4|0-1|NULL,3,4,4,2,8,32,1,1,1,0,0.0,15,1
TRAJ-MICRO-V1,12031,208,zero_scale,,,0-1;1-3;2-2,0-1;1-3;2-2,0-1;1-3;2-2,1-3|0-1|2-2|NULL,1-3|0-1|2-2|NULL,3,4,4,2,8,32,1,1,1,0,0.0,15,1
TRAJ-MICRO-V1,12031,209,configured_scale,,,0-0;1-2;2-4,0-0;1-2;2-4,0-0;1-2;2-4,2-4|1-2|0-0|NULL,2-4|1-2|0-0|NULL,3,4,4,2,8,32,1,1,1,0,0.0,15,1
TRAJ-MICRO-V1,12031,209,zero_scale,,,0-0;1-2;2-4,0-0;1-2;2-4,0-0;1-2;2-4,1-2|2-4|0-0|NULL,1-2|2-4|0-0|NULL,3,4,4,2,8,32,1,1,1,0,0.0,15,1
TRAJ-MICRO-V1,12031,210,configured_scale,,,0-1;1-2;2-0,0-1;1-2;2-0,0-1;1-2;2-0,2-0|1-2|0-1|NULL,2-0|1-2|0-1|NULL,3,4,4,2,8,32,1,1,1,0,0.0,15,1
TRAJ-MICRO-V1,12031,210,zero_scale,,,0-1;1-2;2-3,0-1;1-2;2-3,0-1;1-2;2-3,2-3|1-2|0-1|NULL,2-3|1-2|0-1|NULL,3,4,4,2,8,32,1,1,1,0,0.0,15,1
TRAJ-MICRO-V1,12031,211,configured_scale,,,0-0;1-3;2-4,0-0;1-3;2-4,0-0;1-3;2-4,2-4|1-3|0-0|NULL,2-4|1-3|0-0|NULL,3,4,4,2,8,32,1,1,1,0,0.0,15,1
TRAJ-MICRO-V1,12031,211,zero_scale,,,0-1;1-3;2-4,0-1;1-3;2-4,0-1;1-3;2-4,2-4|1-3|0-1|NULL,2-4|1-3|0-1|NULL,3,4,4,2,8,32,1,1,1,0,0.0,15,1
TRAJ-MICRO-V1,12031,212,configured_scale,,,0-0;1-2;2-4,0-0;1-2;2-4,0-0;1-2;2-4,2-4|0-0|1-2|NULL,2-4|0-0|1-2|NULL,3,4,4,2,8,32,1,1,1,0,0.0,15,1
TRAJ-MICRO-V1,12031,212,zero_scale,,,0-0;1-2;2-4,0-0;1-2;2-4,0-0;1-2;2-4,2-4|1-2|0-0|NULL,2-4|1-2|0-0|NULL,3,4,4,2,8,32,1,1,1,0,0.0,15,1
TRAJ-MICRO-V1,12031,213,configured_scale,,,0-1;1-0;2-4,0-1;1-0;2-4,0-1;1-0;2-4,2-4|1-0|0-1|NULL,2-4|1-0|0-1|NULL,3,4,4,2,8,32,1,1,1,0,0.0,15,1
TRAJ-MICRO-V1,12031,213,zero_scale,,,0-0;1-1;2-3,0-0;1-1;2-3,0-0;1-1;2-3,2-3|1-1|0-0|NULL,2-3|1-1|0-0|NULL,3,4,4,2,8,32,1,1,1,0,0.0,15,1
TRAJ-MICRO-V1,12031,214,configured_scale,,,0-1;1-0;2-4,0-1;1-0;2-4,0-1;1-0;2-4,2-4|1-0|0-1|NULL,2-4|1-0|0-1|NULL,3,4,4,2,8,32,1,1,1,0,0.0,15,1
TRAJ-MICRO-V1,12031,214,zero_scale,,,0-1;1-0;2-4,0-1;1-0;2-4,0-1;1-0;2-4,2-4|1-0|0-1|NULL,2-4|1-0|0-1|NULL,3,4,4,2,8,32,1,1,1,0,0.0,15,1
TRAJ-MICRO-V1,12031,215,configured_scale,,,0-0;1-2;2-4,0-0;1-2;2-4,0-0;1-2;2-4,2-4|0-0|1-2|NULL,2-4|0-0|1-2|NULL,3,4,4,2,8,32,1,1,1,0,0.0,15,1
TRAJ-MICRO-V1,12031,215,zero_scale,,,0-0;1-2;2-4,0-0;1-2;2-4,0-0;1-2;2-4,2-4|0-0|1-2|NULL,2-4|0-0|1-2|NULL,3,4,4,2,8,32,1,1,1,0,0.0,15,1
TRAJ-MICRO-V1,12031,216,configured_scale,,,0-2;1-1;2-0,0-2;1-1;2-0,0-2;1-1;2-0,2-0|1-1|0-2|NULL,2-0|1-1|0-2|NULL,3,4,4,2,8,32,1,1,1,0,0.0,15,1
TRAJ-MICRO-V1,12031,216,zero_scale,,,0-2;1-1;2-0,0-2;1-1;2-0,0-2;1-1;2-0,2-0|1-1|0-2|NULL,2-0|1-1|0-2|NULL,3,4,4,2,8,32,1,1,1,0,0.0,15,1
TRAJ-MICRO-V1,12031,217,configured_scale,,,0-0;1-3;2-4,0-0;1-3;2-4,0-0;1-3;2-4,0-0|2-4|1-3|NULL,0-0|2-4|1-3|NULL,3,4,4,2,8,32,1,1,1,0,0.0,15,1
TRAJ-MICRO-V1,12031,217,zero_scale,,,0-0;1-3;2-2,0-0;1-3;2-2,0-0;1-3;2-2,0-0|2-2|1-3|NULL,0-0|2-2|1-3|NULL,3,4,4,2,8,32,1,1,1,0,0.0,15,1
TRAJ-MICRO-V1,12031,218,configured_scale,,,0-0;1-2;2-4,0-0;1-2;2-4,0-0;1-2;2-4,0-0|2-4|1-2|NULL,0-0|2-4|1-2|NULL,3,4,4,2,8,32,1,1,1,0,0.0,15,1
TRAJ-MICRO-V1,12031,218,zero_scale,,,0-0;1-2;2-4,0-0;1-2;2-4,0-0;1-2;2-4,0-0|1-2|2-4|NULL,0-0|1-2|2-4|NULL,3,4,4,2,8,32,1,1,1,0,0.0,15,1
TRAJ-MICRO-V1,12031,219,configured_scale,,,0-1;1-2;2-0,0-1;1-2;2-0,0-1;1-2;2-0,2-0|0-1|1-2|NULL,2-0|0-1|1-2|NULL,3,4,4,2,8,32,1,1,1,0,0.0,15,1
TRAJ-MICRO-V1,12031,219,zero_scale,,,0-0;1-1;2-3,0-0;1-1;2-3,0-0;1-1;2-3,1-1|0-0|2-3|NULL,1-1|0-0|2-3|NULL,3,4,4,2,8,32,1,1,1,0,0.0,15,1
TRAJ-MICRO-V1,12031,220,configured_scale,,,0-1;1-0;2-4,0-1;1-0;2-4,0-1;1-0;2-4,1-0|0-1|2-4|NULL,1-0|0-1|2-4|NULL,3,4,4,2,8,32,1,1,1,0,0.0,15,1
TRAJ-MICRO-V1,12031,220,zero_scale,,,0-1;1-2;2-4,0-1;1-2;2-4,0-1;1-2;2-4,0-1|1-2|2-4|NULL,0-1|1-2|2-4|NULL,3,4,4,2,8,32,1,1,1,0,0.0,15,1
TRAJ-MICRO-V1,12031,221,configured_scale,,,0-3;1-2;2-1,0-3;1-2;2-1,0-3;1-2;2-1,1-2|2-1|0-3|NULL,1-2|2-1|0-3|NULL,3,4,4,2,8,32,1,1,1,0,0.0,15,1
TRAJ-MICRO-V1,12031,221,zero_scale,,,0-0;1-2;2-1,0-0;1-2;2-1,0-0;1-2;2-1,1-2|2-1|0-0|NULL,1-2|2-1|0-0|NULL,3,4,4,2,8,32,1,1,1,0,0.0,15,1
TRAJ-MICRO-V1,12031,222,configured_scale,,,0-1;1-2;2-0,0-1;1-2;2-0,0-1;1-2;2-0,1-2|2-0|0-1|NULL,1-2|2-0|0-1|NULL,3,4,4,2,8,32,1,1,1,0,0.0,15,1
TRAJ-MICRO-V1,12031,222,zero_scale,,,0-2;1-1;2-3,0-2;1-1;2-3,0-2;1-1;2-3,1-1|0-2|2-3|NULL,1-1|0-2|2-3|NULL,3,4,4,2,8,32,1,1,1,0,0.0,15,1
TRAJ-MICRO-V1,12031,223,configured_scale,,,0-1;1-2;2-4,0-1;1-2;2-4,0-1;1-2;2-4,1-2|0-1|2-4|NULL,1-2|0-1|2-4|NULL,3,4,4,2,8,32,1,1,1,0,0.0,15,1
TRAJ-MICRO-V1,12031,223,zero_scale,,,0-1;1-2;2-4,0-1;1-2;2-4,0-1;1-2;2-4,1-2|0-1|2-4|NULL,1-2|0-1|2-4|NULL,3,4,4,2,8,32,1,1,1,0,0.0,15,1
TRAJ-MICRO-V1,12031,224,configured_scale,,,0-1;1-2;2-4,0-1;1-2;2-4,0-1;1-2;2-4,1-2|0-1|2-4|NULL,1-2|0-1|2-4|NULL,3,4,4,2,8,32,1,1,1,0,0.0,15,1
TRAJ-MICRO-V1,12031,224,zero_scale,,,0-3;1-2;2-1,0-3;1-2;2-1,0-3;1-2;2-1,1-2|0-3|2-1|NULL,1-2|0-3|2-1|NULL,3,4,4,2,8,32,1,1,1,0,0.0,15,1
TRAJ-MICRO-V1,12031,225,configured_scale,,,0-1;1-2;2-0,0-1;1-2;2-0,0-1;1-2;2-0,1-2|0-1|2-0|NULL,1-2|0-1|2-0|NULL,3,4,4,2,8,32,1,1,1,0,0.0,15,1
TRAJ-MICRO-V1,12031,225,zero_scale,,,0-1;1-2;2-3,0-1;1-2;2-3,0-1;1-2;2-3,1-2|0-1|2-3|NULL,1-2|0-1|2-3|NULL,3,4,4,2,8,32,1,1,1,0,0.0,15,1
TRAJ-MICRO-V1,12031,226,configured_scale,,,0-1;1-0;2-2,0-1;1-0;2-2,0-1;1-0;2-2,0-1|1-0|2-2|NULL,0-1|1-0|2-2|NULL,3,4,4,2,8,32,1,1,1,0,0.0,15,1
TRAJ-MICRO-V1,12031,226,zero_scale,,,0-1;1-2;2-3,0-1;1-2;2-3,0-1;1-2;2-3,0-1|1-2|2-3|NULL,0-1|1-2|2-3|NULL,3,4,4,2,8,32,1,1,1,0,0.0,15,1
TRAJ-MICRO-V1,12031,227,configured_scale,,,0-0;1-3;2-4,0-0;1-3;2-4,0-0;1-3;2-4,0-0|1-3|2-4|NULL,0-0|1-3|2-4|NULL,3,4,4,2,8,32,1,1,1,0,0.0,15,1
TRAJ-MICRO-V1,12031,227,zero_scale,,,0-0;1-2;2-4,0-0;1-2;2-4,0-0;1-2;2-4,0-0|1-2|2-4|NULL,0-0|1-2|2-4|NULL,3,4,4,2,8,32,1,1,1,0,0.0,15,1
TRAJ-MICRO-V1,12031,228,configured_scale,,,0-0;1-4;2-3,0-0;1-4;2-3,0-0;1-4;2-3,0-0|2-3|1-4|NULL,0-0|2-3|1-4|NULL,3,4,4,2,8,32,1,1,1,0,0.0,15,1
TRAJ-MICRO-V1,12031,228,zero_scale,,,0-1;1-2;2-3,0-1;1-2;2-3,0-1;1-2;2-3,0-1|2-3|1-2|NULL,0-1|2-3|1-2|NULL,3,4,4,2,8,32,1,1,1,0,0.0,15,1
TRAJ-MICRO-V1,12031,229,configured_scale,,,0-4;1-3;2-2,0-4;1-3;2-2,0-4;1-3;2-2,0-4|1-3|2-2|NULL,0-4|1-3|2-2|NULL,3,4,4,2,8,32,1,1,1,0,0.0,15,1
TRAJ-MICRO-V1,12031,229,zero_scale,,,0-1;1-3;2-4,0-1;1-3;2-4,0-1;1-3;2-4,0-1|1-3|2-4|NULL,0-1|1-3|2-4|NULL,3,4,4,2,8,32,1,1,1,0,0.0,15,1
TRAJ-MICRO-V1,12031,230,configured_scale,,,0-3;1-2;2-4,0-3;1-2;2-4,0-3;1-2;2-4,2-4|0-3|1-2|NULL,2-4|0-3|1-2|NULL,3,4,4,2,8,32,1,1,1,0,0.0,15,1
TRAJ-MICRO-V1,12031,230,zero_scale,,,0-0;1-2;2-4,0-0;1-2;2-4,0-0;1-2;2-4,2-4|0-0|1-2|NULL,2-4|0-0|1-2|NULL,3,4,4,2,8,32,1,1,1,0,0.0,15,1
TRAJ-MICRO-V1,12031,231,configured_scale,,,0-2;1-3;2-4,0-2;1-3;2-4,0-2;1-3;2-4,2-4|0-2|1-3|NULL,2-4|0-2|1-3|NULL,3,4,4,2,8,32,1,1,1,0,0.0,15,1
TRAJ-MICRO-V1,12031,231,zero_scale,,,0-2;1-3;2-4,0-2;1-3;2-4,0-2;1-3;2-4,2-4|0-2|1-3|NULL,2-4|0-2|1-3|NULL,3,4,4,2,8,32,1,1,1,0,0.0,15,1
TRAJ-MICRO-V1,12031,232,configured_scale,,,0-1;1-3;2-4,0-1;1-3;2-4,0-1;1-3;2-4,2-4|1-3|0-1|NULL,2-4|1-3|0-1|NULL,3,4,4,2,8,32,1,1,1,0,0.0,15,1
TRAJ-MICRO-V1,12031,232,zero_scale,,,0-1;1-3;2-4,0-1;1-3;2-4,0-1;1-3;2-4,2-4|1-3|0-1|NULL,2-4|1-3|0-1|NULL,3,4,4,2,8,32,1,1,1,0,0.0,15,1
TRAJ-MICRO-V1,12031,233,configured_scale,,,0-0;1-3;2-4,0-0;1-3;2-4,0-0;1-3;2-4,2-4|1-3|0-0|NULL,2-4|1-3|0-0|NULL,3,4,4,2,8,32,1,1,1,0,0.0,15,1
TRAJ-MICRO-V1,12031,233,zero_scale,,,0-0;1-3;2-4,0-0;1-3;2-4,0-0;1-3;2-4,2-4|1-3|0-0|NULL,2-4|1-3|0-0|NULL,3,4,4,2,8,32,1,1,1,0,0.0,15,1
TRAJ-MICRO-V1,12031,234,configured_scale,,,0-2;1-3;2-4,0-2;1-3;2-4,0-2;1-3;2-4,2-4|1-3|0-2|NULL,2-4|1-3|0-2|NULL,3,4,4,2,8,32,1,1,1,0,0.0,15,1
TRAJ-MICRO-V1,12031,234,zero_scale,,,0-2;1-4;2-3,0-2;1-4;2-3,0-2;1-4;2-3,1-4|2-3|0-2|NULL,1-4|2-3|0-2|NULL,3,4,4,2,8,32,1,1,1,0,0.0,15,1
TRAJ-MICRO-V1,12031,235,configured_scale,,,0-1;1-3;2-4,0-1;1-3;2-4,0-1;1-3;2-4,2-4|1-3|0-1|NULL,2-4|1-3|0-1|NULL,3,4,4,2,8,32,1,1,1,0,0.0,15,1
TRAJ-MICRO-V1,12031,235,zero_scale,,,0-1;1-3;2-4,0-1;1-3;2-4,0-1;1-3;2-4,1-3|2-4|0-1|NULL,1-3|2-4|0-1|NULL,3,4,4,2,8,32,1,1,1,0,0.0,15,1
TRAJ-MICRO-V1,12031,236,configured_scale,,,0-3;1-2;2-4,0-3;1-2;2-4,0-3;1-2;2-4,2-4|1-2|0-3|NULL,2-4|1-2|0-3|NULL,3,4,4,2,8,32,1,1,1,0,0.0,15,1
TRAJ-MICRO-V1,12031,236,zero_scale,,,0-3;1-2;2-4,0-3;1-2;2-4,0-3;1-2;2-4,1-2|2-4|0-3|NULL,1-2|2-4|0-3|NULL,3,4,4,2,8,32,1,1,1,0,0.0,15,1
TRAJ-MICRO-V1,12031,237,configured_scale,,,0-1;1-2;2-3,0-1;1-2;2-3,0-1;1-2;2-3,2-3|1-2|0-1|NULL,2-3|1-2|0-1|NULL,3,4,4,2,8,32,1,1,1,0,0.0,15,1
TRAJ-MICRO-V1,12031,237,zero_scale,,,0-2;1-3;2-4,0-2;1-3;2-4,0-2;1-3;2-4,1-3|0-2|2-4|NULL,1-3|0-2|2-4|NULL,3,4,4,2,8,32,1,1,1,0,0.0,15,1
TRAJ-MICRO-V1,12031,238,configured_scale,,,0-4;1-3;2-2,0-4;1-3;2-2,0-4;1-3;2-2,1-3|2-2|0-4|NULL,1-3|2-2|0-4|NULL,3,4,4,2,8,32,1,1,1,0,0.0,15,1
TRAJ-MICRO-V1,12031,238,zero_scale,,,0-1;1-3;2-2,0-1;1-3;2-2,0-1;1-3;2-2,1-3|0-1|2-2|NULL,1-3|0-1|2-2|NULL,3,4,4,2,8,32,1,1,1,0,0.0,15,1
TRAJ-MICRO-V1,12031,239,configured_scale,,,0-3;1-2;2-4,0-3;1-2;2-4,0-3;1-2;2-4,1-2|2-4|0-3|NULL,1-2|2-4|0-3|NULL,3,4,4,2,8,32,1,1,1,0,0.0,15,1
TRAJ-MICRO-V1,12031,239,zero_scale,,,0-3;1-2;2-4,0-3;1-2;2-4,0-3;1-2;2-4,1-2|0-3|2-4|NULL,1-2|0-3|2-4|NULL,3,4,4,2,8,32,1,1,1,0,0.0,15,1
TRAJ-MICRO-V1,12031,240,configured_scale,,,0-1;1-2;2-3,0-1;1-2;2-3,0-1;1-2;2-3,1-2|2-3|0-1|NULL,1-2|2-3|0-1|NULL,3,4,4,2,8,32,1,1,1,0,0.0,15,1
TRAJ-MICRO-V1,12031,240,zero_scale,,,0-1;1-2;2-3,0-1;1-2;2-3,0-1;1-2;2-3,1-2|2-3|0-1|NULL,1-2|2-3|0-1|NULL,3,4,4,2,8,32,1,1,1,0,0.0,15,1
TRAJ-MICRO-V1,12037,1,exploration_public_assignment,3,4,0-0;1-2;2-1,0-0;1-2;2-1,0-0;1-2;2-1,PUBLIC:0-0;1-2;2-1,PUBLIC:0-0;1-2;2-1,3,0,0,0,0,0,1,1,1,0,0.0,15,1
TRAJ-MICRO-V1,12037,2,exploration_public_assignment,10,11,0-0;1-4;2-2,0-0;1-4;2-2,0-0;1-4;2-2,PUBLIC:0-0;1-4;2-2,PUBLIC:0-0;1-4;2-2,3,0,0,0,0,0,1,1,1,0,0.0,15,1
TRAJ-MICRO-V1,12037,3,exploration_public_assignment,17,18,0-1;1-2;2-4,0-1;1-2;2-4,0-1;1-2;2-4,PUBLIC:0-1;1-2;2-4,PUBLIC:0-1;1-2;2-4,3,0,0,0,0,0,1,1,1,0,0.0,15,1
TRAJ-MICRO-V1,12037,4,exploration_public_assignment,24,25,0-2;1-0;2-1,0-2;1-0;2-1,0-2;1-0;2-1,PUBLIC:0-2;1-0;2-1,PUBLIC:0-2;1-0;2-1,3,0,0,0,0,0,1,1,1,0,0.0,15,1
TRAJ-MICRO-V1,12037,5,exploration_public_assignment,31,32,0-2;1-3;2-1,0-2;1-3;2-1,0-2;1-3;2-1,PUBLIC:0-2;1-3;2-1,PUBLIC:0-2;1-3;2-1,3,0,0,0,0,0,1,1,1,0,0.0,15,1
TRAJ-MICRO-V1,12037,6,exploration_public_assignment,38,39,0-3;1-0;2-4,0-3;1-0;2-4,0-3;1-0;2-4,PUBLIC:0-3;1-0;2-4,PUBLIC:0-3;1-0;2-4,3,0,0,0,0,0,1,1,1,0,0.0,15,1
TRAJ-MICRO-V1,12037,7,exploration_public_assignment,45,46,0-3;1-4;2-0,0-3;1-4;2-0,0-3;1-4;2-0,PUBLIC:0-3;1-4;2-0,PUBLIC:0-3;1-4;2-0,3,0,0,0,0,0,1,1,1,0,0.0,15,1
TRAJ-MICRO-V1,12037,8,exploration_public_assignment,52,53,0-4;1-1;2-2,0-4;1-1;2-2,0-4;1-1;2-2,PUBLIC:0-4;1-1;2-2,PUBLIC:0-4;1-1;2-2,3,0,0,0,0,0,1,1,1,0,0.0,15,1
TRAJ-MICRO-V1,12037,9,exploration_public_assignment,59,60,0-4;1-3;2-2,0-4;1-3;2-2,0-4;1-3;2-2,PUBLIC:0-4;1-3;2-2,PUBLIC:0-4;1-3;2-2,3,0,0,0,0,0,1,1,1,0,0.0,15,1
TRAJ-MICRO-V1,12037,10,exploration_public_assignment,6,7,0-0;1-3;2-1,0-0;1-3;2-1,0-0;1-3;2-1,PUBLIC:0-0;1-3;2-1,PUBLIC:0-0;1-3;2-1,3,0,0,0,0,0,1,1,1,0,0.0,15,1
TRAJ-MICRO-V1,12037,11,exploration_public_assignment,13,14,0-1;1-0;2-3,0-1;1-0;2-3,0-1;1-0;2-3,PUBLIC:0-1;1-0;2-3,PUBLIC:0-1;1-0;2-3,3,0,0,0,0,0,1,1,1,0,0.0,15,1
TRAJ-MICRO-V1,12037,12,exploration_public_assignment,20,21,0-1;1-3;2-4,0-1;1-3;2-4,0-1;1-3;2-4,PUBLIC:0-1;1-3;2-4,PUBLIC:0-1;1-3;2-4,3,0,0,0,0,0,1,1,1,0,0.0,15,1
TRAJ-MICRO-V1,12037,13,exploration_public_assignment,27,28,0-2;1-1;2-0,0-2;1-1;2-0,0-2;1-1;2-0,PUBLIC:0-2;1-1;2-0,PUBLIC:0-2;1-1;2-0,3,0,0,0,0,0,1,1,1,0,0.0,15,1
TRAJ-MICRO-V1,12037,14,exploration_public_assignment,34,35,0-2;1-4;2-1,0-2;1-4;2-1,0-2;1-4;2-1,PUBLIC:0-2;1-4;2-1,PUBLIC:0-2;1-4;2-1,3,0,0,0,0,0,1,1,1,0,0.0,15,1
TRAJ-MICRO-V1,12037,15,exploration_public_assignment,41,42,0-3;1-1;2-4,0-3;1-1;2-4,0-3;1-1;2-4,PUBLIC:0-3;1-1;2-4,PUBLIC:0-3;1-1;2-4,3,0,0,0,0,0,1,1,1,0,0.0,15,1
TRAJ-MICRO-V1,12037,16,exploration_public_assignment,48,49,0-4;1-0;2-1,0-4;1-0;2-1,0-4;1-0;2-1,PUBLIC:0-4;1-0;2-1,PUBLIC:0-4;1-0;2-1,3,0,0,0,0,0,1,1,1,0,0.0,15,1
TRAJ-MICRO-V1,12037,17,exploration_public_assignment,55,56,0-4;1-2;2-1,0-4;1-2;2-1,0-4;1-2;2-1,PUBLIC:0-4;1-2;2-1,PUBLIC:0-4;1-2;2-1,3,0,0,0,0,0,1,1,1,0,0.0,15,1
TRAJ-MICRO-V1,12037,18,exploration_public_assignment,2,3,0-0;1-1;2-4,0-0;1-1;2-4,0-0;1-1;2-4,PUBLIC:0-0;1-1;2-4,PUBLIC:0-0;1-1;2-4,3,0,0,0,0,0,1,1,1,0,0.0,15,1
TRAJ-MICRO-V1,12037,19,configured_scale,,,0-1;1-3;2-2,0-1;1-3;2-2,0-1;1-3;2-2,0-1|2-2|1-3|NULL,0-1|2-2|1-3|NULL,3,4,4,2,8,32,1,1,1,0,0.0,15,1
TRAJ-MICRO-V1,12037,19,zero_scale,,,0-1;1-3;2-2,0-1;1-3;2-2,0-1;1-3;2-2,0-1|1-3|2-2|NULL,0-1|1-3|2-2|NULL,3,4,4,2,8,32,1,1,1,0,0.0,15,1
TRAJ-MICRO-V1,12037,20,configured_scale,,,0-0;1-2;2-1,0-0;1-2;2-1,0-0;1-2;2-1,1-2|2-1|0-0|NULL,1-2|2-1|0-0|NULL,3,4,4,2,8,32,1,1,1,0,0.0,15,1
TRAJ-MICRO-V1,12037,20,zero_scale,,,0-3;1-2;2-1,0-3;1-2;2-1,0-3;1-2;2-1,1-2|0-3|2-1|NULL,1-2|0-3|2-1|NULL,3,4,4,2,8,32,1,1,1,0,0.0,15,1
TRAJ-MICRO-V1,12037,21,configured_scale,,,0-2;1-1;2-0,0-2;1-1;2-0,0-2;1-1;2-0,1-1|2-0|0-2|NULL,1-1|2-0|0-2|NULL,3,4,4,2,8,32,1,1,1,0,0.0,15,1
TRAJ-MICRO-V1,12037,21,zero_scale,,,0-2;1-1;2-3,0-2;1-1;2-3,0-2;1-1;2-3,1-1|0-2|2-3|NULL,1-1|0-2|2-3|NULL,3,4,4,2,8,32,1,1,1,0,0.0,15,1
TRAJ-MICRO-V1,12037,22,configured_scale,,,0-4;1-3;2-2,0-4;1-3;2-2,0-4;1-3;2-2,0-4|1-3|2-2|NULL,0-4|1-3|2-2|NULL,3,4,4,2,8,32,1,1,1,0,0.0,15,1
TRAJ-MICRO-V1,12037,22,zero_scale,,,0-1;1-3;2-2,0-1;1-3;2-2,0-1;1-3;2-2,0-1|1-3|2-2|NULL,0-1|1-3|2-2|NULL,3,4,4,2,8,32,1,1,1,0,0.0,15,1
TRAJ-MICRO-V1,12037,23,configured_scale,,,0-1;1-2;2-4,0-1;1-2;2-4,0-1;1-2;2-4,2-4|0-1|1-2|NULL,2-4|0-1|1-2|NULL,3,4,4,2,8,32,1,1,1,0,0.0,15,1
TRAJ-MICRO-V1,12037,23,zero_scale,,,0-1;1-2;2-4,0-1;1-2;2-4,0-1;1-2;2-4,0-1|1-2|2-4|NULL,0-1|1-2|2-4|NULL,3,4,4,2,8,32,1,1,1,0,0.0,15,1
TRAJ-MICRO-V1,12037,24,configured_scale,,,0-0;1-4;2-3,0-0;1-4;2-3,0-0;1-4;2-3,0-0|2-3|1-4|NULL,0-0|2-3|1-4|NULL,3,4,4,2,8,32,1,1,1,0,0.0,15,1
TRAJ-MICRO-V1,12037,24,zero_scale,,,0-0;1-1;2-3,0-0;1-1;2-3,0-0;1-1;2-3,0-0|1-1|2-3|NULL,0-0|1-1|2-3|NULL,3,4,4,2,8,32,1,1,1,0,0.0,15,1
TRAJ-MICRO-V1,12037,25,configured_scale,,,0-1;1-3;2-4,0-1;1-3;2-4,0-1;1-3;2-4,0-1|1-3|2-4|NULL,0-1|1-3|2-4|NULL,3,4,4,2,8,32,1,1,1,0,0.0,15,1
TRAJ-MICRO-V1,12037,25,zero_scale,,,0-1;1-0;2-4,0-1;1-0;2-4,0-1;1-0;2-4,0-1|1-0|2-4|NULL,0-1|1-0|2-4|NULL,3,4,4,2,8,32,1,1,1,0,0.0,15,1
TRAJ-MICRO-V1,12037,26,configured_scale,,,0-0;1-2;2-4,0-0;1-2;2-4,0-0;1-2;2-4,2-4|0-0|1-2|NULL,2-4|0-0|1-2|NULL,3,4,4,2,8,32,1,1,1,0,0.0,15,1
TRAJ-MICRO-V1,12037,26,zero_scale,,,0-0;1-2;2-4,0-0;1-2;2-4,0-0;1-2;2-4,0-0|1-2|2-4|NULL,0-0|1-2|2-4|NULL,3,4,4,2,8,32,1,1,1,0,0.0,15,1
TRAJ-MICRO-V1,12037,27,configured_scale,,,0-2;1-1;2-0,0-2;1-1;2-0,0-2;1-1;2-0,2-0|1-1|0-2|NULL,2-0|1-1|0-2|NULL,3,4,4,2,8,32,1,1,1,0,0.0,15,1
TRAJ-MICRO-V1,12037,27,zero_scale,,,0-0;1-1;2-4,0-0;1-1;2-4,0-0;1-1;2-4,0-0|1-1|2-4|NULL,0-0|1-1|2-4|NULL,3,4,4,2,8,32,1,1,1,0,0.0,15,1
TRAJ-MICRO-V1,12037,28,configured_scale,,,0-1;1-0;2-4,0-1;1-0;2-4,0-1;1-0;2-4,2-4|0-1|1-0|NULL,2-4|0-1|1-0|NULL,3,4,4,2,8,32,1,1,1,0,0.0,15,1
TRAJ-MICRO-V1,12037,28,zero_scale,,,0-1;1-0;2-4,0-1;1-0;2-4,0-1;1-0;2-4,2-4|0-1|1-0|NULL,2-4|0-1|1-0|NULL,3,4,4,2,8,32,1,1,1,0,0.0,15,1
TRAJ-MICRO-V1,12037,29,configured_scale,,,0-0;1-2;2-4,0-0;1-2;2-4,0-0;1-2;2-4,2-4|0-0|1-2|NULL,2-4|0-0|1-2|NULL,3,4,4,2,8,32,1,1,1,0,0.0,15,1
TRAJ-MICRO-V1,12037,29,zero_scale,,,0-0;1-2;2-4,0-0;1-2;2-4,0-0;1-2;2-4,2-4|0-0|1-2|NULL,2-4|0-0|1-2|NULL,3,4,4,2,8,32,1,1,1,0,0.0,15,1
TRAJ-MICRO-V1,12037,30,configured_scale,,,0-0;1-3;2-4,0-0;1-3;2-4,0-0;1-3;2-4,2-4|0-0|1-3|NULL,2-4|0-0|1-3|NULL,3,4,4,2,8,32,1,1,1,0,0.0,15,1
TRAJ-MICRO-V1,12037,30,zero_scale,,,0-0;1-4;2-3,0-0;1-4;2-3,0-0;1-4;2-3,2-3|1-4|0-0|NULL,2-3|1-4|0-0|NULL,3,4,4,2,8,32,1,1,1,0,0.0,15,1
TRAJ-MICRO-V1,12037,31,configured_scale,,,0-4;1-3;2-2,0-4;1-3;2-2,0-4;1-3;2-2,0-4|1-3|2-2|NULL,0-4|1-3|2-2|NULL,3,4,4,2,8,32,1,1,1,0,0.0,15,1
TRAJ-MICRO-V1,12037,31,zero_scale,,,0-4;1-3;2-2,0-4;1-3;2-2,0-4;1-3;2-2,1-3|0-4|2-2|NULL,1-3|0-4|2-2|NULL,3,4,4,2,8,32,1,1,1,0,0.0,15,1
TRAJ-MICRO-V1,12037,32,configured_scale,,,0-3;1-2;2-0,0-3;1-2;2-0,0-3;1-2;2-0,0-3|2-0|1-2|NULL,0-3|2-0|1-2|NULL,3,4,4,2,8,32,1,1,1,0,0.0,15,1
TRAJ-MICRO-V1,12037,32,zero_scale,,,0-0;1-2;2-1,0-0;1-2;2-1,0-0;1-2;2-1,0-0|1-2|2-1|NULL,0-0|1-2|2-1|NULL,3,4,4,2,8,32,1,1,1,0,0.0,15,1
TRAJ-MICRO-V1,12037,33,configured_scale,,,0-4;1-2;2-0,0-4;1-2;2-0,0-4;1-2;2-0,2-0|1-2|0-4|NULL,2-0|1-2|0-4|NULL,3,4,4,2,8,32,1,1,1,0,0.0,15,1
TRAJ-MICRO-V1,12037,33,zero_scale,,,0-2;1-1;2-0,0-2;1-1;2-0,0-2;1-1;2-0,0-2|1-1|2-0|NULL,0-2|1-1|2-0|NULL,3,4,4,2,8,32,1,1,1,0,0.0,15,1
TRAJ-MICRO-V1,12037,34,configured_scale,,,0-4;1-3;2-0,0-4;1-3;2-0,0-4;1-3;2-0,0-4|2-0|1-3|NULL,0-4|2-0|1-3|NULL,3,4,4,2,8,32,1,1,1,0,0.0,15,1
TRAJ-MICRO-V1,12037,34,zero_scale,,,0-4;1-0;2-2,0-4;1-0;2-2,0-4;1-0;2-2,0-4|1-0|2-2|NULL,0-4|1-0|2-2|NULL,3,4,4,2,8,32,1,1,1,0,0.0,15,1
TRAJ-MICRO-V1,12037,35,configured_scale,,,0-0;1-2;2-1,0-0;1-2;2-1,0-0;1-2;2-1,0-0|1-2|2-1|NULL,0-0|1-2|2-1|NULL,3,4,4,2,8,32,1,1,1,0,0.0,15,1
TRAJ-MICRO-V1,12037,35,zero_scale,,,0-0;1-2;2-1,0-0;1-2;2-1,0-0;1-2;2-1,0-0|1-2|2-1|NULL,0-0|1-2|2-1|NULL,3,4,4,2,8,32,1,1,1,0,0.0,15,1
TRAJ-MICRO-V1,12037,36,configured_scale,,,0-1;1-2;2-0,0-1;1-2;2-0,0-1;1-2;2-0,0-1|1-2|2-0|NULL,0-1|1-2|2-0|NULL,3,4,4,2,8,32,1,1,1,0,0.0,15,1
TRAJ-MICRO-V1,12037,36,zero_scale,,,0-1;1-2;2-0,0-1;1-2;2-0,0-1;1-2;2-0,0-1|1-2|2-0|NULL,0-1|1-2|2-0|NULL,3,4,4,2,8,32,1,1,1,0,0.0,15,1
TRAJ-MICRO-V1,12037,37,configured_scale,,,0-1;1-3;2-2,0-1;1-3;2-2,0-1;1-3;2-2,0-1|1-3|2-2|NULL,0-1|1-3|2-2|NULL,3,4,4,2,8,32,1,1,1,0,0.0,15,1
TRAJ-MICRO-V1,12037,37,zero_scale,,,0-1;1-3;2-2,0-1;1-3;2-2,0-1;1-3;2-2,0-1|1-3|2-2|NULL,0-1|1-3|2-2|NULL,3,4,4,2,8,32,1,1,1,0,0.0,15,1
TRAJ-MICRO-V1,12037,38,configured_scale,,,0-0;1-2;2-4,0-0;1-2;2-4,0-0;1-2;2-4,0-0|1-2|2-4|NULL,0-0|1-2|2-4|NULL,3,4,4,2,8,32,1,1,1,0,0.0,15,1
TRAJ-MICRO-V1,12037,38,zero_scale,,,0-0;1-2;2-4,0-0;1-2;2-4,0-0;1-2;2-4,0-0|1-2|2-4|NULL,0-0|1-2|2-4|NULL,3,4,4,2,8,32,1,1,1,0,0.0,15,1
TRAJ-MICRO-V1,12037,39,configured_scale,,,0-2;1-1;2-4,0-2;1-1;2-4,0-2;1-1;2-4,0-2|2-4|1-1|NULL,0-2|2-4|1-1|NULL,3,4,4,2,8,32,1,1,1,0,0.0,15,1
TRAJ-MICRO-V1,12037,39,zero_scale,,,0-2;1-1;2-3,0-2;1-1;2-3,0-2;1-1;2-3,0-2|1-1|2-3|NULL,0-2|1-1|2-3|NULL,3,4,4,2,8,32,1,1,1,0,0.0,15,1
TRAJ-MICRO-V1,12037,40,configured_scale,,,0-1;1-3;2-4,0-1;1-3;2-4,0-1;1-3;2-4,0-1|1-3|2-4|NULL,0-1|1-3|2-4|NULL,3,4,4,2,8,32,1,1,1,0,0.0,15,1
TRAJ-MICRO-V1,12037,40,zero_scale,,,0-1;1-3;2-4,0-1;1-3;2-4,0-1;1-3;2-4,0-1|1-3|2-4|NULL,0-1|1-3|2-4|NULL,3,4,4,2,8,32,1,1,1,0,0.0,15,1
TRAJ-MICRO-V1,12037,41,configured_scale,,,0-3;1-2;2-4,0-3;1-2;2-4,0-3;1-2;2-4,1-2|0-3|2-4|NULL,1-2|0-3|2-4|NULL,3,4,4,2,8,32,1,1,1,0,0.0,15,1
TRAJ-MICRO-V1,12037,41,zero_scale,,,0-3;1-2;2-4,0-3;1-2;2-4,0-3;1-2;2-4,1-2|0-3|2-4|NULL,1-2|0-3|2-4|NULL,3,4,4,2,8,32,1,1,1,0,0.0,15,1
TRAJ-MICRO-V1,12037,42,configured_scale,,,0-0;1-3;2-4,0-0;1-3;2-4,0-0;1-3;2-4,1-3|2-4|0-0|NULL,1-3|2-4|0-0|NULL,3,4,4,2,8,32,1,1,1,0,0.0,15,1
TRAJ-MICRO-V1,12037,42,zero_scale,,,0-2;1-3;2-4,0-2;1-3;2-4,0-2;1-3;2-4,1-3|0-2|2-4|NULL,1-3|0-2|2-4|NULL,3,4,4,2,8,32,1,1,1,0,0.0,15,1
TRAJ-MICRO-V1,12037,43,configured_scale,,,0-0;1-3;2-4,0-0;1-3;2-4,0-0;1-3;2-4,1-3|0-0|2-4|NULL,1-3|0-0|2-4|NULL,3,4,4,2,8,32,1,1,1,0,0.0,15,1
TRAJ-MICRO-V1,12037,43,zero_scale,,,0-1;1-3;2-4,0-1;1-3;2-4,0-1;1-3;2-4,1-3|0-1|2-4|NULL,1-3|0-1|2-4|NULL,3,4,4,2,8,32,1,1,1,0,0.0,15,1
TRAJ-MICRO-V1,12037,44,configured_scale,,,0-1;1-0;2-4,0-1;1-0;2-4,0-1;1-0;2-4,2-4|1-0|0-1|NULL,2-4|1-0|0-1|NULL,3,4,4,2,8,32,1,1,1,0,0.0,15,1
TRAJ-MICRO-V1,12037,44,zero_scale,,,0-0;1-2;2-4,0-0;1-2;2-4,0-0;1-2;2-4,1-2|2-4|0-0|NULL,1-2|2-4|0-0|NULL,3,4,4,2,8,32,1,1,1,0,0.0,15,1
TRAJ-MICRO-V1,12037,45,configured_scale,,,0-0;1-1;2-4,0-0;1-1;2-4,0-0;1-1;2-4,1-1|2-4|0-0|NULL,1-1|2-4|0-0|NULL,3,4,4,2,8,32,1,1,1,0,0.0,15,1
TRAJ-MICRO-V1,12037,45,zero_scale,,,0-2;1-1;2-4,0-2;1-1;2-4,0-2;1-1;2-4,1-1|2-4|0-2|NULL,1-1|2-4|0-2|NULL,3,4,4,2,8,32,1,1,1,0,0.0,15,1
TRAJ-MICRO-V1,12037,46,configured_scale,,,0-1;1-0;2-4,0-1;1-0;2-4,0-1;1-0;2-4,1-0|2-4|0-1|NULL,1-0|2-4|0-1|NULL,3,4,4,2,8,32,1,1,1,0,0.0,15,1
TRAJ-MICRO-V1,12037,46,zero_scale,,,0-1;1-3;2-4,0-1;1-3;2-4,0-1;1-3;2-4,2-4|1-3|0-1|NULL,2-4|1-3|0-1|NULL,3,4,4,2,8,32,1,1,1,0,0.0,15,1
TRAJ-MICRO-V1,12037,47,configured_scale,,,0-1;1-3;2-4,0-1;1-3;2-4,0-1;1-3;2-4,2-4|1-3|0-1|NULL,2-4|1-3|0-1|NULL,3,4,4,2,8,32,1,1,1,0,0.0,15,1
TRAJ-MICRO-V1,12037,47,zero_scale,,,0-3;1-2;2-4,0-3;1-2;2-4,0-3;1-2;2-4,2-4|1-2|0-3|NULL,2-4|1-2|0-3|NULL,3,4,4,2,8,32,1,1,1,0,0.0,15,1
TRAJ-MICRO-V1,12037,48,configured_scale,,,0-4;1-2;2-0,0-4;1-2;2-0,0-4;1-2;2-0,2-0|1-2|0-4|NULL,2-0|1-2|0-4|NULL,3,4,4,2,8,32,1,1,1,0,0.0,15,1
TRAJ-MICRO-V1,12037,48,zero_scale,,,0-3;1-2;2-4,0-3;1-2;2-4,0-3;1-2;2-4,2-4|1-2|0-3|NULL,2-4|1-2|0-3|NULL,3,4,4,2,8,32,1,1,1,0,0.0,15,1
TRAJ-MICRO-V1,12037,49,configured_scale,,,0-3;1-0;2-4,0-3;1-0;2-4,0-3;1-0;2-4,2-4|1-0|0-3|NULL,2-4|1-0|0-3|NULL,3,4,4,2,8,32,1,1,1,0,0.0,15,1
TRAJ-MICRO-V1,12037,49,zero_scale,,,0-1;1-3;2-4,0-1;1-3;2-4,0-1;1-3;2-4,2-4|1-3|0-1|NULL,2-4|1-3|0-1|NULL,3,4,4,2,8,32,1,1,1,0,0.0,15,1
TRAJ-MICRO-V1,12037,50,configured_scale,,,0-4;1-3;2-1,0-4;1-3;2-1,0-4;1-3;2-1,2-1|1-3|0-4|NULL,2-1|1-3|0-4|NULL,3,4,4,2,8,32,1,1,1,0,0.0,15,1
TRAJ-MICRO-V1,12037,50,zero_scale,,,0-3;1-2;2-4,0-3;1-2;2-4,0-3;1-2;2-4,2-4|1-2|0-3|NULL,2-4|1-2|0-3|NULL,3,4,4,2,8,32,1,1,1,0,0.0,15,1
TRAJ-MICRO-V1,12037,51,configured_scale,,,0-3;1-2;2-0,0-3;1-2;2-0,0-3;1-2;2-0,2-0|1-2|0-3|NULL,2-0|1-2|0-3|NULL,3,4,4,2,8,32,1,1,1,0,0.0,15,1
TRAJ-MICRO-V1,12037,51,zero_scale,,,0-1;1-2;2-3,0-1;1-2;2-3,0-1;1-2;2-3,2-3|1-2|0-1|NULL,2-3|1-2|0-1|NULL,3,4,4,2,8,32,1,1,1,0,0.0,15,1
TRAJ-MICRO-V1,12037,52,configured_scale,,,0-1;1-0;2-2,0-1;1-0;2-2,0-1;1-0;2-2,2-2|1-0|0-1|NULL,2-2|1-0|0-1|NULL,3,4,4,2,8,32,1,1,1,0,0.0,15,1
TRAJ-MICRO-V1,12037,52,zero_scale,,,0-1;1-3;2-2,0-1;1-3;2-2,0-1;1-3;2-2,2-2|1-3|0-1|NULL,2-2|1-3|0-1|NULL,3,4,4,2,8,32,1,1,1,0,0.0,15,1
TRAJ-MICRO-V1,12037,53,configured_scale,,,0-1;1-3;2-4,0-1;1-3;2-4,0-1;1-3;2-4,2-4|0-1|1-3|NULL,2-4|0-1|1-3|NULL,3,4,4,2,8,32,1,1,1,0,0.0,15,1
TRAJ-MICRO-V1,12037,53,zero_scale,,,0-0;1-2;2-4,0-0;1-2;2-4,0-0;1-2;2-4,2-4|1-2|0-0|NULL,2-4|1-2|0-0|NULL,3,4,4,2,8,32,1,1,1,0,0.0,15,1
TRAJ-MICRO-V1,12037,54,configured_scale,,,0-0;1-2;2-3,0-0;1-2;2-3,0-0;1-2;2-3,2-3|1-2|0-0|NULL,2-3|1-2|0-0|NULL,3,4,4,2,8,32,1,1,1,0,0.0,15,1
TRAJ-MICRO-V1,12037,54,zero_scale,,,0-2;1-1;2-3,0-2;1-1;2-3,0-2;1-1;2-3,2-3|0-2|1-1|NULL,2-3|0-2|1-1|NULL,3,4,4,2,8,32,1,1,1,0,0.0,15,1
TRAJ-MICRO-V1,12037,55,configured_scale,,,0-1;1-3;2-2,0-1;1-3;2-2,0-1;1-3;2-2,2-2|1-3|0-1|NULL,2-2|1-3|0-1|NULL,3,4,4,2,8,32,1,1,1,0,0.0,15,1
TRAJ-MICRO-V1,12037,55,zero_scale,,,0-1;1-3;2-2,0-1;1-3;2-2,0-1;1-3;2-2,2-2|1-3|0-1|NULL,2-2|1-3|0-1|NULL,3,4,4,2,8,32,1,1,1,0,0.0,15,1
TRAJ-MICRO-V1,12037,56,configured_scale,,,0-1;1-2;2-4,0-1;1-2;2-4,0-1;1-2;2-4,2-4|1-2|0-1|NULL,2-4|1-2|0-1|NULL,3,4,4,2,8,32,1,1,1,0,0.0,15,1
TRAJ-MICRO-V1,12037,56,zero_scale,,,0-0;1-2;2-4,0-0;1-2;2-4,0-0;1-2;2-4,2-4|1-2|0-0|NULL,2-4|1-2|0-0|NULL,3,4,4,2,8,32,1,1,1,0,0.0,15,1
TRAJ-MICRO-V1,12037,57,configured_scale,,,0-2;1-1;2-4,0-2;1-1;2-4,0-2;1-1;2-4,2-4|1-1|0-2|NULL,2-4|1-1|0-2|NULL,3,4,4,2,8,32,1,1,1,0,0.0,15,1
TRAJ-MICRO-V1,12037,57,zero_scale,,,0-2;1-1;2-4,0-2;1-1;2-4,0-2;1-1;2-4,2-4|1-1|0-2|NULL,2-4|1-1|0-2|NULL,3,4,4,2,8,32,1,1,1,0,0.0,15,1
TRAJ-MICRO-V1,12037,58,configured_scale,,,0-1;1-3;2-4,0-1;1-3;2-4,0-1;1-3;2-4,2-4|0-1|1-3|NULL,2-4|0-1|1-3|NULL,3,4,4,2,8,32,1,1,1,0,0.0,15,1
TRAJ-MICRO-V1,12037,58,zero_scale,,,0-1;1-3;2-4,0-1;1-3;2-4,0-1;1-3;2-4,2-4|0-1|1-3|NULL,2-4|0-1|1-3|NULL,3,4,4,2,8,32,1,1,1,0,0.0,15,1
TRAJ-MICRO-V1,12037,59,configured_scale,,,0-0;1-3;2-4,0-0;1-3;2-4,0-0;1-3;2-4,2-4|1-3|0-0|NULL,2-4|1-3|0-0|NULL,3,4,4,2,8,32,1,1,1,0,0.0,15,1
TRAJ-MICRO-V1,12037,59,zero_scale,,,0-0;1-2;2-4,0-0;1-2;2-4,0-0;1-2;2-4,2-4|1-2|0-0|NULL,2-4|1-2|0-0|NULL,3,4,4,2,8,32,1,1,1,0,0.0,15,1
TRAJ-MICRO-V1,12037,60,configured_scale,,,0-1;1-4;2-0,0-1;1-4;2-0,0-1;1-4;2-0,2-0|1-4|0-1|NULL,2-0|1-4|0-1|NULL,3,4,4,2,8,32,1,1,1,0,0.0,15,1
TRAJ-MICRO-V1,12037,60,zero_scale,,,0-0;1-4;2-3,0-0;1-4;2-3,0-0;1-4;2-3,2-3|1-4|0-0|NULL,2-3|1-4|0-0|NULL,3,4,4,2,8,32,1,1,1,0,0.0,15,1
TRAJ-MICRO-V1,12037,61,configured_scale,,,0-0;1-3;2-4,0-0;1-3;2-4,0-0;1-3;2-4,1-3|2-4|0-0|NULL,1-3|2-4|0-0|NULL,3,4,4,2,8,32,1,1,1,0,0.0,15,1
TRAJ-MICRO-V1,12037,61,zero_scale,,,0-1;1-3;2-4,0-1;1-3;2-4,0-1;1-3;2-4,1-3|2-4|0-1|NULL,1-3|2-4|0-1|NULL,3,4,4,2,8,32,1,1,1,0,0.0,15,1
TRAJ-MICRO-V1,12037,62,configured_scale,,,0-0;1-2;2-4,0-0;1-2;2-4,0-0;1-2;2-4,2-4|1-2|0-0|NULL,2-4|1-2|0-0|NULL,3,4,4,2,8,32,1,1,1,0,0.0,15,1
TRAJ-MICRO-V1,12037,62,zero_scale,,,0-0;1-2;2-4,0-0;1-2;2-4,0-0;1-2;2-4,1-2|2-4|0-0|NULL,1-2|2-4|0-0|NULL,3,4,4,2,8,32,1,1,1,0,0.0,15,1
TRAJ-MICRO-V1,12037,63,configured_scale,,,0-2;1-4;2-0,0-2;1-4;2-0,0-2;1-4;2-0,1-4|2-0|0-2|NULL,1-4|2-0|0-2|NULL,3,4,4,2,8,32,1,1,1,0,0.0,15,1
TRAJ-MICRO-V1,12037,63,zero_scale,,,0-1;1-2;2-0,0-1;1-2;2-0,0-1;1-2;2-0,1-2|2-0|0-1|NULL,1-2|2-0|0-1|NULL,3,4,4,2,8,32,1,1,1,0,0.0,15,1
TRAJ-MICRO-V1,12037,64,configured_scale,,,0-0;1-3;2-4,0-0;1-3;2-4,0-0;1-3;2-4,1-3|2-4|0-0|NULL,1-3|2-4|0-0|NULL,3,4,4,2,8,32,1,1,1,0,0.0,15,1
TRAJ-MICRO-V1,12037,64,zero_scale,,,0-1;1-3;2-2,0-1;1-3;2-2,0-1;1-3;2-2,1-3|0-1|2-2|NULL,1-3|0-1|2-2|NULL,3,4,4,2,8,32,1,1,1,0,0.0,15,1
TRAJ-MICRO-V1,12037,65,configured_scale,,,0-0;1-2;2-4,0-0;1-2;2-4,0-0;1-2;2-4,1-2|2-4|0-0|NULL,1-2|2-4|0-0|NULL,3,4,4,2,8,32,1,1,1,0,0.0,15,1
TRAJ-MICRO-V1,12037,65,zero_scale,,,0-0;1-2;2-4,0-0;1-2;2-4,0-0;1-2;2-4,1-2|0-0|2-4|NULL,1-2|0-0|2-4|NULL,3,4,4,2,8,32,1,1,1,0,0.0,15,1
TRAJ-MICRO-V1,12037,66,configured_scale,,,0-2;1-4;2-0,0-2;1-4;2-0,0-2;1-4;2-0,1-4|2-0|0-2|NULL,1-4|2-0|0-2|NULL,3,4,4,2,8,32,1,1,1,0,0.0,15,1
TRAJ-MICRO-V1,12037,66,zero_scale,,,0-2;1-4;2-0,0-2;1-4;2-0,0-2;1-4;2-0,1-4|2-0|0-2|NULL,1-4|2-0|0-2|NULL,3,4,4,2,8,32,1,1,1,0,0.0,15,1
TRAJ-MICRO-V1,12037,67,configured_scale,,,0-0;1-3;2-4,0-0;1-3;2-4,0-0;1-3;2-4,1-3|2-4|0-0|NULL,1-3|2-4|0-0|NULL,3,4,4,2,8,32,1,1,1,0,0.0,15,1
TRAJ-MICRO-V1,12037,67,zero_scale,,,0-1;1-3;2-4,0-1;1-3;2-4,0-1;1-3;2-4,1-3|0-1|2-4|NULL,1-3|0-1|2-4|NULL,3,4,4,2,8,32,1,1,1,0,0.0,15,1
TRAJ-MICRO-V1,12037,68,configured_scale,,,0-0;1-2;2-4,0-0;1-2;2-4,0-0;1-2;2-4,0-0|2-4|1-2|NULL,0-0|2-4|1-2|NULL,3,4,4,2,8,32,1,1,1,0,0.0,15,1
TRAJ-MICRO-V1,12037,68,zero_scale,,,0-0;1-2;2-4,0-0;1-2;2-4,0-0;1-2;2-4,0-0|2-4|1-2|NULL,0-0|2-4|1-2|NULL,3,4,4,2,8,32,1,1,1,0,0.0,15,1
TRAJ-MICRO-V1,12037,69,configured_scale,,,0-0;1-1;2-4,0-0;1-1;2-4,0-0;1-1;2-4,0-0|2-4|1-1|NULL,0-0|2-4|1-1|NULL,3,4,4,2,8,32,1,1,1,0,0.0,15,1
TRAJ-MICRO-V1,12037,69,zero_scale,,,0-0;1-1;2-4,0-0;1-1;2-4,0-0;1-1;2-4,0-0|1-1|2-4|NULL,0-0|1-1|2-4|NULL,3,4,4,2,8,32,1,1,1,0,0.0,15,1
TRAJ-MICRO-V1,12037,70,configured_scale,,,0-1;1-0;2-4,0-1;1-0;2-4,0-1;1-0;2-4,0-1|1-0|2-4|NULL,0-1|1-0|2-4|NULL,3,4,4,2,8,32,1,1,1,0,0.0,15,1
TRAJ-MICRO-V1,12037,70,zero_scale,,,0-1;1-0;2-4,0-1;1-0;2-4,0-1;1-0;2-4,0-1|1-0|2-4|NULL,0-1|1-0|2-4|NULL,3,4,4,2,8,32,1,1,1,0,0.0,15,1
TRAJ-MICRO-V1,12037,71,configured_scale,,,0-0;1-2;2-4,0-0;1-2;2-4,0-0;1-2;2-4,0-0|1-2|2-4|NULL,0-0|1-2|2-4|NULL,3,4,4,2,8,32,1,1,1,0,0.0,15,1
TRAJ-MICRO-V1,12037,71,zero_scale,,,0-0;1-2;2-4,0-0;1-2;2-4,0-0;1-2;2-4,0-0|1-2|2-4|NULL,0-0|1-2|2-4|NULL,3,4,4,2,8,32,1,1,1,0,0.0,15,1
TRAJ-MICRO-V1,12037,72,configured_scale,,,0-0;1-1;2-3,0-0;1-1;2-3,0-0;1-1;2-3,0-0|1-1|2-3|NULL,0-0|1-1|2-3|NULL,3,4,4,2,8,32,1,1,1,0,0.0,15,1
TRAJ-MICRO-V1,12037,72,zero_scale,,,0-0;1-1;2-3,0-0;1-1;2-3,0-0;1-1;2-3,0-0|1-1|2-3|NULL,0-0|1-1|2-3|NULL,3,4,4,2,8,32,1,1,1,0,0.0,15,1
TRAJ-MICRO-V1,12037,73,configured_scale,,,0-1;1-0;2-2,0-1;1-0;2-2,0-1;1-0;2-2,0-1|1-0|2-2|NULL,0-1|1-0|2-2|NULL,3,4,4,2,8,32,1,1,1,0,0.0,15,1
TRAJ-MICRO-V1,12037,73,zero_scale,,,0-1;1-0;2-2,0-1;1-0;2-2,0-1;1-0;2-2,0-1|1-0|2-2|NULL,0-1|1-0|2-2|NULL,3,4,4,2,8,32,1,1,1,0,0.0,15,1
TRAJ-MICRO-V1,12037,74,configured_scale,,,0-1;1-2;2-4,0-1;1-2;2-4,0-1;1-2;2-4,0-1|1-2|2-4|NULL,0-1|1-2|2-4|NULL,3,4,4,2,8,32,1,1,1,0,0.0,15,1
TRAJ-MICRO-V1,12037,74,zero_scale,,,0-1;1-2;2-4,0-1;1-2;2-4,0-1;1-2;2-4,0-1|1-2|2-4|NULL,0-1|1-2|2-4|NULL,3,4,4,2,8,32,1,1,1,0,0.0,15,1
TRAJ-MICRO-V1,12037,75,configured_scale,,,0-1;1-2;2-0,0-1;1-2;2-0,0-1;1-2;2-0,1-2|0-1|2-0|NULL,1-2|0-1|2-0|NULL,3,4,4,2,8,32,1,1,1,0,0.0,15,1
TRAJ-MICRO-V1,12037,75,zero_scale,,,0-2;1-1;2-0,0-2;1-1;2-0,0-2;1-1;2-0,0-2|1-1|2-0|NULL,0-2|1-1|2-0|NULL,3,4,4,2,8,32,1,1,1,0,0.0,15,1
TRAJ-MICRO-V1,12037,76,configured_scale,,,0-1;1-2;2-3,0-1;1-2;2-3,0-1;1-2;2-3,1-2|0-1|2-3|NULL,1-2|0-1|2-3|NULL,3,4,4,2,8,32,1,1,1,0,0.0,15,1
TRAJ-MICRO-V1,12037,76,zero_scale,,,0-1;1-2;2-3,0-1;1-2;2-3,0-1;1-2;2-3,1-2|0-1|2-3|NULL,1-2|0-1|2-3|NULL,3,4,4,2,8,32,1,1,1,0,0.0,15,1
TRAJ-MICRO-V1,12037,77,configured_scale,,,0-3;1-2;2-1,0-3;1-2;2-1,0-3;1-2;2-1,1-2|0-3|2-1|NULL,1-2|0-3|2-1|NULL,3,4,4,2,8,32,1,1,1,0,0.0,15,1
TRAJ-MICRO-V1,12037,77,zero_scale,,,0-3;1-2;2-1,0-3;1-2;2-1,0-3;1-2;2-1,1-2|0-3|2-1|NULL,1-2|0-3|2-1|NULL,3,4,4,2,8,32,1,1,1,0,0.0,15,1
TRAJ-MICRO-V1,12037,78,configured_scale,,,0-4;1-2;2-3,0-4;1-2;2-3,0-4;1-2;2-3,2-3|1-2|0-4|NULL,2-3|1-2|0-4|NULL,3,4,4,2,8,32,1,1,1,0,0.0,15,1
TRAJ-MICRO-V1,12037,78,zero_scale,,,0-1;1-2;2-3,0-1;1-2;2-3,0-1;1-2;2-3,1-2|2-3|0-1|NULL,1-2|2-3|0-1|NULL,3,4,4,2,8,32,1,1,1,0,0.0,15,1
TRAJ-MICRO-V1,12037,79,configured_scale,,,0-4;1-2;2-3,0-4;1-2;2-3,0-4;1-2;2-3,2-3|1-2|0-4|NULL,2-3|1-2|0-4|NULL,3,4,4,2,8,32,1,1,1,0,0.0,15,1
TRAJ-MICRO-V1,12037,79,zero_scale,,,0-1;1-3;2-2,0-1;1-3;2-2,0-1;1-3;2-2,1-3|2-2|0-1|NULL,1-3|2-2|0-1|NULL,3,4,4,2,8,32,1,1,1,0,0.0,15,1
TRAJ-MICRO-V1,12037,80,configured_scale,,,0-1;1-3;2-4,0-1;1-3;2-4,0-1;1-3;2-4,2-4|1-3|0-1|NULL,2-4|1-3|0-1|NULL,3,4,4,2,8,32,1,1,1,0,0.0,15,1
TRAJ-MICRO-V1,12037,80,zero_scale,,,0-3;1-2;2-4,0-3;1-2;2-4,0-3;1-2;2-4,1-2|0-3|2-4|NULL,1-2|0-3|2-4|NULL,3,4,4,2,8,32,1,1,1,0,0.0,15,1
TRAJ-MICRO-V1,12037,81,configured_scale,,,0-1;1-2;2-3,0-1;1-2;2-3,0-1;1-2;2-3,2-3|1-2|0-1|NULL,2-3|1-2|0-1|NULL,3,4,4,2,8,32,1,1,1,0,0.0,15,1
TRAJ-MICRO-V1,12037,81,zero_scale,,,0-1;1-2;2-3,0-1;1-2;2-3,0-1;1-2;2-3,0-1|2-3|1-2|NULL,0-1|2-3|1-2|NULL,3,4,4,2,8,32,1,1,1,0,0.0,15,1
TRAJ-MICRO-V1,12037,82,configured_scale,,,0-1;1-3;2-4,0-1;1-3;2-4,0-1;1-3;2-4,2-4|0-1|1-3|NULL,2-4|0-1|1-3|NULL,3,4,4,2,8,32,1,1,1,0,0.0,15,1
TRAJ-MICRO-V1,12037,82,zero_scale,,,0-1;1-3;2-4,0-1;1-3;2-4,0-1;1-3;2-4,0-1|2-4|1-3|NULL,0-1|2-4|1-3|NULL,3,4,4,2,8,32,1,1,1,0,0.0,15,1
TRAJ-MICRO-V1,12037,83,configured_scale,,,0-0;1-3;2-4,0-0;1-3;2-4,0-0;1-3;2-4,2-4|0-0|1-3|NULL,2-4|0-0|1-3|NULL,3,4,4,2,8,32,1,1,1,0,0.0,15,1
TRAJ-MICRO-V1,12037,83,zero_scale,,,0-0;1-2;2-4,0-0;1-2;2-4,0-0;1-2;2-4,2-4|0-0|1-2|NULL,2-4|0-0|1-2|NULL,3,4,4,2,8,32,1,1,1,0,0.0,15,1
TRAJ-MICRO-V1,12037,84,configured_scale,,,0-0;1-3;2-4,0-0;1-3;2-4,0-0;1-3;2-4,2-4|1-3|0-0|NULL,2-4|1-3|0-0|NULL,3,4,4,2,8,32,1,1,1,0,0.0,15,1
TRAJ-MICRO-V1,12037,84,zero_scale,,,0-2;1-3;2-4,0-2;1-3;2-4,0-2;1-3;2-4,2-4|0-2|1-3|NULL,2-4|0-2|1-3|NULL,3,4,4,2,8,32,1,1,1,0,0.0,15,1
TRAJ-MICRO-V1,12037,85,configured_scale,,,0-1;1-3;2-4,0-1;1-3;2-4,0-1;1-3;2-4,2-4|1-3|0-1|NULL,2-4|1-3|0-1|NULL,3,4,4,2,8,32,1,1,1,0,0.0,15,1
TRAJ-MICRO-V1,12037,85,zero_scale,,,0-1;1-3;2-4,0-1;1-3;2-4,0-1;1-3;2-4,2-4|1-3|0-1|NULL,2-4|1-3|0-1|NULL,3,4,4,2,8,32,1,1,1,0,0.0,15,1
TRAJ-MICRO-V1,12037,86,configured_scale,,,0-3;1-2;2-4,0-3;1-2;2-4,0-3;1-2;2-4,2-4|0-3|1-2|NULL,2-4|0-3|1-2|NULL,3,4,4,2,8,32,1,1,1,0,0.0,15,1
TRAJ-MICRO-V1,12037,86,zero_scale,,,0-3;1-2;2-4,0-3;1-2;2-4,0-3;1-2;2-4,2-4|0-3|1-2|NULL,2-4|0-3|1-2|NULL,3,4,4,2,8,32,1,1,1,0,0.0,15,1
TRAJ-MICRO-V1,12037,87,configured_scale,,,0-2;1-3;2-4,0-2;1-3;2-4,0-2;1-3;2-4,2-4|0-2|1-3|NULL,2-4|0-2|1-3|NULL,3,4,4,2,8,32,1,1,1,0,0.0,15,1
TRAJ-MICRO-V1,12037,87,zero_scale,,,0-2;1-3;2-4,0-2;1-3;2-4,0-2;1-3;2-4,2-4|1-3|0-2|NULL,2-4|1-3|0-2|NULL,3,4,4,2,8,32,1,1,1,0,0.0,15,1
TRAJ-MICRO-V1,12037,88,configured_scale,,,0-1;1-3;2-4,0-1;1-3;2-4,0-1;1-3;2-4,2-4|1-3|0-1|NULL,2-4|1-3|0-1|NULL,3,4,4,2,8,32,1,1,1,0,0.0,15,1
TRAJ-MICRO-V1,12037,88,zero_scale,,,0-1;1-3;2-4,0-1;1-3;2-4,0-1;1-3;2-4,2-4|1-3|0-1|NULL,2-4|1-3|0-1|NULL,3,4,4,2,8,32,1,1,1,0,0.0,15,1
TRAJ-MICRO-V1,12037,89,configured_scale,,,0-0;1-3;2-4,0-0;1-3;2-4,0-0;1-3;2-4,1-3|2-4|0-0|NULL,1-3|2-4|0-0|NULL,3,4,4,2,8,32,1,1,1,0,0.0,15,1
TRAJ-MICRO-V1,12037,89,zero_scale,,,0-0;1-3;2-4,0-0;1-3;2-4,0-0;1-3;2-4,1-3|2-4|0-0|NULL,1-3|2-4|0-0|NULL,3,4,4,2,8,32,1,1,1,0,0.0,15,1
TRAJ-MICRO-V1,12037,90,configured_scale,,,0-3;1-2;2-4,0-3;1-2;2-4,0-3;1-2;2-4,0-3|1-2|2-4|NULL,0-3|1-2|2-4|NULL,3,4,4,2,8,32,1,1,1,0,0.0,15,1
TRAJ-MICRO-V1,12037,90,zero_scale,,,0-2;1-3;2-4,0-2;1-3;2-4,0-2;1-3;2-4,0-2|1-3|2-4|NULL,0-2|1-3|2-4|NULL,3,4,4,2,8,32,1,1,1,0,0.0,15,1
TRAJ-MICRO-V1,12037,91,configured_scale,,,0-4;1-2;2-3,0-4;1-2;2-3,0-4;1-2;2-3,0-4|1-2|2-3|NULL,0-4|1-2|2-3|NULL,3,4,4,2,8,32,1,1,1,0,0.0,15,1
TRAJ-MICRO-V1,12037,91,zero_scale,,,0-1;1-3;2-2,0-1;1-3;2-2,0-1;1-3;2-2,0-1|1-3|2-2|NULL,0-1|1-3|2-2|NULL,3,4,4,2,8,32,1,1,1,0,0.0,15,1
TRAJ-MICRO-V1,12037,92,configured_scale,,,0-3;1-2;2-1,0-3;1-2;2-1,0-3;1-2;2-1,1-2|0-3|2-1|NULL,1-2|0-3|2-1|NULL,3,4,4,2,8,32,1,1,1,0,0.0,15,1
TRAJ-MICRO-V1,12037,92,zero_scale,,,0-3;1-2;2-1,0-3;1-2;2-1,0-3;1-2;2-1,1-2|0-3|2-1|NULL,1-2|0-3|2-1|NULL,3,4,4,2,8,32,1,1,1,0,0.0,15,1
TRAJ-MICRO-V1,12037,93,configured_scale,,,0-1;1-2;2-0,0-1;1-2;2-0,0-1;1-2;2-0,1-2|0-1|2-0|NULL,1-2|0-1|2-0|NULL,3,4,4,2,8,32,1,1,1,0,0.0,15,1
TRAJ-MICRO-V1,12037,93,zero_scale,,,0-1;1-2;2-3,0-1;1-2;2-3,0-1;1-2;2-3,1-2|0-1|2-3|NULL,1-2|0-1|2-3|NULL,3,4,4,2,8,32,1,1,1,0,0.0,15,1
TRAJ-MICRO-V1,12037,94,configured_scale,,,0-1;1-3;2-2,0-1;1-3;2-2,0-1;1-3;2-2,1-3|0-1|2-2|NULL,1-3|0-1|2-2|NULL,3,4,4,2,8,32,1,1,1,0,0.0,15,1
TRAJ-MICRO-V1,12037,94,zero_scale,,,0-1;1-3;2-2,0-1;1-3;2-2,0-1;1-3;2-2,1-3|0-1|2-2|NULL,1-3|0-1|2-2|NULL,3,4,4,2,8,32,1,1,1,0,0.0,15,1
TRAJ-MICRO-V1,12037,95,configured_scale,,,0-1;1-3;2-4,0-1;1-3;2-4,0-1;1-3;2-4,1-3|2-4|0-1|NULL,1-3|2-4|0-1|NULL,3,4,4,2,8,32,1,1,1,0,0.0,15,1
TRAJ-MICRO-V1,12037,95,zero_scale,,,0-1;1-2;2-4,0-1;1-2;2-4,0-1;1-2;2-4,1-2|2-4|0-1|NULL,1-2|2-4|0-1|NULL,3,4,4,2,8,32,1,1,1,0,0.0,15,1
TRAJ-MICRO-V1,12037,96,configured_scale,,,0-1;1-4;2-3,0-1;1-4;2-3,0-1;1-4;2-3,1-4|2-3|0-1|NULL,1-4|2-3|0-1|NULL,3,4,4,2,8,32,1,1,1,0,0.0,15,1
TRAJ-MICRO-V1,12037,96,zero_scale,,,0-1;1-4;2-3,0-1;1-4;2-3,0-1;1-4;2-3,1-4|2-3|0-1|NULL,1-4|2-3|0-1|NULL,3,4,4,2,8,32,1,1,1,0,0.0,15,1
TRAJ-MICRO-V1,12037,97,configured_scale,,,0-1;1-0;2-4,0-1;1-0;2-4,0-1;1-0;2-4,1-0|2-4|0-1|NULL,1-0|2-4|0-1|NULL,3,4,4,2,8,32,1,1,1,0,0.0,15,1
TRAJ-MICRO-V1,12037,97,zero_scale,,,0-1;1-3;2-4,0-1;1-3;2-4,0-1;1-3;2-4,1-3|2-4|0-1|NULL,1-3|2-4|0-1|NULL,3,4,4,2,8,32,1,1,1,0,0.0,15,1
TRAJ-MICRO-V1,12037,98,configured_scale,,,0-1;1-0;2-4,0-1;1-0;2-4,0-1;1-0;2-4,2-4|1-0|0-1|NULL,2-4|1-0|0-1|NULL,3,4,4,2,8,32,1,1,1,0,0.0,15,1
TRAJ-MICRO-V1,12037,98,zero_scale,,,0-0;1-2;2-4,0-0;1-2;2-4,0-0;1-2;2-4,2-4|0-0|1-2|NULL,2-4|0-0|1-2|NULL,3,4,4,2,8,32,1,1,1,0,0.0,15,1
TRAJ-MICRO-V1,12037,99,configured_scale,,,0-2;1-1;2-0,0-2;1-1;2-0,0-2;1-1;2-0,2-0|1-1|0-2|NULL,2-0|1-1|0-2|NULL,3,4,4,2,8,32,1,1,1,0,0.0,15,1
TRAJ-MICRO-V1,12037,99,zero_scale,,,0-0;1-1;2-4,0-0;1-1;2-4,0-0;1-1;2-4,1-1|0-0|2-4|NULL,1-1|0-0|2-4|NULL,3,4,4,2,8,32,1,1,1,0,0.0,15,1
TRAJ-MICRO-V1,12037,100,configured_scale,,,0-1;1-0;2-4,0-1;1-0;2-4,0-1;1-0;2-4,1-0|2-4|0-1|NULL,1-0|2-4|0-1|NULL,3,4,4,2,8,32,1,1,1,0,0.0,15,1
TRAJ-MICRO-V1,12037,100,zero_scale,,,0-1;1-0;2-4,0-1;1-0;2-4,0-1;1-0;2-4,1-0|0-1|2-4|NULL,1-0|0-1|2-4|NULL,3,4,4,2,8,32,1,1,1,0,0.0,15,1
TRAJ-MICRO-V1,12037,101,configured_scale,,,0-0;1-2;2-4,0-0;1-2;2-4,0-0;1-2;2-4,0-0|2-4|1-2|NULL,0-0|2-4|1-2|NULL,3,4,4,2,8,32,1,1,1,0,0.0,15,1
TRAJ-MICRO-V1,12037,101,zero_scale,,,0-0;1-2;2-4,0-0;1-2;2-4,0-0;1-2;2-4,0-0|1-2|2-4|NULL,0-0|1-2|2-4|NULL,3,4,4,2,8,32,1,1,1,0,0.0,15,1
TRAJ-MICRO-V1,12037,102,configured_scale,,,0-1;1-2;2-0,0-1;1-2;2-0,0-1;1-2;2-0,2-0|0-1|1-2|NULL,2-0|0-1|1-2|NULL,3,4,4,2,8,32,1,1,1,0,0.0,15,1
TRAJ-MICRO-V1,12037,102,zero_scale,,,0-0;1-1;2-3,0-0;1-1;2-3,0-0;1-1;2-3,0-0|1-1|2-3|NULL,0-0|1-1|2-3|NULL,3,4,4,2,8,32,1,1,1,0,0.0,15,1
TRAJ-MICRO-V1,12037,103,configured_scale,,,0-1;1-2;2-0,0-1;1-2;2-0,0-1;1-2;2-0,2-0|0-1|1-2|NULL,2-0|0-1|1-2|NULL,3,4,4,2,8,32,1,1,1,0,0.0,15,1
TRAJ-MICRO-V1,12037,103,zero_scale,,,0-1;1-0;2-2,0-1;1-0;2-2,0-1;1-0;2-2,1-0|0-1|2-2|NULL,1-0|0-1|2-2|NULL,3,4,4,2,8,32,1,1,1,0,0.0,15,1
TRAJ-MICRO-V1,12037,104,configured_scale,,,0-1;1-2;2-0,0-1;1-2;2-0,0-1;1-2;2-0,2-0|1-2|0-1|NULL,2-0|1-2|0-1|NULL,3,4,4,2,8,32,1,1,1,0,0.0,15,1
TRAJ-MICRO-V1,12037,104,zero_scale,,,0-1;1-2;2-0,0-1;1-2;2-0,0-1;1-2;2-0,1-2|2-0|0-1|NULL,1-2|2-0|0-1|NULL,3,4,4,2,8,32,1,1,1,0,0.0,15,1
TRAJ-MICRO-V1,12037,105,configured_scale,,,0-1;1-2;2-0,0-1;1-2;2-0,0-1;1-2;2-0,2-0|1-2|0-1|NULL,2-0|1-2|0-1|NULL,3,4,4,2,8,32,1,1,1,0,0.0,15,1
TRAJ-MICRO-V1,12037,105,zero_scale,,,0-1;1-2;2-0,0-1;1-2;2-0,0-1;1-2;2-0,2-0|1-2|0-1|NULL,2-0|1-2|0-1|NULL,3,4,4,2,8,32,1,1,1,0,0.0,15,1
TRAJ-MICRO-V1,12037,106,configured_scale,,,0-1;1-3;2-0,0-1;1-3;2-0,0-1;1-3;2-0,2-0|1-3|0-1|NULL,2-0|1-3|0-1|NULL,3,4,4,2,8,32,1,1,1,0,0.0,15,1
TRAJ-MICRO-V1,12037,106,zero_scale,,,0-1;1-3;2-2,0-1;1-3;2-2,0-1;1-3;2-2,2-2|1-3|0-1|NULL,2-2|1-3|0-1|NULL,3,4,4,2,8,32,1,1,1,0,0.0,15,1
TRAJ-MICRO-V1,12037,107,configured_scale,,,0-0;1-2;2-4,0-0;1-2;2-4,0-0;1-2;2-4,2-4|1-2|0-0|NULL,2-4|1-2|0-0|NULL,3,4,4,2,8,32,1,1,1,0,0.0,15,1
TRAJ-MICRO-V1,12037,107,zero_scale,,,0-0;1-2;2-4,0-0;1-2;2-4,0-0;1-2;2-4,2-4|1-2|0-0|NULL,2-4|1-2|0-0|NULL,3,4,4,2,8,32,1,1,1,0,0.0,15,1
TRAJ-MICRO-V1,12037,108,configured_scale,,,0-1;1-2;2-0,0-1;1-2;2-0,0-1;1-2;2-0,2-0|1-2|0-1|NULL,2-0|1-2|0-1|NULL,3,4,4,2,8,32,1,1,1,0,0.0,15,1
TRAJ-MICRO-V1,12037,108,zero_scale,,,0-1;1-2;2-0,0-1;1-2;2-0,0-1;1-2;2-0,2-0|1-2|0-1|NULL,2-0|1-2|0-1|NULL,3,4,4,2,8,32,1,1,1,0,0.0,15,1
TRAJ-MICRO-V1,12037,109,configured_scale,,,0-1;1-2;2-0,0-1;1-2;2-0,0-1;1-2;2-0,2-0|0-1|1-2|NULL,2-0|0-1|1-2|NULL,3,4,4,2,8,32,1,1,1,0,0.0,15,1
TRAJ-MICRO-V1,12037,109,zero_scale,,,0-1;1-0;2-2,0-1;1-0;2-2,0-1;1-0;2-2,0-1|1-0|2-2|NULL,0-1|1-0|2-2|NULL,3,4,4,2,8,32,1,1,1,0,0.0,15,1
TRAJ-MICRO-V1,12037,110,configured_scale,,,0-0;1-2;2-1,0-0;1-2;2-1,0-0;1-2;2-1,2-1|0-0|1-2|NULL,2-1|0-0|1-2|NULL,3,4,4,2,8,32,1,1,1,0,0.0,15,1
TRAJ-MICRO-V1,12037,110,zero_scale,,,0-1;1-2;2-4,0-1;1-2;2-4,0-1;1-2;2-4,0-1|1-2|2-4|NULL,0-1|1-2|2-4|NULL,3,4,4,2,8,32,1,1,1,0,0.0,15,1
TRAJ-MICRO-V1,12037,111,configured_scale,,,0-1;1-2;2-0,0-1;1-2;2-0,0-1;1-2;2-0,0-1|2-0|1-2|NULL,0-1|2-0|1-2|NULL,3,4,4,2,8,32,1,1,1,0,0.0,15,1
TRAJ-MICRO-V1,12037,111,zero_scale,,,0-1;1-2;2-0,0-1;1-2;2-0,0-1;1-2;2-0,0-1|2-0|1-2|NULL,0-1|2-0|1-2|NULL,3,4,4,2,8,32,1,1,1,0,0.0,15,1
TRAJ-MICRO-V1,12037,112,configured_scale,,,0-1;1-3;2-2,0-1;1-3;2-2,0-1;1-3;2-2,2-2|0-1|1-3|NULL,2-2|0-1|1-3|NULL,3,4,4,2,8,32,1,1,1,0,0.0,15,1
TRAJ-MICRO-V1,12037,112,zero_scale,,,0-1;1-3;2-2,0-1;1-3;2-2,0-1;1-3;2-2,0-1|2-2|1-3|NULL,0-1|2-2|1-3|NULL,3,4,4,2,8,32,1,1,1,0,0.0,15,1
TRAJ-MICRO-V1,12037,113,configured_scale,,,0-0;1-2;2-4,0-0;1-2;2-4,0-0;1-2;2-4,1-2|2-4|0-0|NULL,1-2|2-4|0-0|NULL,3,4,4,2,8,32,1,1,1,0,0.0,15,1
TRAJ-MICRO-V1,12037,113,zero_scale,,,0-0;1-2;2-4,0-0;1-2;2-4,0-0;1-2;2-4,1-2|2-4|0-0|NULL,1-2|2-4|0-0|NULL,3,4,4,2,8,32,1,1,1,0,0.0,15,1
TRAJ-MICRO-V1,12037,114,configured_scale,,,0-1;1-2;2-4,0-1;1-2;2-4,0-1;1-2;2-4,1-2|2-4|0-1|NULL,1-2|2-4|0-1|NULL,3,4,4,2,8,32,1,1,1,0,0.0,15,1
TRAJ-MICRO-V1,12037,114,zero_scale,,,0-1;1-2;2-3,0-1;1-2;2-3,0-1;1-2;2-3,2-3|1-2|0-1|NULL,2-3|1-2|0-1|NULL,3,4,4,2,8,32,1,1,1,0,0.0,15,1
TRAJ-MICRO-V1,12037,115,configured_scale,,,0-1;1-3;2-4,0-1;1-3;2-4,0-1;1-3;2-4,1-3|2-4|0-1|NULL,1-3|2-4|0-1|NULL,3,4,4,2,8,32,1,1,1,0,0.0,15,1
TRAJ-MICRO-V1,12037,115,zero_scale,,,0-1;1-3;2-4,0-1;1-3;2-4,0-1;1-3;2-4,2-4|1-3|0-1|NULL,2-4|1-3|0-1|NULL,3,4,4,2,8,32,1,1,1,0,0.0,15,1
TRAJ-MICRO-V1,12037,116,configured_scale,,,0-0;1-3;2-4,0-0;1-3;2-4,0-0;1-3;2-4,1-3|2-4|0-0|NULL,1-3|2-4|0-0|NULL,3,4,4,2,8,32,1,1,1,0,0.0,15,1
TRAJ-MICRO-V1,12037,116,zero_scale,,,0-0;1-3;2-4,0-0;1-3;2-4,0-0;1-3;2-4,2-4|1-3|0-0|NULL,2-4|1-3|0-0|NULL,3,4,4,2,8,32,1,1,1,0,0.0,15,1
TRAJ-MICRO-V1,12037,117,configured_scale,,,0-3;1-2;2-4,0-3;1-2;2-4,0-3;1-2;2-4,2-4|1-2|0-3|NULL,2-4|1-2|0-3|NULL,3,4,4,2,8,32,1,1,1,0,0.0,15,1
TRAJ-MICRO-V1,12037,117,zero_scale,,,0-2;1-3;2-4,0-2;1-3;2-4,0-2;1-3;2-4,1-3|2-4|0-2|NULL,1-3|2-4|0-2|NULL,3,4,4,2,8,32,1,1,1,0,0.0,15,1
TRAJ-MICRO-V1,12037,118,configured_scale,,,0-1;1-4;2-3,0-1;1-4;2-3,0-1;1-4;2-3,1-4|2-3|0-1|NULL,1-4|2-3|0-1|NULL,3,4,4,2,8,32,1,1,1,0,0.0,15,1
TRAJ-MICRO-V1,12037,118,zero_scale,,,0-1;1-3;2-4,0-1;1-3;2-4,0-1;1-3;2-4,1-3|2-4|0-1|NULL,1-3|2-4|0-1|NULL,3,4,4,2,8,32,1,1,1,0,0.0,15,1
TRAJ-MICRO-V1,12037,119,configured_scale,,,0-0;1-3;2-4,0-0;1-3;2-4,0-0;1-3;2-4,1-3|2-4|0-0|NULL,1-3|2-4|0-0|NULL,3,4,4,2,8,32,1,1,1,0,0.0,15,1
TRAJ-MICRO-V1,12037,119,zero_scale,,,0-3;1-2;2-4,0-3;1-2;2-4,0-3;1-2;2-4,1-2|2-4|0-3|NULL,1-2|2-4|0-3|NULL,3,4,4,2,8,32,1,1,1,0,0.0,15,1
TRAJ-MICRO-V1,12037,120,configured_scale,,,0-3;1-2;2-4,0-3;1-2;2-4,0-3;1-2;2-4,1-2|2-4|0-3|NULL,1-2|2-4|0-3|NULL,3,4,4,2,8,32,1,1,1,0,0.0,15,1
TRAJ-MICRO-V1,12037,120,zero_scale,,,0-2;1-4;2-3,0-2;1-4;2-3,0-2;1-4;2-3,1-4|2-3|0-2|NULL,1-4|2-3|0-2|NULL,3,4,4,2,8,32,1,1,1,0,0.0,15,1
TRAJ-MICRO-V1,12037,121,configured_scale,,,0-4;1-2;2-3,0-4;1-2;2-3,0-4;1-2;2-3,0-4|1-2|2-3|NULL,0-4|1-2|2-3|NULL,3,4,4,2,8,32,1,1,1,0,0.0,15,1
TRAJ-MICRO-V1,12037,121,zero_scale,,,0-4;1-3;2-2,0-4;1-3;2-2,0-4;1-3;2-2,0-4|1-3|2-2|NULL,0-4|1-3|2-2|NULL,3,4,4,2,8,32,1,1,1,0,0.0,15,1
TRAJ-MICRO-V1,12037,122,configured_scale,,,0-4;1-3;2-1,0-4;1-3;2-1,0-4;1-3;2-1,0-4|1-3|2-1|NULL,0-4|1-3|2-1|NULL,3,4,4,2,8,32,1,1,1,0,0.0,15,1
TRAJ-MICRO-V1,12037,122,zero_scale,,,0-3;1-2;2-4,0-3;1-2;2-4,0-3;1-2;2-4,2-4|1-2|0-3|NULL,2-4|1-2|0-3|NULL,3,4,4,2,8,32,1,1,1,0,0.0,15,1
TRAJ-MICRO-V1,12037,123,configured_scale,,,0-4;1-2;2-3,0-4;1-2;2-3,0-4;1-2;2-3,0-4|1-2|2-3|NULL,0-4|1-2|2-3|NULL,3,4,4,2,8,32,1,1,1,0,0.0,15,1
TRAJ-MICRO-V1,12037,123,zero_scale,,,0-4;1-3;2-2,0-4;1-3;2-2,0-4;1-3;2-2,0-4|1-3|2-2|NULL,0-4|1-3|2-2|NULL,3,4,4,2,8,32,1,1,1,0,0.0,15,1
TRAJ-MICRO-V1,12037,124,configured_scale,,,0-4;1-2;2-3,0-4;1-2;2-3,0-4;1-2;2-3,0-4|2-3|1-2|NULL,0-4|2-3|1-2|NULL,3,4,4,2,8,32,1,1,1,0,0.0,15,1
TRAJ-MICRO-V1,12037,124,zero_scale,,,0-4;1-3;2-2,0-4;1-3;2-2,0-4;1-3;2-2,0-4|1-3|2-2|NULL,0-4|1-3|2-2|NULL,3,4,4,2,8,32,1,1,1,0,0.0,15,1
TRAJ-MICRO-V1,12037,125,configured_scale,,,0-3;1-2;2-4,0-3;1-2;2-4,0-3;1-2;2-4,2-4|0-3|1-2|NULL,2-4|0-3|1-2|NULL,3,4,4,2,8,32,1,1,1,0,0.0,15,1
TRAJ-MICRO-V1,12037,125,zero_scale,,,0-0;1-3;2-4,0-0;1-3;2-4,0-0;1-3;2-4,2-4|1-3|0-0|NULL,2-4|1-3|0-0|NULL,3,4,4,2,8,32,1,1,1,0,0.0,15,1
TRAJ-MICRO-V1,12037,126,configured_scale,,,0-2;1-4;2-3,0-2;1-4;2-3,0-2;1-4;2-3,2-3|0-2|1-4|NULL,2-3|0-2|1-4|NULL,3,4,4,2,8,32,1,1,1,0,0.0,15,1
TRAJ-MICRO-V1,12037,126,zero_scale,,,0-2;1-4;2-3,0-2;1-4;2-3,0-2;1-4;2-3,2-3|1-4|0-2|NULL,2-3|1-4|0-2|NULL,3,4,4,2,8,32,1,1,1,0,0.0,15,1
TRAJ-MICRO-V1,12037,127,configured_scale,,,0-1;1-3;2-4,0-1;1-3;2-4,0-1;1-3;2-4,2-4|1-3|0-1|NULL,2-4|1-3|0-1|NULL,3,4,4,2,8,32,1,1,1,0,0.0,15,1
TRAJ-MICRO-V1,12037,127,zero_scale,,,0-1;1-3;2-4,0-1;1-3;2-4,0-1;1-3;2-4,2-4|1-3|0-1|NULL,2-4|1-3|0-1|NULL,3,4,4,2,8,32,1,1,1,0,0.0,15,1
TRAJ-MICRO-V1,12037,128,configured_scale,,,0-3;1-2;2-4,0-3;1-2;2-4,0-3;1-2;2-4,2-4|0-3|1-2|NULL,2-4|0-3|1-2|NULL,3,4,4,2,8,32,1,1,1,0,0.0,15,1
TRAJ-MICRO-V1,12037,128,zero_scale,,,0-0;1-2;2-4,0-0;1-2;2-4,0-0;1-2;2-4,2-4|1-2|0-0|NULL,2-4|1-2|0-0|NULL,3,4,4,2,8,32,1,1,1,0,0.0,15,1
TRAJ-MICRO-V1,12037,129,configured_scale,,,0-2;1-1;2-3,0-2;1-1;2-3,0-2;1-1;2-3,0-2|2-3|1-1|NULL,0-2|2-3|1-1|NULL,3,4,4,2,8,32,1,1,1,0,0.0,15,1
TRAJ-MICRO-V1,12037,129,zero_scale,,,0-2;1-1;2-3,0-2;1-1;2-3,0-2;1-1;2-3,0-2|1-1|2-3|NULL,0-2|1-1|2-3|NULL,3,4,4,2,8,32,1,1,1,0,0.0,15,1
TRAJ-MICRO-V1,12037,130,configured_scale,,,0-1;1-2;2-4,0-1;1-2;2-4,0-1;1-2;2-4,0-1|1-2|2-4|NULL,0-1|1-2|2-4|NULL,3,4,4,2,8,32,1,1,1,0,0.0,15,1
TRAJ-MICRO-V1,12037,130,zero_scale,,,0-1;1-2;2-4,0-1;1-2;2-4,0-1;1-2;2-4,0-1|1-2|2-4|NULL,0-1|1-2|2-4|NULL,3,4,4,2,8,32,1,1,1,0,0.0,15,1
TRAJ-MICRO-V1,12037,131,configured_scale,,,0-1;1-2;2-4,0-1;1-2;2-4,0-1;1-2;2-4,0-1|1-2|2-4|NULL,0-1|1-2|2-4|NULL,3,4,4,2,8,32,1,1,1,0,0.0,15,1
TRAJ-MICRO-V1,12037,131,zero_scale,,,0-1;1-2;2-4,0-1;1-2;2-4,0-1;1-2;2-4,0-1|1-2|2-4|NULL,0-1|1-2|2-4|NULL,3,4,4,2,8,32,1,1,1,0,0.0,15,1
TRAJ-MICRO-V1,12037,132,configured_scale,,,0-1;1-2;2-0,0-1;1-2;2-0,0-1;1-2;2-0,0-1|1-2|2-0|NULL,0-1|1-2|2-0|NULL,3,4,4,2,8,32,1,1,1,0,0.0,15,1
TRAJ-MICRO-V1,12037,132,zero_scale,,,0-1;1-2;2-0,0-1;1-2;2-0,0-1;1-2;2-0,0-1|1-2|2-0|NULL,0-1|1-2|2-0|NULL,3,4,4,2,8,32,1,1,1,0,0.0,15,1
TRAJ-MICRO-V1,12037,133,configured_scale,,,0-1;1-2;2-0,0-1;1-2;2-0,0-1;1-2;2-0,0-1|1-2|2-0|NULL,0-1|1-2|2-0|NULL,3,4,4,2,8,32,1,1,1,0,0.0,15,1
TRAJ-MICRO-V1,12037,133,zero_scale,,,0-1;1-2;2-4,0-1;1-2;2-4,0-1;1-2;2-4,0-1|1-2|2-4|NULL,0-1|1-2|2-4|NULL,3,4,4,2,8,32,1,1,1,0,0.0,15,1
TRAJ-MICRO-V1,12037,134,configured_scale,,,0-1;1-2;2-4,0-1;1-2;2-4,0-1;1-2;2-4,1-2|0-1|2-4|NULL,1-2|0-1|2-4|NULL,3,4,4,2,8,32,1,1,1,0,0.0,15,1
TRAJ-MICRO-V1,12037,134,zero_scale,,,0-0;1-2;2-1,0-0;1-2;2-1,0-0;1-2;2-1,1-2|0-0|2-1|NULL,1-2|0-0|2-1|NULL,3,4,4,2,8,32,1,1,1,0,0.0,15,1
TRAJ-MICRO-V1,12037,135,configured_scale,,,0-1;1-2;2-0,0-1;1-2;2-0,0-1;1-2;2-0,2-0|1-2|0-1|NULL,2-0|1-2|0-1|NULL,3,4,4,2,8,32,1,1,1,0,0.0,15,1
TRAJ-MICRO-V1,12037,135,zero_scale,,,0-0;1-1;2-3,0-0;1-1;2-3,0-0;1-1;2-3,0-0|1-1|2-3|NULL,0-0|1-1|2-3|NULL,3,4,4,2,8,32,1,1,1,0,0.0,15,1
TRAJ-MICRO-V1,12037,136,configured_scale,,,0-0;1-3;2-2,0-0;1-3;2-2,0-0;1-3;2-2,1-3|0-0|2-2|NULL,1-3|0-0|2-2|NULL,3,4,4,2,8,32,1,1,1,0,0.0,15,1
TRAJ-MICRO-V1,12037,136,zero_scale,,,0-1;1-2;2-4,0-1;1-2;2-4,0-1;1-2;2-4,0-1|1-2|2-4|NULL,0-1|1-2|2-4|NULL,3,4,4,2,8,32,1,1,1,0,0.0,15,1
TRAJ-MICRO-V1,12037,137,configured_scale,,,0-1;1-2;2-0,0-1;1-2;2-0,0-1;1-2;2-0,1-2|0-1|2-0|NULL,1-2|0-1|2-0|NULL,3,4,4,2,8,32,1,1,1,0,0.0,15,1
TRAJ-MICRO-V1,12037,137,zero_scale,,,0-0;1-2;2-1,0-0;1-2;2-1,0-0;1-2;2-1,0-0|1-2|2-1|NULL,0-0|1-2|2-1|NULL,3,4,4,2,8,32,1,1,1,0,0.0,15,1
TRAJ-MICRO-V1,12037,138,configured_scale,,,0-2;1-1;2-0,0-2;1-1;2-0,0-2;1-1;2-0,2-0|0-2|1-1|NULL,2-0|0-2|1-1|NULL,3,4,4,2,8,32,1,1,1,0,0.0,15,1
TRAJ-MICRO-V1,12037,138,zero_scale,,,0-0;1-1;2-3,0-0;1-1;2-3,0-0;1-1;2-3,0-0|1-1|2-3|NULL,0-0|1-1|2-3|NULL,3,4,4,2,8,32,1,1,1,0,0.0,15,1
TRAJ-MICRO-V1,12037,139,configured_scale,,,0-1;1-0;2-2,0-1;1-0;2-2,0-1;1-0;2-2,0-1|1-0|2-2|NULL,0-1|1-0|2-2|NULL,3,4,4,2,8,32,1,1,1,0,0.0,15,1
TRAJ-MICRO-V1,12037,139,zero_scale,,,0-1;1-0;2-2,0-1;1-0;2-2,0-1;1-0;2-2,0-1|1-0|2-2|NULL,0-1|1-0|2-2|NULL,3,4,4,2,8,32,1,1,1,0,0.0,15,1
TRAJ-MICRO-V1,12037,140,configured_scale,,,0-1;1-0;2-4,0-1;1-0;2-4,0-1;1-0;2-4,0-1|1-0|2-4|NULL,0-1|1-0|2-4|NULL,3,4,4,2,8,32,1,1,1,0,0.0,15,1
TRAJ-MICRO-V1,12037,140,zero_scale,,,0-0;1-2;2-1,0-0;1-2;2-1,0-0;1-2;2-1,0-0|1-2|2-1|NULL,0-0|1-2|2-1|NULL,3,4,4,2,8,32,1,1,1,0,0.0,15,1
TRAJ-MICRO-V1,12037,141,configured_scale,,,0-0;1-1;2-3,0-0;1-1;2-3,0-0;1-1;2-3,0-0|1-1|2-3|NULL,0-0|1-1|2-3|NULL,3,4,4,2,8,32,1,1,1,0,0.0,15,1
TRAJ-MICRO-V1,12037,141,zero_scale,,,0-0;1-1;2-3,0-0;1-1;2-3,0-0;1-1;2-3,0-0|1-1|2-3|NULL,0-0|1-1|2-3|NULL,3,4,4,2,8,32,1,1,1,0,0.0,15,1
TRAJ-MICRO-V1,12037,142,configured_scale,,,0-0;1-3;2-4,0-0;1-3;2-4,0-0;1-3;2-4,0-0|1-3|2-4|NULL,0-0|1-3|2-4|NULL,3,4,4,2,8,32,1,1,1,0,0.0,15,1
TRAJ-MICRO-V1,12037,142,zero_scale,,,0-0;1-2;2-4,0-0;1-2;2-4,0-0;1-2;2-4,0-0|1-2|2-4|NULL,0-0|1-2|2-4|NULL,3,4,4,2,8,32,1,1,1,0,0.0,15,1
TRAJ-MICRO-V1,12037,143,configured_scale,,,0-0;1-2;2-4,0-0;1-2;2-4,0-0;1-2;2-4,0-0|2-4|1-2|NULL,0-0|2-4|1-2|NULL,3,4,4,2,8,32,1,1,1,0,0.0,15,1
TRAJ-MICRO-V1,12037,143,zero_scale,,,0-0;1-2;2-4,0-0;1-2;2-4,0-0;1-2;2-4,0-0|2-4|1-2|NULL,0-0|2-4|1-2|NULL,3,4,4,2,8,32,1,1,1,0,0.0,15,1
TRAJ-MICRO-V1,12037,144,configured_scale,,,0-0;1-1;2-4,0-0;1-1;2-4,0-0;1-1;2-4,0-0|2-4|1-1|NULL,0-0|2-4|1-1|NULL,3,4,4,2,8,32,1,1,1,0,0.0,15,1
TRAJ-MICRO-V1,12037,144,zero_scale,,,0-0;1-1;2-4,0-0;1-1;2-4,0-0;1-1;2-4,0-0|2-4|1-1|NULL,0-0|2-4|1-1|NULL,3,4,4,2,8,32,1,1,1,0,0.0,15,1
TRAJ-MICRO-V1,12037,145,configured_scale,,,0-0;1-3;2-4,0-0;1-3;2-4,0-0;1-3;2-4,0-0|2-4|1-3|NULL,0-0|2-4|1-3|NULL,3,4,4,2,8,32,1,1,1,0,0.0,15,1
TRAJ-MICRO-V1,12037,145,zero_scale,,,0-1;1-3;2-4,0-1;1-3;2-4,0-1;1-3;2-4,0-1|2-4|1-3|NULL,0-1|2-4|1-3|NULL,3,4,4,2,8,32,1,1,1,0,0.0,15,1
TRAJ-MICRO-V1,12037,146,configured_scale,,,0-0;1-3;2-4,0-0;1-3;2-4,0-0;1-3;2-4,2-4|0-0|1-3|NULL,2-4|0-0|1-3|NULL,3,4,4,2,8,32,1,1,1,0,0.0,15,1
TRAJ-MICRO-V1,12037,146,zero_scale,,,0-0;1-2;2-4,0-0;1-2;2-4,0-0;1-2;2-4,2-4|0-0|1-2|NULL,2-4|0-0|1-2|NULL,3,4,4,2,8,32,1,1,1,0,0.0,15,1
TRAJ-MICRO-V1,12037,147,configured_scale,,,0-1;1-4;2-3,0-1;1-4;2-3,0-1;1-4;2-3,1-4|0-1|2-3|NULL,1-4|0-1|2-3|NULL,3,4,4,2,8,32,1,1,1,0,0.0,15,1
TRAJ-MICRO-V1,12037,147,zero_scale,,,0-1;1-2;2-3,0-1;1-2;2-3,0-1;1-2;2-3,1-2|0-1|2-3|NULL,1-2|0-1|2-3|NULL,3,4,4,2,8,32,1,1,1,0,0.0,15,1
TRAJ-MICRO-V1,12037,148,configured_scale,,,0-1;1-3;2-2,0-1;1-3;2-2,0-1;1-3;2-2,1-3|0-1|2-2|NULL,1-3|0-1|2-2|NULL,3,4,4,2,8,32,1,1,1,0,0.0,15,1
TRAJ-MICRO-V1,12037,148,zero_scale,,,0-1;1-3;2-2,0-1;1-3;2-2,0-1;1-3;2-2,1-3|0-1|2-2|NULL,1-3|0-1|2-2|NULL,3,4,4,2,8,32,1,1,1,0,0.0,15,1
TRAJ-MICRO-V1,12037,149,configured_scale,,,0-3;1-2;2-1,0-3;1-2;2-1,0-3;1-2;2-1,1-2|2-1|0-3|NULL,1-2|2-1|0-3|NULL,3,4,4,2,8,32,1,1,1,0,0.0,15,1
TRAJ-MICRO-V1,12037,149,zero_scale,,,0-3;1-2;2-1,0-3;1-2;2-1,0-3;1-2;2-1,1-2|2-1|0-3|NULL,1-2|2-1|0-3|NULL,3,4,4,2,8,32,1,1,1,0,0.0,15,1
TRAJ-MICRO-V1,12037,150,configured_scale,,,0-1;1-2;2-0,0-1;1-2;2-0,0-1;1-2;2-0,1-2|2-0|0-1|NULL,1-2|2-0|0-1|NULL,3,4,4,2,8,32,1,1,1,0,0.0,15,1
TRAJ-MICRO-V1,12037,150,zero_scale,,,0-1;1-2;2-3,0-1;1-2;2-3,0-1;1-2;2-3,1-2|2-3|0-1|NULL,1-2|2-3|0-1|NULL,3,4,4,2,8,32,1,1,1,0,0.0,15,1
TRAJ-MICRO-V1,12037,151,configured_scale,,,0-1;1-2;2-3,0-1;1-2;2-3,0-1;1-2;2-3,1-2|2-3|0-1|NULL,1-2|2-3|0-1|NULL,3,4,4,2,8,32,1,1,1,0,0.0,15,1
TRAJ-MICRO-V1,12037,151,zero_scale,,,0-1;1-2;2-3,0-1;1-2;2-3,0-1;1-2;2-3,1-2|0-1|2-3|NULL,1-2|0-1|2-3|NULL,3,4,4,2,8,32,1,1,1,0,0.0,15,1
TRAJ-MICRO-V1,12037,152,configured_scale,,,0-2;1-3;2-1,0-2;1-3;2-1,0-2;1-3;2-1,1-3|2-1|0-2|NULL,1-3|2-1|0-2|NULL,3,4,4,2,8,32,1,1,1,0,0.0,15,1
TRAJ-MICRO-V1,12037,152,zero_scale,,,0-3;1-2;2-1,0-3;1-2;2-1,0-3;1-2;2-1,1-2|2-1|0-3|NULL,1-2|2-1|0-3|NULL,3,4,4,2,8,32,1,1,1,0,0.0,15,1
TRAJ-MICRO-V1,12037,153,configured_scale,,,0-4;1-2;2-3,0-4;1-2;2-3,0-4;1-2;2-3,2-3|1-2|0-4|NULL,2-3|1-2|0-4|NULL,3,4,4,2,8,32,1,1,1,0,0.0,15,1
TRAJ-MICRO-V1,12037,153,zero_scale,,,0-1;1-2;2-3,0-1;1-2;2-3,0-1;1-2;2-3,2-3|1-2|0-1|NULL,2-3|1-2|0-1|NULL,3,4,4,2,8,32,1,1,1,0,0.0,15,1
TRAJ-MICRO-V1,12037,154,configured_scale,,,0-1;1-4;2-3,0-1;1-4;2-3,0-1;1-4;2-3,2-3|1-4|0-1|NULL,2-3|1-4|0-1|NULL,3,4,4,2,8,32,1,1,1,0,0.0,15,1
TRAJ-MICRO-V1,12037,154,zero_scale,,,0-4;1-2;2-3,0-4;1-2;2-3,0-4;1-2;2-3,2-3|1-2|0-4|NULL,2-3|1-2|0-4|NULL,3,4,4,2,8,32,1,1,1,0,0.0,15,1
TRAJ-MICRO-V1,12037,155,configured_scale,,,0-0;1-3;2-4,0-0;1-3;2-4,0-0;1-3;2-4,2-4|1-3|0-0|NULL,2-4|1-3|0-0|NULL,3,4,4,2,8,32,1,1,1,0,0.0,15,1
TRAJ-MICRO-V1,12037,155,zero_scale,,,0-0;1-3;2-4,0-0;1-3;2-4,0-0;1-3;2-4,2-4|1-3|0-0|NULL,2-4|1-3|0-0|NULL,3,4,4,2,8,32,1,1,1,0,0.0,15,1
TRAJ-MICRO-V1,12037,156,configured_scale,,,0-2;1-3;2-4,0-2;1-3;2-4,0-2;1-3;2-4,2-4|1-3|0-2|NULL,2-4|1-3|0-2|NULL,3,4,4,2,8,32,1,1,1,0,0.0,15,1
TRAJ-MICRO-V1,12037,156,zero_scale,,,0-2;1-3;2-4,0-2;1-3;2-4,0-2;1-3;2-4,2-4|1-3|0-2|NULL,2-4|1-3|0-2|NULL,3,4,4,2,8,32,1,1,1,0,0.0,15,1
TRAJ-MICRO-V1,12037,157,configured_scale,,,0-1;1-3;2-4,0-1;1-3;2-4,0-1;1-3;2-4,2-4|1-3|0-1|NULL,2-4|1-3|0-1|NULL,3,4,4,2,8,32,1,1,1,0,0.0,15,1
TRAJ-MICRO-V1,12037,157,zero_scale,,,0-1;1-3;2-4,0-1;1-3;2-4,0-1;1-3;2-4,2-4|1-3|0-1|NULL,2-4|1-3|0-1|NULL,3,4,4,2,8,32,1,1,1,0,0.0,15,1
TRAJ-MICRO-V1,12037,158,configured_scale,,,0-0;1-3;2-4,0-0;1-3;2-4,0-0;1-3;2-4,2-4|1-3|0-0|NULL,2-4|1-3|0-0|NULL,3,4,4,2,8,32,1,1,1,0,0.0,15,1
TRAJ-MICRO-V1,12037,158,zero_scale,,,0-0;1-2;2-4,0-0;1-2;2-4,0-0;1-2;2-4,2-4|1-2|0-0|NULL,2-4|1-2|0-0|NULL,3,4,4,2,8,32,1,1,1,0,0.0,15,1
TRAJ-MICRO-V1,12037,159,configured_scale,,,0-0;1-3;2-4,0-0;1-3;2-4,0-0;1-3;2-4,2-4|0-0|1-3|NULL,2-4|0-0|1-3|NULL,3,4,4,2,8,32,1,1,1,0,0.0,15,1
TRAJ-MICRO-V1,12037,159,zero_scale,,,0-1;1-3;2-4,0-1;1-3;2-4,0-1;1-3;2-4,2-4|1-3|0-1|NULL,2-4|1-3|0-1|NULL,3,4,4,2,8,32,1,1,1,0,0.0,15,1
TRAJ-MICRO-V1,12037,160,configured_scale,,,0-1;1-3;2-4,0-1;1-3;2-4,0-1;1-3;2-4,2-4|0-1|1-3|NULL,2-4|0-1|1-3|NULL,3,4,4,2,8,32,1,1,1,0,0.0,15,1
TRAJ-MICRO-V1,12037,160,zero_scale,,,0-1;1-3;2-4,0-1;1-3;2-4,0-1;1-3;2-4,2-4|0-1|1-3|NULL,2-4|0-1|1-3|NULL,3,4,4,2,8,32,1,1,1,0,0.0,15,1
TRAJ-MICRO-V1,12037,161,configured_scale,,,0-1;1-3;2-4,0-1;1-3;2-4,0-1;1-3;2-4,2-4|0-1|1-3|NULL,2-4|0-1|1-3|NULL,3,4,4,2,8,32,1,1,1,0,0.0,15,1
TRAJ-MICRO-V1,12037,161,zero_scale,,,0-0;1-2;2-4,0-0;1-2;2-4,0-0;1-2;2-4,2-4|1-2|0-0|NULL,2-4|1-2|0-0|NULL,3,4,4,2,8,32,1,1,1,0,0.0,15,1
TRAJ-MICRO-V1,12037,162,configured_scale,,,0-1;1-2;2-0,0-1;1-2;2-0,0-1;1-2;2-0,2-0|1-2|0-1|NULL,2-0|1-2|0-1|NULL,3,4,4,2,8,32,1,1,1,0,0.0,15,1
TRAJ-MICRO-V1,12037,162,zero_scale,,,0-1;1-2;2-3,0-1;1-2;2-3,0-1;1-2;2-3,2-3|1-2|0-1|NULL,2-3|1-2|0-1|NULL,3,4,4,2,8,32,1,1,1,0,0.0,15,1
TRAJ-MICRO-V1,12037,163,configured_scale,,,0-1;1-2;2-3,0-1;1-2;2-3,0-1;1-2;2-3,2-3|1-2|0-1|NULL,2-3|1-2|0-1|NULL,3,4,4,2,8,32,1,1,1,0,0.0,15,1
TRAJ-MICRO-V1,12037,163,zero_scale,,,0-1;1-3;2-2,0-1;1-3;2-2,0-1;1-3;2-2,2-2|1-3|0-1|NULL,2-2|1-3|0-1|NULL,3,4,4,2,8,32,1,1,1,0,0.0,15,1
TRAJ-MICRO-V1,12037,164,configured_scale,,,0-2;1-3;2-1,0-2;1-3;2-1,0-2;1-3;2-1,2-1|1-3|0-2|NULL,2-1|1-3|0-2|NULL,3,4,4,2,8,32,1,1,1,0,0.0,15,1
TRAJ-MICRO-V1,12037,164,zero_scale,,,0-1;1-2;2-3,0-1;1-2;2-3,0-1;1-2;2-3,1-2|2-3|0-1|NULL,1-2|2-3|0-1|NULL,3,4,4,2,8,32,1,1,1,0,0.0,15,1
TRAJ-MICRO-V1,12037,165,configured_scale,,,0-1;1-2;2-0,0-1;1-2;2-0,0-1;1-2;2-0,2-0|1-2|0-1|NULL,2-0|1-2|0-1|NULL,3,4,4,2,8,32,1,1,1,0,0.0,15,1
TRAJ-MICRO-V1,12037,165,zero_scale,,,0-1;1-2;2-3,0-1;1-2;2-3,0-1;1-2;2-3,1-2|2-3|0-1|NULL,1-2|2-3|0-1|NULL,3,4,4,2,8,32,1,1,1,0,0.0,15,1
TRAJ-MICRO-V1,12037,166,configured_scale,,,0-4;1-2;2-1,0-4;1-2;2-1,0-4;1-2;2-1,1-2|2-1|0-4|NULL,1-2|2-1|0-4|NULL,3,4,4,2,8,32,1,1,1,0,0.0,15,1
TRAJ-MICRO-V1,12037,166,zero_scale,,,0-1;1-2;2-4,0-1;1-2;2-4,0-1;1-2;2-4,1-2|0-1|2-4|NULL,1-2|0-1|2-4|NULL,3,4,4,2,8,32,1,1,1,0,0.0,15,1
TRAJ-MICRO-V1,12037,167,configured_scale,,,0-3;1-2;2-1,0-3;1-2;2-1,0-3;1-2;2-1,1-2|2-1|0-3|NULL,1-2|2-1|0-3|NULL,3,4,4,2,8,32,1,1,1,0,0.0,15,1
TRAJ-MICRO-V1,12037,167,zero_scale,,,0-3;1-2;2-1,0-3;1-2;2-1,0-3;1-2;2-1,1-2|2-1|0-3|NULL,1-2|2-1|0-3|NULL,3,4,4,2,8,32,1,1,1,0,0.0,15,1
TRAJ-MICRO-V1,12037,168,configured_scale,,,0-2;1-1;2-0,0-2;1-1;2-0,0-2;1-1;2-0,1-1|2-0|0-2|NULL,1-1|2-0|0-2|NULL,3,4,4,2,8,32,1,1,1,0,0.0,15,1
TRAJ-MICRO-V1,12037,168,zero_scale,,,0-2;1-1;2-0,0-2;1-1;2-0,0-2;1-1;2-0,1-1|0-2|2-0|NULL,1-1|0-2|2-0|NULL,3,4,4,2,8,32,1,1,1,0,0.0,15,1
TRAJ-MICRO-V1,12037,169,configured_scale,,,0-1;1-0;2-2,0-1;1-0;2-2,0-1;1-0;2-2,0-1|1-0|2-2|NULL,0-1|1-0|2-2|NULL,3,4,4,2,8,32,1,1,1,0,0.0,15,1
TRAJ-MICRO-V1,12037,169,zero_scale,,,0-1;1-0;2-2,0-1;1-0;2-2,0-1;1-0;2-2,0-1|1-0|2-2|NULL,0-1|1-0|2-2|NULL,3,4,4,2,8,32,1,1,1,0,0.0,15,1
TRAJ-MICRO-V1,12037,170,configured_scale,,,0-1;1-2;2-4,0-1;1-2;2-4,0-1;1-2;2-4,0-1|1-2|2-4|NULL,0-1|1-2|2-4|NULL,3,4,4,2,8,32,1,1,1,0,0.0,15,1
TRAJ-MICRO-V1,12037,170,zero_scale,,,0-0;1-2;2-4,0-0;1-2;2-4,0-0;1-2;2-4,0-0|1-2|2-4|NULL,0-0|1-2|2-4|NULL,3,4,4,2,8,32,1,1,1,0,0.0,15,1
TRAJ-MICRO-V1,12037,171,configured_scale,,,0-0;1-1;2-4,0-0;1-1;2-4,0-0;1-1;2-4,0-0|1-1|2-4|NULL,0-0|1-1|2-4|NULL,3,4,4,2,8,32,1,1,1,0,0.0,15,1
TRAJ-MICRO-V1,12037,171,zero_scale,,,0-0;1-1;2-4,0-0;1-1;2-4,0-0;1-1;2-4,0-0|1-1|2-4|NULL,0-0|1-1|2-4|NULL,3,4,4,2,8,32,1,1,1,0,0.0,15,1
TRAJ-MICRO-V1,12037,172,configured_scale,,,0-1;1-0;2-4,0-1;1-0;2-4,0-1;1-0;2-4,1-0|0-1|2-4|NULL,1-0|0-1|2-4|NULL,3,4,4,2,8,32,1,1,1,0,0.0,15,1
TRAJ-MICRO-V1,12037,172,zero_scale,,,0-0;1-3;2-4,0-0;1-3;2-4,0-0;1-3;2-4,0-0|1-3|2-4|NULL,0-0|1-3|2-4|NULL,3,4,4,2,8,32,1,1,1,0,0.0,15,1
TRAJ-MICRO-V1,12037,173,configured_scale,,,0-0;1-2;2-4,0-0;1-2;2-4,0-0;1-2;2-4,2-4|0-0|1-2|NULL,2-4|0-0|1-2|NULL,3,4,4,2,8,32,1,1,1,0,0.0,15,1
TRAJ-MICRO-V1,12037,173,zero_scale,,,0-0;1-2;2-4,0-0;1-2;2-4,0-0;1-2;2-4,0-0|2-4|1-2|NULL,0-0|2-4|1-2|NULL,3,4,4,2,8,32,1,1,1,0,0.0,15,1
TRAJ-MICRO-V1,12037,174,configured_scale,,,0-0;1-1;2-4,0-0;1-1;2-4,0-0;1-1;2-4,2-4|0-0|1-1|NULL,2-4|0-0|1-1|NULL,3,4,4,2,8,32,1,1,1,0,0.0,15,1
TRAJ-MICRO-V1,12037,174,zero_scale,,,0-0;1-1;2-4,0-0;1-1;2-4,0-0;1-1;2-4,0-0|2-4|1-1|NULL,0-0|2-4|1-1|NULL,3,4,4,2,8,32,1,1,1,0,0.0,15,1
TRAJ-MICRO-V1,12037,175,configured_scale,,,0-0;1-3;2-4,0-0;1-3;2-4,0-0;1-3;2-4,2-4|0-0|1-3|NULL,2-4|0-0|1-3|NULL,3,4,4,2,8,32,1,1,1,0,0.0,15,1
TRAJ-MICRO-V1,12037,175,zero_scale,,,0-1;1-3;2-4,0-1;1-3;2-4,0-1;1-3;2-4,0-1|1-3|2-4|NULL,0-1|1-3|2-4|NULL,3,4,4,2,8,32,1,1,1,0,0.0,15,1
TRAJ-MICRO-V1,12037,176,configured_scale,,,0-0;1-2;2-4,0-0;1-2;2-4,0-0;1-2;2-4,0-0|2-4|1-2|NULL,0-0|2-4|1-2|NULL,3,4,4,2,8,32,1,1,1,0,0.0,15,1
TRAJ-MICRO-V1,12037,176,zero_scale,,,0-0;1-2;2-4,0-0;1-2;2-4,0-0;1-2;2-4,0-0|1-2|2-4|NULL,0-0|1-2|2-4|NULL,3,4,4,2,8,32,1,1,1,0,0.0,15,1
TRAJ-MICRO-V1,12037,177,configured_scale,,,0-0;1-2;2-3,0-0;1-2;2-3,0-0;1-2;2-3,0-0|1-2|2-3|NULL,0-0|1-2|2-3|NULL,3,4,4,2,8,32,1,1,1,0,0.0,15,1
TRAJ-MICRO-V1,12037,177,zero_scale,,,0-0;1-2;2-3,0-0;1-2;2-3,0-0;1-2;2-3,0-0|1-2|2-3|NULL,0-0|1-2|2-3|NULL,3,4,4,2,8,32,1,1,1,0,0.0,15,1
TRAJ-MICRO-V1,12037,178,configured_scale,,,0-4;1-3;2-0,0-4;1-3;2-0,0-4;1-3;2-0,1-3|0-4|2-0|NULL,1-3|0-4|2-0|NULL,3,4,4,2,8,32,1,1,1,0,0.0,15,1
TRAJ-MICRO-V1,12037,178,zero_scale,,,0-1;1-2;2-0,0-1;1-2;2-0,0-1;1-2;2-0,0-1|1-2|2-0|NULL,0-1|1-2|2-0|NULL,3,4,4,2,8,32,1,1,1,0,0.0,15,1
TRAJ-MICRO-V1,12037,179,configured_scale,,,0-0;1-2;2-1,0-0;1-2;2-1,0-0;1-2;2-1,1-2|0-0|2-1|NULL,1-2|0-0|2-1|NULL,3,4,4,2,8,32,1,1,1,0,0.0,15,1
TRAJ-MICRO-V1,12037,179,zero_scale,,,0-0;1-2;2-1,0-0;1-2;2-1,0-0;1-2;2-1,0-0|1-2|2-1|NULL,0-0|1-2|2-1|NULL,3,4,4,2,8,32,1,1,1,0,0.0,15,1
TRAJ-MICRO-V1,12037,180,configured_scale,,,0-0;1-2;2-3,0-0;1-2;2-3,0-0;1-2;2-3,0-0|1-2|2-3|NULL,0-0|1-2|2-3|NULL,3,4,4,2,8,32,1,1,1,0,0.0,15,1
TRAJ-MICRO-V1,12037,180,zero_scale,,,0-0;1-1;2-3,0-0;1-1;2-3,0-0;1-1;2-3,0-0|1-1|2-3|NULL,0-0|1-1|2-3|NULL,3,4,4,2,8,32,1,1,1,0,0.0,15,1
TRAJ-MICRO-V1,12037,181,configured_scale,,,0-0;1-3;2-4,0-0;1-3;2-4,0-0;1-3;2-4,1-3|0-0|2-4|NULL,1-3|0-0|2-4|NULL,3,4,4,2,8,32,1,1,1,0,0.0,15,1
TRAJ-MICRO-V1,12037,181,zero_scale,,,0-1;1-3;2-2,0-1;1-3;2-2,0-1;1-3;2-2,0-1|1-3|2-2|NULL,0-1|1-3|2-2|NULL,3,4,4,2,8,32,1,1,1,0,0.0,15,1
TRAJ-MICRO-V1,12037,182,configured_scale,,,0-0;1-2;2-4,0-0;1-2;2-4,0-0;1-2;2-4,0-0|2-4|1-2|NULL,0-0|2-4|1-2|NULL,3,4,4,2,8,32,1,1,1,0,0.0,15,1
TRAJ-MICRO-V1,12037,182,zero_scale,,,0-0;1-2;2-4,0-0;1-2;2-4,0-0;1-2;2-4,0-0|1-2|2-4|NULL,0-0|1-2|2-4|NULL,3,4,4,2,8,32,1,1,1,0,0.0,15,1
TRAJ-MICRO-V1,12037,183,configured_scale,,,0-0;1-2;2-4,0-0;1-2;2-4,0-0;1-2;2-4,2-4|0-0|1-2|NULL,2-4|0-0|1-2|NULL,3,4,4,2,8,32,1,1,1,0,0.0,15,1
TRAJ-MICRO-V1,12037,183,zero_scale,,,0-1;1-4;2-3,0-1;1-4;2-3,0-1;1-4;2-3,0-1|2-3|1-4|NULL,0-1|2-3|1-4|NULL,3,4,4,2,8,32,1,1,1,0,0.0,15,1
TRAJ-MICRO-V1,12037,184,configured_scale,,,0-1;1-3;2-4,0-1;1-3;2-4,0-1;1-3;2-4,2-4|0-1|1-3|NULL,2-4|0-1|1-3|NULL,3,4,4,2,8,32,1,1,1,0,0.0,15,1
TRAJ-MICRO-V1,12037,184,zero_scale,,,0-1;1-3;2-4,0-1;1-3;2-4,0-1;1-3;2-4,0-1|2-4|1-3|NULL,0-1|2-4|1-3|NULL,3,4,4,2,8,32,1,1,1,0,0.0,15,1
TRAJ-MICRO-V1,12037,185,configured_scale,,,0-1;1-2;2-4,0-1;1-2;2-4,0-1;1-2;2-4,2-4|0-1|1-2|NULL,2-4|0-1|1-2|NULL,3,4,4,2,8,32,1,1,1,0,0.0,15,1
TRAJ-MICRO-V1,12037,185,zero_scale,,,0-1;1-2;2-4,0-1;1-2;2-4,0-1;1-2;2-4,2-4|0-1|1-2|NULL,2-4|0-1|1-2|NULL,3,4,4,2,8,32,1,1,1,0,0.0,15,1
TRAJ-MICRO-V1,12037,186,configured_scale,,,0-2;1-1;2-4,0-2;1-1;2-4,0-2;1-1;2-4,0-2|1-1|2-4|NULL,0-2|1-1|2-4|NULL,3,4,4,2,8,32,1,1,1,0,0.0,15,1
TRAJ-MICRO-V1,12037,186,zero_scale,,,0-1;1-2;2-3,0-1;1-2;2-3,0-1;1-2;2-3,0-1|1-2|2-3|NULL,0-1|1-2|2-3|NULL,3,4,4,2,8,32,1,1,1,0,0.0,15,1
TRAJ-MICRO-V1,12037,187,configured_scale,,,0-1;1-3;2-2,0-1;1-3;2-2,0-1;1-3;2-2,0-1|2-2|1-3|NULL,0-1|2-2|1-3|NULL,3,4,4,2,8,32,1,1,1,0,0.0,15,1
TRAJ-MICRO-V1,12037,187,zero_scale,,,0-1;1-2;2-4,0-1;1-2;2-4,0-1;1-2;2-4,0-1|1-2|2-4|NULL,0-1|1-2|2-4|NULL,3,4,4,2,8,32,1,1,1,0,0.0,15,1
TRAJ-MICRO-V1,12037,188,configured_scale,,,0-0;1-2;2-4,0-0;1-2;2-4,0-0;1-2;2-4,0-0|1-2|2-4|NULL,0-0|1-2|2-4|NULL,3,4,4,2,8,32,1,1,1,0,0.0,15,1
TRAJ-MICRO-V1,12037,188,zero_scale,,,0-0;1-2;2-4,0-0;1-2;2-4,0-0;1-2;2-4,0-0|1-2|2-4|NULL,0-0|1-2|2-4|NULL,3,4,4,2,8,32,1,1,1,0,0.0,15,1
TRAJ-MICRO-V1,12037,189,configured_scale,,,0-1;1-2;2-3,0-1;1-2;2-3,0-1;1-2;2-3,0-1|2-3|1-2|NULL,0-1|2-3|1-2|NULL,3,4,4,2,8,32,1,1,1,0,0.0,15,1
TRAJ-MICRO-V1,12037,189,zero_scale,,,0-1;1-2;2-3,0-1;1-2;2-3,0-1;1-2;2-3,0-1|1-2|2-3|NULL,0-1|1-2|2-3|NULL,3,4,4,2,8,32,1,1,1,0,0.0,15,1
TRAJ-MICRO-V1,12037,190,configured_scale,,,0-1;1-3;2-2,0-1;1-3;2-2,0-1;1-3;2-2,0-1|1-3|2-2|NULL,0-1|1-3|2-2|NULL,3,4,4,2,8,32,1,1,1,0,0.0,15,1
TRAJ-MICRO-V1,12037,190,zero_scale,,,0-1;1-3;2-2,0-1;1-3;2-2,0-1;1-3;2-2,0-1|1-3|2-2|NULL,0-1|1-3|2-2|NULL,3,4,4,2,8,32,1,1,1,0,0.0,15,1
TRAJ-MICRO-V1,12037,191,configured_scale,,,0-3;1-2;2-4,0-3;1-2;2-4,0-3;1-2;2-4,1-2|2-4|0-3|NULL,1-2|2-4|0-3|NULL,3,4,4,2,8,32,1,1,1,0,0.0,15,1
TRAJ-MICRO-V1,12037,191,zero_scale,,,0-3;1-2;2-4,0-3;1-2;2-4,0-3;1-2;2-4,1-2|0-3|2-4|NULL,1-2|0-3|2-4|NULL,3,4,4,2,8,32,1,1,1,0,0.0,15,1
TRAJ-MICRO-V1,12037,192,configured_scale,,,0-4;1-2;2-3,0-4;1-2;2-3,0-4;1-2;2-3,2-3|1-2|0-4|NULL,2-3|1-2|0-4|NULL,3,4,4,2,8,32,1,1,1,0,0.0,15,1
TRAJ-MICRO-V1,12037,192,zero_scale,,,0-2;1-3;2-4,0-2;1-3;2-4,0-2;1-3;2-4,1-3|0-2|2-4|NULL,1-3|0-2|2-4|NULL,3,4,4,2,8,32,1,1,1,0,0.0,15,1
TRAJ-MICRO-V1,12037,193,configured_scale,,,0-4;1-3;2-2,0-4;1-3;2-2,0-4;1-3;2-2,0-4|1-3|2-2|NULL,0-4|1-3|2-2|NULL,3,4,4,2,8,32,1,1,1,0,0.0,15,1
TRAJ-MICRO-V1,12037,193,zero_scale,,,0-4;1-3;2-2,0-4;1-3;2-2,0-4;1-3;2-2,1-3|0-4|2-2|NULL,1-3|0-4|2-2|NULL,3,4,4,2,8,32,1,1,1,0,0.0,15,1
TRAJ-MICRO-V1,12037,194,configured_scale,,,0-3;1-2;2-4,0-3;1-2;2-4,0-3;1-2;2-4,2-4|0-3|1-2|NULL,2-4|0-3|1-2|NULL,3,4,4,2,8,32,1,1,1,0,0.0,15,1
TRAJ-MICRO-V1,12037,194,zero_scale,,,0-3;1-2;2-4,0-3;1-2;2-4,0-3;1-2;2-4,2-4|1-2|0-3|NULL,2-4|1-2|0-3|NULL,3,4,4,2,8,32,1,1,1,0,0.0,15,1
TRAJ-MICRO-V1,12037,195,configured_scale,,,0-4;1-2;2-3,0-4;1-2;2-3,0-4;1-2;2-3,0-4|1-2|2-3|NULL,0-4|1-2|2-3|NULL,3,4,4,2,8,32,1,1,1,0,0.0,15,1
TRAJ-MICRO-V1,12037,195,zero_scale,,,0-4;1-2;2-3,0-4;1-2;2-3,0-4;1-2;2-3,0-4|1-2|2-3|NULL,0-4|1-2|2-3|NULL,3,4,4,2,8,32,1,1,1,0,0.0,15,1
TRAJ-MICRO-V1,12037,196,configured_scale,,,0-4;1-2;2-3,0-4;1-2;2-3,0-4;1-2;2-3,0-4|1-2|2-3|NULL,0-4|1-2|2-3|NULL,3,4,4,2,8,32,1,1,1,0,0.0,15,1
TRAJ-MICRO-V1,12037,196,zero_scale,,,0-1;1-3;2-4,0-1;1-3;2-4,0-1;1-3;2-4,0-1|1-3|2-4|NULL,0-1|1-3|2-4|NULL,3,4,4,2,8,32,1,1,1,0,0.0,15,1
TRAJ-MICRO-V1,12037,197,configured_scale,,,0-0;1-2;2-4,0-0;1-2;2-4,0-0;1-2;2-4,0-0|2-4|1-2|NULL,0-0|2-4|1-2|NULL,3,4,4,2,8,32,1,1,1,0,0.0,15,1
TRAJ-MICRO-V1,12037,197,zero_scale,,,0-0;1-2;2-4,0-0;1-2;2-4,0-0;1-2;2-4,0-0|2-4|1-2|NULL,0-0|2-4|1-2|NULL,3,4,4,2,8,32,1,1,1,0,0.0,15,1
TRAJ-MICRO-V1,12037,198,configured_scale,,,0-0;1-4;2-3,0-0;1-4;2-3,0-0;1-4;2-3,0-0|1-4|2-3|NULL,0-0|1-4|2-3|NULL,3,4,4,2,8,32,1,1,1,0,0.0,15,1
TRAJ-MICRO-V1,12037,198,zero_scale,,,0-1;1-4;2-3,0-1;1-4;2-3,0-1;1-4;2-3,0-1|1-4|2-3|NULL,0-1|1-4|2-3|NULL,3,4,4,2,8,32,1,1,1,0,0.0,15,1
TRAJ-MICRO-V1,12037,199,configured_scale,,,0-0;1-3;2-4,0-0;1-3;2-4,0-0;1-3;2-4,0-0|1-3|2-4|NULL,0-0|1-3|2-4|NULL,3,4,4,2,8,32,1,1,1,0,0.0,15,1
TRAJ-MICRO-V1,12037,199,zero_scale,,,0-1;1-3;2-4,0-1;1-3;2-4,0-1;1-3;2-4,0-1|1-3|2-4|NULL,0-1|1-3|2-4|NULL,3,4,4,2,8,32,1,1,1,0,0.0,15,1
TRAJ-MICRO-V1,12037,200,configured_scale,,,0-0;1-3;2-4,0-0;1-3;2-4,0-0;1-3;2-4,1-3|0-0|2-4|NULL,1-3|0-0|2-4|NULL,3,4,4,2,8,32,1,1,1,0,0.0,15,1
TRAJ-MICRO-V1,12037,200,zero_scale,,,0-0;1-2;2-4,0-0;1-2;2-4,0-0;1-2;2-4,0-0|1-2|2-4|NULL,0-0|1-2|2-4|NULL,3,4,4,2,8,32,1,1,1,0,0.0,15,1
TRAJ-MICRO-V1,12037,201,configured_scale,,,0-2;1-3;2-4,0-2;1-3;2-4,0-2;1-3;2-4,1-3|2-4|0-2|NULL,1-3|2-4|0-2|NULL,3,4,4,2,8,32,1,1,1,0,0.0,15,1
TRAJ-MICRO-V1,12037,201,zero_scale,,,0-2;1-3;2-4,0-2;1-3;2-4,0-2;1-3;2-4,1-3|2-4|0-2|NULL,1-3|2-4|0-2|NULL,3,4,4,2,8,32,1,1,1,0,0.0,15,1
TRAJ-MICRO-V1,12037,202,configured_scale,,,0-1;1-3;2-4,0-1;1-3;2-4,0-1;1-3;2-4,1-3|2-4|0-1|NULL,1-3|2-4|0-1|NULL,3,4,4,2,8,32,1,1,1,0,0.0,15,1
TRAJ-MICRO-V1,12037,202,zero_scale,,,0-1;1-3;2-4,0-1;1-3;2-4,0-1;1-3;2-4,1-3|2-4|0-1|NULL,1-3|2-4|0-1|NULL,3,4,4,2,8,32,1,1,1,0,0.0,15,1
TRAJ-MICRO-V1,12037,203,configured_scale,,,0-3;1-2;2-4,0-3;1-2;2-4,0-3;1-2;2-4,2-4|1-2|0-3|NULL,2-4|1-2|0-3|NULL,3,4,4,2,8,32,1,1,1,0,0.0,15,1
TRAJ-MICRO-V1,12037,203,zero_scale,,,0-3;1-2;2-4,0-3;1-2;2-4,0-3;1-2;2-4,1-2|2-4|0-3|NULL,1-2|2-4|0-3|NULL,3,4,4,2,8,32,1,1,1,0,0.0,15,1
TRAJ-MICRO-V1,12037,204,configured_scale,,,0-1;1-2;2-4,0-1;1-2;2-4,0-1;1-2;2-4,1-2|2-4|0-1|NULL,1-2|2-4|0-1|NULL,3,4,4,2,8,32,1,1,1,0,0.0,15,1
TRAJ-MICRO-V1,12037,204,zero_scale,,,0-1;1-2;2-3,0-1;1-2;2-3,0-1;1-2;2-3,1-2|2-3|0-1|NULL,1-2|2-3|0-1|NULL,3,4,4,2,8,32,1,1,1,0,0.0,15,1
TRAJ-MICRO-V1,12037,205,configured_scale,,,0-1;1-3;2-4,0-1;1-3;2-4,0-1;1-3;2-4,1-3|2-4|0-1|NULL,1-3|2-4|0-1|NULL,3,4,4,2,8,32,1,1,1,0,0.0,15,1
TRAJ-MICRO-V1,12037,205,zero_scale,,,0-1;1-3;2-2,0-1;1-3;2-2,0-1;1-3;2-2,1-3|2-2|0-1|NULL,1-3|2-2|0-1|NULL,3,4,4,2,8,32,1,1,1,0,0.0,15,1
TRAJ-MICRO-V1,12037,206,configured_scale,,,0-1;1-2;2-4,0-1;1-2;2-4,0-1;1-2;2-4,1-2|2-4|0-1|NULL,1-2|2-4|0-1|NULL,3,4,4,2,8,32,1,1,1,0,0.0,15,1
TRAJ-MICRO-V1,12037,206,zero_scale,,,0-3;1-2;2-1,0-3;1-2;2-1,0-3;1-2;2-1,1-2|2-1|0-3|NULL,1-2|2-1|0-3|NULL,3,4,4,2,8,32,1,1,1,0,0.0,15,1
TRAJ-MICRO-V1,12037,207,configured_scale,,,0-1;1-2;2-0,0-1;1-2;2-0,0-1;1-2;2-0,1-2|2-0|0-1|NULL,1-2|2-0|0-1|NULL,3,4,4,2,8,32,1,1,1,0,0.0,15,1
TRAJ-MICRO-V1,12037,207,zero_scale,,,0-1;1-2;2-3,0-1;1-2;2-3,0-1;1-2;2-3,1-2|2-3|0-1|NULL,1-2|2-3|0-1|NULL,3,4,4,2,8,32,1,1,1,0,0.0,15,1
TRAJ-MICRO-V1,12037,208,configured_scale,,,0-1;1-3;2-0,0-1;1-3;2-0,0-1;1-3;2-0,1-3|2-0|0-1|NULL,1-3|2-0|0-1|NULL,3,4,4,2,8,32,1,1,1,0,0.0,15,1
TRAJ-MICRO-V1,12037,208,zero_scale,,,0-1;1-3;2-2,0-1;1-3;2-2,0-1;1-3;2-2,1-3|0-1|2-2|NULL,1-3|0-1|2-2|NULL,3,4,4,2,8,32,1,1,1,0,0.0,15,1
TRAJ-MICRO-V1,12037,209,configured_scale,,,0-0;1-2;2-4,0-0;1-2;2-4,0-0;1-2;2-4,2-4|1-2|0-0|NULL,2-4|1-2|0-0|NULL,3,4,4,2,8,32,1,1,1,0,0.0,15,1
TRAJ-MICRO-V1,12037,209,zero_scale,,,0-0;1-2;2-4,0-0;1-2;2-4,0-0;1-2;2-4,1-2|2-4|0-0|NULL,1-2|2-4|0-0|NULL,3,4,4,2,8,32,1,1,1,0,0.0,15,1
TRAJ-MICRO-V1,12037,210,configured_scale,,,0-1;1-2;2-0,0-1;1-2;2-0,0-1;1-2;2-0,2-0|1-2|0-1|NULL,2-0|1-2|0-1|NULL,3,4,4,2,8,32,1,1,1,0,0.0,15,1
TRAJ-MICRO-V1,12037,210,zero_scale,,,0-1;1-2;2-0,0-1;1-2;2-0,0-1;1-2;2-0,2-0|1-2|0-1|NULL,2-0|1-2|0-1|NULL,3,4,4,2,8,32,1,1,1,0,0.0,15,1
TRAJ-MICRO-V1,12037,211,configured_scale,,,0-0;1-3;2-4,0-0;1-3;2-4,0-0;1-3;2-4,2-4|1-3|0-0|NULL,2-4|1-3|0-0|NULL,3,4,4,2,8,32,1,1,1,0,0.0,15,1
TRAJ-MICRO-V1,12037,211,zero_scale,,,0-1;1-3;2-4,0-1;1-3;2-4,0-1;1-3;2-4,2-4|1-3|0-1|NULL,2-4|1-3|0-1|NULL,3,4,4,2,8,32,1,1,1,0,0.0,15,1
TRAJ-MICRO-V1,12037,212,configured_scale,,,0-0;1-2;2-4,0-0;1-2;2-4,0-0;1-2;2-4,2-4|0-0|1-2|NULL,2-4|0-0|1-2|NULL,3,4,4,2,8,32,1,1,1,0,0.0,15,1
TRAJ-MICRO-V1,12037,212,zero_scale,,,0-0;1-2;2-4,0-0;1-2;2-4,0-0;1-2;2-4,2-4|1-2|0-0|NULL,2-4|1-2|0-0|NULL,3,4,4,2,8,32,1,1,1,0,0.0,15,1
TRAJ-MICRO-V1,12037,213,configured_scale,,,0-1;1-0;2-4,0-1;1-0;2-4,0-1;1-0;2-4,2-4|1-0|0-1|NULL,2-4|1-0|0-1|NULL,3,4,4,2,8,32,1,1,1,0,0.0,15,1
TRAJ-MICRO-V1,12037,213,zero_scale,,,0-0;1-1;2-3,0-0;1-1;2-3,0-0;1-1;2-3,2-3|1-1|0-0|NULL,2-3|1-1|0-0|NULL,3,4,4,2,8,32,1,1,1,0,0.0,15,1
TRAJ-MICRO-V1,12037,214,configured_scale,,,0-1;1-0;2-4,0-1;1-0;2-4,0-1;1-0;2-4,2-4|1-0|0-1|NULL,2-4|1-0|0-1|NULL,3,4,4,2,8,32,1,1,1,0,0.0,15,1
TRAJ-MICRO-V1,12037,214,zero_scale,,,0-1;1-0;2-4,0-1;1-0;2-4,0-1;1-0;2-4,2-4|1-0|0-1|NULL,2-4|1-0|0-1|NULL,3,4,4,2,8,32,1,1,1,0,0.0,15,1
TRAJ-MICRO-V1,12037,215,configured_scale,,,0-0;1-2;2-4,0-0;1-2;2-4,0-0;1-2;2-4,2-4|0-0|1-2|NULL,2-4|0-0|1-2|NULL,3,4,4,2,8,32,1,1,1,0,0.0,15,1
TRAJ-MICRO-V1,12037,215,zero_scale,,,0-0;1-2;2-4,0-0;1-2;2-4,0-0;1-2;2-4,2-4|0-0|1-2|NULL,2-4|0-0|1-2|NULL,3,4,4,2,8,32,1,1,1,0,0.0,15,1
TRAJ-MICRO-V1,12037,216,configured_scale,,,0-2;1-1;2-0,0-2;1-1;2-0,0-2;1-1;2-0,2-0|1-1|0-2|NULL,2-0|1-1|0-2|NULL,3,4,4,2,8,32,1,1,1,0,0.0,15,1
TRAJ-MICRO-V1,12037,216,zero_scale,,,0-0;1-1;2-3,0-0;1-1;2-3,0-0;1-1;2-3,0-0|2-3|1-1|NULL,0-0|2-3|1-1|NULL,3,4,4,2,8,32,1,1,1,0,0.0,15,1
TRAJ-MICRO-V1,12037,217,configured_scale,,,0-0;1-3;2-4,0-0;1-3;2-4,0-0;1-3;2-4,0-0|2-4|1-3|NULL,0-0|2-4|1-3|NULL,3,4,4,2,8,32,1,1,1,0,0.0,15,1
TRAJ-MICRO-V1,12037,217,zero_scale,,,0-0;1-1;2-2,0-0;1-1;2-2,0-0;1-1;2-2,0-0|2-2|1-1|NULL,0-0|2-2|1-1|NULL,3,4,4,2,8,32,1,1,1,0,0.0,15,1
TRAJ-MICRO-V1,12037,218,configured_scale,,,0-0;1-2;2-4,0-0;1-2;2-4,0-0;1-2;2-4,0-0|2-4|1-2|NULL,0-0|2-4|1-2|NULL,3,4,4,2,8,32,1,1,1,0,0.0,15,1
TRAJ-MICRO-V1,12037,218,zero_scale,,,0-0;1-2;2-1,0-0;1-2;2-1,0-0;1-2;2-1,0-0|1-2|2-1|NULL,0-0|1-2|2-1|NULL,3,4,4,2,8,32,1,1,1,0,0.0,15,1
TRAJ-MICRO-V1,12037,219,configured_scale,,,0-1;1-2;2-0,0-1;1-2;2-0,0-1;1-2;2-0,2-0|0-1|1-2|NULL,2-0|0-1|1-2|NULL,3,4,4,2,8,32,1,1,1,0,0.0,15,1
TRAJ-MICRO-V1,12037,219,zero_scale,,,0-1;1-0;2-3,0-1;1-0;2-3,0-1;1-0;2-3,0-1|1-0|2-3|NULL,0-1|1-0|2-3|NULL,3,4,4,2,8,32,1,1,1,0,0.0,15,1
TRAJ-MICRO-V1,12037,220,configured_scale,,,0-1;1-0;2-4,0-1;1-0;2-4,0-1;1-0;2-4,1-0|0-1|2-4|NULL,1-0|0-1|2-4|NULL,3,4,4,2,8,32,1,1,1,0,0.0,15,1
TRAJ-MICRO-V1,12037,220,zero_scale,,,0-1;1-2;2-4,0-1;1-2;2-4,0-1;1-2;2-4,0-1|1-2|2-4|NULL,0-1|1-2|2-4|NULL,3,4,4,2,8,32,1,1,1,0,0.0,15,1
TRAJ-MICRO-V1,12037,221,configured_scale,,,0-3;1-2;2-1,0-3;1-2;2-1,0-3;1-2;2-1,1-2|2-1|0-3|NULL,1-2|2-1|0-3|NULL,3,4,4,2,8,32,1,1,1,0,0.0,15,1
TRAJ-MICRO-V1,12037,221,zero_scale,,,0-1;1-2;2-4,0-1;1-2;2-4,0-1;1-2;2-4,1-2|0-1|2-4|NULL,1-2|0-1|2-4|NULL,3,4,4,2,8,32,1,1,1,0,0.0,15,1
TRAJ-MICRO-V1,12037,222,configured_scale,,,0-1;1-2;2-0,0-1;1-2;2-0,0-1;1-2;2-0,1-2|0-1|2-0|NULL,1-2|0-1|2-0|NULL,3,4,4,2,8,32,1,1,1,0,0.0,15,1
TRAJ-MICRO-V1,12037,222,zero_scale,,,0-2;1-1;2-3,0-2;1-1;2-3,0-2;1-1;2-3,1-1|0-2|2-3|NULL,1-1|0-2|2-3|NULL,3,4,4,2,8,32,1,1,1,0,0.0,15,1
TRAJ-MICRO-V1,12037,223,configured_scale,,,0-1;1-2;2-4,0-1;1-2;2-4,0-1;1-2;2-4,1-2|0-1|2-4|NULL,1-2|0-1|2-4|NULL,3,4,4,2,8,32,1,1,1,0,0.0,15,1
TRAJ-MICRO-V1,12037,223,zero_scale,,,0-1;1-2;2-4,0-1;1-2;2-4,0-1;1-2;2-4,1-2|0-1|2-4|NULL,1-2|0-1|2-4|NULL,3,4,4,2,8,32,1,1,1,0,0.0,15,1
TRAJ-MICRO-V1,12037,224,configured_scale,,,0-1;1-2;2-4,0-1;1-2;2-4,0-1;1-2;2-4,1-2|0-1|2-4|NULL,1-2|0-1|2-4|NULL,3,4,4,2,8,32,1,1,1,0,0.0,15,1
TRAJ-MICRO-V1,12037,224,zero_scale,,,0-1;1-2;2-4,0-1;1-2;2-4,0-1;1-2;2-4,1-2|0-1|2-4|NULL,1-2|0-1|2-4|NULL,3,4,4,2,8,32,1,1,1,0,0.0,15,1
TRAJ-MICRO-V1,12037,225,configured_scale,,,0-1;1-2;2-0,0-1;1-2;2-0,0-1;1-2;2-0,1-2|0-1|2-0|NULL,1-2|0-1|2-0|NULL,3,4,4,2,8,32,1,1,1,0,0.0,15,1
TRAJ-MICRO-V1,12037,225,zero_scale,,,0-1;1-2;2-3,0-1;1-2;2-3,0-1;1-2;2-3,1-2|0-1|2-3|NULL,1-2|0-1|2-3|NULL,3,4,4,2,8,32,1,1,1,0,0.0,15,1
TRAJ-MICRO-V1,12037,226,configured_scale,,,0-1;1-0;2-2,0-1;1-0;2-2,0-1;1-0;2-2,0-1|1-0|2-2|NULL,0-1|1-0|2-2|NULL,3,4,4,2,8,32,1,1,1,0,0.0,15,1
TRAJ-MICRO-V1,12037,226,zero_scale,,,0-1;1-2;2-3,0-1;1-2;2-3,0-1;1-2;2-3,0-1|1-2|2-3|NULL,0-1|1-2|2-3|NULL,3,4,4,2,8,32,1,1,1,0,0.0,15,1
TRAJ-MICRO-V1,12037,227,configured_scale,,,0-0;1-3;2-4,0-0;1-3;2-4,0-0;1-3;2-4,0-0|1-3|2-4|NULL,0-0|1-3|2-4|NULL,3,4,4,2,8,32,1,1,1,0,0.0,15,1
TRAJ-MICRO-V1,12037,227,zero_scale,,,0-0;1-2;2-3,0-0;1-2;2-3,0-0;1-2;2-3,0-0|1-2|2-3|NULL,0-0|1-2|2-3|NULL,3,4,4,2,8,32,1,1,1,0,0.0,15,1
TRAJ-MICRO-V1,12037,228,configured_scale,,,0-0;1-4;2-3,0-0;1-4;2-3,0-0;1-4;2-3,0-0|2-3|1-4|NULL,0-0|2-3|1-4|NULL,3,4,4,2,8,32,1,1,1,0,0.0,15,1
TRAJ-MICRO-V1,12037,228,zero_scale,,,0-1;1-3;2-4,0-1;1-3;2-4,0-1;1-3;2-4,0-1|1-3|2-4|NULL,0-1|1-3|2-4|NULL,3,4,4,2,8,32,1,1,1,0,0.0,15,1
TRAJ-MICRO-V1,12037,229,configured_scale,,,0-4;1-3;2-2,0-4;1-3;2-2,0-4;1-3;2-2,0-4|1-3|2-2|NULL,0-4|1-3|2-2|NULL,3,4,4,2,8,32,1,1,1,0,0.0,15,1
TRAJ-MICRO-V1,12037,229,zero_scale,,,0-1;1-3;2-4,0-1;1-3;2-4,0-1;1-3;2-4,0-1|1-3|2-4|NULL,0-1|1-3|2-4|NULL,3,4,4,2,8,32,1,1,1,0,0.0,15,1
TRAJ-MICRO-V1,12037,230,configured_scale,,,0-3;1-2;2-4,0-3;1-2;2-4,0-3;1-2;2-4,2-4|0-3|1-2|NULL,2-4|0-3|1-2|NULL,3,4,4,2,8,32,1,1,1,0,0.0,15,1
TRAJ-MICRO-V1,12037,230,zero_scale,,,0-0;1-2;2-4,0-0;1-2;2-4,0-0;1-2;2-4,2-4|0-0|1-2|NULL,2-4|0-0|1-2|NULL,3,4,4,2,8,32,1,1,1,0,0.0,15,1
TRAJ-MICRO-V1,12037,231,configured_scale,,,0-2;1-3;2-4,0-2;1-3;2-4,0-2;1-3;2-4,2-4|0-2|1-3|NULL,2-4|0-2|1-3|NULL,3,4,4,2,8,32,1,1,1,0,0.0,15,1
TRAJ-MICRO-V1,12037,231,zero_scale,,,0-2;1-3;2-4,0-2;1-3;2-4,0-2;1-3;2-4,2-4|0-2|1-3|NULL,2-4|0-2|1-3|NULL,3,4,4,2,8,32,1,1,1,0,0.0,15,1
TRAJ-MICRO-V1,12037,232,configured_scale,,,0-1;1-3;2-4,0-1;1-3;2-4,0-1;1-3;2-4,2-4|1-3|0-1|NULL,2-4|1-3|0-1|NULL,3,4,4,2,8,32,1,1,1,0,0.0,15,1
TRAJ-MICRO-V1,12037,232,zero_scale,,,0-1;1-3;2-4,0-1;1-3;2-4,0-1;1-3;2-4,2-4|1-3|0-1|NULL,2-4|1-3|0-1|NULL,3,4,4,2,8,32,1,1,1,0,0.0,15,1
TRAJ-MICRO-V1,12037,233,configured_scale,,,0-0;1-3;2-4,0-0;1-3;2-4,0-0;1-3;2-4,2-4|1-3|0-0|NULL,2-4|1-3|0-0|NULL,3,4,4,2,8,32,1,1,1,0,0.0,15,1
TRAJ-MICRO-V1,12037,233,zero_scale,,,0-2;1-3;2-4,0-2;1-3;2-4,0-2;1-3;2-4,2-4|1-3|0-2|NULL,2-4|1-3|0-2|NULL,3,4,4,2,8,32,1,1,1,0,0.0,15,1
TRAJ-MICRO-V1,12037,234,configured_scale,,,0-2;1-3;2-4,0-2;1-3;2-4,0-2;1-3;2-4,2-4|1-3|0-2|NULL,2-4|1-3|0-2|NULL,3,4,4,2,8,32,1,1,1,0,0.0,15,1
TRAJ-MICRO-V1,12037,234,zero_scale,,,0-2;1-3;2-4,0-2;1-3;2-4,0-2;1-3;2-4,2-4|1-3|0-2|NULL,2-4|1-3|0-2|NULL,3,4,4,2,8,32,1,1,1,0,0.0,15,1
TRAJ-MICRO-V1,12037,235,configured_scale,,,0-1;1-3;2-4,0-1;1-3;2-4,0-1;1-3;2-4,2-4|1-3|0-1|NULL,2-4|1-3|0-1|NULL,3,4,4,2,8,32,1,1,1,0,0.0,15,1
TRAJ-MICRO-V1,12037,235,zero_scale,,,0-1;1-3;2-4,0-1;1-3;2-4,0-1;1-3;2-4,1-3|2-4|0-1|NULL,1-3|2-4|0-1|NULL,3,4,4,2,8,32,1,1,1,0,0.0,15,1
TRAJ-MICRO-V1,12037,236,configured_scale,,,0-3;1-2;2-4,0-3;1-2;2-4,0-3;1-2;2-4,2-4|1-2|0-3|NULL,2-4|1-2|0-3|NULL,3,4,4,2,8,32,1,1,1,0,0.0,15,1
TRAJ-MICRO-V1,12037,236,zero_scale,,,0-3;1-2;2-4,0-3;1-2;2-4,0-3;1-2;2-4,1-2|2-4|0-3|NULL,1-2|2-4|0-3|NULL,3,4,4,2,8,32,1,1,1,0,0.0,15,1
TRAJ-MICRO-V1,12037,237,configured_scale,,,0-1;1-2;2-3,0-1;1-2;2-3,0-1;1-2;2-3,2-3|1-2|0-1|NULL,2-3|1-2|0-1|NULL,3,4,4,2,8,32,1,1,1,0,0.0,15,1
TRAJ-MICRO-V1,12037,237,zero_scale,,,0-2;1-3;2-4,0-2;1-3;2-4,0-2;1-3;2-4,1-3|0-2|2-4|NULL,1-3|0-2|2-4|NULL,3,4,4,2,8,32,1,1,1,0,0.0,15,1
TRAJ-MICRO-V1,12037,238,configured_scale,,,0-1;1-3;2-2,0-1;1-3;2-2,0-1;1-3;2-2,1-3|2-2|0-1|NULL,1-3|2-2|0-1|NULL,3,4,4,2,8,32,1,1,1,0,0.0,15,1
TRAJ-MICRO-V1,12037,238,zero_scale,,,0-1;1-3;2-2,0-1;1-3;2-2,0-1;1-3;2-2,1-3|0-1|2-2|NULL,1-3|0-1|2-2|NULL,3,4,4,2,8,32,1,1,1,0,0.0,15,1
TRAJ-MICRO-V1,12037,239,configured_scale,,,0-3;1-2;2-4,0-3;1-2;2-4,0-3;1-2;2-4,1-2|2-4|0-3|NULL,1-2|2-4|0-3|NULL,3,4,4,2,8,32,1,1,1,0,0.0,15,1
TRAJ-MICRO-V1,12037,239,zero_scale,,,0-3;1-2;2-4,0-3;1-2;2-4,0-3;1-2;2-4,1-2|0-3|2-4|NULL,1-2|0-3|2-4|NULL,3,4,4,2,8,32,1,1,1,0,0.0,15,1
TRAJ-MICRO-V1,12037,240,configured_scale,,,0-1;1-2;2-3,0-1;1-2;2-3,0-1;1-2;2-3,1-2|2-3|0-1|NULL,1-2|2-3|0-1|NULL,3,4,4,2,8,32,1,1,1,0,0.0,15,1
TRAJ-MICRO-V1,12037,240,zero_scale,,,0-1;1-2;2-3,0-1;1-2;2-3,0-1;1-2;2-3,1-2|2-3|0-1|NULL,1-2|2-3|0-1|NULL,3,4,4,2,8,32,1,1,1,0,0.0,15,1
TRAJ-MICRO-V1,12041,1,exploration_public_assignment,3,4,0-0;1-2;2-1,0-0;1-2;2-1,0-0;1-2;2-1,PUBLIC:0-0;1-2;2-1,PUBLIC:0-0;1-2;2-1,3,0,0,0,0,0,1,1,1,0,0.0,15,1
TRAJ-MICRO-V1,12041,2,exploration_public_assignment,10,11,0-0;1-4;2-2,0-0;1-4;2-2,0-0;1-4;2-2,PUBLIC:0-0;1-4;2-2,PUBLIC:0-0;1-4;2-2,3,0,0,0,0,0,1,1,1,0,0.0,15,1
TRAJ-MICRO-V1,12041,3,exploration_public_assignment,17,18,0-1;1-2;2-4,0-1;1-2;2-4,0-1;1-2;2-4,PUBLIC:0-1;1-2;2-4,PUBLIC:0-1;1-2;2-4,3,0,0,0,0,0,1,1,1,0,0.0,15,1
TRAJ-MICRO-V1,12041,4,exploration_public_assignment,24,25,0-2;1-0;2-1,0-2;1-0;2-1,0-2;1-0;2-1,PUBLIC:0-2;1-0;2-1,PUBLIC:0-2;1-0;2-1,3,0,0,0,0,0,1,1,1,0,0.0,15,1
TRAJ-MICRO-V1,12041,5,exploration_public_assignment,31,32,0-2;1-3;2-1,0-2;1-3;2-1,0-2;1-3;2-1,PUBLIC:0-2;1-3;2-1,PUBLIC:0-2;1-3;2-1,3,0,0,0,0,0,1,1,1,0,0.0,15,1
TRAJ-MICRO-V1,12041,6,exploration_public_assignment,38,39,0-3;1-0;2-4,0-3;1-0;2-4,0-3;1-0;2-4,PUBLIC:0-3;1-0;2-4,PUBLIC:0-3;1-0;2-4,3,0,0,0,0,0,1,1,1,0,0.0,15,1
TRAJ-MICRO-V1,12041,7,exploration_public_assignment,45,46,0-3;1-4;2-0,0-3;1-4;2-0,0-3;1-4;2-0,PUBLIC:0-3;1-4;2-0,PUBLIC:0-3;1-4;2-0,3,0,0,0,0,0,1,1,1,0,0.0,15,1
TRAJ-MICRO-V1,12041,8,exploration_public_assignment,52,53,0-4;1-1;2-2,0-4;1-1;2-2,0-4;1-1;2-2,PUBLIC:0-4;1-1;2-2,PUBLIC:0-4;1-1;2-2,3,0,0,0,0,0,1,1,1,0,0.0,15,1
TRAJ-MICRO-V1,12041,9,exploration_public_assignment,59,60,0-4;1-3;2-2,0-4;1-3;2-2,0-4;1-3;2-2,PUBLIC:0-4;1-3;2-2,PUBLIC:0-4;1-3;2-2,3,0,0,0,0,0,1,1,1,0,0.0,15,1
TRAJ-MICRO-V1,12041,10,exploration_public_assignment,6,7,0-0;1-3;2-1,0-0;1-3;2-1,0-0;1-3;2-1,PUBLIC:0-0;1-3;2-1,PUBLIC:0-0;1-3;2-1,3,0,0,0,0,0,1,1,1,0,0.0,15,1
TRAJ-MICRO-V1,12041,11,exploration_public_assignment,13,14,0-1;1-0;2-3,0-1;1-0;2-3,0-1;1-0;2-3,PUBLIC:0-1;1-0;2-3,PUBLIC:0-1;1-0;2-3,3,0,0,0,0,0,1,1,1,0,0.0,15,1
TRAJ-MICRO-V1,12041,12,exploration_public_assignment,20,21,0-1;1-3;2-4,0-1;1-3;2-4,0-1;1-3;2-4,PUBLIC:0-1;1-3;2-4,PUBLIC:0-1;1-3;2-4,3,0,0,0,0,0,1,1,1,0,0.0,15,1
TRAJ-MICRO-V1,12041,13,exploration_public_assignment,27,28,0-2;1-1;2-0,0-2;1-1;2-0,0-2;1-1;2-0,PUBLIC:0-2;1-1;2-0,PUBLIC:0-2;1-1;2-0,3,0,0,0,0,0,1,1,1,0,0.0,15,1
TRAJ-MICRO-V1,12041,14,exploration_public_assignment,34,35,0-2;1-4;2-1,0-2;1-4;2-1,0-2;1-4;2-1,PUBLIC:0-2;1-4;2-1,PUBLIC:0-2;1-4;2-1,3,0,0,0,0,0,1,1,1,0,0.0,15,1
TRAJ-MICRO-V1,12041,15,exploration_public_assignment,41,42,0-3;1-1;2-4,0-3;1-1;2-4,0-3;1-1;2-4,PUBLIC:0-3;1-1;2-4,PUBLIC:0-3;1-1;2-4,3,0,0,0,0,0,1,1,1,0,0.0,15,1
TRAJ-MICRO-V1,12041,16,exploration_public_assignment,48,49,0-4;1-0;2-1,0-4;1-0;2-1,0-4;1-0;2-1,PUBLIC:0-4;1-0;2-1,PUBLIC:0-4;1-0;2-1,3,0,0,0,0,0,1,1,1,0,0.0,15,1
TRAJ-MICRO-V1,12041,17,exploration_public_assignment,55,56,0-4;1-2;2-1,0-4;1-2;2-1,0-4;1-2;2-1,PUBLIC:0-4;1-2;2-1,PUBLIC:0-4;1-2;2-1,3,0,0,0,0,0,1,1,1,0,0.0,15,1
TRAJ-MICRO-V1,12041,18,exploration_public_assignment,2,3,0-0;1-1;2-4,0-0;1-1;2-4,0-0;1-1;2-4,PUBLIC:0-0;1-1;2-4,PUBLIC:0-0;1-1;2-4,3,0,0,0,0,0,1,1,1,0,0.0,15,1
TRAJ-MICRO-V1,12041,19,configured_scale,,,0-1;1-3;2-2,0-1;1-3;2-2,0-1;1-3;2-2,0-1|2-2|1-3|NULL,0-1|2-2|1-3|NULL,3,4,4,2,8,32,1,1,1,0,0.0,15,1
TRAJ-MICRO-V1,12041,19,zero_scale,,,0-1;1-3;2-2,0-1;1-3;2-2,0-1;1-3;2-2,0-1|1-3|2-2|NULL,0-1|1-3|2-2|NULL,3,4,4,2,8,32,1,1,1,0,0.0,15,1
TRAJ-MICRO-V1,12041,20,configured_scale,,,0-0;1-2;2-4,0-0;1-2;2-4,0-0;1-2;2-4,1-2|2-4|0-0|NULL,1-2|2-4|0-0|NULL,3,4,4,2,8,32,1,1,1,0,0.0,15,1
TRAJ-MICRO-V1,12041,20,zero_scale,,,0-0;1-2;2-1,0-0;1-2;2-1,0-0;1-2;2-1,1-2|0-0|2-1|NULL,1-2|0-0|2-1|NULL,3,4,4,2,8,32,1,1,1,0,0.0,15,1
TRAJ-MICRO-V1,12041,21,configured_scale,,,0-2;1-1;2-0,0-2;1-1;2-0,0-2;1-1;2-0,1-1|2-0|0-2|NULL,1-1|2-0|0-2|NULL,3,4,4,2,8,32,1,1,1,0,0.0,15,1
TRAJ-MICRO-V1,12041,21,zero_scale,,,0-2;1-1;2-0,0-2;1-1;2-0,0-2;1-1;2-0,1-1|0-2|2-0|NULL,1-1|0-2|2-0|NULL,3,4,4,2,8,32,1,1,1,0,0.0,15,1
TRAJ-MICRO-V1,12041,22,configured_scale,,,0-4;1-3;2-2,0-4;1-3;2-2,0-4;1-3;2-2,0-4|1-3|2-2|NULL,0-4|1-3|2-2|NULL,3,4,4,2,8,32,1,1,1,0,0.0,15,1
TRAJ-MICRO-V1,12041,22,zero_scale,,,0-1;1-3;2-2,0-1;1-3;2-2,0-1;1-3;2-2,0-1|1-3|2-2|NULL,0-1|1-3|2-2|NULL,3,4,4,2,8,32,1,1,1,0,0.0,15,1
TRAJ-MICRO-V1,12041,23,configured_scale,,,0-3;1-2;2-4,0-3;1-2;2-4,0-3;1-2;2-4,2-4|0-3|1-2|NULL,2-4|0-3|1-2|NULL,3,4,4,2,8,32,1,1,1,0,0.0,15,1
TRAJ-MICRO-V1,12041,23,zero_scale,,,0-0;1-2;2-4,0-0;1-2;2-4,0-0;1-2;2-4,0-0|1-2|2-4|NULL,0-0|1-2|2-4|NULL,3,4,4,2,8,32,1,1,1,0,0.0,15,1
TRAJ-MICRO-V1,12041,24,configured_scale,,,0-0;1-1;2-3,0-0;1-1;2-3,0-0;1-1;2-3,0-0|2-3|1-1|NULL,0-0|2-3|1-1|NULL,3,4,4,2,8,32,1,1,1,0,0.0,15,1
TRAJ-MICRO-V1,12041,24,zero_scale,,,0-0;1-1;2-3,0-0;1-1;2-3,0-0;1-1;2-3,0-0|1-1|2-3|NULL,0-0|1-1|2-3|NULL,3,4,4,2,8,32,1,1,1,0,0.0,15,1
TRAJ-MICRO-V1,12041,25,configured_scale,,,0-1;1-3;2-4,0-1;1-3;2-4,0-1;1-3;2-4,0-1|1-3|2-4|NULL,0-1|1-3|2-4|NULL,3,4,4,2,8,32,1,1,1,0,0.0,15,1
TRAJ-MICRO-V1,12041,25,zero_scale,,,0-1;1-0;2-4,0-1;1-0;2-4,0-1;1-0;2-4,0-1|1-0|2-4|NULL,0-1|1-0|2-4|NULL,3,4,4,2,8,32,1,1,1,0,0.0,15,1
TRAJ-MICRO-V1,12041,26,configured_scale,,,0-0;1-2;2-4,0-0;1-2;2-4,0-0;1-2;2-4,2-4|1-2|0-0|NULL,2-4|1-2|0-0|NULL,3,4,4,2,8,32,1,1,1,0,0.0,15,1
TRAJ-MICRO-V1,12041,26,zero_scale,,,0-0;1-2;2-4,0-0;1-2;2-4,0-0;1-2;2-4,0-0|1-2|2-4|NULL,0-0|1-2|2-4|NULL,3,4,4,2,8,32,1,1,1,0,0.0,15,1
TRAJ-MICRO-V1,12041,27,configured_scale,,,0-2;1-1;2-0,0-2;1-1;2-0,0-2;1-1;2-0,2-0|1-1|0-2|NULL,2-0|1-1|0-2|NULL,3,4,4,2,8,32,1,1,1,0,0.0,15,1
TRAJ-MICRO-V1,12041,27,zero_scale,,,0-0;1-1;2-4,0-0;1-1;2-4,0-0;1-1;2-4,0-0|1-1|2-4|NULL,0-0|1-1|2-4|NULL,3,4,4,2,8,32,1,1,1,0,0.0,15,1
TRAJ-MICRO-V1,12041,28,configured_scale,,,0-1;1-0;2-4,0-1;1-0;2-4,0-1;1-0;2-4,2-4|0-1|1-0|NULL,2-4|0-1|1-0|NULL,3,4,4,2,8,32,1,1,1,0,0.0,15,1
TRAJ-MICRO-V1,12041,28,zero_scale,,,0-1;1-0;2-4,0-1;1-0;2-4,0-1;1-0;2-4,0-1|2-4|1-0|NULL,0-1|2-4|1-0|NULL,3,4,4,2,8,32,1,1,1,0,0.0,15,1
TRAJ-MICRO-V1,12041,29,configured_scale,,,0-0;1-2;2-4,0-0;1-2;2-4,0-0;1-2;2-4,2-4|0-0|1-2|NULL,2-4|0-0|1-2|NULL,3,4,4,2,8,32,1,1,1,0,0.0,15,1
TRAJ-MICRO-V1,12041,29,zero_scale,,,0-0;1-2;2-4,0-0;1-2;2-4,0-0;1-2;2-4,2-4|0-0|1-2|NULL,2-4|0-0|1-2|NULL,3,4,4,2,8,32,1,1,1,0,0.0,15,1
TRAJ-MICRO-V1,12041,30,configured_scale,,,0-0;1-3;2-4,0-0;1-3;2-4,0-0;1-3;2-4,2-4|0-0|1-3|NULL,2-4|0-0|1-3|NULL,3,4,4,2,8,32,1,1,1,0,0.0,15,1
TRAJ-MICRO-V1,12041,30,zero_scale,,,0-0;1-4;2-3,0-0;1-4;2-3,0-0;1-4;2-3,2-3|1-4|0-0|NULL,2-3|1-4|0-0|NULL,3,4,4,2,8,32,1,1,1,0,0.0,15,1
TRAJ-MICRO-V1,12041,31,configured_scale,,,0-4;1-3;2-2,0-4;1-3;2-2,0-4;1-3;2-2,0-4|1-3|2-2|NULL,0-4|1-3|2-2|NULL,3,4,4,2,8,32,1,1,1,0,0.0,15,1
TRAJ-MICRO-V1,12041,31,zero_scale,,,0-4;1-3;2-2,0-4;1-3;2-2,0-4;1-3;2-2,1-3|0-4|2-2|NULL,1-3|0-4|2-2|NULL,3,4,4,2,8,32,1,1,1,0,0.0,15,1
TRAJ-MICRO-V1,12041,32,configured_scale,,,0-3;1-2;2-1,0-3;1-2;2-1,0-3;1-2;2-1,0-3|2-1|1-2|NULL,0-3|2-1|1-2|NULL,3,4,4,2,8,32,1,1,1,0,0.0,15,1
TRAJ-MICRO-V1,12041,32,zero_scale,,,0-0;1-2;2-1,0-0;1-2;2-1,0-0;1-2;2-1,0-0|1-2|2-1|NULL,0-0|1-2|2-1|NULL,3,4,4,2,8,32,1,1,1,0,0.0,15,1
TRAJ-MICRO-V1,12041,33,configured_scale,,,0-4;1-2;2-0,0-4;1-2;2-0,0-4;1-2;2-0,2-0|1-2|0-4|NULL,2-0|1-2|0-4|NULL,3,4,4,2,8,32,1,1,1,0,0.0,15,1
TRAJ-MICRO-V1,12041,33,zero_scale,,,0-2;1-1;2-0,0-2;1-1;2-0,0-2;1-1;2-0,0-2|1-1|2-0|NULL,0-2|1-1|2-0|NULL,3,4,4,2,8,32,1,1,1,0,0.0,15,1
TRAJ-MICRO-V1,12041,34,configured_scale,,,0-4;1-0;2-1,0-4;1-0;2-1,0-4;1-0;2-1,0-4|1-0|2-1|NULL,0-4|1-0|2-1|NULL,3,4,4,2,8,32,1,1,1,0,0.0,15,1
TRAJ-MICRO-V1,12041,34,zero_scale,,,0-4;1-0;2-2,0-4;1-0;2-2,0-4;1-0;2-2,0-4|1-0|2-2|NULL,0-4|1-0|2-2|NULL,3,4,4,2,8,32,1,1,1,0,0.0,15,1
TRAJ-MICRO-V1,12041,35,configured_scale,,,0-3;1-2;2-1,0-3;1-2;2-1,0-3;1-2;2-1,0-3|1-2|2-1|NULL,0-3|1-2|2-1|NULL,3,4,4,2,8,32,1,1,1,0,0.0,15,1
TRAJ-MICRO-V1,12041,35,zero_scale,,,0-0;1-2;2-1,0-0;1-2;2-1,0-0;1-2;2-1,0-0|1-2|2-1|NULL,0-0|1-2|2-1|NULL,3,4,4,2,8,32,1,1,1,0,0.0,15,1
TRAJ-MICRO-V1,12041,36,configured_scale,,,0-4;1-2;2-0,0-4;1-2;2-0,0-4;1-2;2-0,0-4|1-2|2-0|NULL,0-4|1-2|2-0|NULL,3,4,4,2,8,32,1,1,1,0,0.0,15,1
TRAJ-MICRO-V1,12041,36,zero_scale,,,0-1;1-2;2-0,0-1;1-2;2-0,0-1;1-2;2-0,0-1|1-2|2-0|NULL,0-1|1-2|2-0|NULL,3,4,4,2,8,32,1,1,1,0,0.0,15,1
TRAJ-MICRO-V1,12041,37,configured_scale,,,0-1;1-3;2-2,0-1;1-3;2-2,0-1;1-3;2-2,0-1|1-3|2-2|NULL,0-1|1-3|2-2|NULL,3,4,4,2,8,32,1,1,1,0,0.0,15,1
TRAJ-MICRO-V1,12041,37,zero_scale,,,0-1;1-3;2-2,0-1;1-3;2-2,0-1;1-3;2-2,0-1|1-3|2-2|NULL,0-1|1-3|2-2|NULL,3,4,4,2,8,32,1,1,1,0,0.0,15,1
TRAJ-MICRO-V1,12041,38,configured_scale,,,0-0;1-2;2-4,0-0;1-2;2-4,0-0;1-2;2-4,0-0|1-2|2-4|NULL,0-0|1-2|2-4|NULL,3,4,4,2,8,32,1,1,1,0,0.0,15,1
TRAJ-MICRO-V1,12041,38,zero_scale,,,0-0;1-2;2-4,0-0;1-2;2-4,0-0;1-2;2-4,0-0|1-2|2-4|NULL,0-0|1-2|2-4|NULL,3,4,4,2,8,32,1,1,1,0,0.0,15,1
TRAJ-MICRO-V1,12041,39,configured_scale,,,0-2;1-1;2-4,0-2;1-1;2-4,0-2;1-1;2-4,0-2|2-4|1-1|NULL,0-2|2-4|1-1|NULL,3,4,4,2,8,32,1,1,1,0,0.0,15,1
TRAJ-MICRO-V1,12041,39,zero_scale,,,0-2;1-1;2-3,0-2;1-1;2-3,0-2;1-1;2-3,0-2|1-1|2-3|NULL,0-2|1-1|2-3|NULL,3,4,4,2,8,32,1,1,1,0,0.0,15,1
TRAJ-MICRO-V1,12041,40,configured_scale,,,0-1;1-3;2-4,0-1;1-3;2-4,0-1;1-3;2-4,0-1|1-3|2-4|NULL,0-1|1-3|2-4|NULL,3,4,4,2,8,32,1,1,1,0,0.0,15,1
TRAJ-MICRO-V1,12041,40,zero_scale,,,0-1;1-3;2-4,0-1;1-3;2-4,0-1;1-3;2-4,0-1|1-3|2-4|NULL,0-1|1-3|2-4|NULL,3,4,4,2,8,32,1,1,1,0,0.0,15,1
TRAJ-MICRO-V1,12041,41,configured_scale,,,0-3;1-2;2-1,0-3;1-2;2-1,0-3;1-2;2-1,1-2|0-3|2-1|NULL,1-2|0-3|2-1|NULL,3,4,4,2,8,32,1,1,1,0,0.0,15,1
TRAJ-MICRO-V1,12041,41,zero_scale,,,0-3;1-2;2-4,0-3;1-2;2-4,0-3;1-2;2-4,1-2|0-3|2-4|NULL,1-2|0-3|2-4|NULL,3,4,4,2,8,32,1,1,1,0,0.0,15,1
TRAJ-MICRO-V1,12041,42,configured_scale,,,0-0;1-3;2-4,0-0;1-3;2-4,0-0;1-3;2-4,1-3|0-0|2-4|NULL,1-3|0-0|2-4|NULL,3,4,4,2,8,32,1,1,1,0,0.0,15,1
TRAJ-MICRO-V1,12041,42,zero_scale,,,0-2;1-1;2-3,0-2;1-1;2-3,0-2;1-1;2-3,2-3|1-1|0-2|NULL,2-3|1-1|0-2|NULL,3,4,4,2,8,32,1,1,1,0,0.0,15,1
TRAJ-MICRO-V1,12041,43,configured_scale,,,0-1;1-0;2-3,0-1;1-0;2-3,0-1;1-0;2-3,1-0|2-3|0-1|NULL,1-0|2-3|0-1|NULL,3,4,4,2,8,32,1,1,1,0,0.0,15,1
TRAJ-MICRO-V1,12041,43,zero_scale,,,0-1;1-3;2-4,0-1;1-3;2-4,0-1;1-3;2-4,1-3|0-1|2-4|NULL,1-3|0-1|2-4|NULL,3,4,4,2,8,32,1,1,1,0,0.0,15,1
TRAJ-MICRO-V1,12041,44,configured_scale,,,0-1;1-0;2-4,0-1;1-0;2-4,0-1;1-0;2-4,2-4|1-0|0-1|NULL,2-4|1-0|0-1|NULL,3,4,4,2,8,32,1,1,1,0,0.0,15,1
TRAJ-MICRO-V1,12041,44,zero_scale,,,0-0;1-2;2-4,0-0;1-2;2-4,0-0;1-2;2-4,1-2|2-4|0-0|NULL,1-2|2-4|0-0|NULL,3,4,4,2,8,32,1,1,1,0,0.0,15,1
TRAJ-MICRO-V1,12041,45,configured_scale,,,0-0;1-1;2-4,0-0;1-1;2-4,0-0;1-1;2-4,1-1|2-4|0-0|NULL,1-1|2-4|0-0|NULL,3,4,4,2,8,32,1,1,1,0,0.0,15,1
TRAJ-MICRO-V1,12041,45,zero_scale,,,0-2;1-1;2-4,0-2;1-1;2-4,0-2;1-1;2-4,1-1|2-4|0-2|NULL,1-1|2-4|0-2|NULL,3,4,4,2,8,32,1,1,1,0,0.0,15,1
TRAJ-MICRO-V1,12041,46,configured_scale,,,0-1;1-0;2-4,0-1;1-0;2-4,0-1;1-0;2-4,1-0|2-4|0-1|NULL,1-0|2-4|0-1|NULL,3,4,4,2,8,32,1,1,1,0,0.0,15,1
TRAJ-MICRO-V1,12041,46,zero_scale,,,0-1;1-2;2-4,0-1;1-2;2-4,0-1;1-2;2-4,2-4|1-2|0-1|NULL,2-4|1-2|0-1|NULL,3,4,4,2,8,32,1,1,1,0,0.0,15,1
TRAJ-MICRO-V1,12041,47,configured_scale,,,0-1;1-3;2-4,0-1;1-3;2-4,0-1;1-3;2-4,2-4|1-3|0-1|NULL,2-4|1-3|0-1|NULL,3,4,4,2,8,32,1,1,1,0,0.0,15,1
TRAJ-MICRO-V1,12041,47,zero_scale,,,0-3;1-2;2-4,0-3;1-2;2-4,0-3;1-2;2-4,2-4|1-2|0-3|NULL,2-4|1-2|0-3|NULL,3,4,4,2,8,32,1,1,1,0,0.0,15,1
TRAJ-MICRO-V1,12041,48,configured_scale,,,0-4;1-2;2-0,0-4;1-2;2-0,0-4;1-2;2-0,2-0|1-2|0-4|NULL,2-0|1-2|0-4|NULL,3,4,4,2,8,32,1,1,1,0,0.0,15,1
TRAJ-MICRO-V1,12041,48,zero_scale,,,0-3;1-2;2-4,0-3;1-2;2-4,0-3;1-2;2-4,2-4|1-2|0-3|NULL,2-4|1-2|0-3|NULL,3,4,4,2,8,32,1,1,1,0,0.0,15,1
TRAJ-MICRO-V1,12041,49,configured_scale,,,0-1;1-0;2-4,0-1;1-0;2-4,0-1;1-0;2-4,2-4|1-0|0-1|NULL,2-4|1-0|0-1|NULL,3,4,4,2,8,32,1,1,1,0,0.0,15,1
TRAJ-MICRO-V1,12041,49,zero_scale,,,0-1;1-3;2-4,0-1;1-3;2-4,0-1;1-3;2-4,2-4|1-3|0-1|NULL,2-4|1-3|0-1|NULL,3,4,4,2,8,32,1,1,1,0,0.0,15,1
TRAJ-MICRO-V1,12041,50,configured_scale,,,0-4;1-3;2-1,0-4;1-3;2-1,0-4;1-3;2-1,2-1|1-3|0-4|NULL,2-1|1-3|0-4|NULL,3,4,4,2,8,32,1,1,1,0,0.0,15,1
TRAJ-MICRO-V1,12041,50,zero_scale,,,0-3;1-2;2-4,0-3;1-2;2-4,0-3;1-2;2-4,2-4|1-2|0-3|NULL,2-4|1-2|0-3|NULL,3,4,4,2,8,32,1,1,1,0,0.0,15,1
TRAJ-MICRO-V1,12041,51,configured_scale,,,0-3;1-2;2-0,0-3;1-2;2-0,0-3;1-2;2-0,2-0|1-2|0-3|NULL,2-0|1-2|0-3|NULL,3,4,4,2,8,32,1,1,1,0,0.0,15,1
TRAJ-MICRO-V1,12041,51,zero_scale,,,0-1;1-2;2-3,0-1;1-2;2-3,0-1;1-2;2-3,2-3|1-2|0-1|NULL,2-3|1-2|0-1|NULL,3,4,4,2,8,32,1,1,1,0,0.0,15,1
TRAJ-MICRO-V1,12041,52,configured_scale,,,0-1;1-0;2-2,0-1;1-0;2-2,0-1;1-0;2-2,2-2|1-0|0-1|NULL,2-2|1-0|0-1|NULL,3,4,4,2,8,32,1,1,1,0,0.0,15,1
TRAJ-MICRO-V1,12041,52,zero_scale,,,0-1;1-3;2-2,0-1;1-3;2-2,0-1;1-3;2-2,2-2|1-3|0-1|NULL,2-2|1-3|0-1|NULL,3,4,4,2,8,32,1,1,1,0,0.0,15,1
TRAJ-MICRO-V1,12041,53,configured_scale,,,0-1;1-3;2-4,0-1;1-3;2-4,0-1;1-3;2-4,2-4|0-1|1-3|NULL,2-4|0-1|1-3|NULL,3,4,4,2,8,32,1,1,1,0,0.0,15,1
TRAJ-MICRO-V1,12041,53,zero_scale,,,0-0;1-2;2-4,0-0;1-2;2-4,0-0;1-2;2-4,2-4|1-2|0-0|NULL,2-4|1-2|0-0|NULL,3,4,4,2,8,32,1,1,1,0,0.0,15,1
TRAJ-MICRO-V1,12041,54,configured_scale,,,0-2;1-4;2-3,0-2;1-4;2-3,0-2;1-4;2-3,2-3|0-2|1-4|NULL,2-3|0-2|1-4|NULL,3,4,4,2,8,32,1,1,1,0,0.0,15,1
TRAJ-MICRO-V1,12041,54,zero_scale,,,0-2;1-1;2-3,0-2;1-1;2-3,0-2;1-1;2-3,2-3|0-2|1-1|NULL,2-3|0-2|1-1|NULL,3,4,4,2,8,32,1,1,1,0,0.0,15,1
TRAJ-MICRO-V1,12041,55,configured_scale,,,0-1;1-3;2-2,0-1;1-3;2-2,0-1;1-3;2-2,2-2|1-3|0-1|NULL,2-2|1-3|0-1|NULL,3,4,4,2,8,32,1,1,1,0,0.0,15,1
TRAJ-MICRO-V1,12041,55,zero_scale,,,0-1;1-3;2-2,0-1;1-3;2-2,0-1;1-3;2-2,2-2|1-3|0-1|NULL,2-2|1-3|0-1|NULL,3,4,4,2,8,32,1,1,1,0,0.0,15,1
TRAJ-MICRO-V1,12041,56,configured_scale,,,0-1;1-2;2-4,0-1;1-2;2-4,0-1;1-2;2-4,2-4|1-2|0-1|NULL,2-4|1-2|0-1|NULL,3,4,4,2,8,32,1,1,1,0,0.0,15,1
TRAJ-MICRO-V1,12041,56,zero_scale,,,0-0;1-2;2-4,0-0;1-2;2-4,0-0;1-2;2-4,2-4|1-2|0-0|NULL,2-4|1-2|0-0|NULL,3,4,4,2,8,32,1,1,1,0,0.0,15,1
TRAJ-MICRO-V1,12041,57,configured_scale,,,0-2;1-1;2-4,0-2;1-1;2-4,0-2;1-1;2-4,2-4|1-1|0-2|NULL,2-4|1-1|0-2|NULL,3,4,4,2,8,32,1,1,1,0,0.0,15,1
TRAJ-MICRO-V1,12041,57,zero_scale,,,0-2;1-1;2-3,0-2;1-1;2-3,0-2;1-1;2-3,2-3|1-1|0-2|NULL,2-3|1-1|0-2|NULL,3,4,4,2,8,32,1,1,1,0,0.0,15,1
TRAJ-MICRO-V1,12041,58,configured_scale,,,0-1;1-3;2-4,0-1;1-3;2-4,0-1;1-3;2-4,2-4|0-1|1-3|NULL,2-4|0-1|1-3|NULL,3,4,4,2,8,32,1,1,1,0,0.0,15,1
TRAJ-MICRO-V1,12041,58,zero_scale,,,0-1;1-3;2-4,0-1;1-3;2-4,0-1;1-3;2-4,2-4|0-1|1-3|NULL,2-4|0-1|1-3|NULL,3,4,4,2,8,32,1,1,1,0,0.0,15,1
TRAJ-MICRO-V1,12041,59,configured_scale,,,0-0;1-3;2-4,0-0;1-3;2-4,0-0;1-3;2-4,2-4|0-0|1-3|NULL,2-4|0-0|1-3|NULL,3,4,4,2,8,32,1,1,1,0,0.0,15,1
TRAJ-MICRO-V1,12041,59,zero_scale,,,0-0;1-2;2-4,0-0;1-2;2-4,0-0;1-2;2-4,2-4|1-2|0-0|NULL,2-4|1-2|0-0|NULL,3,4,4,2,8,32,1,1,1,0,0.0,15,1
TRAJ-MICRO-V1,12041,60,configured_scale,,,0-1;1-4;2-0,0-1;1-4;2-0,0-1;1-4;2-0,1-4|2-0|0-1|NULL,1-4|2-0|0-1|NULL,3,4,4,2,8,32,1,1,1,0,0.0,15,1
TRAJ-MICRO-V1,12041,60,zero_scale,,,0-1;1-4;2-3,0-1;1-4;2-3,0-1;1-4;2-3,2-3|1-4|0-1|NULL,2-3|1-4|0-1|NULL,3,4,4,2,8,32,1,1,1,0,0.0,15,1
TRAJ-MICRO-V1,12041,61,configured_scale,,,0-0;1-3;2-4,0-0;1-3;2-4,0-0;1-3;2-4,1-3|2-4|0-0|NULL,1-3|2-4|0-0|NULL,3,4,4,2,8,32,1,1,1,0,0.0,15,1
TRAJ-MICRO-V1,12041,61,zero_scale,,,0-1;1-3;2-4,0-1;1-3;2-4,0-1;1-3;2-4,1-3|2-4|0-1|NULL,1-3|2-4|0-1|NULL,3,4,4,2,8,32,1,1,1,0,0.0,15,1
TRAJ-MICRO-V1,12041,62,configured_scale,,,0-0;1-2;2-4,0-0;1-2;2-4,0-0;1-2;2-4,2-4|1-2|0-0|NULL,2-4|1-2|0-0|NULL,3,4,4,2,8,32,1,1,1,0,0.0,15,1
TRAJ-MICRO-V1,12041,62,zero_scale,,,0-0;1-2;2-4,0-0;1-2;2-4,0-0;1-2;2-4,1-2|2-4|0-0|NULL,1-2|2-4|0-0|NULL,3,4,4,2,8,32,1,1,1,0,0.0,15,1
TRAJ-MICRO-V1,12041,63,configured_scale,,,0-2;1-4;2-0,0-2;1-4;2-0,0-2;1-4;2-0,1-4|2-0|0-2|NULL,1-4|2-0|0-2|NULL,3,4,4,2,8,32,1,1,1,0,0.0,15,1
TRAJ-MICRO-V1,12041,63,zero_scale,,,0-2;1-1;2-0,0-2;1-1;2-0,0-2;1-1;2-0,1-1|2-0|0-2|NULL,1-1|2-0|0-2|NULL,3,4,4,2,8,32,1,1,1,0,0.0,15,1
TRAJ-MICRO-V1,12041,64,configured_scale,,,0-0;1-3;2-4,0-0;1-3;2-4,0-0;1-3;2-4,1-3|2-4|0-0|NULL,1-3|2-4|0-0|NULL,3,4,4,2,8,32,1,1,1,0,0.0,15,1
TRAJ-MICRO-V1,12041,64,zero_scale,,,0-1;1-3;2-2,0-1;1-3;2-2,0-1;1-3;2-2,1-3|0-1|2-2|NULL,1-3|0-1|2-2|NULL,3,4,4,2,8,32,1,1,1,0,0.0,15,1
TRAJ-MICRO-V1,12041,65,configured_scale,,,0-0;1-2;2-4,0-0;1-2;2-4,0-0;1-2;2-4,1-2|2-4|0-0|NULL,1-2|2-4|0-0|NULL,3,4,4,2,8,32,1,1,1,0,0.0,15,1
TRAJ-MICRO-V1,12041,65,zero_scale,,,0-0;1-2;2-4,0-0;1-2;2-4,0-0;1-2;2-4,1-2|0-0|2-4|NULL,1-2|0-0|2-4|NULL,3,4,4,2,8,32,1,1,1,0,0.0,15,1
TRAJ-MICRO-V1,12041,66,configured_scale,,,0-2;1-4;2-0,0-2;1-4;2-0,0-2;1-4;2-0,1-4|2-0|0-2|NULL,1-4|2-0|0-2|NULL,3,4,4,2,8,32,1,1,1,0,0.0,15,1
TRAJ-MICRO-V1,12041,66,zero_scale,,,0-0;1-4;2-3,0-0;1-4;2-3,0-0;1-4;2-3,1-4|2-3|0-0|NULL,1-4|2-3|0-0|NULL,3,4,4,2,8,32,1,1,1,0,0.0,15,1
TRAJ-MICRO-V1,12041,67,configured_scale,,,0-0;1-3;2-4,0-0;1-3;2-4,0-0;1-3;2-4,1-3|2-4|0-0|NULL,1-3|2-4|0-0|NULL,3,4,4,2,8,32,1,1,1,0,0.0,15,1
TRAJ-MICRO-V1,12041,67,zero_scale,,,0-1;1-3;2-4,0-1;1-3;2-4,0-1;1-3;2-4,1-3|0-1|2-4|NULL,1-3|0-1|2-4|NULL,3,4,4,2,8,32,1,1,1,0,0.0,15,1
TRAJ-MICRO-V1,12041,68,configured_scale,,,0-0;1-2;2-4,0-0;1-2;2-4,0-0;1-2;2-4,0-0|2-4|1-2|NULL,0-0|2-4|1-2|NULL,3,4,4,2,8,32,1,1,1,0,0.0,15,1
TRAJ-MICRO-V1,12041,68,zero_scale,,,0-0;1-2;2-4,0-0;1-2;2-4,0-0;1-2;2-4,0-0|2-4|1-2|NULL,0-0|2-4|1-2|NULL,3,4,4,2,8,32,1,1,1,0,0.0,15,1
TRAJ-MICRO-V1,12041,69,configured_scale,,,0-0;1-1;2-4,0-0;1-1;2-4,0-0;1-1;2-4,0-0|2-4|1-1|NULL,0-0|2-4|1-1|NULL,3,4,4,2,8,32,1,1,1,0,0.0,15,1
TRAJ-MICRO-V1,12041,69,zero_scale,,,0-0;1-1;2-4,0-0;1-1;2-4,0-0;1-1;2-4,0-0|1-1|2-4|NULL,0-0|1-1|2-4|NULL,3,4,4,2,8,32,1,1,1,0,0.0,15,1
TRAJ-MICRO-V1,12041,70,configured_scale,,,0-1;1-0;2-4,0-1;1-0;2-4,0-1;1-0;2-4,0-1|1-0|2-4|NULL,0-1|1-0|2-4|NULL,3,4,4,2,8,32,1,1,1,0,0.0,15,1
TRAJ-MICRO-V1,12041,70,zero_scale,,,0-1;1-0;2-4,0-1;1-0;2-4,0-1;1-0;2-4,0-1|1-0|2-4|NULL,0-1|1-0|2-4|NULL,3,4,4,2,8,32,1,1,1,0,0.0,15,1
TRAJ-MICRO-V1,12041,71,configured_scale,,,0-0;1-2;2-4,0-0;1-2;2-4,0-0;1-2;2-4,0-0|1-2|2-4|NULL,0-0|1-2|2-4|NULL,3,4,4,2,8,32,1,1,1,0,0.0,15,1
TRAJ-MICRO-V1,12041,71,zero_scale,,,0-0;1-2;2-4,0-0;1-2;2-4,0-0;1-2;2-4,0-0|1-2|2-4|NULL,0-0|1-2|2-4|NULL,3,4,4,2,8,32,1,1,1,0,0.0,15,1
TRAJ-MICRO-V1,12041,72,configured_scale,,,0-0;1-1;2-3,0-0;1-1;2-3,0-0;1-1;2-3,0-0|1-1|2-3|NULL,0-0|1-1|2-3|NULL,3,4,4,2,8,32,1,1,1,0,0.0,15,1
TRAJ-MICRO-V1,12041,72,zero_scale,,,0-0;1-1;2-3,0-0;1-1;2-3,0-0;1-1;2-3,0-0|1-1|2-3|NULL,0-0|1-1|2-3|NULL,3,4,4,2,8,32,1,1,1,0,0.0,15,1
TRAJ-MICRO-V1,12041,73,configured_scale,,,0-1;1-0;2-2,0-1;1-0;2-2,0-1;1-0;2-2,0-1|1-0|2-2|NULL,0-1|1-0|2-2|NULL,3,4,4,2,8,32,1,1,1,0,0.0,15,1
TRAJ-MICRO-V1,12041,73,zero_scale,,,0-1;1-0;2-2,0-1;1-0;2-2,0-1;1-0;2-2,0-1|1-0|2-2|NULL,0-1|1-0|2-2|NULL,3,4,4,2,8,32,1,1,1,0,0.0,15,1
TRAJ-MICRO-V1,12041,74,configured_scale,,,0-1;1-2;2-4,0-1;1-2;2-4,0-1;1-2;2-4,0-1|1-2|2-4|NULL,0-1|1-2|2-4|NULL,3,4,4,2,8,32,1,1,1,0,0.0,15,1
TRAJ-MICRO-V1,12041,74,zero_scale,,,0-1;1-2;2-4,0-1;1-2;2-4,0-1;1-2;2-4,0-1|1-2|2-4|NULL,0-1|1-2|2-4|NULL,3,4,4,2,8,32,1,1,1,0,0.0,15,1
TRAJ-MICRO-V1,12041,75,configured_scale,,,0-1;1-2;2-0,0-1;1-2;2-0,0-1;1-2;2-0,1-2|0-1|2-0|NULL,1-2|0-1|2-0|NULL,3,4,4,2,8,32,1,1,1,0,0.0,15,1
TRAJ-MICRO-V1,12041,75,zero_scale,,,0-2;1-1;2-3,0-2;1-1;2-3,0-2;1-1;2-3,0-2|1-1|2-3|NULL,0-2|1-1|2-3|NULL,3,4,4,2,8,32,1,1,1,0,0.0,15,1
TRAJ-MICRO-V1,12041,76,configured_scale,,,0-1;1-2;2-3,0-1;1-2;2-3,0-1;1-2;2-3,1-2|0-1|2-3|NULL,1-2|0-1|2-3|NULL,3,4,4,2,8,32,1,1,1,0,0.0,15,1
TRAJ-MICRO-V1,12041,76,zero_scale,,,0-1;1-2;2-4,0-1;1-2;2-4,0-1;1-2;2-4,1-2|0-1|2-4|NULL,1-2|0-1|2-4|NULL,3,4,4,2,8,32,1,1,1,0,0.0,15,1
TRAJ-MICRO-V1,12041,77,configured_scale,,,0-3;1-2;2-1,0-3;1-2;2-1,0-3;1-2;2-1,1-2|0-3|2-1|NULL,1-2|0-3|2-1|NULL,3,4,4,2,8,32,1,1,1,0,0.0,15,1
TRAJ-MICRO-V1,12041,77,zero_scale,,,0-3;1-2;2-1,0-3;1-2;2-1,0-3;1-2;2-1,1-2|0-3|2-1|NULL,1-2|0-3|2-1|NULL,3,4,4,2,8,32,1,1,1,0,0.0,15,1
TRAJ-MICRO-V1,12041,78,configured_scale,,,0-1;1-2;2-3,0-1;1-2;2-3,0-1;1-2;2-3,2-3|1-2|0-1|NULL,2-3|1-2|0-1|NULL,3,4,4,2,8,32,1,1,1,0,0.0,15,1
TRAJ-MICRO-V1,12041,78,zero_scale,,,0-1;1-2;2-3,0-1;1-2;2-3,0-1;1-2;2-3,2-3|1-2|0-1|NULL,2-3|1-2|0-1|NULL,3,4,4,2,8,32,1,1,1,0,0.0,15,1
TRAJ-MICRO-V1,12041,79,configured_scale,,,0-4;1-2;2-3,0-4;1-2;2-3,0-4;1-2;2-3,2-3|1-2|0-4|NULL,2-3|1-2|0-4|NULL,3,4,4,2,8,32,1,1,1,0,0.0,15,1
TRAJ-MICRO-V1,12041,79,zero_scale,,,0-1;1-3;2-2,0-1;1-3;2-2,0-1;1-3;2-2,1-3|2-2|0-1|NULL,1-3|2-2|0-1|NULL,3,4,4,2,8,32,1,1,1,0,0.0,15,1
TRAJ-MICRO-V1,12041,80,configured_scale,,,0-3;1-2;2-4,0-3;1-2;2-4,0-3;1-2;2-4,2-4|1-2|0-3|NULL,2-4|1-2|0-3|NULL,3,4,4,2,8,32,1,1,1,0,0.0,15,1
TRAJ-MICRO-V1,12041,80,zero_scale,,,0-3;1-2;2-4,0-3;1-2;2-4,0-3;1-2;2-4,1-2|2-4|0-3|NULL,1-2|2-4|0-3|NULL,3,4,4,2,8,32,1,1,1,0,0.0,15,1
TRAJ-MICRO-V1,12041,81,configured_scale,,,0-1;1-2;2-3,0-1;1-2;2-3,0-1;1-2;2-3,2-3|1-2|0-1|NULL,2-3|1-2|0-1|NULL,3,4,4,2,8,32,1,1,1,0,0.0,15,1
TRAJ-MICRO-V1,12041,81,zero_scale,,,0-1;1-2;2-3,0-1;1-2;2-3,0-1;1-2;2-3,2-3|0-1|1-2|NULL,2-3|0-1|1-2|NULL,3,4,4,2,8,32,1,1,1,0,0.0,15,1
TRAJ-MICRO-V1,12041,82,configured_scale,,,0-1;1-3;2-4,0-1;1-3;2-4,0-1;1-3;2-4,2-4|0-1|1-3|NULL,2-4|0-1|1-3|NULL,3,4,4,2,8,32,1,1,1,0,0.0,15,1
TRAJ-MICRO-V1,12041,82,zero_scale,,,0-1;1-3;2-4,0-1;1-3;2-4,0-1;1-3;2-4,0-1|2-4|1-3|NULL,0-1|2-4|1-3|NULL,3,4,4,2,8,32,1,1,1,0,0.0,15,1
TRAJ-MICRO-V1,12041,83,configured_scale,,,0-0;1-3;2-4,0-0;1-3;2-4,0-0;1-3;2-4,2-4|0-0|1-3|NULL,2-4|0-0|1-3|NULL,3,4,4,2,8,32,1,1,1,0,0.0,15,1
TRAJ-MICRO-V1,12041,83,zero_scale,,,0-0;1-2;2-4,0-0;1-2;2-4,0-0;1-2;2-4,2-4|0-0|1-2|NULL,2-4|0-0|1-2|NULL,3,4,4,2,8,32,1,1,1,0,0.0,15,1
TRAJ-MICRO-V1,12041,84,configured_scale,,,0-0;1-3;2-4,0-0;1-3;2-4,0-0;1-3;2-4,2-4|1-3|0-0|NULL,2-4|1-3|0-0|NULL,3,4,4,2,8,32,1,1,1,0,0.0,15,1
TRAJ-MICRO-V1,12041,84,zero_scale,,,0-2;1-3;2-4,0-2;1-3;2-4,0-2;1-3;2-4,2-4|0-2|1-3|NULL,2-4|0-2|1-3|NULL,3,4,4,2,8,32,1,1,1,0,0.0,15,1
TRAJ-MICRO-V1,12041,85,configured_scale,,,0-1;1-3;2-4,0-1;1-3;2-4,0-1;1-3;2-4,2-4|1-3|0-1|NULL,2-4|1-3|0-1|NULL,3,4,4,2,8,32,1,1,1,0,0.0,15,1
TRAJ-MICRO-V1,12041,85,zero_scale,,,0-1;1-3;2-4,0-1;1-3;2-4,0-1;1-3;2-4,2-4|1-3|0-1|NULL,2-4|1-3|0-1|NULL,3,4,4,2,8,32,1,1,1,0,0.0,15,1
TRAJ-MICRO-V1,12041,86,configured_scale,,,0-3;1-2;2-4,0-3;1-2;2-4,0-3;1-2;2-4,2-4|0-3|1-2|NULL,2-4|0-3|1-2|NULL,3,4,4,2,8,32,1,1,1,0,0.0,15,1
TRAJ-MICRO-V1,12041,86,zero_scale,,,0-3;1-2;2-4,0-3;1-2;2-4,0-3;1-2;2-4,2-4|0-3|1-2|NULL,2-4|0-3|1-2|NULL,3,4,4,2,8,32,1,1,1,0,0.0,15,1
TRAJ-MICRO-V1,12041,87,configured_scale,,,0-2;1-3;2-4,0-2;1-3;2-4,0-2;1-3;2-4,2-4|0-2|1-3|NULL,2-4|0-2|1-3|NULL,3,4,4,2,8,32,1,1,1,0,0.0,15,1
TRAJ-MICRO-V1,12041,87,zero_scale,,,0-2;1-3;2-4,0-2;1-3;2-4,0-2;1-3;2-4,2-4|0-2|1-3|NULL,2-4|0-2|1-3|NULL,3,4,4,2,8,32,1,1,1,0,0.0,15,1
TRAJ-MICRO-V1,12041,88,configured_scale,,,0-1;1-3;2-4,0-1;1-3;2-4,0-1;1-3;2-4,2-4|0-1|1-3|NULL,2-4|0-1|1-3|NULL,3,4,4,2,8,32,1,1,1,0,0.0,15,1
TRAJ-MICRO-V1,12041,88,zero_scale,,,0-1;1-3;2-4,0-1;1-3;2-4,0-1;1-3;2-4,2-4|1-3|0-1|NULL,2-4|1-3|0-1|NULL,3,4,4,2,8,32,1,1,1,0,0.0,15,1
TRAJ-MICRO-V1,12041,89,configured_scale,,,0-3;1-2;2-4,0-3;1-2;2-4,0-3;1-2;2-4,0-3|2-4|1-2|NULL,0-3|2-4|1-2|NULL,3,4,4,2,8,32,1,1,1,0,0.0,15,1
TRAJ-MICRO-V1,12041,89,zero_scale,,,0-3;1-2;2-4,0-3;1-2;2-4,0-3;1-2;2-4,0-3|2-4|1-2|NULL,0-3|2-4|1-2|NULL,3,4,4,2,8,32,1,1,1,0,0.0,15,1
TRAJ-MICRO-V1,12041,90,configured_scale,,,0-3;1-2;2-0,0-3;1-2;2-0,0-3;1-2;2-0,0-3|1-2|2-0|NULL,0-3|1-2|2-0|NULL,3,4,4,2,8,32,1,1,1,0,0.0,15,1
TRAJ-MICRO-V1,12041,90,zero_scale,,,0-2;1-3;2-4,0-2;1-3;2-4,0-2;1-3;2-4,0-2|1-3|2-4|NULL,0-2|1-3|2-4|NULL,3,4,4,2,8,32,1,1,1,0,0.0,15,1
TRAJ-MICRO-V1,12041,91,configured_scale,,,0-4;1-3;2-2,0-4;1-3;2-2,0-4;1-3;2-2,0-4|1-3|2-2|NULL,0-4|1-3|2-2|NULL,3,4,4,2,8,32,1,1,1,0,0.0,15,1
TRAJ-MICRO-V1,12041,91,zero_scale,,,0-1;1-3;2-2,0-1;1-3;2-2,0-1;1-3;2-2,0-1|1-3|2-2|NULL,0-1|1-3|2-2|NULL,3,4,4,2,8,32,1,1,1,0,0.0,15,1
TRAJ-MICRO-V1,12041,92,configured_scale,,,0-3;1-2;2-1,0-3;1-2;2-1,0-3;1-2;2-1,1-2|0-3|2-1|NULL,1-2|0-3|2-1|NULL,3,4,4,2,8,32,1,1,1,0,0.0,15,1
TRAJ-MICRO-V1,12041,92,zero_scale,,,0-3;1-2;2-1,0-3;1-2;2-1,0-3;1-2;2-1,1-2|0-3|2-1|NULL,1-2|0-3|2-1|NULL,3,4,4,2,8,32,1,1,1,0,0.0,15,1
TRAJ-MICRO-V1,12041,93,configured_scale,,,0-1;1-2;2-0,0-1;1-2;2-0,0-1;1-2;2-0,1-2|0-1|2-0|NULL,1-2|0-1|2-0|NULL,3,4,4,2,8,32,1,1,1,0,0.0,15,1
TRAJ-MICRO-V1,12041,93,zero_scale,,,0-2;1-1;2-3,0-2;1-1;2-3,0-2;1-1;2-3,0-2|1-1|2-3|NULL,0-2|1-1|2-3|NULL,3,4,4,2,8,32,1,1,1,0,0.0,15,1
TRAJ-MICRO-V1,12041,94,configured_scale,,,0-1;1-3;2-2,0-1;1-3;2-2,0-1;1-3;2-2,1-3|0-1|2-2|NULL,1-3|0-1|2-2|NULL,3,4,4,2,8,32,1,1,1,0,0.0,15,1
TRAJ-MICRO-V1,12041,94,zero_scale,,,0-1;1-3;2-2,0-1;1-3;2-2,0-1;1-3;2-2,1-3|0-1|2-2|NULL,1-3|0-1|2-2|NULL,3,4,4,2,8,32,1,1,1,0,0.0,15,1
TRAJ-MICRO-V1,12041,95,configured_scale,,,0-1;1-2;2-4,0-1;1-2;2-4,0-1;1-2;2-4,1-2|2-4|0-1|NULL,1-2|2-4|0-1|NULL,3,4,4,2,8,32,1,1,1,0,0.0,15,1
TRAJ-MICRO-V1,12041,95,zero_scale,,,0-1;1-2;2-4,0-1;1-2;2-4,0-1;1-2;2-4,1-2|2-4|0-1|NULL,1-2|2-4|0-1|NULL,3,4,4,2,8,32,1,1,1,0,0.0,15,1
TRAJ-MICRO-V1,12041,96,configured_scale,,,0-1;1-4;2-3,0-1;1-4;2-3,0-1;1-4;2-3,1-4|2-3|0-1|NULL,1-4|2-3|0-1|NULL,3,4,4,2,8,32,1,1,1,0,0.0,15,1
TRAJ-MICRO-V1,12041,96,zero_scale,,,0-1;1-4;2-3,0-1;1-4;2-3,0-1;1-4;2-3,1-4|2-3|0-1|NULL,1-4|2-3|0-1|NULL,3,4,4,2,8,32,1,1,1,0,0.0,15,1
TRAJ-MICRO-V1,12041,97,configured_scale,,,0-1;1-0;2-4,0-1;1-0;2-4,0-1;1-0;2-4,1-0|2-4|0-1|NULL,1-0|2-4|0-1|NULL,3,4,4,2,8,32,1,1,1,0,0.0,15,1
TRAJ-MICRO-V1,12041,97,zero_scale,,,0-1;1-3;2-4,0-1;1-3;2-4,0-1;1-3;2-4,1-3|2-4|0-1|NULL,1-3|2-4|0-1|NULL,3,4,4,2,8,32,1,1,1,0,0.0,15,1
TRAJ-MICRO-V1,12041,98,configured_scale,,,0-0;1-2;2-4,0-0;1-2;2-4,0-0;1-2;2-4,2-4|1-2|0-0|NULL,2-4|1-2|0-0|NULL,3,4,4,2,8,32,1,1,1,0,0.0,15,1
TRAJ-MICRO-V1,12041,98,zero_scale,,,0-0;1-2;2-4,0-0;1-2;2-4,0-0;1-2;2-4,2-4|1-2|0-0|NULL,2-4|1-2|0-0|NULL,3,4,4,2,8,32,1,1,1,0,0.0,15,1
TRAJ-MICRO-V1,12041,99,configured_scale,,,0-2;1-1;2-0,0-2;1-1;2-0,0-2;1-1;2-0,2-0|1-1|0-2|NULL,2-0|1-1|0-2|NULL,3,4,4,2,8,32,1,1,1,0,0.0,15,1
TRAJ-MICRO-V1,12041,99,zero_scale,,,0-2;1-1;2-0,0-2;1-1;2-0,0-2;1-1;2-0,1-1|2-0|0-2|NULL,1-1|2-0|0-2|NULL,3,4,4,2,8,32,1,1,1,0,0.0,15,1
TRAJ-MICRO-V1,12041,100,configured_scale,,,0-1;1-0;2-4,0-1;1-0;2-4,0-1;1-0;2-4,1-0|2-4|0-1|NULL,1-0|2-4|0-1|NULL,3,4,4,2,8,32,1,1,1,0,0.0,15,1
TRAJ-MICRO-V1,12041,100,zero_scale,,,0-1;1-0;2-4,0-1;1-0;2-4,0-1;1-0;2-4,1-0|0-1|2-4|NULL,1-0|0-1|2-4|NULL,3,4,4,2,8,32,1,1,1,0,0.0,15,1
TRAJ-MICRO-V1,12041,101,configured_scale,,,0-0;1-2;2-4,0-0;1-2;2-4,0-0;1-2;2-4,2-4|0-0|1-2|NULL,2-4|0-0|1-2|NULL,3,4,4,2,8,32,1,1,1,0,0.0,15,1
TRAJ-MICRO-V1,12041,101,zero_scale,,,0-0;1-2;2-4,0-0;1-2;2-4,0-0;1-2;2-4,0-0|2-4|1-2|NULL,0-0|2-4|1-2|NULL,3,4,4,2,8,32,1,1,1,0,0.0,15,1
TRAJ-MICRO-V1,12041,102,configured_scale,,,0-1;1-2;2-0,0-1;1-2;2-0,0-1;1-2;2-0,2-0|0-1|1-2|NULL,2-0|0-1|1-2|NULL,3,4,4,2,8,32,1,1,1,0,0.0,15,1
TRAJ-MICRO-V1,12041,102,zero_scale,,,0-2;1-1;2-0,0-2;1-1;2-0,0-2;1-1;2-0,2-0|1-1|0-2|NULL,2-0|1-1|0-2|NULL,3,4,4,2,8,32,1,1,1,0,0.0,15,1
TRAJ-MICRO-V1,12041,103,configured_scale,,,0-1;1-3;2-0,0-1;1-3;2-0,0-1;1-3;2-0,2-0|0-1|1-3|NULL,2-0|0-1|1-3|NULL,3,4,4,2,8,32,1,1,1,0,0.0,15,1
TRAJ-MICRO-V1,12041,103,zero_scale,,,0-1;1-0;2-2,0-1;1-0;2-2,0-1;1-0;2-2,1-0|0-1|2-2|NULL,1-0|0-1|2-2|NULL,3,4,4,2,8,32,1,1,1,0,0.0,15,1
TRAJ-MICRO-V1,12041,104,configured_scale,,,0-0;1-2;2-4,0-0;1-2;2-4,0-0;1-2;2-4,2-4|1-2|0-0|NULL,2-4|1-2|0-0|NULL,3,4,4,2,8,32,1,1,1,0,0.0,15,1
TRAJ-MICRO-V1,12041,104,zero_scale,,,0-0;1-2;2-1,0-0;1-2;2-1,0-0;1-2;2-1,1-2|2-1|0-0|NULL,1-2|2-1|0-0|NULL,3,4,4,2,8,32,1,1,1,0,0.0,15,1
TRAJ-MICRO-V1,12041,105,configured_scale,,,0-1;1-2;2-0,0-1;1-2;2-0,0-1;1-2;2-0,2-0|1-2|0-1|NULL,2-0|1-2|0-1|NULL,3,4,4,2,8,32,1,1,1,0,0.0,15,1
TRAJ-MICRO-V1,12041,105,zero_scale,,,0-2;1-1;2-0,0-2;1-1;2-0,0-2;1-1;2-0,2-0|1-1|0-2|NULL,2-0|1-1|0-2|NULL,3,4,4,2,8,32,1,1,1,0,0.0,15,1
TRAJ-MICRO-V1,12041,106,configured_scale,,,0-1;1-3;2-4,0-1;1-3;2-4,0-1;1-3;2-4,2-4|1-3|0-1|NULL,2-4|1-3|0-1|NULL,3,4,4,2,8,32,1,1,1,0,0.0,15,1
TRAJ-MICRO-V1,12041,106,zero_scale,,,0-1;1-3;2-2,0-1;1-3;2-2,0-1;1-3;2-2,2-2|1-3|0-1|NULL,2-2|1-3|0-1|NULL,3,4,4,2,8,32,1,1,1,0,0.0,15,1
TRAJ-MICRO-V1,12041,107,configured_scale,,,0-0;1-2;2-4,0-0;1-2;2-4,0-0;1-2;2-4,2-4|1-2|0-0|NULL,2-4|1-2|0-0|NULL,3,4,4,2,8,32,1,1,1,0,0.0,15,1
TRAJ-MICRO-V1,12041,107,zero_scale,,,0-0;1-2;2-4,0-0;1-2;2-4,0-0;1-2;2-4,2-4|1-2|0-0|NULL,2-4|1-2|0-0|NULL,3,4,4,2,8,32,1,1,1,0,0.0,15,1
TRAJ-MICRO-V1,12041,108,configured_scale,,,0-1;1-2;2-0,0-1;1-2;2-0,0-1;1-2;2-0,2-0|1-2|0-1|NULL,2-0|1-2|0-1|NULL,3,4,4,2,8,32,1,1,1,0,0.0,15,1
TRAJ-MICRO-V1,12041,108,zero_scale,,,0-2;1-1;2-0,0-2;1-1;2-0,0-2;1-1;2-0,2-0|1-1|0-2|NULL,2-0|1-1|0-2|NULL,3,4,4,2,8,32,1,1,1,0,0.0,15,1
TRAJ-MICRO-V1,12041,109,configured_scale,,,0-1;1-2;2-0,0-1;1-2;2-0,0-1;1-2;2-0,2-0|0-1|1-2|NULL,2-0|0-1|1-2|NULL,3,4,4,2,8,32,1,1,1,0,0.0,15,1
TRAJ-MICRO-V1,12041,109,zero_scale,,,0-1;1-0;2-2,0-1;1-0;2-2,0-1;1-0;2-2,0-1|2-2|1-0|NULL,0-1|2-2|1-0|NULL,3,4,4,2,8,32,1,1,1,0,0.0,15,1
TRAJ-MICRO-V1,12041,110,configured_scale,,,0-0;1-2;2-1,0-0;1-2;2-1,0-0;1-2;2-1,2-1|0-0|1-2|NULL,2-1|0-0|1-2|NULL,3,4,4,2,8,32,1,1,1,0,0.0,15,1
TRAJ-MICRO-V1,12041,110,zero_scale,,,0-0;1-2;2-1,0-0;1-2;2-1,0-0;1-2;2-1,2-1|1-2|0-0|NULL,2-1|1-2|0-0|NULL,3,4,4,2,8,32,1,1,1,0,0.0,15,1
TRAJ-MICRO-V1,12041,111,configured_scale,,,0-1;1-2;2-0,0-1;1-2;2-0,0-1;1-2;2-0,2-0|0-1|1-2|NULL,2-0|0-1|1-2|NULL,3,4,4,2,8,32,1,1,1,0,0.0,15,1
TRAJ-MICRO-V1,12041,111,zero_scale,,,0-1;1-2;2-0,0-1;1-2;2-0,0-1;1-2;2-0,0-1|2-0|1-2|NULL,0-1|2-0|1-2|NULL,3,4,4,2,8,32,1,1,1,0,0.0,15,1
TRAJ-MICRO-V1,12041,112,configured_scale,,,0-1;1-3;2-2,0-1;1-3;2-2,0-1;1-3;2-2,2-2|0-1|1-3|NULL,2-2|0-1|1-3|NULL,3,4,4,2,8,32,1,1,1,0,0.0,15,1
TRAJ-MICRO-V1,12041,112,zero_scale,,,0-1;1-3;2-2,0-1;1-3;2-2,0-1;1-3;2-2,0-1|2-2|1-3|NULL,0-1|2-2|1-3|NULL,3,4,4,2,8,32,1,1,1,0,0.0,15,1
TRAJ-MICRO-V1,12041,113,configured_scale,,,0-0;1-2;2-4,0-0;1-2;2-4,0-0;1-2;2-4,1-2|2-4|0-0|NULL,1-2|2-4|0-0|NULL,3,4,4,2,8,32,1,1,1,0,0.0,15,1
TRAJ-MICRO-V1,12041,113,zero_scale,,,0-0;1-2;2-4,0-0;1-2;2-4,0-0;1-2;2-4,1-2|2-4|0-0|NULL,1-2|2-4|0-0|NULL,3,4,4,2,8,32,1,1,1,0,0.0,15,1
TRAJ-MICRO-V1,12041,114,configured_scale,,,0-1;1-2;2-4,0-1;1-2;2-4,0-1;1-2;2-4,1-2|2-4|0-1|NULL,1-2|2-4|0-1|NULL,3,4,4,2,8,32,1,1,1,0,0.0,15,1
TRAJ-MICRO-V1,12041,114,zero_scale,,,0-2;1-1;2-3,0-2;1-1;2-3,0-2;1-1;2-3,2-3|1-1|0-2|NULL,2-3|1-1|0-2|NULL,3,4,4,2,8,32,1,1,1,0,0.0,15,1
TRAJ-MICRO-V1,12041,115,configured_scale,,,0-1;1-3;2-4,0-1;1-3;2-4,0-1;1-3;2-4,1-3|2-4|0-1|NULL,1-3|2-4|0-1|NULL,3,4,4,2,8,32,1,1,1,0,0.0,15,1
TRAJ-MICRO-V1,12041,115,zero_scale,,,0-1;1-3;2-4,0-1;1-3;2-4,0-1;1-3;2-4,1-3|2-4|0-1|NULL,1-3|2-4|0-1|NULL,3,4,4,2,8,32,1,1,1,0,0.0,15,1
TRAJ-MICRO-V1,12041,116,configured_scale,,,0-0;1-3;2-4,0-0;1-3;2-4,0-0;1-3;2-4,1-3|2-4|0-0|NULL,1-3|2-4|0-0|NULL,3,4,4,2,8,32,1,1,1,0,0.0,15,1
TRAJ-MICRO-V1,12041,116,zero_scale,,,0-3;1-2;2-4,0-3;1-2;2-4,0-3;1-2;2-4,2-4|1-2|0-3|NULL,2-4|1-2|0-3|NULL,3,4,4,2,8,32,1,1,1,0,0.0,15,1
TRAJ-MICRO-V1,12041,117,configured_scale,,,0-3;1-2;2-4,0-3;1-2;2-4,0-3;1-2;2-4,2-4|1-2|0-3|NULL,2-4|1-2|0-3|NULL,3,4,4,2,8,32,1,1,1,0,0.0,15,1
TRAJ-MICRO-V1,12041,117,zero_scale,,,0-2;1-3;2-4,0-2;1-3;2-4,0-2;1-3;2-4,1-3|2-4|0-2|NULL,1-3|2-4|0-2|NULL,3,4,4,2,8,32,1,1,1,0,0.0,15,1
TRAJ-MICRO-V1,12041,118,configured_scale,,,0-1;1-4;2-3,0-1;1-4;2-3,0-1;1-4;2-3,1-4|2-3|0-1|NULL,1-4|2-3|0-1|NULL,3,4,4,2,8,32,1,1,1,0,0.0,15,1
TRAJ-MICRO-V1,12041,118,zero_scale,,,0-1;1-3;2-4,0-1;1-3;2-4,0-1;1-3;2-4,1-3|2-4|0-1|NULL,1-3|2-4|0-1|NULL,3,4,4,2,8,32,1,1,1,0,0.0,15,1
TRAJ-MICRO-V1,12041,119,configured_scale,,,0-0;1-3;2-4,0-0;1-3;2-4,0-0;1-3;2-4,1-3|2-4|0-0|NULL,1-3|2-4|0-0|NULL,3,4,4,2,8,32,1,1,1,0,0.0,15,1
TRAJ-MICRO-V1,12041,119,zero_scale,,,0-3;1-2;2-4,0-3;1-2;2-4,0-3;1-2;2-4,1-2|2-4|0-3|NULL,1-2|2-4|0-3|NULL,3,4,4,2,8,32,1,1,1,0,0.0,15,1
TRAJ-MICRO-V1,12041,120,configured_scale,,,0-3;1-2;2-4,0-3;1-2;2-4,0-3;1-2;2-4,1-2|2-4|0-3|NULL,1-2|2-4|0-3|NULL,3,4,4,2,8,32,1,1,1,0,0.0,15,1
TRAJ-MICRO-V1,12041,120,zero_scale,,,0-2;1-4;2-3,0-2;1-4;2-3,0-2;1-4;2-3,1-4|2-3|0-2|NULL,1-4|2-3|0-2|NULL,3,4,4,2,8,32,1,1,1,0,0.0,15,1
TRAJ-MICRO-V1,12041,121,configured_scale,,,0-4;1-2;2-3,0-4;1-2;2-3,0-4;1-2;2-3,0-4|1-2|2-3|NULL,0-4|1-2|2-3|NULL,3,4,4,2,8,32,1,1,1,0,0.0,15,1
TRAJ-MICRO-V1,12041,121,zero_scale,,,0-4;1-3;2-2,0-4;1-3;2-2,0-4;1-3;2-2,0-4|1-3|2-2|NULL,0-4|1-3|2-2|NULL,3,4,4,2,8,32,1,1,1,0,0.0,15,1
TRAJ-MICRO-V1,12041,122,configured_scale,,,0-3;1-2;2-4,0-3;1-2;2-4,0-3;1-2;2-4,2-4|0-3|1-2|NULL,2-4|0-3|1-2|NULL,3,4,4,2,8,32,1,1,1,0,0.0,15,1
TRAJ-MICRO-V1,12041,122,zero_scale,,,0-3;1-2;2-4,0-3;1-2;2-4,0-3;1-2;2-4,2-4|0-3|1-2|NULL,2-4|0-3|1-2|NULL,3,4,4,2,8,32,1,1,1,0,0.0,15,1
TRAJ-MICRO-V1,12041,123,configured_scale,,,0-4;1-2;2-3,0-4;1-2;2-3,0-4;1-2;2-3,0-4|1-2|2-3|NULL,0-4|1-2|2-3|NULL,3,4,4,2,8,32,1,1,1,0,0.0,15,1
TRAJ-MICRO-V1,12041,123,zero_scale,,,0-2;1-4;2-3,0-2;1-4;2-3,0-2;1-4;2-3,0-2|1-4|2-3|NULL,0-2|1-4|2-3|NULL,3,4,4,2,8,32,1,1,1,0,0.0,15,1
TRAJ-MICRO-V1,12041,124,configured_scale,,,0-4;1-2;2-3,0-4;1-2;2-3,0-4;1-2;2-3,0-4|2-3|1-2|NULL,0-4|2-3|1-2|NULL,3,4,4,2,8,32,1,1,1,0,0.0,15,1
TRAJ-MICRO-V1,12041,124,zero_scale,,,0-4;1-3;2-2,0-4;1-3;2-2,0-4;1-3;2-2,0-4|1-3|2-2|NULL,0-4|1-3|2-2|NULL,3,4,4,2,8,32,1,1,1,0,0.0,15,1
TRAJ-MICRO-V1,12041,125,configured_scale,,,0-3;1-2;2-4,0-3;1-2;2-4,0-3;1-2;2-4,2-4|0-3|1-2|NULL,2-4|0-3|1-2|NULL,3,4,4,2,8,32,1,1,1,0,0.0,15,1
TRAJ-MICRO-V1,12041,125,zero_scale,,,0-3;1-2;2-4,0-3;1-2;2-4,0-3;1-2;2-4,2-4|0-3|1-2|NULL,2-4|0-3|1-2|NULL,3,4,4,2,8,32,1,1,1,0,0.0,15,1
TRAJ-MICRO-V1,12041,126,configured_scale,,,0-2;1-4;2-3,0-2;1-4;2-3,0-2;1-4;2-3,2-3|0-2|1-4|NULL,2-3|0-2|1-4|NULL,3,4,4,2,8,32,1,1,1,0,0.0,15,1
TRAJ-MICRO-V1,12041,126,zero_scale,,,0-2;1-4;2-3,0-2;1-4;2-3,0-2;1-4;2-3,2-3|0-2|1-4|NULL,2-3|0-2|1-4|NULL,3,4,4,2,8,32,1,1,1,0,0.0,15,1
TRAJ-MICRO-V1,12041,127,configured_scale,,,0-1;1-3;2-4,0-1;1-3;2-4,0-1;1-3;2-4,2-4|0-1|1-3|NULL,2-4|0-1|1-3|NULL,3,4,4,2,8,32,1,1,1,0,0.0,15,1
TRAJ-MICRO-V1,12041,127,zero_scale,,,0-1;1-3;2-4,0-1;1-3;2-4,0-1;1-3;2-4,2-4|1-3|0-1|NULL,2-4|1-3|0-1|NULL,3,4,4,2,8,32,1,1,1,0,0.0,15,1
TRAJ-MICRO-V1,12041,128,configured_scale,,,0-3;1-2;2-4,0-3;1-2;2-4,0-3;1-2;2-4,0-3|2-4|1-2|NULL,0-3|2-4|1-2|NULL,3,4,4,2,8,32,1,1,1,0,0.0,15,1
TRAJ-MICRO-V1,12041,128,zero_scale,,,0-0;1-2;2-4,0-0;1-2;2-4,0-0;1-2;2-4,0-0|1-2|2-4|NULL,0-0|1-2|2-4|NULL,3,4,4,2,8,32,1,1,1,0,0.0,15,1
TRAJ-MICRO-V1,12041,129,configured_scale,,,0-2;1-1;2-3,0-2;1-1;2-3,0-2;1-1;2-3,0-2|2-3|1-1|NULL,0-2|2-3|1-1|NULL,3,4,4,2,8,32,1,1,1,0,0.0,15,1
TRAJ-MICRO-V1,12041,129,zero_scale,,,0-2;1-1;2-3,0-2;1-1;2-3,0-2;1-1;2-3,0-2|1-1|2-3|NULL,0-2|1-1|2-3|NULL,3,4,4,2,8,32,1,1,1,0,0.0,15,1
TRAJ-MICRO-V1,12041,130,configured_scale,,,0-1;1-2;2-4,0-1;1-2;2-4,0-1;1-2;2-4,0-1|1-2|2-4|NULL,0-1|1-2|2-4|NULL,3,4,4,2,8,32,1,1,1,0,0.0,15,1
TRAJ-MICRO-V1,12041,130,zero_scale,,,0-1;1-2;2-4,0-1;1-2;2-4,0-1;1-2;2-4,0-1|1-2|2-4|NULL,0-1|1-2|2-4|NULL,3,4,4,2,8,32,1,1,1,0,0.0,15,1
TRAJ-MICRO-V1,12041,131,configured_scale,,,0-1;1-2;2-4,0-1;1-2;2-4,0-1;1-2;2-4,0-1|1-2|2-4|NULL,0-1|1-2|2-4|NULL,3,4,4,2,8,32,1,1,1,0,0.0,15,1
TRAJ-MICRO-V1,12041,131,zero_scale,,,0-0;1-2;2-1,0-0;1-2;2-1,0-0;1-2;2-1,0-0|1-2|2-1|NULL,0-0|1-2|2-1|NULL,3,4,4,2,8,32,1,1,1,0,0.0,15,1
TRAJ-MICRO-V1,12041,132,configured_scale,,,0-1;1-2;2-0,0-1;1-2;2-0,0-1;1-2;2-0,0-1|1-2|2-0|NULL,0-1|1-2|2-0|NULL,3,4,4,2,8,32,1,1,1,0,0.0,15,1
TRAJ-MICRO-V1,12041,132,zero_scale,,,0-1;1-2;2-0,0-1;1-2;2-0,0-1;1-2;2-0,0-1|1-2|2-0|NULL,0-1|1-2|2-0|NULL,3,4,4,2,8,32,1,1,1,0,0.0,15,1
TRAJ-MICRO-V1,12041,133,configured_scale,,,0-1;1-2;2-4,0-1;1-2;2-4,0-1;1-2;2-4,0-1|1-2|2-4|NULL,0-1|1-2|2-4|NULL,3,4,4,2,8,32,1,1,1,0,0.0,15,1
TRAJ-MICRO-V1,12041,133,zero_scale,,,0-1;1-2;2-4,0-1;1-2;2-4,0-1;1-2;2-4,0-1|1-2|2-4|NULL,0-1|1-2|2-4|NULL,3,4,4,2,8,32,1,1,1,0,0.0,15,1
TRAJ-MICRO-V1,12041,134,configured_scale,,,0-1;1-2;2-4,0-1;1-2;2-4,0-1;1-2;2-4,1-2|0-1|2-4|NULL,1-2|0-1|2-4|NULL,3,4,4,2,8,32,1,1,1,0,0.0,15,1
TRAJ-MICRO-V1,12041,134,zero_scale,,,0-0;1-2;2-1,0-0;1-2;2-1,0-0;1-2;2-1,0-0|1-2|2-1|NULL,0-0|1-2|2-1|NULL,3,4,4,2,8,32,1,1,1,0,0.0,15,1
TRAJ-MICRO-V1,12041,135,configured_scale,,,0-1;1-2;2-0,0-1;1-2;2-0,0-1;1-2;2-0,2-0|1-2|0-1|NULL,2-0|1-2|0-1|NULL,3,4,4,2,8,32,1,1,1,0,0.0,15,1
TRAJ-MICRO-V1,12041,135,zero_scale,,,0-2;1-1;2-0,0-2;1-1;2-0,0-2;1-1;2-0,0-2|1-1|2-0|NULL,0-2|1-1|2-0|NULL,3,4,4,2,8,32,1,1,1,0,0.0,15,1
TRAJ-MICRO-V1,12041,136,configured_scale,,,0-4;1-3;2-2,0-4;1-3;2-2,0-4;1-3;2-2,1-3|0-4|2-2|NULL,1-3|0-4|2-2|NULL,3,4,4,2,8,32,1,1,1,0,0.0,15,1
TRAJ-MICRO-V1,12041,136,zero_scale,,,0-1;1-3;2-2,0-1;1-3;2-2,0-1;1-3;2-2,0-1|1-3|2-2|NULL,0-1|1-3|2-2|NULL,3,4,4,2,8,32,1,1,1,0,0.0,15,1
TRAJ-MICRO-V1,12041,137,configured_scale,,,0-0;1-2;2-1,0-0;1-2;2-1,0-0;1-2;2-1,1-2|0-0|2-1|NULL,1-2|0-0|2-1|NULL,3,4,4,2,8,32,1,1,1,0,0.0,15,1
TRAJ-MICRO-V1,12041,137,zero_scale,,,0-0;1-2;2-1,0-0;1-2;2-1,0-0;1-2;2-1,0-0|1-2|2-1|NULL,0-0|1-2|2-1|NULL,3,4,4,2,8,32,1,1,1,0,0.0,15,1
TRAJ-MICRO-V1,12041,138,configured_scale,,,0-0;1-1;2-3,0-0;1-1;2-3,0-0;1-1;2-3,0-0|1-1|2-3|NULL,0-0|1-1|2-3|NULL,3,4,4,2,8,32,1,1,1,0,0.0,15,1
TRAJ-MICRO-V1,12041,138,zero_scale,,,0-1;1-0;2-3,0-1;1-0;2-3,0-1;1-0;2-3,0-1|1-0|2-3|NULL,0-1|1-0|2-3|NULL,3,4,4,2,8,32,1,1,1,0,0.0,15,1
TRAJ-MICRO-V1,12041,139,configured_scale,,,0-1;1-0;2-2,0-1;1-0;2-2,0-1;1-0;2-2,0-1|1-0|2-2|NULL,0-1|1-0|2-2|NULL,3,4,4,2,8,32,1,1,1,0,0.0,15,1
TRAJ-MICRO-V1,12041,139,zero_scale,,,0-1;1-0;2-2,0-1;1-0;2-2,0-1;1-0;2-2,0-1|1-0|2-2|NULL,0-1|1-0|2-2|NULL,3,4,4,2,8,32,1,1,1,0,0.0,15,1
TRAJ-MICRO-V1,12041,140,configured_scale,,,0-1;1-0;2-4,0-1;1-0;2-4,0-1;1-0;2-4,0-1|1-0|2-4|NULL,0-1|1-0|2-4|NULL,3,4,4,2,8,32,1,1,1,0,0.0,15,1
TRAJ-MICRO-V1,12041,140,zero_scale,,,0-0;1-2;2-1,0-0;1-2;2-1,0-0;1-2;2-1,0-0|1-2|2-1|NULL,0-0|1-2|2-1|NULL,3,4,4,2,8,32,1,1,1,0,0.0,15,1
TRAJ-MICRO-V1,12041,141,configured_scale,,,0-0;1-1;2-3,0-0;1-1;2-3,0-0;1-1;2-3,0-0|1-1|2-3|NULL,0-0|1-1|2-3|NULL,3,4,4,2,8,32,1,1,1,0,0.0,15,1
TRAJ-MICRO-V1,12041,141,zero_scale,,,0-0;1-1;2-3,0-0;1-1;2-3,0-0;1-1;2-3,0-0|1-1|2-3|NULL,0-0|1-1|2-3|NULL,3,4,4,2,8,32,1,1,1,0,0.0,15,1
TRAJ-MICRO-V1,12041,142,configured_scale,,,0-0;1-3;2-4,0-0;1-3;2-4,0-0;1-3;2-4,0-0|1-3|2-4|NULL,0-0|1-3|2-4|NULL,3,4,4,2,8,32,1,1,1,0,0.0,15,1
TRAJ-MICRO-V1,12041,142,zero_scale,,,0-0;1-3;2-4,0-0;1-3;2-4,0-0;1-3;2-4,0-0|1-3|2-4|NULL,0-0|1-3|2-4|NULL,3,4,4,2,8,32,1,1,1,0,0.0,15,1
TRAJ-MICRO-V1,12041,143,configured_scale,,,0-0;1-2;2-4,0-0;1-2;2-4,0-0;1-2;2-4,0-0|2-4|1-2|NULL,0-0|2-4|1-2|NULL,3,4,4,2,8,32,1,1,1,0,0.0,15,1
TRAJ-MICRO-V1,12041,143,zero_scale,,,0-0;1-2;2-4,0-0;1-2;2-4,0-0;1-2;2-4,0-0|1-2|2-4|NULL,0-0|1-2|2-4|NULL,3,4,4,2,8,32,1,1,1,0,0.0,15,1
TRAJ-MICRO-V1,12041,144,configured_scale,,,0-0;1-1;2-4,0-0;1-1;2-4,0-0;1-1;2-4,0-0|2-4|1-1|NULL,0-0|2-4|1-1|NULL,3,4,4,2,8,32,1,1,1,0,0.0,15,1
TRAJ-MICRO-V1,12041,144,zero_scale,,,0-0;1-1;2-4,0-0;1-1;2-4,0-0;1-1;2-4,0-0|1-1|2-4|NULL,0-0|1-1|2-4|NULL,3,4,4,2,8,32,1,1,1,0,0.0,15,1
TRAJ-MICRO-V1,12041,145,configured_scale,,,0-0;1-3;2-4,0-0;1-3;2-4,0-0;1-3;2-4,0-0|2-4|1-3|NULL,0-0|2-4|1-3|NULL,3,4,4,2,8,32,1,1,1,0,0.0,15,1
TRAJ-MICRO-V1,12041,145,zero_scale,,,0-1;1-3;2-4,0-1;1-3;2-4,0-1;1-3;2-4,0-1|1-3|2-4|NULL,0-1|1-3|2-4|NULL,3,4,4,2,8,32,1,1,1,0,0.0,15,1
TRAJ-MICRO-V1,12041,146,configured_scale,,,0-0;1-3;2-4,0-0;1-3;2-4,0-0;1-3;2-4,0-0|2-4|1-3|NULL,0-0|2-4|1-3|NULL,3,4,4,2,8,32,1,1,1,0,0.0,15,1
TRAJ-MICRO-V1,12041,146,zero_scale,,,0-0;1-2;2-4,0-0;1-2;2-4,0-0;1-2;2-4,0-0|1-2|2-4|NULL,0-0|1-2|2-4|NULL,3,4,4,2,8,32,1,1,1,0,0.0,15,1
TRAJ-MICRO-V1,12041,147,configured_scale,,,0-1;1-4;2-3,0-1;1-4;2-3,0-1;1-4;2-3,1-4|0-1|2-3|NULL,1-4|0-1|2-3|NULL,3,4,4,2,8,32,1,1,1,0,0.0,15,1
TRAJ-MICRO-V1,12041,147,zero_scale,,,0-1;1-4;2-3,0-1;1-4;2-3,0-1;1-4;2-3,1-4|0-1|2-3|NULL,1-4|0-1|2-3|NULL,3,4,4,2,8,32,1,1,1,0,0.0,15,1
TRAJ-MICRO-V1,12041,148,configured_scale,,,0-1;1-3;2-2,0-1;1-3;2-2,0-1;1-3;2-2,1-3|0-1|2-2|NULL,1-3|0-1|2-2|NULL,3,4,4,2,8,32,1,1,1,0,0.0,15,1
TRAJ-MICRO-V1,12041,148,zero_scale,,,0-1;1-3;2-2,0-1;1-3;2-2,0-1;1-3;2-2,1-3|0-1|2-2|NULL,1-3|0-1|2-2|NULL,3,4,4,2,8,32,1,1,1,0,0.0,15,1
TRAJ-MICRO-V1,12041,149,configured_scale,,,0-3;1-2;2-1,0-3;1-2;2-1,0-3;1-2;2-1,1-2|2-1|0-3|NULL,1-2|2-1|0-3|NULL,3,4,4,2,8,32,1,1,1,0,0.0,15,1
TRAJ-MICRO-V1,12041,149,zero_scale,,,0-3;1-2;2-1,0-3;1-2;2-1,0-3;1-2;2-1,1-2|2-1|0-3|NULL,1-2|2-1|0-3|NULL,3,4,4,2,8,32,1,1,1,0,0.0,15,1
TRAJ-MICRO-V1,12041,150,configured_scale,,,0-1;1-2;2-0,0-1;1-2;2-0,0-1;1-2;2-0,1-2|2-0|0-1|NULL,1-2|2-0|0-1|NULL,3,4,4,2,8,32,1,1,1,0,0.0,15,1
TRAJ-MICRO-V1,12041,150,zero_scale,,,0-1;1-2;2-3,0-1;1-2;2-3,0-1;1-2;2-3,1-2|2-3|0-1|NULL,1-2|2-3|0-1|NULL,3,4,4,2,8,32,1,1,1,0,0.0,15,1
TRAJ-MICRO-V1,12041,151,configured_scale,,,0-1;1-2;2-3,0-1;1-2;2-3,0-1;1-2;2-3,1-2|2-3|0-1|NULL,1-2|2-3|0-1|NULL,3,4,4,2,8,32,1,1,1,0,0.0,15,1
TRAJ-MICRO-V1,12041,151,zero_scale,,,0-1;1-2;2-3,0-1;1-2;2-3,0-1;1-2;2-3,1-2|0-1|2-3|NULL,1-2|0-1|2-3|NULL,3,4,4,2,8,32,1,1,1,0,0.0,15,1
TRAJ-MICRO-V1,12041,152,configured_scale,,,0-2;1-3;2-1,0-2;1-3;2-1,0-2;1-3;2-1,1-3|2-1|0-2|NULL,1-3|2-1|0-2|NULL,3,4,4,2,8,32,1,1,1,0,0.0,15,1
TRAJ-MICRO-V1,12041,152,zero_scale,,,0-3;1-2;2-1,0-3;1-2;2-1,0-3;1-2;2-1,1-2|2-1|0-3|NULL,1-2|2-1|0-3|NULL,3,4,4,2,8,32,1,1,1,0,0.0,15,1
TRAJ-MICRO-V1,12041,153,configured_scale,,,0-4;1-2;2-3,0-4;1-2;2-3,0-4;1-2;2-3,2-3|1-2|0-4|NULL,2-3|1-2|0-4|NULL,3,4,4,2,8,32,1,1,1,0,0.0,15,1
TRAJ-MICRO-V1,12041,153,zero_scale,,,0-1;1-2;2-3,0-1;1-2;2-3,0-1;1-2;2-3,2-3|1-2|0-1|NULL,2-3|1-2|0-1|NULL,3,4,4,2,8,32,1,1,1,0,0.0,15,1
TRAJ-MICRO-V1,12041,154,configured_scale,,,0-1;1-4;2-3,0-1;1-4;2-3,0-1;1-4;2-3,2-3|1-4|0-1|NULL,2-3|1-4|0-1|NULL,3,4,4,2,8,32,1,1,1,0,0.0,15,1
TRAJ-MICRO-V1,12041,154,zero_scale,,,0-1;1-3;2-4,0-1;1-3;2-4,0-1;1-3;2-4,2-4|1-3|0-1|NULL,2-4|1-3|0-1|NULL,3,4,4,2,8,32,1,1,1,0,0.0,15,1
TRAJ-MICRO-V1,12041,155,configured_scale,,,0-0;1-3;2-4,0-0;1-3;2-4,0-0;1-3;2-4,2-4|1-3|0-0|NULL,2-4|1-3|0-0|NULL,3,4,4,2,8,32,1,1,1,0,0.0,15,1
TRAJ-MICRO-V1,12041,155,zero_scale,,,0-3;1-2;2-4,0-3;1-2;2-4,0-3;1-2;2-4,2-4|1-2|0-3|NULL,2-4|1-2|0-3|NULL,3,4,4,2,8,32,1,1,1,0,0.0,15,1
TRAJ-MICRO-V1,12041,156,configured_scale,,,0-2;1-3;2-4,0-2;1-3;2-4,0-2;1-3;2-4,2-4|1-3|0-2|NULL,2-4|1-3|0-2|NULL,3,4,4,2,8,32,1,1,1,0,0.0,15,1
TRAJ-MICRO-V1,12041,156,zero_scale,,,0-2;1-3;2-4,0-2;1-3;2-4,0-2;1-3;2-4,2-4|1-3|0-2|NULL,2-4|1-3|0-2|NULL,3,4,4,2,8,32,1,1,1,0,0.0,15,1
TRAJ-MICRO-V1,12041,157,configured_scale,,,0-1;1-3;2-4,0-1;1-3;2-4,0-1;1-3;2-4,2-4|1-3|0-1|NULL,2-4|1-3|0-1|NULL,3,4,4,2,8,32,1,1,1,0,0.0,15,1
TRAJ-MICRO-V1,12041,157,zero_scale,,,0-1;1-3;2-4,0-1;1-3;2-4,0-1;1-3;2-4,2-4|1-3|0-1|NULL,2-4|1-3|0-1|NULL,3,4,4,2,8,32,1,1,1,0,0.0,15,1
TRAJ-MICRO-V1,12041,158,configured_scale,,,0-0;1-2;2-4,0-0;1-2;2-4,0-0;1-2;2-4,2-4|1-2|0-0|NULL,2-4|1-2|0-0|NULL,3,4,4,2,8,32,1,1,1,0,0.0,15,1
TRAJ-MICRO-V1,12041,158,zero_scale,,,0-0;1-2;2-4,0-0;1-2;2-4,0-0;1-2;2-4,2-4|1-2|0-0|NULL,2-4|1-2|0-0|NULL,3,4,4,2,8,32,1,1,1,0,0.0,15,1
TRAJ-MICRO-V1,12041,159,configured_scale,,,0-0;1-3;2-4,0-0;1-3;2-4,0-0;1-3;2-4,2-4|1-3|0-0|NULL,2-4|1-3|0-0|NULL,3,4,4,2,8,32,1,1,1,0,0.0,15,1
TRAJ-MICRO-V1,12041,159,zero_scale,,,0-1;1-3;2-4,0-1;1-3;2-4,0-1;1-3;2-4,2-4|1-3|0-1|NULL,2-4|1-3|0-1|NULL,3,4,4,2,8,32,1,1,1,0,0.0,15,1
TRAJ-MICRO-V1,12041,160,configured_scale,,,0-1;1-3;2-4,0-1;1-3;2-4,0-1;1-3;2-4,2-4|0-1|1-3|NULL,2-4|0-1|1-3|NULL,3,4,4,2,8,32,1,1,1,0,0.0,15,1
TRAJ-MICRO-V1,12041,160,zero_scale,,,0-1;1-3;2-4,0-1;1-3;2-4,0-1;1-3;2-4,2-4|1-3|0-1|NULL,2-4|1-3|0-1|NULL,3,4,4,2,8,32,1,1,1,0,0.0,15,1
TRAJ-MICRO-V1,12041,161,configured_scale,,,0-1;1-3;2-4,0-1;1-3;2-4,0-1;1-3;2-4,2-4|1-3|0-1|NULL,2-4|1-3|0-1|NULL,3,4,4,2,8,32,1,1,1,0,0.0,15,1
TRAJ-MICRO-V1,12041,161,zero_scale,,,0-3;1-2;2-4,0-3;1-2;2-4,0-3;1-2;2-4,2-4|1-2|0-3|NULL,2-4|1-2|0-3|NULL,3,4,4,2,8,32,1,1,1,0,0.0,15,1
TRAJ-MICRO-V1,12041,162,configured_scale,,,0-1;1-2;2-0,0-1;1-2;2-0,0-1;1-2;2-0,2-0|1-2|0-1|NULL,2-0|1-2|0-1|NULL,3,4,4,2,8,32,1,1,1,0,0.0,15,1
TRAJ-MICRO-V1,12041,162,zero_scale,,,0-1;1-2;2-3,0-1;1-2;2-3,0-1;1-2;2-3,2-3|1-2|0-1|NULL,2-3|1-2|0-1|NULL,3,4,4,2,8,32,1,1,1,0,0.0,15,1
TRAJ-MICRO-V1,12041,163,configured_scale,,,0-1;1-3;2-2,0-1;1-3;2-2,0-1;1-3;2-2,2-2|1-3|0-1|NULL,2-2|1-3|0-1|NULL,3,4,4,2,8,32,1,1,1,0,0.0,15,1
TRAJ-MICRO-V1,12041,163,zero_scale,,,0-1;1-3;2-2,0-1;1-3;2-2,0-1;1-3;2-2,2-2|1-3|0-1|NULL,2-2|1-3|0-1|NULL,3,4,4,2,8,32,1,1,1,0,0.0,15,1
TRAJ-MICRO-V1,12041,164,configured_scale,,,0-2;1-3;2-1,0-2;1-3;2-1,0-2;1-3;2-1,2-1|1-3|0-2|NULL,2-1|1-3|0-2|NULL,3,4,4,2,8,32,1,1,1,0,0.0,15,1
TRAJ-MICRO-V1,12041,164,zero_scale,,,0-3;1-2;2-1,0-3;1-2;2-1,0-3;1-2;2-1,2-1|1-2|0-3|NULL,2-1|1-2|0-3|NULL,3,4,4,2,8,32,1,1,1,0,0.0,15,1
TRAJ-MICRO-V1,12041,165,configured_scale,,,0-1;1-2;2-0,0-1;1-2;2-0,0-1;1-2;2-0,2-0|1-2|0-1|NULL,2-0|1-2|0-1|NULL,3,4,4,2,8,32,1,1,1,0,0.0,15,1
TRAJ-MICRO-V1,12041,165,zero_scale,,,0-1;1-2;2-3,0-1;1-2;2-3,0-1;1-2;2-3,2-3|1-2|0-1|NULL,2-3|1-2|0-1|NULL,3,4,4,2,8,32,1,1,1,0,0.0,15,1
TRAJ-MICRO-V1,12041,166,configured_scale,,,0-1;1-2;2-4,0-1;1-2;2-4,0-1;1-2;2-4,1-2|2-4|0-1|NULL,1-2|2-4|0-1|NULL,3,4,4,2,8,32,1,1,1,0,0.0,15,1
TRAJ-MICRO-V1,12041,166,zero_scale,,,0-3;1-2;2-1,0-3;1-2;2-1,0-3;1-2;2-1,1-2|2-1|0-3|NULL,1-2|2-1|0-3|NULL,3,4,4,2,8,32,1,1,1,0,0.0,15,1
TRAJ-MICRO-V1,12041,167,configured_scale,,,0-3;1-2;2-1,0-3;1-2;2-1,0-3;1-2;2-1,1-2|2-1|0-3|NULL,1-2|2-1|0-3|NULL,3,4,4,2,8,32,1,1,1,0,0.0,15,1
TRAJ-MICRO-V1,12041,167,zero_scale,,,0-0;1-2;2-1,0-0;1-2;2-1,0-0;1-2;2-1,1-2|2-1|0-0|NULL,1-2|2-1|0-0|NULL,3,4,4,2,8,32,1,1,1,0,0.0,15,1
TRAJ-MICRO-V1,12041,168,configured_scale,,,0-2;1-1;2-0,0-2;1-1;2-0,0-2;1-1;2-0,1-1|2-0|0-2|NULL,1-1|2-0|0-2|NULL,3,4,4,2,8,32,1,1,1,0,0.0,15,1
TRAJ-MICRO-V1,12041,168,zero_scale,,,0-2;1-1;2-0,0-2;1-1;2-0,0-2;1-1;2-0,1-1|0-2|2-0|NULL,1-1|0-2|2-0|NULL,3,4,4,2,8,32,1,1,1,0,0.0,15,1
TRAJ-MICRO-V1,12041,169,configured_scale,,,0-1;1-0;2-2,0-1;1-0;2-2,0-1;1-0;2-2,0-1|1-0|2-2|NULL,0-1|1-0|2-2|NULL,3,4,4,2,8,32,1,1,1,0,0.0,15,1
TRAJ-MICRO-V1,12041,169,zero_scale,,,0-1;1-0;2-2,0-1;1-0;2-2,0-1;1-0;2-2,0-1|1-0|2-2|NULL,0-1|1-0|2-2|NULL,3,4,4,2,8,32,1,1,1,0,0.0,15,1
TRAJ-MICRO-V1,12041,170,configured_scale,,,0-1;1-2;2-4,0-1;1-2;2-4,0-1;1-2;2-4,1-2|0-1|2-4|NULL,1-2|0-1|2-4|NULL,3,4,4,2,8,32,1,1,1,0,0.0,15,1
TRAJ-MICRO-V1,12041,170,zero_scale,,,0-0;1-2;2-4,0-0;1-2;2-4,0-0;1-2;2-4,1-2|0-0|2-4|NULL,1-2|0-0|2-4|NULL,3,4,4,2,8,32,1,1,1,0,0.0,15,1
TRAJ-MICRO-V1,12041,171,configured_scale,,,0-0;1-1;2-4,0-0;1-1;2-4,0-0;1-1;2-4,1-1|0-0|2-4|NULL,1-1|0-0|2-4|NULL,3,4,4,2,8,32,1,1,1,0,0.0,15,1
TRAJ-MICRO-V1,12041,171,zero_scale,,,0-0;1-1;2-3,0-0;1-1;2-3,0-0;1-1;2-3,1-1|0-0|2-3|NULL,1-1|0-0|2-3|NULL,3,4,4,2,8,32,1,1,1,0,0.0,15,1
TRAJ-MICRO-V1,12041,172,configured_scale,,,0-1;1-0;2-4,0-1;1-0;2-4,0-1;1-0;2-4,1-0|0-1|2-4|NULL,1-0|0-1|2-4|NULL,3,4,4,2,8,32,1,1,1,0,0.0,15,1
TRAJ-MICRO-V1,12041,172,zero_scale,,,0-1;1-0;2-4,0-1;1-0;2-4,0-1;1-0;2-4,1-0|0-1|2-4|NULL,1-0|0-1|2-4|NULL,3,4,4,2,8,32,1,1,1,0,0.0,15,1
TRAJ-MICRO-V1,12041,173,configured_scale,,,0-0;1-2;2-4,0-0;1-2;2-4,0-0;1-2;2-4,0-0|2-4|1-2|NULL,0-0|2-4|1-2|NULL,3,4,4,2,8,32,1,1,1,0,0.0,15,1
TRAJ-MICRO-V1,12041,173,zero_scale,,,0-0;1-2;2-4,0-0;1-2;2-4,0-0;1-2;2-4,0-0|2-4|1-2|NULL,0-0|2-4|1-2|NULL,3,4,4,2,8,32,1,1,1,0,0.0,15,1
TRAJ-MICRO-V1,12041,174,configured_scale,,,0-0;1-1;2-4,0-0;1-1;2-4,0-0;1-1;2-4,0-0|2-4|1-1|NULL,0-0|2-4|1-1|NULL,3,4,4,2,8,32,1,1,1,0,0.0,15,1
TRAJ-MICRO-V1,12041,174,zero_scale,,,0-0;1-1;2-3,0-0;1-1;2-3,0-0;1-1;2-3,0-0|1-1|2-3|NULL,0-0|1-1|2-3|NULL,3,4,4,2,8,32,1,1,1,0,0.0,15,1
TRAJ-MICRO-V1,12041,175,configured_scale,,,0-0;1-3;2-4,0-0;1-3;2-4,0-0;1-3;2-4,0-0|1-3|2-4|NULL,0-0|1-3|2-4|NULL,3,4,4,2,8,32,1,1,1,0,0.0,15,1
TRAJ-MICRO-V1,12041,175,zero_scale,,,0-1;1-3;2-4,0-1;1-3;2-4,0-1;1-3;2-4,0-1|1-3|2-4|NULL,0-1|1-3|2-4|NULL,3,4,4,2,8,32,1,1,1,0,0.0,15,1
TRAJ-MICRO-V1,12041,176,configured_scale,,,0-0;1-2;2-4,0-0;1-2;2-4,0-0;1-2;2-4,0-0|2-4|1-2|NULL,0-0|2-4|1-2|NULL,3,4,4,2,8,32,1,1,1,0,0.0,15,1
TRAJ-MICRO-V1,12041,176,zero_scale,,,0-0;1-2;2-4,0-0;1-2;2-4,0-0;1-2;2-4,0-0|1-2|2-4|NULL,0-0|1-2|2-4|NULL,3,4,4,2,8,32,1,1,1,0,0.0,15,1
TRAJ-MICRO-V1,12041,177,configured_scale,,,0-0;1-2;2-3,0-0;1-2;2-3,0-0;1-2;2-3,0-0|1-2|2-3|NULL,0-0|1-2|2-3|NULL,3,4,4,2,8,32,1,1,1,0,0.0,15,1
TRAJ-MICRO-V1,12041,177,zero_scale,,,0-2;1-1;2-0,0-2;1-1;2-0,0-2;1-1;2-0,0-2|1-1|2-0|NULL,0-2|1-1|2-0|NULL,3,4,4,2,8,32,1,1,1,0,0.0,15,1
TRAJ-MICRO-V1,12041,178,configured_scale,,,0-4;1-3;2-2,0-4;1-3;2-2,0-4;1-3;2-2,0-4|1-3|2-2|NULL,0-4|1-3|2-2|NULL,3,4,4,2,8,32,1,1,1,0,0.0,15,1
TRAJ-MICRO-V1,12041,178,zero_scale,,,0-1;1-0;2-2,0-1;1-0;2-2,0-1;1-0;2-2,0-1|1-0|2-2|NULL,0-1|1-0|2-2|NULL,3,4,4,2,8,32,1,1,1,0,0.0,15,1
TRAJ-MICRO-V1,12041,179,configured_scale,,,0-0;1-2;2-1,0-0;1-2;2-1,0-0;1-2;2-1,0-0|1-2|2-1|NULL,0-0|1-2|2-1|NULL,3,4,4,2,8,32,1,1,1,0,0.0,15,1
TRAJ-MICRO-V1,12041,179,zero_scale,,,0-0;1-2;2-1,0-0;1-2;2-1,0-0;1-2;2-1,0-0|1-2|2-1|NULL,0-0|1-2|2-1|NULL,3,4,4,2,8,32,1,1,1,0,0.0,15,1
TRAJ-MICRO-V1,12041,180,configured_scale,,,0-0;1-2;2-3,0-0;1-2;2-3,0-0;1-2;2-3,0-0|1-2|2-3|NULL,0-0|1-2|2-3|NULL,3,4,4,2,8,32,1,1,1,0,0.0,15,1
TRAJ-MICRO-V1,12041,180,zero_scale,,,0-2;1-1;2-0,0-2;1-1;2-0,0-2;1-1;2-0,0-2|1-1|2-0|NULL,0-2|1-1|2-0|NULL,3,4,4,2,8,32,1,1,1,0,0.0,15,1
TRAJ-MICRO-V1,12041,181,configured_scale,,,0-0;1-3;2-2,0-0;1-3;2-2,0-0;1-3;2-2,0-0|1-3|2-2|NULL,0-0|1-3|2-2|NULL,3,4,4,2,8,32,1,1,1,0,0.0,15,1
TRAJ-MICRO-V1,12041,181,zero_scale,,,0-1;1-3;2-2,0-1;1-3;2-2,0-1;1-3;2-2,0-1|1-3|2-2|NULL,0-1|1-3|2-2|NULL,3,4,4,2,8,32,1,1,1,0,0.0,15,1
TRAJ-MICRO-V1,12041,182,configured_scale,,,0-0;1-2;2-4,0-0;1-2;2-4,0-0;1-2;2-4,0-0|2-4|1-2|NULL,0-0|2-4|1-2|NULL,3,4,4,2,8,32,1,1,1,0,0.0,15,1
TRAJ-MICRO-V1,12041,182,zero_scale,,,0-0;1-2;2-4,0-0;1-2;2-4,0-0;1-2;2-4,0-0|1-2|2-4|NULL,0-0|1-2|2-4|NULL,3,4,4,2,8,32,1,1,1,0,0.0,15,1
TRAJ-MICRO-V1,12041,183,configured_scale,,,0-0;1-2;2-4,0-0;1-2;2-4,0-0;1-2;2-4,2-4|0-0|1-2|NULL,2-4|0-0|1-2|NULL,3,4,4,2,8,32,1,1,1,0,0.0,15,1
TRAJ-MICRO-V1,12041,183,zero_scale,,,0-1;1-4;2-3,0-1;1-4;2-3,0-1;1-4;2-3,0-1|1-4|2-3|NULL,0-1|1-4|2-3|NULL,3,4,4,2,8,32,1,1,1,0,0.0,15,1
TRAJ-MICRO-V1,12041,184,configured_scale,,,0-1;1-3;2-4,0-1;1-3;2-4,0-1;1-3;2-4,0-1|2-4|1-3|NULL,0-1|2-4|1-3|NULL,3,4,4,2,8,32,1,1,1,0,0.0,15,1
TRAJ-MICRO-V1,12041,184,zero_scale,,,0-1;1-3;2-4,0-1;1-3;2-4,0-1;1-3;2-4,0-1|2-4|1-3|NULL,0-1|2-4|1-3|NULL,3,4,4,2,8,32,1,1,1,0,0.0,15,1
TRAJ-MICRO-V1,12041,185,configured_scale,,,0-1;1-2;2-4,0-1;1-2;2-4,0-1;1-2;2-4,2-4|0-1|1-2|NULL,2-4|0-1|1-2|NULL,3,4,4,2,8,32,1,1,1,0,0.0,15,1
TRAJ-MICRO-V1,12041,185,zero_scale,,,0-0;1-2;2-4,0-0;1-2;2-4,0-0;1-2;2-4,2-4|0-0|1-2|NULL,2-4|0-0|1-2|NULL,3,4,4,2,8,32,1,1,1,0,0.0,15,1
TRAJ-MICRO-V1,12041,186,configured_scale,,,0-2;1-1;2-3,0-2;1-1;2-3,0-2;1-1;2-3,0-2|1-1|2-3|NULL,0-2|1-1|2-3|NULL,3,4,4,2,8,32,1,1,1,0,0.0,15,1
TRAJ-MICRO-V1,12041,186,zero_scale,,,0-2;1-1;2-3,0-2;1-1;2-3,0-2;1-1;2-3,0-2|1-1|2-3|NULL,0-2|1-1|2-3|NULL,3,4,4,2,8,32,1,1,1,0,0.0,15,1
TRAJ-MICRO-V1,12041,187,configured_scale,,,0-1;1-3;2-2,0-1;1-3;2-2,0-1;1-3;2-2,0-1|2-2|1-3|NULL,0-1|2-2|1-3|NULL,3,4,4,2,8,32,1,1,1,0,0.0,15,1
TRAJ-MICRO-V1,12041,187,zero_scale,,,0-1;1-2;2-4,0-1;1-2;2-4,0-1;1-2;2-4,0-1|1-2|2-4|NULL,0-1|1-2|2-4|NULL,3,4,4,2,8,32,1,1,1,0,0.0,15,1
TRAJ-MICRO-V1,12041,188,configured_scale,,,0-0;1-2;2-4,0-0;1-2;2-4,0-0;1-2;2-4,0-0|1-2|2-4|NULL,0-0|1-2|2-4|NULL,3,4,4,2,8,32,1,1,1,0,0.0,15,1
TRAJ-MICRO-V1,12041,188,zero_scale,,,0-0;1-2;2-4,0-0;1-2;2-4,0-0;1-2;2-4,0-0|1-2|2-4|NULL,0-0|1-2|2-4|NULL,3,4,4,2,8,32,1,1,1,0,0.0,15,1
TRAJ-MICRO-V1,12041,189,configured_scale,,,0-1;1-2;2-3,0-1;1-2;2-3,0-1;1-2;2-3,0-1|2-3|1-2|NULL,0-1|2-3|1-2|NULL,3,4,4,2,8,32,1,1,1,0,0.0,15,1
TRAJ-MICRO-V1,12041,189,zero_scale,,,0-1;1-2;2-3,0-1;1-2;2-3,0-1;1-2;2-3,0-1|1-2|2-3|NULL,0-1|1-2|2-3|NULL,3,4,4,2,8,32,1,1,1,0,0.0,15,1
TRAJ-MICRO-V1,12041,190,configured_scale,,,0-1;1-3;2-2,0-1;1-3;2-2,0-1;1-3;2-2,0-1|1-3|2-2|NULL,0-1|1-3|2-2|NULL,3,4,4,2,8,32,1,1,1,0,0.0,15,1
TRAJ-MICRO-V1,12041,190,zero_scale,,,0-1;1-3;2-2,0-1;1-3;2-2,0-1;1-3;2-2,0-1|1-3|2-2|NULL,0-1|1-3|2-2|NULL,3,4,4,2,8,32,1,1,1,0,0.0,15,1
TRAJ-MICRO-V1,12041,191,configured_scale,,,0-3;1-2;2-4,0-3;1-2;2-4,0-3;1-2;2-4,0-3|2-4|1-2|NULL,0-3|2-4|1-2|NULL,3,4,4,2,8,32,1,1,1,0,0.0,15,1
TRAJ-MICRO-V1,12041,191,zero_scale,,,0-3;1-2;2-4,0-3;1-2;2-4,0-3;1-2;2-4,1-2|0-3|2-4|NULL,1-2|0-3|2-4|NULL,3,4,4,2,8,32,1,1,1,0,0.0,15,1
TRAJ-MICRO-V1,12041,192,configured_scale,,,0-4;1-2;2-3,0-4;1-2;2-3,0-4;1-2;2-3,2-3|1-2|0-4|NULL,2-3|1-2|0-4|NULL,3,4,4,2,8,32,1,1,1,0,0.0,15,1
TRAJ-MICRO-V1,12041,192,zero_scale,,,0-2;1-3;2-4,0-2;1-3;2-4,0-2;1-3;2-4,0-2|1-3|2-4|NULL,0-2|1-3|2-4|NULL,3,4,4,2,8,32,1,1,1,0,0.0,15,1
TRAJ-MICRO-V1,12041,193,configured_scale,,,0-4;1-3;2-2,0-4;1-3;2-2,0-4;1-3;2-2,0-4|1-3|2-2|NULL,0-4|1-3|2-2|NULL,3,4,4,2,8,32,1,1,1,0,0.0,15,1
TRAJ-MICRO-V1,12041,193,zero_scale,,,0-4;1-3;2-2,0-4;1-3;2-2,0-4;1-3;2-2,0-4|1-3|2-2|NULL,0-4|1-3|2-2|NULL,3,4,4,2,8,32,1,1,1,0,0.0,15,1
TRAJ-MICRO-V1,12041,194,configured_scale,,,0-3;1-2;2-4,0-3;1-2;2-4,0-3;1-2;2-4,2-4|0-3|1-2|NULL,2-4|0-3|1-2|NULL,3,4,4,2,8,32,1,1,1,0,0.0,15,1
TRAJ-MICRO-V1,12041,194,zero_scale,,,0-3;1-2;2-4,0-3;1-2;2-4,0-3;1-2;2-4,2-4|0-3|1-2|NULL,2-4|0-3|1-2|NULL,3,4,4,2,8,32,1,1,1,0,0.0,15,1
TRAJ-MICRO-V1,12041,195,configured_scale,,,0-4;1-2;2-3,0-4;1-2;2-3,0-4;1-2;2-3,0-4|1-2|2-3|NULL,0-4|1-2|2-3|NULL,3,4,4,2,8,32,1,1,1,0,0.0,15,1
TRAJ-MICRO-V1,12041,195,zero_scale,,,0-2;1-4;2-3,0-2;1-4;2-3,0-2;1-4;2-3,0-2|1-4|2-3|NULL,0-2|1-4|2-3|NULL,3,4,4,2,8,32,1,1,1,0,0.0,15,1
TRAJ-MICRO-V1,12041,196,configured_scale,,,0-4;1-2;2-3,0-4;1-2;2-3,0-4;1-2;2-3,0-4|1-2|2-3|NULL,0-4|1-2|2-3|NULL,3,4,4,2,8,32,1,1,1,0,0.0,15,1
TRAJ-MICRO-V1,12041,196,zero_scale,,,0-4;1-3;2-2,0-4;1-3;2-2,0-4;1-3;2-2,0-4|1-3|2-2|NULL,0-4|1-3|2-2|NULL,3,4,4,2,8,32,1,1,1,0,0.0,15,1
TRAJ-MICRO-V1,12041,197,configured_scale,,,0-0;1-2;2-4,0-0;1-2;2-4,0-0;1-2;2-4,0-0|2-4|1-2|NULL,0-0|2-4|1-2|NULL,3,4,4,2,8,32,1,1,1,0,0.0,15,1
TRAJ-MICRO-V1,12041,197,zero_scale,,,0-0;1-2;2-4,0-0;1-2;2-4,0-0;1-2;2-4,0-0|2-4|1-2|NULL,0-0|2-4|1-2|NULL,3,4,4,2,8,32,1,1,1,0,0.0,15,1
TRAJ-MICRO-V1,12041,198,configured_scale,,,0-1;1-4;2-3,0-1;1-4;2-3,0-1;1-4;2-3,0-1|1-4|2-3|NULL,0-1|1-4|2-3|NULL,3,4,4,2,8,32,1,1,1,0,0.0,15,1
TRAJ-MICRO-V1,12041,198,zero_scale,,,0-1;1-4;2-3,0-1;1-4;2-3,0-1;1-4;2-3,0-1|1-4|2-3|NULL,0-1|1-4|2-3|NULL,3,4,4,2,8,32,1,1,1,0,0.0,15,1
TRAJ-MICRO-V1,12041,199,configured_scale,,,0-0;1-3;2-4,0-0;1-3;2-4,0-0;1-3;2-4,0-0|1-3|2-4|NULL,0-0|1-3|2-4|NULL,3,4,4,2,8,32,1,1,1,0,0.0,15,1
TRAJ-MICRO-V1,12041,199,zero_scale,,,0-1;1-3;2-4,0-1;1-3;2-4,0-1;1-3;2-4,0-1|1-3|2-4|NULL,0-1|1-3|2-4|NULL,3,4,4,2,8,32,1,1,1,0,0.0,15,1
TRAJ-MICRO-V1,12041,200,configured_scale,,,0-3;1-2;2-4,0-3;1-2;2-4,0-3;1-2;2-4,1-2|0-3|2-4|NULL,1-2|0-3|2-4|NULL,3,4,4,2,8,32,1,1,1,0,0.0,15,1
TRAJ-MICRO-V1,12041,200,zero_scale,,,0-0;1-2;2-4,0-0;1-2;2-4,0-0;1-2;2-4,1-2|0-0|2-4|NULL,1-2|0-0|2-4|NULL,3,4,4,2,8,32,1,1,1,0,0.0,15,1
TRAJ-MICRO-V1,12041,201,configured_scale,,,0-2;1-3;2-4,0-2;1-3;2-4,0-2;1-3;2-4,1-3|0-2|2-4|NULL,1-3|0-2|2-4|NULL,3,4,4,2,8,32,1,1,1,0,0.0,15,1
TRAJ-MICRO-V1,12041,201,zero_scale,,,0-2;1-3;2-4,0-2;1-3;2-4,0-2;1-3;2-4,1-3|0-2|2-4|NULL,1-3|0-2|2-4|NULL,3,4,4,2,8,32,1,1,1,0,0.0,15,1
TRAJ-MICRO-V1,12041,202,configured_scale,,,0-1;1-3;2-4,0-1;1-3;2-4,0-1;1-3;2-4,1-3|2-4|0-1|NULL,1-3|2-4|0-1|NULL,3,4,4,2,8,32,1,1,1,0,0.0,15,1
TRAJ-MICRO-V1,12041,202,zero_scale,,,0-1;1-3;2-4,0-1;1-3;2-4,0-1;1-3;2-4,1-3|2-4|0-1|NULL,1-3|2-4|0-1|NULL,3,4,4,2,8,32,1,1,1,0,0.0,15,1
TRAJ-MICRO-V1,12041,203,configured_scale,,,0-3;1-2;2-4,0-3;1-2;2-4,0-3;1-2;2-4,1-2|2-4|0-3|NULL,1-2|2-4|0-3|NULL,3,4,4,2,8,32,1,1,1,0,0.0,15,1
TRAJ-MICRO-V1,12041,203,zero_scale,,,0-3;1-2;2-4,0-3;1-2;2-4,0-3;1-2;2-4,1-2|2-4|0-3|NULL,1-2|2-4|0-3|NULL,3,4,4,2,8,32,1,1,1,0,0.0,15,1
TRAJ-MICRO-V1,12041,204,configured_scale,,,0-1;1-2;2-4,0-1;1-2;2-4,0-1;1-2;2-4,1-2|2-4|0-1|NULL,1-2|2-4|0-1|NULL,3,4,4,2,8,32,1,1,1,0,0.0,15,1
TRAJ-MICRO-V1,12041,204,zero_scale,,,0-1;1-2;2-3,0-1;1-2;2-3,0-1;1-2;2-3,1-2|2-3|0-1|NULL,1-2|2-3|0-1|NULL,3,4,4,2,8,32,1,1,1,0,0.0,15,1
TRAJ-MICRO-V1,12041,205,configured_scale,,,0-1;1-3;2-4,0-1;1-3;2-4,0-1;1-3;2-4,1-3|2-4|0-1|NULL,1-3|2-4|0-1|NULL,3,4,4,2,8,32,1,1,1,0,0.0,15,1
TRAJ-MICRO-V1,12041,205,zero_scale,,,0-1;1-3;2-2,0-1;1-3;2-2,0-1;1-3;2-2,1-3|2-2|0-1|NULL,1-3|2-2|0-1|NULL,3,4,4,2,8,32,1,1,1,0,0.0,15,1
TRAJ-MICRO-V1,12041,206,configured_scale,,,0-3;1-2;2-1,0-3;1-2;2-1,0-3;1-2;2-1,1-2|2-1|0-3|NULL,1-2|2-1|0-3|NULL,3,4,4,2,8,32,1,1,1,0,0.0,15,1
TRAJ-MICRO-V1,12041,206,zero_scale,,,0-3;1-2;2-1,0-3;1-2;2-1,0-3;1-2;2-1,1-2|2-1|0-3|NULL,1-2|2-1|0-3|NULL,3,4,4,2,8,32,1,1,1,0,0.0,15,1
TRAJ-MICRO-V1,12041,207,configured_scale,,,0-1;1-2;2-0,0-1;1-2;2-0,0-1;1-2;2-0,2-0|1-2|0-1|NULL,2-0|1-2|0-1|NULL,3,4,4,2,8,32,1,1,1,0,0.0,15,1
TRAJ-MICRO-V1,12041,207,zero_scale,,,0-2;1-1;2-3,0-2;1-1;2-3,0-2;1-1;2-3,1-1|2-3|0-2|NULL,1-1|2-3|0-2|NULL,3,4,4,2,8,32,1,1,1,0,0.0,15,1
TRAJ-MICRO-V1,12041,208,configured_scale,,,0-1;1-3;2-4,0-1;1-3;2-4,0-1;1-3;2-4,1-3|2-4|0-1|NULL,1-3|2-4|0-1|NULL,3,4,4,2,8,32,1,1,1,0,0.0,15,1
TRAJ-MICRO-V1,12041,208,zero_scale,,,0-1;1-3;2-2,0-1;1-3;2-2,0-1;1-3;2-2,1-3|2-2|0-1|NULL,1-3|2-2|0-1|NULL,3,4,4,2,8,32,1,1,1,0,0.0,15,1
TRAJ-MICRO-V1,12041,209,configured_scale,,,0-0;1-2;2-4,0-0;1-2;2-4,0-0;1-2;2-4,2-4|1-2|0-0|NULL,2-4|1-2|0-0|NULL,3,4,4,2,8,32,1,1,1,0,0.0,15,1
TRAJ-MICRO-V1,12041,209,zero_scale,,,0-0;1-2;2-4,0-0;1-2;2-4,0-0;1-2;2-4,1-2|2-4|0-0|NULL,1-2|2-4|0-0|NULL,3,4,4,2,8,32,1,1,1,0,0.0,15,1
TRAJ-MICRO-V1,12041,210,configured_scale,,,0-1;1-2;2-0,0-1;1-2;2-0,0-1;1-2;2-0,2-0|1-2|0-1|NULL,2-0|1-2|0-1|NULL,3,4,4,2,8,32,1,1,1,0,0.0,15,1
TRAJ-MICRO-V1,12041,210,zero_scale,,,0-2;1-1;2-0,0-2;1-1;2-0,0-2;1-1;2-0,2-0|1-1|0-2|NULL,2-0|1-1|0-2|NULL,3,4,4,2,8,32,1,1,1,0,0.0,15,1
TRAJ-MICRO-V1,12041,211,configured_scale,,,0-0;1-3;2-4,0-0;1-3;2-4,0-0;1-3;2-4,2-4|1-3|0-0|NULL,2-4|1-3|0-0|NULL,3,4,4,2,8,32,1,1,1,0,0.0,15,1
TRAJ-MICRO-V1,12041,211,zero_scale,,,0-1;1-3;2-2,0-1;1-3;2-2,0-1;1-3;2-2,2-2|1-3|0-1|NULL,2-2|1-3|0-1|NULL,3,4,4,2,8,32,1,1,1,0,0.0,15,1
TRAJ-MICRO-V1,12041,212,configured_scale,,,0-0;1-2;2-4,0-0;1-2;2-4,0-0;1-2;2-4,2-4|0-0|1-2|NULL,2-4|0-0|1-2|NULL,3,4,4,2,8,32,1,1,1,0,0.0,15,1
TRAJ-MICRO-V1,12041,212,zero_scale,,,0-0;1-2;2-4,0-0;1-2;2-4,0-0;1-2;2-4,2-4|1-2|0-0|NULL,2-4|1-2|0-0|NULL,3,4,4,2,8,32,1,1,1,0,0.0,15,1
TRAJ-MICRO-V1,12041,213,configured_scale,,,0-1;1-0;2-4,0-1;1-0;2-4,0-1;1-0;2-4,2-4|1-0|0-1|NULL,2-4|1-0|0-1|NULL,3,4,4,2,8,32,1,1,1,0,0.0,15,1
TRAJ-MICRO-V1,12041,213,zero_scale,,,0-0;1-1;2-3,0-0;1-1;2-3,0-0;1-1;2-3,2-3|1-1|0-0|NULL,2-3|1-1|0-0|NULL,3,4,4,2,8,32,1,1,1,0,0.0,15,1
TRAJ-MICRO-V1,12041,214,configured_scale,,,0-1;1-0;2-4,0-1;1-0;2-4,0-1;1-0;2-4,2-4|1-0|0-1|NULL,2-4|1-0|0-1|NULL,3,4,4,2,8,32,1,1,1,0,0.0,15,1
TRAJ-MICRO-V1,12041,214,zero_scale,,,0-1;1-0;2-4,0-1;1-0;2-4,0-1;1-0;2-4,2-4|1-0|0-1|NULL,2-4|1-0|0-1|NULL,3,4,4,2,8,32,1,1,1,0,0.0,15,1
TRAJ-MICRO-V1,12041,215,configured_scale,,,0-0;1-2;2-4,0-0;1-2;2-4,0-0;1-2;2-4,2-4|0-0|1-2|NULL,2-4|0-0|1-2|NULL,3,4,4,2,8,32,1,1,1,0,0.0,15,1
TRAJ-MICRO-V1,12041,215,zero_scale,,,0-0;1-2;2-4,0-0;1-2;2-4,0-0;1-2;2-4,2-4|0-0|1-2|NULL,2-4|0-0|1-2|NULL,3,4,4,2,8,32,1,1,1,0,0.0,15,1
TRAJ-MICRO-V1,12041,216,configured_scale,,,0-2;1-1;2-0,0-2;1-1;2-0,0-2;1-1;2-0,2-0|1-1|0-2|NULL,2-0|1-1|0-2|NULL,3,4,4,2,8,32,1,1,1,0,0.0,15,1
TRAJ-MICRO-V1,12041,216,zero_scale,,,0-2;1-1;2-0,0-2;1-1;2-0,0-2;1-1;2-0,2-0|1-1|0-2|NULL,2-0|1-1|0-2|NULL,3,4,4,2,8,32,1,1,1,0,0.0,15,1
TRAJ-MICRO-V1,12041,217,configured_scale,,,0-0;1-3;2-4,0-0;1-3;2-4,0-0;1-3;2-4,0-0|2-4|1-3|NULL,0-0|2-4|1-3|NULL,3,4,4,2,8,32,1,1,1,0,0.0,15,1
TRAJ-MICRO-V1,12041,217,zero_scale,,,0-0;1-3;2-2,0-0;1-3;2-2,0-0;1-3;2-2,0-0|2-2|1-3|NULL,0-0|2-2|1-3|NULL,3,4,4,2,8,32,1,1,1,0,0.0,15,1
TRAJ-MICRO-V1,12041,218,configured_scale,,,0-0;1-2;2-4,0-0;1-2;2-4,0-0;1-2;2-4,0-0|2-4|1-2|NULL,0-0|2-4|1-2|NULL,3,4,4,2,8,32,1,1,1,0,0.0,15,1
TRAJ-MICRO-V1,12041,218,zero_scale,,,0-0;1-2;2-4,0-0;1-2;2-4,0-0;1-2;2-4,0-0|1-2|2-4|NULL,0-0|1-2|2-4|NULL,3,4,4,2,8,32,1,1,1,0,0.0,15,1
TRAJ-MICRO-V1,12041,219,configured_scale,,,0-1;1-2;2-0,0-1;1-2;2-0,0-1;1-2;2-0,2-0|0-1|1-2|NULL,2-0|0-1|1-2|NULL,3,4,4,2,8,32,1,1,1,0,0.0,15,1
TRAJ-MICRO-V1,12041,219,zero_scale,,,0-2;1-1;2-0,0-2;1-1;2-0,0-2;1-1;2-0,1-1|2-0|0-2|NULL,1-1|2-0|0-2|NULL,3,4,4,2,8,32,1,1,1,0,0.0,15,1
TRAJ-MICRO-V1,12041,220,configured_scale,,,0-1;1-0;2-4,0-1;1-0;2-4,0-1;1-0;2-4,1-0|0-1|2-4|NULL,1-0|0-1|2-4|NULL,3,4,4,2,8,32,1,1,1,0,0.0,15,1
TRAJ-MICRO-V1,12041,220,zero_scale,,,0-1;1-2;2-4,0-1;1-2;2-4,0-1;1-2;2-4,0-1|1-2|2-4|NULL,0-1|1-2|2-4|NULL,3,4,4,2,8,32,1,1,1,0,0.0,15,1
TRAJ-MICRO-V1,12041,221,configured_scale,,,0-3;1-2;2-1,0-3;1-2;2-1,0-3;1-2;2-1,1-2|2-1|0-3|NULL,1-2|2-1|0-3|NULL,3,4,4,2,8,32,1,1,1,0,0.0,15,1
TRAJ-MICRO-V1,12041,221,zero_scale,,,0-0;1-2;2-1,0-0;1-2;2-1,0-0;1-2;2-1,1-2|2-1|0-0|NULL,1-2|2-1|0-0|NULL,3,4,4,2,8,32,1,1,1,0,0.0,15,1
TRAJ-MICRO-V1,12041,222,configured_scale,,,0-1;1-2;2-0,0-1;1-2;2-0,0-1;1-2;2-0,1-2|2-0|0-1|NULL,1-2|2-0|0-1|NULL,3,4,4,2,8,32,1,1,1,0,0.0,15,1
TRAJ-MICRO-V1,12041,222,zero_scale,,,0-2;1-1;2-3,0-2;1-1;2-3,0-2;1-1;2-3,1-1|0-2|2-3|NULL,1-1|0-2|2-3|NULL,3,4,4,2,8,32,1,1,1,0,0.0,15,1
TRAJ-MICRO-V1,12041,223,configured_scale,,,0-1;1-2;2-4,0-1;1-2;2-4,0-1;1-2;2-4,1-2|0-1|2-4|NULL,1-2|0-1|2-4|NULL,3,4,4,2,8,32,1,1,1,0,0.0,15,1
TRAJ-MICRO-V1,12041,223,zero_scale,,,0-1;1-2;2-4,0-1;1-2;2-4,0-1;1-2;2-4,1-2|0-1|2-4|NULL,1-2|0-1|2-4|NULL,3,4,4,2,8,32,1,1,1,0,0.0,15,1
TRAJ-MICRO-V1,12041,224,configured_scale,,,0-1;1-2;2-4,0-1;1-2;2-4,0-1;1-2;2-4,1-2|0-1|2-4|NULL,1-2|0-1|2-4|NULL,3,4,4,2,8,32,1,1,1,0,0.0,15,1
TRAJ-MICRO-V1,12041,224,zero_scale,,,0-3;1-2;2-1,0-3;1-2;2-1,0-3;1-2;2-1,1-2|0-3|2-1|NULL,1-2|0-3|2-1|NULL,3,4,4,2,8,32,1,1,1,0,0.0,15,1
TRAJ-MICRO-V1,12041,225,configured_scale,,,0-1;1-2;2-0,0-1;1-2;2-0,0-1;1-2;2-0,1-2|0-1|2-0|NULL,1-2|0-1|2-0|NULL,3,4,4,2,8,32,1,1,1,0,0.0,15,1
TRAJ-MICRO-V1,12041,225,zero_scale,,,0-1;1-2;2-3,0-1;1-2;2-3,0-1;1-2;2-3,1-2|0-1|2-3|NULL,1-2|0-1|2-3|NULL,3,4,4,2,8,32,1,1,1,0,0.0,15,1
TRAJ-MICRO-V1,12041,226,configured_scale,,,0-1;1-0;2-2,0-1;1-0;2-2,0-1;1-0;2-2,0-1|1-0|2-2|NULL,0-1|1-0|2-2|NULL,3,4,4,2,8,32,1,1,1,0,0.0,15,1
TRAJ-MICRO-V1,12041,226,zero_scale,,,0-1;1-3;2-2,0-1;1-3;2-2,0-1;1-3;2-2,0-1|1-3|2-2|NULL,0-1|1-3|2-2|NULL,3,4,4,2,8,32,1,1,1,0,0.0,15,1
TRAJ-MICRO-V1,12041,227,configured_scale,,,0-0;1-3;2-4,0-0;1-3;2-4,0-0;1-3;2-4,0-0|1-3|2-4|NULL,0-0|1-3|2-4|NULL,3,4,4,2,8,32,1,1,1,0,0.0,15,1
TRAJ-MICRO-V1,12041,227,zero_scale,,,0-0;1-2;2-4,0-0;1-2;2-4,0-0;1-2;2-4,0-0|1-2|2-4|NULL,0-0|1-2|2-4|NULL,3,4,4,2,8,32,1,1,1,0,0.0,15,1
TRAJ-MICRO-V1,12041,228,configured_scale,,,0-0;1-4;2-3,0-0;1-4;2-3,0-0;1-4;2-3,0-0|2-3|1-4|NULL,0-0|2-3|1-4|NULL,3,4,4,2,8,32,1,1,1,0,0.0,15,1
TRAJ-MICRO-V1,12041,228,zero_scale,,,0-1;1-4;2-3,0-1;1-4;2-3,0-1;1-4;2-3,0-1|2-3|1-4|NULL,0-1|2-3|1-4|NULL,3,4,4,2,8,32,1,1,1,0,0.0,15,1
TRAJ-MICRO-V1,12041,229,configured_scale,,,0-4;1-3;2-2,0-4;1-3;2-2,0-4;1-3;2-2,0-4|1-3|2-2|NULL,0-4|1-3|2-2|NULL,3,4,4,2,8,32,1,1,1,0,0.0,15,1
TRAJ-MICRO-V1,12041,229,zero_scale,,,0-1;1-3;2-4,0-1;1-3;2-4,0-1;1-3;2-4,0-1|1-3|2-4|NULL,0-1|1-3|2-4|NULL,3,4,4,2,8,32,1,1,1,0,0.0,15,1
TRAJ-MICRO-V1,12041,230,configured_scale,,,0-3;1-2;2-4,0-3;1-2;2-4,0-3;1-2;2-4,2-4|0-3|1-2|NULL,2-4|0-3|1-2|NULL,3,4,4,2,8,32,1,1,1,0,0.0,15,1
TRAJ-MICRO-V1,12041,230,zero_scale,,,0-0;1-2;2-4,0-0;1-2;2-4,0-0;1-2;2-4,2-4|0-0|1-2|NULL,2-4|0-0|1-2|NULL,3,4,4,2,8,32,1,1,1,0,0.0,15,1
TRAJ-MICRO-V1,12041,231,configured_scale,,,0-2;1-3;2-4,0-2;1-3;2-4,0-2;1-3;2-4,2-4|0-2|1-3|NULL,2-4|0-2|1-3|NULL,3,4,4,2,8,32,1,1,1,0,0.0,15,1
TRAJ-MICRO-V1,12041,231,zero_scale,,,0-2;1-3;2-4,0-2;1-3;2-4,0-2;1-3;2-4,2-4|0-2|1-3|NULL,2-4|0-2|1-3|NULL,3,4,4,2,8,32,1,1,1,0,0.0,15,1
TRAJ-MICRO-V1,12041,232,configured_scale,,,0-1;1-3;2-4,0-1;1-3;2-4,0-1;1-3;2-4,2-4|0-1|1-3|NULL,2-4|0-1|1-3|NULL,3,4,4,2,8,32,1,1,1,0,0.0,15,1
TRAJ-MICRO-V1,12041,232,zero_scale,,,0-1;1-3;2-4,0-1;1-3;2-4,0-1;1-3;2-4,2-4|1-3|0-1|NULL,2-4|1-3|0-1|NULL,3,4,4,2,8,32,1,1,1,0,0.0,15,1
TRAJ-MICRO-V1,12041,233,configured_scale,,,0-0;1-3;2-4,0-0;1-3;2-4,0-0;1-3;2-4,2-4|1-3|0-0|NULL,2-4|1-3|0-0|NULL,3,4,4,2,8,32,1,1,1,0,0.0,15,1
TRAJ-MICRO-V1,12041,233,zero_scale,,,0-3;1-2;2-4,0-3;1-2;2-4,0-3;1-2;2-4,2-4|0-3|1-2|NULL,2-4|0-3|1-2|NULL,3,4,4,2,8,32,1,1,1,0,0.0,15,1
TRAJ-MICRO-V1,12041,234,configured_scale,,,0-2;1-3;2-4,0-2;1-3;2-4,0-2;1-3;2-4,2-4|1-3|0-2|NULL,2-4|1-3|0-2|NULL,3,4,4,2,8,32,1,1,1,0,0.0,15,1
TRAJ-MICRO-V1,12041,234,zero_scale,,,0-2;1-4;2-3,0-2;1-4;2-3,0-2;1-4;2-3,1-4|2-3|0-2|NULL,1-4|2-3|0-2|NULL,3,4,4,2,8,32,1,1,1,0,0.0,15,1
TRAJ-MICRO-V1,12041,235,configured_scale,,,0-1;1-3;2-4,0-1;1-3;2-4,0-1;1-3;2-4,2-4|1-3|0-1|NULL,2-4|1-3|0-1|NULL,3,4,4,2,8,32,1,1,1,0,0.0,15,1
TRAJ-MICRO-V1,12041,235,zero_scale,,,0-4;1-3;2-2,0-4;1-3;2-2,0-4;1-3;2-2,1-3|0-4|2-2|NULL,1-3|0-4|2-2|NULL,3,4,4,2,8,32,1,1,1,0,0.0,15,1
TRAJ-MICRO-V1,12041,236,configured_scale,,,0-3;1-2;2-4,0-3;1-2;2-4,0-3;1-2;2-4,2-4|1-2|0-3|NULL,2-4|1-2|0-3|NULL,3,4,4,2,8,32,1,1,1,0,0.0,15,1
TRAJ-MICRO-V1,12041,236,zero_scale,,,0-3;1-2;2-4,0-3;1-2;2-4,0-3;1-2;2-4,1-2|2-4|0-3|NULL,1-2|2-4|0-3|NULL,3,4,4,2,8,32,1,1,1,0,0.0,15,1
TRAJ-MICRO-V1,12041,237,configured_scale,,,0-1;1-2;2-3,0-1;1-2;2-3,0-1;1-2;2-3,2-3|1-2|0-1|NULL,2-3|1-2|0-1|NULL,3,4,4,2,8,32,1,1,1,0,0.0,15,1
TRAJ-MICRO-V1,12041,237,zero_scale,,,0-1;1-2;2-3,0-1;1-2;2-3,0-1;1-2;2-3,2-3|1-2|0-1|NULL,2-3|1-2|0-1|NULL,3,4,4,2,8,32,1,1,1,0,0.0,15,1
TRAJ-MICRO-V1,12041,238,configured_scale,,,0-4;1-3;2-2,0-4;1-3;2-2,0-4;1-3;2-2,1-3|2-2|0-4|NULL,1-3|2-2|0-4|NULL,3,4,4,2,8,32,1,1,1,0,0.0,15,1
TRAJ-MICRO-V1,12041,238,zero_scale,,,0-1;1-3;2-2,0-1;1-3;2-2,0-1;1-3;2-2,1-3|0-1|2-2|NULL,1-3|0-1|2-2|NULL,3,4,4,2,8,32,1,1,1,0,0.0,15,1
TRAJ-MICRO-V1,12041,239,configured_scale,,,0-3;1-2;2-4,0-3;1-2;2-4,0-3;1-2;2-4,1-2|2-4|0-3|NULL,1-2|2-4|0-3|NULL,3,4,4,2,8,32,1,1,1,0,0.0,15,1
TRAJ-MICRO-V1,12041,239,zero_scale,,,0-3;1-2;2-4,0-3;1-2;2-4,0-3;1-2;2-4,1-2|0-3|2-4|NULL,1-2|0-3|2-4|NULL,3,4,4,2,8,32,1,1,1,0,0.0,15,1
TRAJ-MICRO-V1,12041,240,configured_scale,,,0-1;1-2;2-3,0-1;1-2;2-3,0-1;1-2;2-3,1-2|2-3|0-1|NULL,1-2|2-3|0-1|NULL,3,4,4,2,8,32,1,1,1,0,0.0,15,1
TRAJ-MICRO-V1,12041,240,zero_scale,,,0-2;1-1;2-3,0-2;1-1;2-3,0-2;1-1;2-3,0-2|2-3|1-1|NULL,0-2|2-3|1-1|NULL,3,4,4,2,8,32,1,1,1,0,0.0,15,1
TRAJ-MICRO-V1,12043,1,exploration_public_assignment,3,4,0-0;1-2;2-1,0-0;1-2;2-1,0-0;1-2;2-1,PUBLIC:0-0;1-2;2-1,PUBLIC:0-0;1-2;2-1,3,0,0,0,0,0,1,1,1,0,0.0,15,1
TRAJ-MICRO-V1,12043,2,exploration_public_assignment,10,11,0-0;1-4;2-2,0-0;1-4;2-2,0-0;1-4;2-2,PUBLIC:0-0;1-4;2-2,PUBLIC:0-0;1-4;2-2,3,0,0,0,0,0,1,1,1,0,0.0,15,1
TRAJ-MICRO-V1,12043,3,exploration_public_assignment,17,18,0-1;1-2;2-4,0-1;1-2;2-4,0-1;1-2;2-4,PUBLIC:0-1;1-2;2-4,PUBLIC:0-1;1-2;2-4,3,0,0,0,0,0,1,1,1,0,0.0,15,1
TRAJ-MICRO-V1,12043,4,exploration_public_assignment,24,25,0-2;1-0;2-1,0-2;1-0;2-1,0-2;1-0;2-1,PUBLIC:0-2;1-0;2-1,PUBLIC:0-2;1-0;2-1,3,0,0,0,0,0,1,1,1,0,0.0,15,1
TRAJ-MICRO-V1,12043,5,exploration_public_assignment,31,32,0-2;1-3;2-1,0-2;1-3;2-1,0-2;1-3;2-1,PUBLIC:0-2;1-3;2-1,PUBLIC:0-2;1-3;2-1,3,0,0,0,0,0,1,1,1,0,0.0,15,1
TRAJ-MICRO-V1,12043,6,exploration_public_assignment,38,39,0-3;1-0;2-4,0-3;1-0;2-4,0-3;1-0;2-4,PUBLIC:0-3;1-0;2-4,PUBLIC:0-3;1-0;2-4,3,0,0,0,0,0,1,1,1,0,0.0,15,1
TRAJ-MICRO-V1,12043,7,exploration_public_assignment,45,46,0-3;1-4;2-0,0-3;1-4;2-0,0-3;1-4;2-0,PUBLIC:0-3;1-4;2-0,PUBLIC:0-3;1-4;2-0,3,0,0,0,0,0,1,1,1,0,0.0,15,1
TRAJ-MICRO-V1,12043,8,exploration_public_assignment,52,53,0-4;1-1;2-2,0-4;1-1;2-2,0-4;1-1;2-2,PUBLIC:0-4;1-1;2-2,PUBLIC:0-4;1-1;2-2,3,0,0,0,0,0,1,1,1,0,0.0,15,1
TRAJ-MICRO-V1,12043,9,exploration_public_assignment,59,60,0-4;1-3;2-2,0-4;1-3;2-2,0-4;1-3;2-2,PUBLIC:0-4;1-3;2-2,PUBLIC:0-4;1-3;2-2,3,0,0,0,0,0,1,1,1,0,0.0,15,1
TRAJ-MICRO-V1,12043,10,exploration_public_assignment,6,7,0-0;1-3;2-1,0-0;1-3;2-1,0-0;1-3;2-1,PUBLIC:0-0;1-3;2-1,PUBLIC:0-0;1-3;2-1,3,0,0,0,0,0,1,1,1,0,0.0,15,1
TRAJ-MICRO-V1,12043,11,exploration_public_assignment,13,14,0-1;1-0;2-3,0-1;1-0;2-3,0-1;1-0;2-3,PUBLIC:0-1;1-0;2-3,PUBLIC:0-1;1-0;2-3,3,0,0,0,0,0,1,1,1,0,0.0,15,1
TRAJ-MICRO-V1,12043,12,exploration_public_assignment,20,21,0-1;1-3;2-4,0-1;1-3;2-4,0-1;1-3;2-4,PUBLIC:0-1;1-3;2-4,PUBLIC:0-1;1-3;2-4,3,0,0,0,0,0,1,1,1,0,0.0,15,1
TRAJ-MICRO-V1,12043,13,exploration_public_assignment,27,28,0-2;1-1;2-0,0-2;1-1;2-0,0-2;1-1;2-0,PUBLIC:0-2;1-1;2-0,PUBLIC:0-2;1-1;2-0,3,0,0,0,0,0,1,1,1,0,0.0,15,1
TRAJ-MICRO-V1,12043,14,exploration_public_assignment,34,35,0-2;1-4;2-1,0-2;1-4;2-1,0-2;1-4;2-1,PUBLIC:0-2;1-4;2-1,PUBLIC:0-2;1-4;2-1,3,0,0,0,0,0,1,1,1,0,0.0,15,1
TRAJ-MICRO-V1,12043,15,exploration_public_assignment,41,42,0-3;1-1;2-4,0-3;1-1;2-4,0-3;1-1;2-4,PUBLIC:0-3;1-1;2-4,PUBLIC:0-3;1-1;2-4,3,0,0,0,0,0,1,1,1,0,0.0,15,1
TRAJ-MICRO-V1,12043,16,exploration_public_assignment,48,49,0-4;1-0;2-1,0-4;1-0;2-1,0-4;1-0;2-1,PUBLIC:0-4;1-0;2-1,PUBLIC:0-4;1-0;2-1,3,0,0,0,0,0,1,1,1,0,0.0,15,1
TRAJ-MICRO-V1,12043,17,exploration_public_assignment,55,56,0-4;1-2;2-1,0-4;1-2;2-1,0-4;1-2;2-1,PUBLIC:0-4;1-2;2-1,PUBLIC:0-4;1-2;2-1,3,0,0,0,0,0,1,1,1,0,0.0,15,1
TRAJ-MICRO-V1,12043,18,exploration_public_assignment,2,3,0-0;1-1;2-4,0-0;1-1;2-4,0-0;1-1;2-4,PUBLIC:0-0;1-1;2-4,PUBLIC:0-0;1-1;2-4,3,0,0,0,0,0,1,1,1,0,0.0,15,1
TRAJ-MICRO-V1,12043,19,configured_scale,,,0-1;1-3;2-2,0-1;1-3;2-2,0-1;1-3;2-2,0-1|2-2|1-3|NULL,0-1|2-2|1-3|NULL,3,4,4,2,8,32,1,1,1,0,0.0,15,1
TRAJ-MICRO-V1,12043,19,zero_scale,,,0-1;1-3;2-2,0-1;1-3;2-2,0-1;1-3;2-2,0-1|1-3|2-2|NULL,0-1|1-3|2-2|NULL,3,4,4,2,8,32,1,1,1,0,0.0,15,1
TRAJ-MICRO-V1,12043,20,configured_scale,,,0-0;1-2;2-4,0-0;1-2;2-4,0-0;1-2;2-4,1-2|2-4|0-0|NULL,1-2|2-4|0-0|NULL,3,4,4,2,8,32,1,1,1,0,0.0,15,1
TRAJ-MICRO-V1,12043,20,zero_scale,,,0-0;1-2;2-1,0-0;1-2;2-1,0-0;1-2;2-1,1-2|0-0|2-1|NULL,1-2|0-0|2-1|NULL,3,4,4,2,8,32,1,1,1,0,0.0,15,1
TRAJ-MICRO-V1,12043,21,configured_scale,,,0-2;1-1;2-0,0-2;1-1;2-0,0-2;1-1;2-0,1-1|2-0|0-2|NULL,1-1|2-0|0-2|NULL,3,4,4,2,8,32,1,1,1,0,0.0,15,1
TRAJ-MICRO-V1,12043,21,zero_scale,,,0-2;1-1;2-3,0-2;1-1;2-3,0-2;1-1;2-3,1-1|0-2|2-3|NULL,1-1|0-2|2-3|NULL,3,4,4,2,8,32,1,1,1,0,0.0,15,1
TRAJ-MICRO-V1,12043,22,configured_scale,,,0-4;1-3;2-2,0-4;1-3;2-2,0-4;1-3;2-2,0-4|1-3|2-2|NULL,0-4|1-3|2-2|NULL,3,4,4,2,8,32,1,1,1,0,0.0,15,1
TRAJ-MICRO-V1,12043,22,zero_scale,,,0-1;1-3;2-2,0-1;1-3;2-2,0-1;1-3;2-2,0-1|1-3|2-2|NULL,0-1|1-3|2-2|NULL,3,4,4,2,8,32,1,1,1,0,0.0,15,1
TRAJ-MICRO-V1,12043,23,configured_scale,,,0-3;1-2;2-4,0-3;1-2;2-4,0-3;1-2;2-4,2-4|0-3|1-2|NULL,2-4|0-3|1-2|NULL,3,4,4,2,8,32,1,1,1,0,0.0,15,1
TRAJ-MICRO-V1,12043,23,zero_scale,,,0-0;1-2;2-4,0-0;1-2;2-4,0-0;1-2;2-4,0-0|1-2|2-4|NULL,0-0|1-2|2-4|NULL,3,4,4,2,8,32,1,1,1,0,0.0,15,1
TRAJ-MICRO-V1,12043,24,configured_scale,,,0-0;1-1;2-3,0-0;1-1;2-3,0-0;1-1;2-3,0-0|2-3|1-1|NULL,0-0|2-3|1-1|NULL,3,4,4,2,8,32,1,1,1,0,0.0,15,1
TRAJ-MICRO-V1,12043,24,zero_scale,,,0-0;1-1;2-3,0-0;1-1;2-3,0-0;1-1;2-3,0-0|1-1|2-3|NULL,0-0|1-1|2-3|NULL,3,4,4,2,8,32,1,1,1,0,0.0,15,1
TRAJ-MICRO-V1,12043,25,configured_scale,,,0-1;1-3;2-4,0-1;1-3;2-4,0-1;1-3;2-4,0-1|1-3|2-4|NULL,0-1|1-3|2-4|NULL,3,4,4,2,8,32,1,1,1,0,0.0,15,1
TRAJ-MICRO-V1,12043,25,zero_scale,,,0-1;1-0;2-4,0-1;1-0;2-4,0-1;1-0;2-4,0-1|1-0|2-4|NULL,0-1|1-0|2-4|NULL,3,4,4,2,8,32,1,1,1,0,0.0,15,1
TRAJ-MICRO-V1,12043,26,configured_scale,,,0-0;1-2;2-4,0-0;1-2;2-4,0-0;1-2;2-4,2-4|1-2|0-0|NULL,2-4|1-2|0-0|NULL,3,4,4,2,8,32,1,1,1,0,0.0,15,1
TRAJ-MICRO-V1,12043,26,zero_scale,,,0-0;1-2;2-4,0-0;1-2;2-4,0-0;1-2;2-4,0-0|1-2|2-4|NULL,0-0|1-2|2-4|NULL,3,4,4,2,8,32,1,1,1,0,0.0,15,1
TRAJ-MICRO-V1,12043,27,configured_scale,,,0-2;1-1;2-0,0-2;1-1;2-0,0-2;1-1;2-0,2-0|1-1|0-2|NULL,2-0|1-1|0-2|NULL,3,4,4,2,8,32,1,1,1,0,0.0,15,1
TRAJ-MICRO-V1,12043,27,zero_scale,,,0-0;1-1;2-4,0-0;1-1;2-4,0-0;1-1;2-4,0-0|1-1|2-4|NULL,0-0|1-1|2-4|NULL,3,4,4,2,8,32,1,1,1,0,0.0,15,1
TRAJ-MICRO-V1,12043,28,configured_scale,,,0-1;1-0;2-4,0-1;1-0;2-4,0-1;1-0;2-4,2-4|0-1|1-0|NULL,2-4|0-1|1-0|NULL,3,4,4,2,8,32,1,1,1,0,0.0,15,1
TRAJ-MICRO-V1,12043,28,zero_scale,,,0-1;1-0;2-4,0-1;1-0;2-4,0-1;1-0;2-4,2-4|0-1|1-0|NULL,2-4|0-1|1-0|NULL,3,4,4,2,8,32,1,1,1,0,0.0,15,1
TRAJ-MICRO-V1,12043,29,configured_scale,,,0-0;1-2;2-4,0-0;1-2;2-4,0-0;1-2;2-4,2-4|0-0|1-2|NULL,2-4|0-0|1-2|NULL,3,4,4,2,8,32,1,1,1,0,0.0,15,1
TRAJ-MICRO-V1,12043,29,zero_scale,,,0-0;1-2;2-4,0-0;1-2;2-4,0-0;1-2;2-4,2-4|0-0|1-2|NULL,2-4|0-0|1-2|NULL,3,4,4,2,8,32,1,1,1,0,0.0,15,1
TRAJ-MICRO-V1,12043,30,configured_scale,,,0-0;1-3;2-4,0-0;1-3;2-4,0-0;1-3;2-4,2-4|1-3|0-0|NULL,2-4|1-3|0-0|NULL,3,4,4,2,8,32,1,1,1,0,0.0,15,1
TRAJ-MICRO-V1,12043,30,zero_scale,,,0-0;1-4;2-3,0-0;1-4;2-3,0-0;1-4;2-3,2-3|1-4|0-0|NULL,2-3|1-4|0-0|NULL,3,4,4,2,8,32,1,1,1,0,0.0,15,1
TRAJ-MICRO-V1,12043,31,configured_scale,,,0-4;1-3;2-2,0-4;1-3;2-2,0-4;1-3;2-2,0-4|1-3|2-2|NULL,0-4|1-3|2-2|NULL,3,4,4,2,8,32,1,1,1,0,0.0,15,1
TRAJ-MICRO-V1,12043,31,zero_scale,,,0-4;1-3;2-2,0-4;1-3;2-2,0-4;1-3;2-2,1-3|0-4|2-2|NULL,1-3|0-4|2-2|NULL,3,4,4,2,8,32,1,1,1,0,0.0,15,1
TRAJ-MICRO-V1,12043,32,configured_scale,,,0-3;1-2;2-1,0-3;1-2;2-1,0-3;1-2;2-1,0-3|1-2|2-1|NULL,0-3|1-2|2-1|NULL,3,4,4,2,8,32,1,1,1,0,0.0,15,1
TRAJ-MICRO-V1,12043,32,zero_scale,,,0-0;1-2;2-1,0-0;1-2;2-1,0-0;1-2;2-1,1-2|0-0|2-1|NULL,1-2|0-0|2-1|NULL,3,4,4,2,8,32,1,1,1,0,0.0,15,1
TRAJ-MICRO-V1,12043,33,configured_scale,,,0-4;1-2;2-0,0-4;1-2;2-0,0-4;1-2;2-0,2-0|1-2|0-4|NULL,2-0|1-2|0-4|NULL,3,4,4,2,8,32,1,1,1,0,0.0,15,1
TRAJ-MICRO-V1,12043,33,zero_scale,,,0-2;1-1;2-0,0-2;1-1;2-0,0-2;1-1;2-0,0-2|1-1|2-0|NULL,0-2|1-1|2-0|NULL,3,4,4,2,8,32,1,1,1,0,0.0,15,1
TRAJ-MICRO-V1,12043,34,configured_scale,,,0-4;1-0;2-1,0-4;1-0;2-1,0-4;1-0;2-1,0-4|1-0|2-1|NULL,0-4|1-0|2-1|NULL,3,4,4,2,8,32,1,1,1,0,0.0,15,1
TRAJ-MICRO-V1,12043,34,zero_scale,,,0-4;1-3;2-2,0-4;1-3;2-2,0-4;1-3;2-2,0-4|1-3|2-2|NULL,0-4|1-3|2-2|NULL,3,4,4,2,8,32,1,1,1,0,0.0,15,1
TRAJ-MICRO-V1,12043,35,configured_scale,,,0-3;1-2;2-1,0-3;1-2;2-1,0-3;1-2;2-1,0-3|1-2|2-1|NULL,0-3|1-2|2-1|NULL,3,4,4,2,8,32,1,1,1,0,0.0,15,1
TRAJ-MICRO-V1,12043,35,zero_scale,,,0-0;1-2;2-1,0-0;1-2;2-1,0-0;1-2;2-1,0-0|1-2|2-1|NULL,0-0|1-2|2-1|NULL,3,4,4,2,8,32,1,1,1,0,0.0,15,1
TRAJ-MICRO-V1,12043,36,configured_scale,,,0-4;1-2;2-0,0-4;1-2;2-0,0-4;1-2;2-0,0-4|1-2|2-0|NULL,0-4|1-2|2-0|NULL,3,4,4,2,8,32,1,1,1,0,0.0,15,1
TRAJ-MICRO-V1,12043,36,zero_scale,,,0-2;1-1;2-3,0-2;1-1;2-3,0-2;1-1;2-3,0-2|1-1|2-3|NULL,0-2|1-1|2-3|NULL,3,4,4,2,8,32,1,1,1,0,0.0,15,1
TRAJ-MICRO-V1,12043,37,configured_scale,,,0-1;1-3;2-2,0-1;1-3;2-2,0-1;1-3;2-2,0-1|1-3|2-2|NULL,0-1|1-3|2-2|NULL,3,4,4,2,8,32,1,1,1,0,0.0,15,1
TRAJ-MICRO-V1,12043,37,zero_scale,,,0-1;1-3;2-2,0-1;1-3;2-2,0-1;1-3;2-2,0-1|1-3|2-2|NULL,0-1|1-3|2-2|NULL,3,4,4,2,8,32,1,1,1,0,0.0,15,1
TRAJ-MICRO-V1,12043,38,configured_scale,,,0-0;1-2;2-4,0-0;1-2;2-4,0-0;1-2;2-4,0-0|1-2|2-4|NULL,0-0|1-2|2-4|NULL,3,4,4,2,8,32,1,1,1,0,0.0,15,1
TRAJ-MICRO-V1,12043,38,zero_scale,,,0-0;1-2;2-4,0-0;1-2;2-4,0-0;1-2;2-4,0-0|1-2|2-4|NULL,0-0|1-2|2-4|NULL,3,4,4,2,8,32,1,1,1,0,0.0,15,1
TRAJ-MICRO-V1,12043,39,configured_scale,,,0-2;1-1;2-4,0-2;1-1;2-4,0-2;1-1;2-4,0-2|2-4|1-1|NULL,0-2|2-4|1-1|NULL,3,4,4,2,8,32,1,1,1,0,0.0,15,1
TRAJ-MICRO-V1,12043,39,zero_scale,,,0-2;1-1;2-3,0-2;1-1;2-3,0-2;1-1;2-3,0-2|2-3|1-1|NULL,0-2|2-3|1-1|NULL,3,4,4,2,8,32,1,1,1,0,0.0,15,1
TRAJ-MICRO-V1,12043,40,configured_scale,,,0-1;1-3;2-4,0-1;1-3;2-4,0-1;1-3;2-4,0-1|1-3|2-4|NULL,0-1|1-3|2-4|NULL,3,4,4,2,8,32,1,1,1,0,0.0,15,1
TRAJ-MICRO-V1,12043,40,zero_scale,,,0-1;1-3;2-4,0-1;1-3;2-4,0-1;1-3;2-4,0-1|1-3|2-4|NULL,0-1|1-3|2-4|NULL,3,4,4,2,8,32,1,1,1,0,0.0,15,1
TRAJ-MICRO-V1,12043,41,configured_scale,,,0-3;1-2;2-4,0-3;1-2;2-4,0-3;1-2;2-4,1-2|0-3|2-4|NULL,1-2|0-3|2-4|NULL,3,4,4,2,8,32,1,1,1,0,0.0,15,1
TRAJ-MICRO-V1,12043,41,zero_scale,,,0-3;1-2;2-4,0-3;1-2;2-4,0-3;1-2;2-4,1-2|0-3|2-4|NULL,1-2|0-3|2-4|NULL,3,4,4,2,8,32,1,1,1,0,0.0,15,1
TRAJ-MICRO-V1,12043,42,configured_scale,,,0-0;1-3;2-4,0-0;1-3;2-4,0-0;1-3;2-4,1-3|0-0|2-4|NULL,1-3|0-0|2-4|NULL,3,4,4,2,8,32,1,1,1,0,0.0,15,1
TRAJ-MICRO-V1,12043,42,zero_scale,,,0-2;1-1;2-3,0-2;1-1;2-3,0-2;1-1;2-3,2-3|1-1|0-2|NULL,2-3|1-1|0-2|NULL,3,4,4,2,8,32,1,1,1,0,0.0,15,1
TRAJ-MICRO-V1,12043,43,configured_scale,,,0-1;1-0;2-2,0-1;1-0;2-2,0-1;1-0;2-2,1-0|2-2|0-1|NULL,1-0|2-2|0-1|NULL,3,4,4,2,8,32,1,1,1,0,0.0,15,1
TRAJ-MICRO-V1,12043,43,zero_scale,,,0-1;1-3;2-4,0-1;1-3;2-4,0-1;1-3;2-4,1-3|0-1|2-4|NULL,1-3|0-1|2-4|NULL,3,4,4,2,8,32,1,1,1,0,0.0,15,1
TRAJ-MICRO-V1,12043,44,configured_scale,,,0-0;1-2;2-4,0-0;1-2;2-4,0-0;1-2;2-4,2-4|0-0|1-2|NULL,2-4|0-0|1-2|NULL,3,4,4,2,8,32,1,1,1,0,0.0,15,1
TRAJ-MICRO-V1,12043,44,zero_scale,,,0-0;1-2;2-4,0-0;1-2;2-4,0-0;1-2;2-4,1-2|2-4|0-0|NULL,1-2|2-4|0-0|NULL,3,4,4,2,8,32,1,1,1,0,0.0,15,1
TRAJ-MICRO-V1,12043,45,configured_scale,,,0-0;1-1;2-4,0-0;1-1;2-4,0-0;1-1;2-4,1-1|2-4|0-0|NULL,1-1|2-4|0-0|NULL,3,4,4,2,8,32,1,1,1,0,0.0,15,1
TRAJ-MICRO-V1,12043,45,zero_scale,,,0-2;1-1;2-4,0-2;1-1;2-4,0-2;1-1;2-4,1-1|2-4|0-2|NULL,1-1|2-4|0-2|NULL,3,4,4,2,8,32,1,1,1,0,0.0,15,1
TRAJ-MICRO-V1,12043,46,configured_scale,,,0-1;1-0;2-4,0-1;1-0;2-4,0-1;1-0;2-4,1-0|2-4|0-1|NULL,1-0|2-4|0-1|NULL,3,4,4,2,8,32,1,1,1,0,0.0,15,1
TRAJ-MICRO-V1,12043,46,zero_scale,,,0-1;1-2;2-4,0-1;1-2;2-4,0-1;1-2;2-4,1-2|2-4|0-1|NULL,1-2|2-4|0-1|NULL,3,4,4,2,8,32,1,1,1,0,0.0,15,1
TRAJ-MICRO-V1,12043,47,configured_scale,,,0-1;1-3;2-4,0-1;1-3;2-4,0-1;1-3;2-4,2-4|1-3|0-1|NULL,2-4|1-3|0-1|NULL,3,4,4,2,8,32,1,1,1,0,0.0,15,1
TRAJ-MICRO-V1,12043,47,zero_scale,,,0-3;1-2;2-4,0-3;1-2;2-4,0-3;1-2;2-4,2-4|1-2|0-3|NULL,2-4|1-2|0-3|NULL,3,4,4,2,8,32,1,1,1,0,0.0,15,1
TRAJ-MICRO-V1,12043,48,configured_scale,,,0-4;1-2;2-0,0-4;1-2;2-0,0-4;1-2;2-0,2-0|1-2|0-4|NULL,2-0|1-2|0-4|NULL,3,4,4,2,8,32,1,1,1,0,0.0,15,1
TRAJ-MICRO-V1,12043,48,zero_scale,,,0-3;1-2;2-4,0-3;1-2;2-4,0-3;1-2;2-4,2-4|1-2|0-3|NULL,2-4|1-2|0-3|NULL,3,4,4,2,8,32,1,1,1,0,0.0,15,1
TRAJ-MICRO-V1,12043,49,configured_scale,,,0-1;1-2;2-4,0-1;1-2;2-4,0-1;1-2;2-4,2-4|1-2|0-1|NULL,2-4|1-2|0-1|NULL,3,4,4,2,8,32,1,1,1,0,0.0,15,1
TRAJ-MICRO-V1,12043,49,zero_scale,,,0-1;1-3;2-4,0-1;1-3;2-4,0-1;1-3;2-4,2-4|1-3|0-1|NULL,2-4|1-3|0-1|NULL,3,4,4,2,8,32,1,1,1,0,0.0,15,1
TRAJ-MICRO-V1,12043,50,configured_scale,,,0-4;1-3;2-1,0-4;1-3;2-1,0-4;1-3;2-1,2-1|1-3|0-4|NULL,2-1|1-3|0-4|NULL,3,4,4,2,8,32,1,1,1,0,0.0,15,1
TRAJ-MICRO-V1,12043,50,zero_scale,,,0-3;1-2;2-4,0-3;1-2;2-4,0-3;1-2;2-4,2-4|1-2|0-3|NULL,2-4|1-2|0-3|NULL,3,4,4,2,8,32,1,1,1,0,0.0,15,1
TRAJ-MICRO-V1,12043,51,configured_scale,,,0-3;1-2;2-0,0-3;1-2;2-0,0-3;1-2;2-0,2-0|1-2|0-3|NULL,2-0|1-2|0-3|NULL,3,4,4,2,8,32,1,1,1,0,0.0,15,1
TRAJ-MICRO-V1,12043,51,zero_scale,,,0-1;1-2;2-3,0-1;1-2;2-3,0-1;1-2;2-3,2-3|1-2|0-1|NULL,2-3|1-2|0-1|NULL,3,4,4,2,8,32,1,1,1,0,0.0,15,1
TRAJ-MICRO-V1,12043,52,configured_scale,,,0-1;1-0;2-2,0-1;1-0;2-2,0-1;1-0;2-2,2-2|1-0|0-1|NULL,2-2|1-0|0-1|NULL,3,4,4,2,8,32,1,1,1,0,0.0,15,1
TRAJ-MICRO-V1,12043,52,zero_scale,,,0-1;1-3;2-2,0-1;1-3;2-2,0-1;1-3;2-2,2-2|1-3|0-1|NULL,2-2|1-3|0-1|NULL,3,4,4,2,8,32,1,1,1,0,0.0,15,1
TRAJ-MICRO-V1,12043,53,configured_scale,,,0-1;1-3;2-4,0-1;1-3;2-4,0-1;1-3;2-4,2-4|0-1|1-3|NULL,2-4|0-1|1-3|NULL,3,4,4,2,8,32,1,1,1,0,0.0,15,1
TRAJ-MICRO-V1,12043,53,zero_scale,,,0-0;1-2;2-4,0-0;1-2;2-4,0-0;1-2;2-4,2-4|1-2|0-0|NULL,2-4|1-2|0-0|NULL,3,4,4,2,8,32,1,1,1,0,0.0,15,1
TRAJ-MICRO-V1,12043,54,configured_scale,,,0-2;1-4;2-3,0-2;1-4;2-3,0-2;1-4;2-3,2-3|0-2|1-4|NULL,2-3|0-2|1-4|NULL,3,4,4,2,8,32,1,1,1,0,0.0,15,1
TRAJ-MICRO-V1,12043,54,zero_scale,,,0-2;1-1;2-3,0-2;1-1;2-3,0-2;1-1;2-3,2-3|0-2|1-1|NULL,2-3|0-2|1-1|NULL,3,4,4,2,8,32,1,1,1,0,0.0,15,1
TRAJ-MICRO-V1,12043,55,configured_scale,,,0-1;1-3;2-2,0-1;1-3;2-2,0-1;1-3;2-2,2-2|1-3|0-1|NULL,2-2|1-3|0-1|NULL,3,4,4,2,8,32,1,1,1,0,0.0,15,1
TRAJ-MICRO-V1,12043,55,zero_scale,,,0-1;1-3;2-2,0-1;1-3;2-2,0-1;1-3;2-2,2-2|1-3|0-1|NULL,2-2|1-3|0-1|NULL,3,4,4,2,8,32,1,1,1,0,0.0,15,1
TRAJ-MICRO-V1,12043,56,configured_scale,,,0-1;1-2;2-4,0-1;1-2;2-4,0-1;1-2;2-4,2-4|1-2|0-1|NULL,2-4|1-2|0-1|NULL,3,4,4,2,8,32,1,1,1,0,0.0,15,1
TRAJ-MICRO-V1,12043,56,zero_scale,,,0-0;1-2;2-4,0-0;1-2;2-4,0-0;1-2;2-4,2-4|1-2|0-0|NULL,2-4|1-2|0-0|NULL,3,4,4,2,8,32,1,1,1,0,0.0,15,1
TRAJ-MICRO-V1,12043,57,configured_scale,,,0-2;1-1;2-4,0-2;1-1;2-4,0-2;1-1;2-4,2-4|1-1|0-2|NULL,2-4|1-1|0-2|NULL,3,4,4,2,8,32,1,1,1,0,0.0,15,1
TRAJ-MICRO-V1,12043,57,zero_scale,,,0-2;1-1;2-4,0-2;1-1;2-4,0-2;1-1;2-4,2-4|1-1|0-2|NULL,2-4|1-1|0-2|NULL,3,4,4,2,8,32,1,1,1,0,0.0,15,1
TRAJ-MICRO-V1,12043,58,configured_scale,,,0-1;1-3;2-4,0-1;1-3;2-4,0-1;1-3;2-4,2-4|0-1|1-3|NULL,2-4|0-1|1-3|NULL,3,4,4,2,8,32,1,1,1,0,0.0,15,1
TRAJ-MICRO-V1,12043,58,zero_scale,,,0-1;1-3;2-4,0-1;1-3;2-4,0-1;1-3;2-4,2-4|0-1|1-3|NULL,2-4|0-1|1-3|NULL,3,4,4,2,8,32,1,1,1,0,0.0,15,1
TRAJ-MICRO-V1,12043,59,configured_scale,,,0-0;1-3;2-4,0-0;1-3;2-4,0-0;1-3;2-4,2-4|1-3|0-0|NULL,2-4|1-3|0-0|NULL,3,4,4,2,8,32,1,1,1,0,0.0,15,1
TRAJ-MICRO-V1,12043,59,zero_scale,,,0-0;1-2;2-4,0-0;1-2;2-4,0-0;1-2;2-4,2-4|1-2|0-0|NULL,2-4|1-2|0-0|NULL,3,4,4,2,8,32,1,1,1,0,0.0,15,1
TRAJ-MICRO-V1,12043,60,configured_scale,,,0-0;1-3;2-4,0-0;1-3;2-4,0-0;1-3;2-4,2-4|1-3|0-0|NULL,2-4|1-3|0-0|NULL,3,4,4,2,8,32,1,1,1,0,0.0,15,1
TRAJ-MICRO-V1,12043,60,zero_scale,,,0-1;1-4;2-3,0-1;1-4;2-3,0-1;1-4;2-3,2-3|1-4|0-1|NULL,2-3|1-4|0-1|NULL,3,4,4,2,8,32,1,1,1,0,0.0,15,1
TRAJ-MICRO-V1,12043,61,configured_scale,,,0-0;1-3;2-4,0-0;1-3;2-4,0-0;1-3;2-4,1-3|2-4|0-0|NULL,1-3|2-4|0-0|NULL,3,4,4,2,8,32,1,1,1,0,0.0,15,1
TRAJ-MICRO-V1,12043,61,zero_scale,,,0-1;1-3;2-4,0-1;1-3;2-4,0-1;1-3;2-4,1-3|2-4|0-1|NULL,1-3|2-4|0-1|NULL,3,4,4,2,8,32,1,1,1,0,0.0,15,1
TRAJ-MICRO-V1,12043,62,configured_scale,,,0-0;1-2;2-4,0-0;1-2;2-4,0-0;1-2;2-4,2-4|1-2|0-0|NULL,2-4|1-2|0-0|NULL,3,4,4,2,8,32,1,1,1,0,0.0,15,1
TRAJ-MICRO-V1,12043,62,zero_scale,,,0-0;1-2;2-4,0-0;1-2;2-4,0-0;1-2;2-4,1-2|2-4|0-0|NULL,1-2|2-4|0-0|NULL,3,4,4,2,8,32,1,1,1,0,0.0,15,1
TRAJ-MICRO-V1,12043,63,configured_scale,,,0-2;1-4;2-0,0-2;1-4;2-0,0-2;1-4;2-0,1-4|2-0|0-2|NULL,1-4|2-0|0-2|NULL,3,4,4,2,8,32,1,1,1,0,0.0,15,1
TRAJ-MICRO-V1,12043,63,zero_scale,,,0-2;1-1;2-0,0-2;1-1;2-0,0-2;1-1;2-0,1-1|2-0|0-2|NULL,1-1|2-0|0-2|NULL,3,4,4,2,8,32,1,1,1,0,0.0,15,1
TRAJ-MICRO-V1,12043,64,configured_scale,,,0-0;1-3;2-4,0-0;1-3;2-4,0-0;1-3;2-4,1-3|2-4|0-0|NULL,1-3|2-4|0-0|NULL,3,4,4,2,8,32,1,1,1,0,0.0,15,1
TRAJ-MICRO-V1,12043,64,zero_scale,,,0-1;1-3;2-2,0-1;1-3;2-2,0-1;1-3;2-2,1-3|0-1|2-2|NULL,1-3|0-1|2-2|NULL,3,4,4,2,8,32,1,1,1,0,0.0,15,1
TRAJ-MICRO-V1,12043,65,configured_scale,,,0-0;1-2;2-4,0-0;1-2;2-4,0-0;1-2;2-4,1-2|2-4|0-0|NULL,1-2|2-4|0-0|NULL,3,4,4,2,8,32,1,1,1,0,0.0,15,1
TRAJ-MICRO-V1,12043,65,zero_scale,,,0-0;1-2;2-4,0-0;1-2;2-4,0-0;1-2;2-4,1-2|0-0|2-4|NULL,1-2|0-0|2-4|NULL,3,4,4,2,8,32,1,1,1,0,0.0,15,1
TRAJ-MICRO-V1,12043,66,configured_scale,,,0-2;1-4;2-0,0-2;1-4;2-0,0-2;1-4;2-0,1-4|2-0|0-2|NULL,1-4|2-0|0-2|NULL,3,4,4,2,8,32,1,1,1,0,0.0,15,1
TRAJ-MICRO-V1,12043,66,zero_scale,,,0-0;1-4;2-3,0-0;1-4;2-3,0-0;1-4;2-3,1-4|2-3|0-0|NULL,1-4|2-3|0-0|NULL,3,4,4,2,8,32,1,1,1,0,0.0,15,1
TRAJ-MICRO-V1,12043,67,configured_scale,,,0-0;1-3;2-4,0-0;1-3;2-4,0-0;1-3;2-4,1-3|2-4|0-0|NULL,1-3|2-4|0-0|NULL,3,4,4,2,8,32,1,1,1,0,0.0,15,1
TRAJ-MICRO-V1,12043,67,zero_scale,,,0-1;1-3;2-4,0-1;1-3;2-4,0-1;1-3;2-4,1-3|0-1|2-4|NULL,1-3|0-1|2-4|NULL,3,4,4,2,8,32,1,1,1,0,0.0,15,1
TRAJ-MICRO-V1,12043,68,configured_scale,,,0-0;1-2;2-4,0-0;1-2;2-4,0-0;1-2;2-4,0-0|2-4|1-2|NULL,0-0|2-4|1-2|NULL,3,4,4,2,8,32,1,1,1,0,0.0,15,1
TRAJ-MICRO-V1,12043,68,zero_scale,,,0-0;1-2;2-4,0-0;1-2;2-4,0-0;1-2;2-4,0-0|2-4|1-2|NULL,0-0|2-4|1-2|NULL,3,4,4,2,8,32,1,1,1,0,0.0,15,1
TRAJ-MICRO-V1,12043,69,configured_scale,,,0-0;1-1;2-4,0-0;1-1;2-4,0-0;1-1;2-4,0-0|2-4|1-1|NULL,0-0|2-4|1-1|NULL,3,4,4,2,8,32,1,1,1,0,0.0,15,1
TRAJ-MICRO-V1,12043,69,zero_scale,,,0-0;1-1;2-4,0-0;1-1;2-4,0-0;1-1;2-4,0-0|1-1|2-4|NULL,0-0|1-1|2-4|NULL,3,4,4,2,8,32,1,1,1,0,0.0,15,1
TRAJ-MICRO-V1,12043,70,configured_scale,,,0-1;1-0;2-4,0-1;1-0;2-4,0-1;1-0;2-4,0-1|1-0|2-4|NULL,0-1|1-0|2-4|NULL,3,4,4,2,8,32,1,1,1,0,0.0,15,1
TRAJ-MICRO-V1,12043,70,zero_scale,,,0-1;1-0;2-4,0-1;1-0;2-4,0-1;1-0;2-4,0-1|1-0|2-4|NULL,0-1|1-0|2-4|NULL,3,4,4,2,8,32,1,1,1,0,0.0,15,1
TRAJ-MICRO-V1,12043,71,configured_scale,,,0-0;1-2;2-4,0-0;1-2;2-4,0-0;1-2;2-4,0-0|1-2|2-4|NULL,0-0|1-2|2-4|NULL,3,4,4,2,8,32,1,1,1,0,0.0,15,1
TRAJ-MICRO-V1,12043,71,zero_scale,,,0-0;1-2;2-4,0-0;1-2;2-4,0-0;1-2;2-4,0-0|1-2|2-4|NULL,0-0|1-2|2-4|NULL,3,4,4,2,8,32,1,1,1,0,0.0,15,1
TRAJ-MICRO-V1,12043,72,configured_scale,,,0-0;1-1;2-3,0-0;1-1;2-3,0-0;1-1;2-3,0-0|1-1|2-3|NULL,0-0|1-1|2-3|NULL,3,4,4,2,8,32,1,1,1,0,0.0,15,1
TRAJ-MICRO-V1,12043,72,zero_scale,,,0-0;1-1;2-3,0-0;1-1;2-3,0-0;1-1;2-3,0-0|1-1|2-3|NULL,0-0|1-1|2-3|NULL,3,4,4,2,8,32,1,1,1,0,0.0,15,1
TRAJ-MICRO-V1,12043,73,configured_scale,,,0-1;1-0;2-2,0-1;1-0;2-2,0-1;1-0;2-2,0-1|1-0|2-2|NULL,0-1|1-0|2-2|NULL,3,4,4,2,8,32,1,1,1,0,0.0,15,1
TRAJ-MICRO-V1,12043,73,zero_scale,,,0-1;1-0;2-2,0-1;1-0;2-2,0-1;1-0;2-2,0-1|1-0|2-2|NULL,0-1|1-0|2-2|NULL,3,4,4,2,8,32,1,1,1,0,0.0,15,1
TRAJ-MICRO-V1,12043,74,configured_scale,,,0-1;1-2;2-4,0-1;1-2;2-4,0-1;1-2;2-4,0-1|1-2|2-4|NULL,0-1|1-2|2-4|NULL,3,4,4,2,8,32,1,1,1,0,0.0,15,1
TRAJ-MICRO-V1,12043,74,zero_scale,,,0-1;1-2;2-4,0-1;1-2;2-4,0-1;1-2;2-4,0-1|1-2|2-4|NULL,0-1|1-2|2-4|NULL,3,4,4,2,8,32,1,1,1,0,0.0,15,1
TRAJ-MICRO-V1,12043,75,configured_scale,,,0-1;1-2;2-0,0-1;1-2;2-0,0-1;1-2;2-0,1-2|0-1|2-0|NULL,1-2|0-1|2-0|NULL,3,4,4,2,8,32,1,1,1,0,0.0,15,1
TRAJ-MICRO-V1,12043,75,zero_scale,,,0-2;1-1;2-3,0-2;1-1;2-3,0-2;1-1;2-3,0-2|1-1|2-3|NULL,0-2|1-1|2-3|NULL,3,4,4,2,8,32,1,1,1,0,0.0,15,1
TRAJ-MICRO-V1,12043,76,configured_scale,,,0-1;1-2;2-3,0-1;1-2;2-3,0-1;1-2;2-3,1-2|0-1|2-3|NULL,1-2|0-1|2-3|NULL,3,4,4,2,8,32,1,1,1,0,0.0,15,1
TRAJ-MICRO-V1,12043,76,zero_scale,,,0-1;1-2;2-4,0-1;1-2;2-4,0-1;1-2;2-4,1-2|0-1|2-4|NULL,1-2|0-1|2-4|NULL,3,4,4,2,8,32,1,1,1,0,0.0,15,1
TRAJ-MICRO-V1,12043,77,configured_scale,,,0-3;1-2;2-1,0-3;1-2;2-1,0-3;1-2;2-1,1-2|2-1|0-3|NULL,1-2|2-1|0-3|NULL,3,4,4,2,8,32,1,1,1,0,0.0,15,1
TRAJ-MICRO-V1,12043,77,zero_scale,,,0-3;1-2;2-1,0-3;1-2;2-1,0-3;1-2;2-1,1-2|0-3|2-1|NULL,1-2|0-3|2-1|NULL,3,4,4,2,8,32,1,1,1,0,0.0,15,1
TRAJ-MICRO-V1,12043,78,configured_scale,,,0-1;1-2;2-3,0-1;1-2;2-3,0-1;1-2;2-3,2-3|1-2|0-1|NULL,2-3|1-2|0-1|NULL,3,4,4,2,8,32,1,1,1,0,0.0,15,1
TRAJ-MICRO-V1,12043,78,zero_scale,,,0-1;1-2;2-3,0-1;1-2;2-3,0-1;1-2;2-3,2-3|1-2|0-1|NULL,2-3|1-2|0-1|NULL,3,4,4,2,8,32,1,1,1,0,0.0,15,1
TRAJ-MICRO-V1,12043,79,configured_scale,,,0-4;1-2;2-3,0-4;1-2;2-3,0-4;1-2;2-3,2-3|1-2|0-4|NULL,2-3|1-2|0-4|NULL,3,4,4,2,8,32,1,1,1,0,0.0,15,1
TRAJ-MICRO-V1,12043,79,zero_scale,,,0-1;1-3;2-2,0-1;1-3;2-2,0-1;1-3;2-2,1-3|2-2|0-1|NULL,1-3|2-2|0-1|NULL,3,4,4,2,8,32,1,1,1,0,0.0,15,1
TRAJ-MICRO-V1,12043,80,configured_scale,,,0-3;1-2;2-4,0-3;1-2;2-4,0-3;1-2;2-4,2-4|1-2|0-3|NULL,2-4|1-2|0-3|NULL,3,4,4,2,8,32,1,1,1,0,0.0,15,1
TRAJ-MICRO-V1,12043,80,zero_scale,,,0-3;1-2;2-4,0-3;1-2;2-4,0-3;1-2;2-4,1-2|2-4|0-3|NULL,1-2|2-4|0-3|NULL,3,4,4,2,8,32,1,1,1,0,0.0,15,1
TRAJ-MICRO-V1,12043,81,configured_scale,,,0-1;1-2;2-3,0-1;1-2;2-3,0-1;1-2;2-3,2-3|1-2|0-1|NULL,2-3|1-2|0-1|NULL,3,4,4,2,8,32,1,1,1,0,0.0,15,1
TRAJ-MICRO-V1,12043,81,zero_scale,,,0-1;1-2;2-3,0-1;1-2;2-3,0-1;1-2;2-3,2-3|0-1|1-2|NULL,2-3|0-1|1-2|NULL,3,4,4,2,8,32,1,1,1,0,0.0,15,1
TRAJ-MICRO-V1,12043,82,configured_scale,,,0-1;1-3;2-4,0-1;1-3;2-4,0-1;1-3;2-4,2-4|0-1|1-3|NULL,2-4|0-1|1-3|NULL,3,4,4,2,8,32,1,1,1,0,0.0,15,1
TRAJ-MICRO-V1,12043,82,zero_scale,,,0-1;1-3;2-4,0-1;1-3;2-4,0-1;1-3;2-4,0-1|2-4|1-3|NULL,0-1|2-4|1-3|NULL,3,4,4,2,8,32,1,1,1,0,0.0,15,1
TRAJ-MICRO-V1,12043,83,configured_scale,,,0-0;1-3;2-4,0-0;1-3;2-4,0-0;1-3;2-4,2-4|0-0|1-3|NULL,2-4|0-0|1-3|NULL,3,4,4,2,8,32,1,1,1,0,0.0,15,1
TRAJ-MICRO-V1,12043,83,zero_scale,,,0-0;1-2;2-4,0-0;1-2;2-4,0-0;1-2;2-4,2-4|0-0|1-2|NULL,2-4|0-0|1-2|NULL,3,4,4,2,8,32,1,1,1,0,0.0,15,1
TRAJ-MICRO-V1,12043,84,configured_scale,,,0-0;1-3;2-4,0-0;1-3;2-4,0-0;1-3;2-4,2-4|1-3|0-0|NULL,2-4|1-3|0-0|NULL,3,4,4,2,8,32,1,1,1,0,0.0,15,1
TRAJ-MICRO-V1,12043,84,zero_scale,,,0-2;1-3;2-4,0-2;1-3;2-4,0-2;1-3;2-4,2-4|0-2|1-3|NULL,2-4|0-2|1-3|NULL,3,4,4,2,8,32,1,1,1,0,0.0,15,1
TRAJ-MICRO-V1,12043,85,configured_scale,,,0-1;1-3;2-4,0-1;1-3;2-4,0-1;1-3;2-4,2-4|1-3|0-1|NULL,2-4|1-3|0-1|NULL,3,4,4,2,8,32,1,1,1,0,0.0,15,1
TRAJ-MICRO-V1,12043,85,zero_scale,,,0-1;1-3;2-4,0-1;1-3;2-4,0-1;1-3;2-4,2-4|1-3|0-1|NULL,2-4|1-3|0-1|NULL,3,4,4,2,8,32,1,1,1,0,0.0,15,1
TRAJ-MICRO-V1,12043,86,configured_scale,,,0-3;1-2;2-4,0-3;1-2;2-4,0-3;1-2;2-4,2-4|0-3|1-2|NULL,2-4|0-3|1-2|NULL,3,4,4,2,8,32,1,1,1,0,0.0,15,1
TRAJ-MICRO-V1,12043,86,zero_scale,,,0-3;1-2;2-4,0-3;1-2;2-4,0-3;1-2;2-4,2-4|0-3|1-2|NULL,2-4|0-3|1-2|NULL,3,4,4,2,8,32,1,1,1,0,0.0,15,1
TRAJ-MICRO-V1,12043,87,configured_scale,,,0-2;1-3;2-4,0-2;1-3;2-4,0-2;1-3;2-4,2-4|0-2|1-3|NULL,2-4|0-2|1-3|NULL,3,4,4,2,8,32,1,1,1,0,0.0,15,1
TRAJ-MICRO-V1,12043,87,zero_scale,,,0-2;1-3;2-4,0-2;1-3;2-4,0-2;1-3;2-4,2-4|1-3|0-2|NULL,2-4|1-3|0-2|NULL,3,4,4,2,8,32,1,1,1,0,0.0,15,1
TRAJ-MICRO-V1,12043,88,configured_scale,,,0-1;1-3;2-4,0-1;1-3;2-4,0-1;1-3;2-4,2-4|1-3|0-1|NULL,2-4|1-3|0-1|NULL,3,4,4,2,8,32,1,1,1,0,0.0,15,1
TRAJ-MICRO-V1,12043,88,zero_scale,,,0-1;1-3;2-4,0-1;1-3;2-4,0-1;1-3;2-4,2-4|1-3|0-1|NULL,2-4|1-3|0-1|NULL,3,4,4,2,8,32,1,1,1,0,0.0,15,1
TRAJ-MICRO-V1,12043,89,configured_scale,,,0-0;1-3;2-4,0-0;1-3;2-4,0-0;1-3;2-4,1-3|2-4|0-0|NULL,1-3|2-4|0-0|NULL,3,4,4,2,8,32,1,1,1,0,0.0,15,1
TRAJ-MICRO-V1,12043,89,zero_scale,,,0-0;1-3;2-4,0-0;1-3;2-4,0-0;1-3;2-4,1-3|2-4|0-0|NULL,1-3|2-4|0-0|NULL,3,4,4,2,8,32,1,1,1,0,0.0,15,1
TRAJ-MICRO-V1,12043,90,configured_scale,,,0-3;1-2;2-4,0-3;1-2;2-4,0-3;1-2;2-4,0-3|1-2|2-4|NULL,0-3|1-2|2-4|NULL,3,4,4,2,8,32,1,1,1,0,0.0,15,1
TRAJ-MICRO-V1,12043,90,zero_scale,,,0-2;1-3;2-4,0-2;1-3;2-4,0-2;1-3;2-4,0-2|1-3|2-4|NULL,0-2|1-3|2-4|NULL,3,4,4,2,8,32,1,1,1,0,0.0,15,1
TRAJ-MICRO-V1,12043,91,configured_scale,,,0-4;1-3;2-2,0-4;1-3;2-2,0-4;1-3;2-2,0-4|1-3|2-2|NULL,0-4|1-3|2-2|NULL,3,4,4,2,8,32,1,1,1,0,0.0,15,1
TRAJ-MICRO-V1,12043,91,zero_scale,,,0-1;1-3;2-2,0-1;1-3;2-2,0-1;1-3;2-2,0-1|1-3|2-2|NULL,0-1|1-3|2-2|NULL,3,4,4,2,8,32,1,1,1,0,0.0,15,1
TRAJ-MICRO-V1,12043,92,configured_scale,,,0-3;1-2;2-1,0-3;1-2;2-1,0-3;1-2;2-1,1-2|0-3|2-1|NULL,1-2|0-3|2-1|NULL,3,4,4,2,8,32,1,1,1,0,0.0,15,1
TRAJ-MICRO-V1,12043,92,zero_scale,,,0-3;1-2;2-1,0-3;1-2;2-1,0-3;1-2;2-1,1-2|0-3|2-1|NULL,1-2|0-3|2-1|NULL,3,4,4,2,8,32,1,1,1,0,0.0,15,1
TRAJ-MICRO-V1,12043,93,configured_scale,,,0-1;1-2;2-3,0-1;1-2;2-3,0-1;1-2;2-3,1-2|0-1|2-3|NULL,1-2|0-1|2-3|NULL,3,4,4,2,8,32,1,1,1,0,0.0,15,1
TRAJ-MICRO-V1,12043,93,zero_scale,,,0-1;1-2;2-3,0-1;1-2;2-3,0-1;1-2;2-3,1-2|0-1|2-3|NULL,1-2|0-1|2-3|NULL,3,4,4,2,8,32,1,1,1,0,0.0,15,1
TRAJ-MICRO-V1,12043,94,configured_scale,,,0-1;1-3;2-2,0-1;1-3;2-2,0-1;1-3;2-2,1-3|0-1|2-2|NULL,1-3|0-1|2-2|NULL,3,4,4,2,8,32,1,1,1,0,0.0,15,1
TRAJ-MICRO-V1,12043,94,zero_scale,,,0-1;1-3;2-2,0-1;1-3;2-2,0-1;1-3;2-2,1-3|0-1|2-2|NULL,1-3|0-1|2-2|NULL,3,4,4,2,8,32,1,1,1,0,0.0,15,1
TRAJ-MICRO-V1,12043,95,configured_scale,,,0-1;1-2;2-4,0-1;1-2;2-4,0-1;1-2;2-4,1-2|2-4|0-1|NULL,1-2|2-4|0-1|NULL,3,4,4,2,8,32,1,1,1,0,0.0,15,1
TRAJ-MICRO-V1,12043,95,zero_scale,,,0-1;1-2;2-4,0-1;1-2;2-4,0-1;1-2;2-4,1-2|2-4|0-1|NULL,1-2|2-4|0-1|NULL,3,4,4,2,8,32,1,1,1,0,0.0,15,1
TRAJ-MICRO-V1,12043,96,configured_scale,,,0-1;1-4;2-3,0-1;1-4;2-3,0-1;1-4;2-3,1-4|2-3|0-1|NULL,1-4|2-3|0-1|NULL,3,4,4,2,8,32,1,1,1,0,0.0,15,1
TRAJ-MICRO-V1,12043,96,zero_scale,,,0-1;1-4;2-3,0-1;1-4;2-3,0-1;1-4;2-3,1-4|2-3|0-1|NULL,1-4|2-3|0-1|NULL,3,4,4,2,8,32,1,1,1,0,0.0,15,1
TRAJ-MICRO-V1,12043,97,configured_scale,,,0-1;1-0;2-4,0-1;1-0;2-4,0-1;1-0;2-4,1-0|2-4|0-1|NULL,1-0|2-4|0-1|NULL,3,4,4,2,8,32,1,1,1,0,0.0,15,1
TRAJ-MICRO-V1,12043,97,zero_scale,,,0-1;1-3;2-4,0-1;1-3;2-4,0-1;1-3;2-4,1-3|2-4|0-1|NULL,1-3|2-4|0-1|NULL,3,4,4,2,8,32,1,1,1,0,0.0,15,1
TRAJ-MICRO-V1,12043,98,configured_scale,,,0-0;1-2;2-4,0-0;1-2;2-4,0-0;1-2;2-4,2-4|0-0|1-2|NULL,2-4|0-0|1-2|NULL,3,4,4,2,8,32,1,1,1,0,0.0,15,1
TRAJ-MICRO-V1,12043,98,zero_scale,,,0-0;1-2;2-4,0-0;1-2;2-4,0-0;1-2;2-4,2-4|0-0|1-2|NULL,2-4|0-0|1-2|NULL,3,4,4,2,8,32,1,1,1,0,0.0,15,1
TRAJ-MICRO-V1,12043,99,configured_scale,,,0-2;1-1;2-0,0-2;1-1;2-0,0-2;1-1;2-0,2-0|1-1|0-2|NULL,2-0|1-1|0-2|NULL,3,4,4,2,8,32,1,1,1,0,0.0,15,1
TRAJ-MICRO-V1,12043,99,zero_scale,,,0-0;1-1;2-4,0-0;1-1;2-4,0-0;1-1;2-4,1-1|0-0|2-4|NULL,1-1|0-0|2-4|NULL,3,4,4,2,8,32,1,1,1,0,0.0,15,1
TRAJ-MICRO-V1,12043,100,configured_scale,,,0-1;1-0;2-4,0-1;1-0;2-4,0-1;1-0;2-4,1-0|2-4|0-1|NULL,1-0|2-4|0-1|NULL,3,4,4,2,8,32,1,1,1,0,0.0,15,1
TRAJ-MICRO-V1,12043,100,zero_scale,,,0-1;1-0;2-4,0-1;1-0;2-4,0-1;1-0;2-4,1-0|0-1|2-4|NULL,1-0|0-1|2-4|NULL,3,4,4,2,8,32,1,1,1,0,0.0,15,1
TRAJ-MICRO-V1,12043,101,configured_scale,,,0-0;1-2;2-4,0-0;1-2;2-4,0-0;1-2;2-4,0-0|2-4|1-2|NULL,0-0|2-4|1-2|NULL,3,4,4,2,8,32,1,1,1,0,0.0,15,1
TRAJ-MICRO-V1,12043,101,zero_scale,,,0-0;1-2;2-4,0-0;1-2;2-4,0-0;1-2;2-4,0-0|2-4|1-2|NULL,0-0|2-4|1-2|NULL,3,4,4,2,8,32,1,1,1,0,0.0,15,1
TRAJ-MICRO-V1,12043,102,configured_scale,,,0-1;1-2;2-0,0-1;1-2;2-0,0-1;1-2;2-0,2-0|0-1|1-2|NULL,2-0|0-1|1-2|NULL,3,4,4,2,8,32,1,1,1,0,0.0,15,1
TRAJ-MICRO-V1,12043,102,zero_scale,,,0-0;1-1;2-3,0-0;1-1;2-3,0-0;1-1;2-3,0-0|1-1|2-3|NULL,0-0|1-1|2-3|NULL,3,4,4,2,8,32,1,1,1,0,0.0,15,1
TRAJ-MICRO-V1,12043,103,configured_scale,,,0-1;1-3;2-0,0-1;1-3;2-0,0-1;1-3;2-0,2-0|0-1|1-3|NULL,2-0|0-1|1-3|NULL,3,4,4,2,8,32,1,1,1,0,0.0,15,1
TRAJ-MICRO-V1,12043,103,zero_scale,,,0-1;1-0;2-2,0-1;1-0;2-2,0-1;1-0;2-2,1-0|0-1|2-2|NULL,1-0|0-1|2-2|NULL,3,4,4,2,8,32,1,1,1,0,0.0,15,1
TRAJ-MICRO-V1,12043,104,configured_scale,,,0-0;1-2;2-4,0-0;1-2;2-4,0-0;1-2;2-4,2-4|1-2|0-0|NULL,2-4|1-2|0-0|NULL,3,4,4,2,8,32,1,1,1,0,0.0,15,1
TRAJ-MICRO-V1,12043,104,zero_scale,,,0-0;1-2;2-1,0-0;1-2;2-1,0-0;1-2;2-1,1-2|2-1|0-0|NULL,1-2|2-1|0-0|NULL,3,4,4,2,8,32,1,1,1,0,0.0,15,1
TRAJ-MICRO-V1,12043,105,configured_scale,,,0-1;1-2;2-0,0-1;1-2;2-0,0-1;1-2;2-0,2-0|1-2|0-1|NULL,2-0|1-2|0-1|NULL,3,4,4,2,8,32,1,1,1,0,0.0,15,1
TRAJ-MICRO-V1,12043,105,zero_scale,,,0-2;1-1;2-0,0-2;1-1;2-0,0-2;1-1;2-0,2-0|1-1|0-2|NULL,2-0|1-1|0-2|NULL,3,4,4,2,8,32,1,1,1,0,0.0,15,1
TRAJ-MICRO-V1,12043,106,configured_scale,,,0-1;1-3;2-0,0-1;1-3;2-0,0-1;1-3;2-0,2-0|1-3|0-1|NULL,2-0|1-3|0-1|NULL,3,4,4,2,8,32,1,1,1,0,0.0,15,1
TRAJ-MICRO-V1,12043,106,zero_scale,,,0-1;1-3;2-2,0-1;1-3;2-2,0-1;1-3;2-2,2-2|1-3|0-1|NULL,2-2|1-3|0-1|NULL,3,4,4,2,8,32,1,1,1,0,0.0,15,1
TRAJ-MICRO-V1,12043,107,configured_scale,,,0-0;1-2;2-4,0-0;1-2;2-4,0-0;1-2;2-4,2-4|1-2|0-0|NULL,2-4|1-2|0-0|NULL,3,4,4,2,8,32,1,1,1,0,0.0,15,1
TRAJ-MICRO-V1,12043,107,zero_scale,,,0-0;1-2;2-4,0-0;1-2;2-4,0-0;1-2;2-4,2-4|1-2|0-0|NULL,2-4|1-2|0-0|NULL,3,4,4,2,8,32,1,1,1,0,0.0,15,1
TRAJ-MICRO-V1,12043,108,configured_scale,,,0-1;1-2;2-0,0-1;1-2;2-0,0-1;1-2;2-0,2-0|1-2|0-1|NULL,2-0|1-2|0-1|NULL,3,4,4,2,8,32,1,1,1,0,0.0,15,1
TRAJ-MICRO-V1,12043,108,zero_scale,,,0-1;1-2;2-0,0-1;1-2;2-0,0-1;1-2;2-0,2-0|1-2|0-1|NULL,2-0|1-2|0-1|NULL,3,4,4,2,8,32,1,1,1,0,0.0,15,1
TRAJ-MICRO-V1,12043,109,configured_scale,,,0-1;1-2;2-0,0-1;1-2;2-0,0-1;1-2;2-0,2-0|0-1|1-2|NULL,2-0|0-1|1-2|NULL,3,4,4,2,8,32,1,1,1,0,0.0,15,1
TRAJ-MICRO-V1,12043,109,zero_scale,,,0-1;1-2;2-4,0-1;1-2;2-4,0-1;1-2;2-4,0-1|1-2|2-4|NULL,0-1|1-2|2-4|NULL,3,4,4,2,8,32,1,1,1,0,0.0,15,1
TRAJ-MICRO-V1,12043,110,configured_scale,,,0-0;1-2;2-1,0-0;1-2;2-1,0-0;1-2;2-1,2-1|0-0|1-2|NULL,2-1|0-0|1-2|NULL,3,4,4,2,8,32,1,1,1,0,0.0,15,1
TRAJ-MICRO-V1,12043,110,zero_scale,,,0-1;1-2;2-4,0-1;1-2;2-4,0-1;1-2;2-4,0-1|1-2|2-4|NULL,0-1|1-2|2-4|NULL,3,4,4,2,8,32,1,1,1,0,0.0,15,1
TRAJ-MICRO-V1,12043,111,configured_scale,,,0-1;1-2;2-0,0-1;1-2;2-0,0-1;1-2;2-0,0-1|2-0|1-2|NULL,0-1|2-0|1-2|NULL,3,4,4,2,8,32,1,1,1,0,0.0,15,1
TRAJ-MICRO-V1,12043,111,zero_scale,,,0-1;1-2;2-0,0-1;1-2;2-0,0-1;1-2;2-0,0-1|2-0|1-2|NULL,0-1|2-0|1-2|NULL,3,4,4,2,8,32,1,1,1,0,0.0,15,1
TRAJ-MICRO-V1,12043,112,configured_scale,,,0-1;1-3;2-2,0-1;1-3;2-2,0-1;1-3;2-2,2-2|0-1|1-3|NULL,2-2|0-1|1-3|NULL,3,4,4,2,8,32,1,1,1,0,0.0,15,1
TRAJ-MICRO-V1,12043,112,zero_scale,,,0-1;1-3;2-2,0-1;1-3;2-2,0-1;1-3;2-2,0-1|2-2|1-3|NULL,0-1|2-2|1-3|NULL,3,4,4,2,8,32,1,1,1,0,0.0,15,1
TRAJ-MICRO-V1,12043,113,configured_scale,,,0-0;1-2;2-4,0-0;1-2;2-4,0-0;1-2;2-4,1-2|2-4|0-0|NULL,1-2|2-4|0-0|NULL,3,4,4,2,8,32,1,1,1,0,0.0,15,1
TRAJ-MICRO-V1,12043,113,zero_scale,,,0-0;1-2;2-4,0-0;1-2;2-4,0-0;1-2;2-4,1-2|2-4|0-0|NULL,1-2|2-4|0-0|NULL,3,4,4,2,8,32,1,1,1,0,0.0,15,1
TRAJ-MICRO-V1,12043,114,configured_scale,,,0-1;1-2;2-4,0-1;1-2;2-4,0-1;1-2;2-4,1-2|2-4|0-1|NULL,1-2|2-4|0-1|NULL,3,4,4,2,8,32,1,1,1,0,0.0,15,1
TRAJ-MICRO-V1,12043,114,zero_scale,,,0-1;1-2;2-3,0-1;1-2;2-3,0-1;1-2;2-3,2-3|1-2|0-1|NULL,2-3|1-2|0-1|NULL,3,4,4,2,8,32,1,1,1,0,0.0,15,1
TRAJ-MICRO-V1,12043,115,configured_scale,,,0-1;1-3;2-4,0-1;1-3;2-4,0-1;1-3;2-4,1-3|2-4|0-1|NULL,1-3|2-4|0-1|NULL,3,4,4,2,8,32,1,1,1,0,0.0,15,1
TRAJ-MICRO-V1,12043,115,zero_scale,,,0-1;1-3;2-4,0-1;1-3;2-4,0-1;1-3;2-4,2-4|1-3|0-1|NULL,2-4|1-3|0-1|NULL,3,4,4,2,8,32,1,1,1,0,0.0,15,1
TRAJ-MICRO-V1,12043,116,configured_scale,,,0-0;1-3;2-4,0-0;1-3;2-4,0-0;1-3;2-4,1-3|2-4|0-0|NULL,1-3|2-4|0-0|NULL,3,4,4,2,8,32,1,1,1,0,0.0,15,1
TRAJ-MICRO-V1,12043,116,zero_scale,,,0-0;1-3;2-4,0-0;1-3;2-4,0-0;1-3;2-4,2-4|1-3|0-0|NULL,2-4|1-3|0-0|NULL,3,4,4,2,8,32,1,1,1,0,0.0,15,1
TRAJ-MICRO-V1,12043,117,configured_scale,,,0-3;1-2;2-4,0-3;1-2;2-4,0-3;1-2;2-4,2-4|1-2|0-3|NULL,2-4|1-2|0-3|NULL,3,4,4,2,8,32,1,1,1,0,0.0,15,1
TRAJ-MICRO-V1,12043,117,zero_scale,,,0-2;1-3;2-4,0-2;1-3;2-4,0-2;1-3;2-4,1-3|2-4|0-2|NULL,1-3|2-4|0-2|NULL,3,4,4,2,8,32,1,1,1,0,0.0,15,1
TRAJ-MICRO-V1,12043,118,configured_scale,,,0-1;1-4;2-3,0-1;1-4;2-3,0-1;1-4;2-3,1-4|2-3|0-1|NULL,1-4|2-3|0-1|NULL,3,4,4,2,8,32,1,1,1,0,0.0,15,1
TRAJ-MICRO-V1,12043,118,zero_scale,,,0-1;1-3;2-4,0-1;1-3;2-4,0-1;1-3;2-4,1-3|2-4|0-1|NULL,1-3|2-4|0-1|NULL,3,4,4,2,8,32,1,1,1,0,0.0,15,1
TRAJ-MICRO-V1,12043,119,configured_scale,,,0-0;1-3;2-4,0-0;1-3;2-4,0-0;1-3;2-4,1-3|2-4|0-0|NULL,1-3|2-4|0-0|NULL,3,4,4,2,8,32,1,1,1,0,0.0,15,1
TRAJ-MICRO-V1,12043,119,zero_scale,,,0-3;1-2;2-4,0-3;1-2;2-4,0-3;1-2;2-4,1-2|2-4|0-3|NULL,1-2|2-4|0-3|NULL,3,4,4,2,8,32,1,1,1,0,0.0,15,1
TRAJ-MICRO-V1,12043,120,configured_scale,,,0-3;1-2;2-4,0-3;1-2;2-4,0-3;1-2;2-4,1-2|2-4|0-3|NULL,1-2|2-4|0-3|NULL,3,4,4,2,8,32,1,1,1,0,0.0,15,1
TRAJ-MICRO-V1,12043,120,zero_scale,,,0-2;1-4;2-3,0-2;1-4;2-3,0-2;1-4;2-3,1-4|2-3|0-2|NULL,1-4|2-3|0-2|NULL,3,4,4,2,8,32,1,1,1,0,0.0,15,1
TRAJ-MICRO-V1,12043,121,configured_scale,,,0-4;1-2;2-3,0-4;1-2;2-3,0-4;1-2;2-3,0-4|1-2|2-3|NULL,0-4|1-2|2-3|NULL,3,4,4,2,8,32,1,1,1,0,0.0,15,1
TRAJ-MICRO-V1,12043,121,zero_scale,,,0-4;1-3;2-2,0-4;1-3;2-2,0-4;1-3;2-2,0-4|1-3|2-2|NULL,0-4|1-3|2-2|NULL,3,4,4,2,8,32,1,1,1,0,0.0,15,1
TRAJ-MICRO-V1,12043,122,configured_scale,,,0-3;1-2;2-4,0-3;1-2;2-4,0-3;1-2;2-4,2-4|0-3|1-2|NULL,2-4|0-3|1-2|NULL,3,4,4,2,8,32,1,1,1,0,0.0,15,1
TRAJ-MICRO-V1,12043,122,zero_scale,,,0-3;1-2;2-4,0-3;1-2;2-4,0-3;1-2;2-4,2-4|1-2|0-3|NULL,2-4|1-2|0-3|NULL,3,4,4,2,8,32,1,1,1,0,0.0,15,1
TRAJ-MICRO-V1,12043,123,configured_scale,,,0-4;1-2;2-3,0-4;1-2;2-3,0-4;1-2;2-3,0-4|1-2|2-3|NULL,0-4|1-2|2-3|NULL,3,4,4,2,8,32,1,1,1,0,0.0,15,1
TRAJ-MICRO-V1,12043,123,zero_scale,,,0-2;1-4;2-3,0-2;1-4;2-3,0-2;1-4;2-3,1-4|0-2|2-3|NULL,1-4|0-2|2-3|NULL,3,4,4,2,8,32,1,1,1,0,0.0,15,1
TRAJ-MICRO-V1,12043,124,configured_scale,,,0-4;1-2;2-3,0-4;1-2;2-3,0-4;1-2;2-3,0-4|2-3|1-2|NULL,0-4|2-3|1-2|NULL,3,4,4,2,8,32,1,1,1,0,0.0,15,1
TRAJ-MICRO-V1,12043,124,zero_scale,,,0-4;1-3;2-2,0-4;1-3;2-2,0-4;1-3;2-2,0-4|1-3|2-2|NULL,0-4|1-3|2-2|NULL,3,4,4,2,8,32,1,1,1,0,0.0,15,1
TRAJ-MICRO-V1,12043,125,configured_scale,,,0-3;1-2;2-4,0-3;1-2;2-4,0-3;1-2;2-4,2-4|0-3|1-2|NULL,2-4|0-3|1-2|NULL,3,4,4,2,8,32,1,1,1,0,0.0,15,1
TRAJ-MICRO-V1,12043,125,zero_scale,,,0-3;1-2;2-4,0-3;1-2;2-4,0-3;1-2;2-4,2-4|0-3|1-2|NULL,2-4|0-3|1-2|NULL,3,4,4,2,8,32,1,1,1,0,0.0,15,1
TRAJ-MICRO-V1,12043,126,configured_scale,,,0-2;1-4;2-3,0-2;1-4;2-3,0-2;1-4;2-3,2-3|0-2|1-4|NULL,2-3|0-2|1-4|NULL,3,4,4,2,8,32,1,1,1,0,0.0,15,1
TRAJ-MICRO-V1,12043,126,zero_scale,,,0-2;1-4;2-3,0-2;1-4;2-3,0-2;1-4;2-3,2-3|0-2|1-4|NULL,2-3|0-2|1-4|NULL,3,4,4,2,8,32,1,1,1,0,0.0,15,1
TRAJ-MICRO-V1,12043,127,configured_scale,,,0-1;1-3;2-4,0-1;1-3;2-4,0-1;1-3;2-4,2-4|1-3|0-1|NULL,2-4|1-3|0-1|NULL,3,4,4,2,8,32,1,1,1,0,0.0,15,1
TRAJ-MICRO-V1,12043,127,zero_scale,,,0-1;1-3;2-4,0-1;1-3;2-4,0-1;1-3;2-4,2-4|1-3|0-1|NULL,2-4|1-3|0-1|NULL,3,4,4,2,8,32,1,1,1,0,0.0,15,1
TRAJ-MICRO-V1,12043,128,configured_scale,,,0-3;1-2;2-4,0-3;1-2;2-4,0-3;1-2;2-4,2-4|0-3|1-2|NULL,2-4|0-3|1-2|NULL,3,4,4,2,8,32,1,1,1,0,0.0,15,1
TRAJ-MICRO-V1,12043,128,zero_scale,,,0-0;1-2;2-4,0-0;1-2;2-4,0-0;1-2;2-4,2-4|1-2|0-0|NULL,2-4|1-2|0-0|NULL,3,4,4,2,8,32,1,1,1,0,0.0,15,1
TRAJ-MICRO-V1,12043,129,configured_scale,,,0-2;1-1;2-3,0-2;1-1;2-3,0-2;1-1;2-3,0-2|2-3|1-1|NULL,0-2|2-3|1-1|NULL,3,4,4,2,8,32,1,1,1,0,0.0,15,1
TRAJ-MICRO-V1,12043,129,zero_scale,,,0-2;1-1;2-3,0-2;1-1;2-3,0-2;1-1;2-3,0-2|1-1|2-3|NULL,0-2|1-1|2-3|NULL,3,4,4,2,8,32,1,1,1,0,0.0,15,1
TRAJ-MICRO-V1,12043,130,configured_scale,,,0-1;1-2;2-4,0-1;1-2;2-4,0-1;1-2;2-4,0-1|1-2|2-4|NULL,0-1|1-2|2-4|NULL,3,4,4,2,8,32,1,1,1,0,0.0,15,1
TRAJ-MICRO-V1,12043,130,zero_scale,,,0-1;1-2;2-4,0-1;1-2;2-4,0-1;1-2;2-4,0-1|1-2|2-4|NULL,0-1|1-2|2-4|NULL,3,4,4,2,8,32,1,1,1,0,0.0,15,1
TRAJ-MICRO-V1,12043,131,configured_scale,,,0-1;1-2;2-4,0-1;1-2;2-4,0-1;1-2;2-4,0-1|1-2|2-4|NULL,0-1|1-2|2-4|NULL,3,4,4,2,8,32,1,1,1,0,0.0,15,1
TRAJ-MICRO-V1,12043,131,zero_scale,,,0-1;1-2;2-4,0-1;1-2;2-4,0-1;1-2;2-4,0-1|1-2|2-4|NULL,0-1|1-2|2-4|NULL,3,4,4,2,8,32,1,1,1,0,0.0,15,1
TRAJ-MICRO-V1,12043,132,configured_scale,,,0-1;1-2;2-0,0-1;1-2;2-0,0-1;1-2;2-0,0-1|1-2|2-0|NULL,0-1|1-2|2-0|NULL,3,4,4,2,8,32,1,1,1,0,0.0,15,1
TRAJ-MICRO-V1,12043,132,zero_scale,,,0-1;1-2;2-0,0-1;1-2;2-0,0-1;1-2;2-0,0-1|1-2|2-0|NULL,0-1|1-2|2-0|NULL,3,4,4,2,8,32,1,1,1,0,0.0,15,1
TRAJ-MICRO-V1,12043,133,configured_scale,,,0-1;1-2;2-4,0-1;1-2;2-4,0-1;1-2;2-4,0-1|1-2|2-4|NULL,0-1|1-2|2-4|NULL,3,4,4,2,8,32,1,1,1,0,0.0,15,1
TRAJ-MICRO-V1,12043,133,zero_scale,,,0-1;1-2;2-4,0-1;1-2;2-4,0-1;1-2;2-4,0-1|1-2|2-4|NULL,0-1|1-2|2-4|NULL,3,4,4,2,8,32,1,1,1,0,0.0,15,1
TRAJ-MICRO-V1,12043,134,configured_scale,,,0-1;1-2;2-4,0-1;1-2;2-4,0-1;1-2;2-4,1-2|0-1|2-4|NULL,1-2|0-1|2-4|NULL,3,4,4,2,8,32,1,1,1,0,0.0,15,1
TRAJ-MICRO-V1,12043,134,zero_scale,,,0-0;1-2;2-1,0-0;1-2;2-1,0-0;1-2;2-1,1-2|0-0|2-1|NULL,1-2|0-0|2-1|NULL,3,4,4,2,8,32,1,1,1,0,0.0,15,1
TRAJ-MICRO-V1,12043,135,configured_scale,,,0-1;1-2;2-0,0-1;1-2;2-0,0-1;1-2;2-0,2-0|1-2|0-1|NULL,2-0|1-2|0-1|NULL,3,4,4,2,8,32,1,1,1,0,0.0,15,1
TRAJ-MICRO-V1,12043,135,zero_scale,,,0-2;1-1;2-0,0-2;1-1;2-0,0-2;1-1;2-0,0-2|1-1|2-0|NULL,0-2|1-1|2-0|NULL,3,4,4,2,8,32,1,1,1,0,0.0,15,1
TRAJ-MICRO-V1,12043,136,configured_scale,,,0-4;1-3;2-2,0-4;1-3;2-2,0-4;1-3;2-2,1-3|0-4|2-2|NULL,1-3|0-4|2-2|NULL,3,4,4,2,8,32,1,1,1,0,0.0,15,1
TRAJ-MICRO-V1,12043,136,zero_scale,,,0-1;1-2;2-4,0-1;1-2;2-4,0-1;1-2;2-4,0-1|1-2|2-4|NULL,0-1|1-2|2-4|NULL,3,4,4,2,8,32,1,1,1,0,0.0,15,1
TRAJ-MICRO-V1,12043,137,configured_scale,,,0-1;1-2;2-0,0-1;1-2;2-0,0-1;1-2;2-0,1-2|0-1|2-0|NULL,1-2|0-1|2-0|NULL,3,4,4,2,8,32,1,1,1,0,0.0,15,1
TRAJ-MICRO-V1,12043,137,zero_scale,,,0-0;1-2;2-1,0-0;1-2;2-1,0-0;1-2;2-1,0-0|1-2|2-1|NULL,0-0|1-2|2-1|NULL,3,4,4,2,8,32,1,1,1,0,0.0,15,1
TRAJ-MICRO-V1,12043,138,configured_scale,,,0-0;1-2;2-3,0-0;1-2;2-3,0-0;1-2;2-3,0-0|1-2|2-3|NULL,0-0|1-2|2-3|NULL,3,4,4,2,8,32,1,1,1,0,0.0,15,1
TRAJ-MICRO-V1,12043,138,zero_scale,,,0-1;1-2;2-0,0-1;1-2;2-0,0-1;1-2;2-0,0-1|1-2|2-0|NULL,0-1|1-2|2-0|NULL,3,4,4,2,8,32,1,1,1,0,0.0,15,1
TRAJ-MICRO-V1,12043,139,configured_scale,,,0-1;1-0;2-2,0-1;1-0;2-2,0-1;1-0;2-2,0-1|1-0|2-2|NULL,0-1|1-0|2-2|NULL,3,4,4,2,8,32,1,1,1,0,0.0,15,1
TRAJ-MICRO-V1,12043,139,zero_scale,,,0-1;1-0;2-2,0-1;1-0;2-2,0-1;1-0;2-2,0-1|1-0|2-2|NULL,0-1|1-0|2-2|NULL,3,4,4,2,8,32,1,1,1,0,0.0,15,1
TRAJ-MICRO-V1,12043,140,configured_scale,,,0-1;1-0;2-4,0-1;1-0;2-4,0-1;1-0;2-4,0-1|1-0|2-4|NULL,0-1|1-0|2-4|NULL,3,4,4,2,8,32,1,1,1,0,0.0,15,1
TRAJ-MICRO-V1,12043,140,zero_scale,,,0-0;1-2;2-1,0-0;1-2;2-1,0-0;1-2;2-1,0-0|1-2|2-1|NULL,0-0|1-2|2-1|NULL,3,4,4,2,8,32,1,1,1,0,0.0,15,1
TRAJ-MICRO-V1,12043,141,configured_scale,,,0-0;1-1;2-3,0-0;1-1;2-3,0-0;1-1;2-3,0-0|1-1|2-3|NULL,0-0|1-1|2-3|NULL,3,4,4,2,8,32,1,1,1,0,0.0,15,1
TRAJ-MICRO-V1,12043,141,zero_scale,,,0-0;1-1;2-3,0-0;1-1;2-3,0-0;1-1;2-3,0-0|1-1|2-3|NULL,0-0|1-1|2-3|NULL,3,4,4,2,8,32,1,1,1,0,0.0,15,1
TRAJ-MICRO-V1,12043,142,configured_scale,,,0-0;1-3;2-4,0-0;1-3;2-4,0-0;1-3;2-4,0-0|1-3|2-4|NULL,0-0|1-3|2-4|NULL,3,4,4,2,8,32,1,1,1,0,0.0,15,1
TRAJ-MICRO-V1,12043,142,zero_scale,,,0-0;1-2;2-4,0-0;1-2;2-4,0-0;1-2;2-4,0-0|1-2|2-4|NULL,0-0|1-2|2-4|NULL,3,4,4,2,8,32,1,1,1,0,0.0,15,1
TRAJ-MICRO-V1,12043,143,configured_scale,,,0-0;1-2;2-4,0-0;1-2;2-4,0-0;1-2;2-4,0-0|2-4|1-2|NULL,0-0|2-4|1-2|NULL,3,4,4,2,8,32,1,1,1,0,0.0,15,1
TRAJ-MICRO-V1,12043,143,zero_scale,,,0-0;1-2;2-4,0-0;1-2;2-4,0-0;1-2;2-4,0-0|2-4|1-2|NULL,0-0|2-4|1-2|NULL,3,4,4,2,8,32,1,1,1,0,0.0,15,1
TRAJ-MICRO-V1,12043,144,configured_scale,,,0-0;1-1;2-4,0-0;1-1;2-4,0-0;1-1;2-4,0-0|2-4|1-1|NULL,0-0|2-4|1-1|NULL,3,4,4,2,8,32,1,1,1,0,0.0,15,1
TRAJ-MICRO-V1,12043,144,zero_scale,,,0-0;1-1;2-4,0-0;1-1;2-4,0-0;1-1;2-4,0-0|1-1|2-4|NULL,0-0|1-1|2-4|NULL,3,4,4,2,8,32,1,1,1,0,0.0,15,1
TRAJ-MICRO-V1,12043,145,configured_scale,,,0-0;1-3;2-4,0-0;1-3;2-4,0-0;1-3;2-4,0-0|2-4|1-3|NULL,0-0|2-4|1-3|NULL,3,4,4,2,8,32,1,1,1,0,0.0,15,1
TRAJ-MICRO-V1,12043,145,zero_scale,,,0-1;1-3;2-4,0-1;1-3;2-4,0-1;1-3;2-4,0-1|2-4|1-3|NULL,0-1|2-4|1-3|NULL,3,4,4,2,8,32,1,1,1,0,0.0,15,1
TRAJ-MICRO-V1,12043,146,configured_scale,,,0-0;1-3;2-4,0-0;1-3;2-4,0-0;1-3;2-4,2-4|0-0|1-3|NULL,2-4|0-0|1-3|NULL,3,4,4,2,8,32,1,1,1,0,0.0,15,1
TRAJ-MICRO-V1,12043,146,zero_scale,,,0-0;1-2;2-4,0-0;1-2;2-4,0-0;1-2;2-4,0-0|2-4|1-2|NULL,0-0|2-4|1-2|NULL,3,4,4,2,8,32,1,1,1,0,0.0,15,1
TRAJ-MICRO-V1,12043,147,configured_scale,,,0-1;1-4;2-3,0-1;1-4;2-3,0-1;1-4;2-3,1-4|0-1|2-3|NULL,1-4|0-1|2-3|NULL,3,4,4,2,8,32,1,1,1,0,0.0,15,1
TRAJ-MICRO-V1,12043,147,zero_scale,,,0-1;1-4;2-3,0-1;1-4;2-3,0-1;1-4;2-3,1-4|0-1|2-3|NULL,1-4|0-1|2-3|NULL,3,4,4,2,8,32,1,1,1,0,0.0,15,1
TRAJ-MICRO-V1,12043,148,configured_scale,,,0-1;1-3;2-2,0-1;1-3;2-2,0-1;1-3;2-2,1-3|0-1|2-2|NULL,1-3|0-1|2-2|NULL,3,4,4,2,8,32,1,1,1,0,0.0,15,1
TRAJ-MICRO-V1,12043,148,zero_scale,,,0-1;1-3;2-2,0-1;1-3;2-2,0-1;1-3;2-2,1-3|0-1|2-2|NULL,1-3|0-1|2-2|NULL,3,4,4,2,8,32,1,1,1,0,0.0,15,1
TRAJ-MICRO-V1,12043,149,configured_scale,,,0-3;1-2;2-1,0-3;1-2;2-1,0-3;1-2;2-1,1-2|2-1|0-3|NULL,1-2|2-1|0-3|NULL,3,4,4,2,8,32,1,1,1,0,0.0,15,1
TRAJ-MICRO-V1,12043,149,zero_scale,,,0-3;1-2;2-1,0-3;1-2;2-1,0-3;1-2;2-1,1-2|2-1|0-3|NULL,1-2|2-1|0-3|NULL,3,4,4,2,8,32,1,1,1,0,0.0,15,1
TRAJ-MICRO-V1,12043,150,configured_scale,,,0-1;1-2;2-0,0-1;1-2;2-0,0-1;1-2;2-0,1-2|2-0|0-1|NULL,1-2|2-0|0-1|NULL,3,4,4,2,8,32,1,1,1,0,0.0,15,1
TRAJ-MICRO-V1,12043,150,zero_scale,,,0-1;1-2;2-3,0-1;1-2;2-3,0-1;1-2;2-3,1-2|2-3|0-1|NULL,1-2|2-3|0-1|NULL,3,4,4,2,8,32,1,1,1,0,0.0,15,1
TRAJ-MICRO-V1,12043,151,configured_scale,,,0-1;1-2;2-3,0-1;1-2;2-3,0-1;1-2;2-3,1-2|2-3|0-1|NULL,1-2|2-3|0-1|NULL,3,4,4,2,8,32,1,1,1,0,0.0,15,1
TRAJ-MICRO-V1,12043,151,zero_scale,,,0-1;1-2;2-3,0-1;1-2;2-3,0-1;1-2;2-3,1-2|0-1|2-3|NULL,1-2|0-1|2-3|NULL,3,4,4,2,8,32,1,1,1,0,0.0,15,1
TRAJ-MICRO-V1,12043,152,configured_scale,,,0-2;1-3;2-1,0-2;1-3;2-1,0-2;1-3;2-1,1-3|2-1|0-2|NULL,1-3|2-1|0-2|NULL,3,4,4,2,8,32,1,1,1,0,0.0,15,1
TRAJ-MICRO-V1,12043,152,zero_scale,,,0-3;1-2;2-4,0-3;1-2;2-4,0-3;1-2;2-4,1-2|2-4|0-3|NULL,1-2|2-4|0-3|NULL,3,4,4,2,8,32,1,1,1,0,0.0,15,1
TRAJ-MICRO-V1,12043,153,configured_scale,,,0-4;1-2;2-3,0-4;1-2;2-3,0-4;1-2;2-3,2-3|1-2|0-4|NULL,2-3|1-2|0-4|NULL,3,4,4,2,8,32,1,1,1,0,0.0,15,1
TRAJ-MICRO-V1,12043,153,zero_scale,,,0-1;1-2;2-3,0-1;1-2;2-3,0-1;1-2;2-3,2-3|1-2|0-1|NULL,2-3|1-2|0-1|NULL,3,4,4,2,8,32,1,1,1,0,0.0,15,1
TRAJ-MICRO-V1,12043,154,configured_scale,,,0-1;1-4;2-3,0-1;1-4;2-3,0-1;1-4;2-3,2-3|1-4|0-1|NULL,2-3|1-4|0-1|NULL,3,4,4,2,8,32,1,1,1,0,0.0,15,1
TRAJ-MICRO-V1,12043,154,zero_scale,,,0-1;1-3;2-4,0-1;1-3;2-4,0-1;1-3;2-4,2-4|1-3|0-1|NULL,2-4|1-3|0-1|NULL,3,4,4,2,8,32,1,1,1,0,0.0,15,1
TRAJ-MICRO-V1,12043,155,configured_scale,,,0-0;1-3;2-4,0-0;1-3;2-4,0-0;1-3;2-4,2-4|1-3|0-0|NULL,2-4|1-3|0-0|NULL,3,4,4,2,8,32,1,1,1,0,0.0,15,1
TRAJ-MICRO-V1,12043,155,zero_scale,,,0-0;1-3;2-4,0-0;1-3;2-4,0-0;1-3;2-4,2-4|1-3|0-0|NULL,2-4|1-3|0-0|NULL,3,4,4,2,8,32,1,1,1,0,0.0,15,1
TRAJ-MICRO-V1,12043,156,configured_scale,,,0-2;1-3;2-4,0-2;1-3;2-4,0-2;1-3;2-4,2-4|1-3|0-2|NULL,2-4|1-3|0-2|NULL,3,4,4,2,8,32,1,1,1,0,0.0,15,1
TRAJ-MICRO-V1,12043,156,zero_scale,,,0-2;1-3;2-4,0-2;1-3;2-4,0-2;1-3;2-4,2-4|1-3|0-2|NULL,2-4|1-3|0-2|NULL,3,4,4,2,8,32,1,1,1,0,0.0,15,1
TRAJ-MICRO-V1,12043,157,configured_scale,,,0-1;1-3;2-4,0-1;1-3;2-4,0-1;1-3;2-4,2-4|1-3|0-1|NULL,2-4|1-3|0-1|NULL,3,4,4,2,8,32,1,1,1,0,0.0,15,1
TRAJ-MICRO-V1,12043,157,zero_scale,,,0-1;1-3;2-4,0-1;1-3;2-4,0-1;1-3;2-4,2-4|1-3|0-1|NULL,2-4|1-3|0-1|NULL,3,4,4,2,8,32,1,1,1,0,0.0,15,1
TRAJ-MICRO-V1,12043,158,configured_scale,,,0-0;1-3;2-4,0-0;1-3;2-4,0-0;1-3;2-4,2-4|1-3|0-0|NULL,2-4|1-3|0-0|NULL,3,4,4,2,8,32,1,1,1,0,0.0,15,1
TRAJ-MICRO-V1,12043,158,zero_scale,,,0-0;1-2;2-4,0-0;1-2;2-4,0-0;1-2;2-4,2-4|1-2|0-0|NULL,2-4|1-2|0-0|NULL,3,4,4,2,8,32,1,1,1,0,0.0,15,1
TRAJ-MICRO-V1,12043,159,configured_scale,,,0-0;1-3;2-4,0-0;1-3;2-4,0-0;1-3;2-4,2-4|1-3|0-0|NULL,2-4|1-3|0-0|NULL,3,4,4,2,8,32,1,1,1,0,0.0,15,1
TRAJ-MICRO-V1,12043,159,zero_scale,,,0-1;1-3;2-4,0-1;1-3;2-4,0-1;1-3;2-4,2-4|1-3|0-1|NULL,2-4|1-3|0-1|NULL,3,4,4,2,8,32,1,1,1,0,0.0,15,1
TRAJ-MICRO-V1,12043,160,configured_scale,,,0-1;1-3;2-4,0-1;1-3;2-4,0-1;1-3;2-4,2-4|0-1|1-3|NULL,2-4|0-1|1-3|NULL,3,4,4,2,8,32,1,1,1,0,0.0,15,1
TRAJ-MICRO-V1,12043,160,zero_scale,,,0-1;1-3;2-4,0-1;1-3;2-4,0-1;1-3;2-4,2-4|0-1|1-3|NULL,2-4|0-1|1-3|NULL,3,4,4,2,8,32,1,1,1,0,0.0,15,1
TRAJ-MICRO-V1,12043,161,configured_scale,,,0-1;1-2;2-4,0-1;1-2;2-4,0-1;1-2;2-4,2-4|0-1|1-2|NULL,2-4|0-1|1-2|NULL,3,4,4,2,8,32,1,1,1,0,0.0,15,1
TRAJ-MICRO-V1,12043,161,zero_scale,,,0-0;1-2;2-4,0-0;1-2;2-4,0-0;1-2;2-4,2-4|1-2|0-0|NULL,2-4|1-2|0-0|NULL,3,4,4,2,8,32,1,1,1,0,0.0,15,1
TRAJ-MICRO-V1,12043,162,configured_scale,,,0-1;1-2;2-0,0-1;1-2;2-0,0-1;1-2;2-0,2-0|1-2|0-1|NULL,2-0|1-2|0-1|NULL,3,4,4,2,8,32,1,1,1,0,0.0,15,1
TRAJ-MICRO-V1,12043,162,zero_scale,,,0-1;1-2;2-3,0-1;1-2;2-3,0-1;1-2;2-3,2-3|1-2|0-1|NULL,2-3|1-2|0-1|NULL,3,4,4,2,8,32,1,1,1,0,0.0,15,1
TRAJ-MICRO-V1,12043,163,configured_scale,,,0-1;1-2;2-3,0-1;1-2;2-3,0-1;1-2;2-3,2-3|1-2|0-1|NULL,2-3|1-2|0-1|NULL,3,4,4,2,8,32,1,1,1,0,0.0,15,1
TRAJ-MICRO-V1,12043,163,zero_scale,,,0-1;1-3;2-2,0-1;1-3;2-2,0-1;1-3;2-2,2-2|1-3|0-1|NULL,2-2|1-3|0-1|NULL,3,4,4,2,8,32,1,1,1,0,0.0,15,1
TRAJ-MICRO-V1,12043,164,configured_scale,,,0-2;1-3;2-1,0-2;1-3;2-1,0-2;1-3;2-1,2-1|1-3|0-2|NULL,2-1|1-3|0-2|NULL,3,4,4,2,8,32,1,1,1,0,0.0,15,1
TRAJ-MICRO-V1,12043,164,zero_scale,,,0-3;1-2;2-1,0-3;1-2;2-1,0-3;1-2;2-1,1-2|2-1|0-3|NULL,1-2|2-1|0-3|NULL,3,4,4,2,8,32,1,1,1,0,0.0,15,1
TRAJ-MICRO-V1,12043,165,configured_scale,,,0-1;1-2;2-0,0-1;1-2;2-0,0-1;1-2;2-0,2-0|1-2|0-1|NULL,2-0|1-2|0-1|NULL,3,4,4,2,8,32,1,1,1,0,0.0,15,1
TRAJ-MICRO-V1,12043,165,zero_scale,,,0-1;1-2;2-3,0-1;1-2;2-3,0-1;1-2;2-3,2-3|1-2|0-1|NULL,2-3|1-2|0-1|NULL,3,4,4,2,8,32,1,1,1,0,0.0,15,1
TRAJ-MICRO-V1,12043,166,configured_scale,,,0-1;1-2;2-4,0-1;1-2;2-4,0-1;1-2;2-4,1-2|2-4|0-1|NULL,1-2|2-4|0-1|NULL,3,4,4,2,8,32,1,1,1,0,0.0,15,1
TRAJ-MICRO-V1,12043,166,zero_scale,,,0-1;1-2;2-4,0-1;1-2;2-4,0-1;1-2;2-4,1-2|0-1|2-4|NULL,1-2|0-1|2-4|NULL,3,4,4,2,8,32,1,1,1,0,0.0,15,1
TRAJ-MICRO-V1,12043,167,configured_scale,,,0-3;1-2;2-1,0-3;1-2;2-1,0-3;1-2;2-1,1-2|2-1|0-3|NULL,1-2|2-1|0-3|NULL,3,4,4,2,8,32,1,1,1,0,0.0,15,1
TRAJ-MICRO-V1,12043,167,zero_scale,,,0-0;1-2;2-1,0-0;1-2;2-1,0-0;1-2;2-1,1-2|2-1|0-0|NULL,1-2|2-1|0-0|NULL,3,4,4,2,8,32,1,1,1,0,0.0,15,1
TRAJ-MICRO-V1,12043,168,configured_scale,,,0-2;1-1;2-0,0-2;1-1;2-0,0-2;1-1;2-0,1-1|2-0|0-2|NULL,1-1|2-0|0-2|NULL,3,4,4,2,8,32,1,1,1,0,0.0,15,1
TRAJ-MICRO-V1,12043,168,zero_scale,,,0-2;1-1;2-0,0-2;1-1;2-0,0-2;1-1;2-0,1-1|0-2|2-0|NULL,1-1|0-2|2-0|NULL,3,4,4,2,8,32,1,1,1,0,0.0,15,1
TRAJ-MICRO-V1,12043,169,configured_scale,,,0-1;1-0;2-2,0-1;1-0;2-2,0-1;1-0;2-2,0-1|1-0|2-2|NULL,0-1|1-0|2-2|NULL,3,4,4,2,8,32,1,1,1,0,0.0,15,1
TRAJ-MICRO-V1,12043,169,zero_scale,,,0-1;1-0;2-2,0-1;1-0;2-2,0-1;1-0;2-2,0-1|1-0|2-2|NULL,0-1|1-0|2-2|NULL,3,4,4,2,8,32,1,1,1,0,0.0,15,1
TRAJ-MICRO-V1,12043,170,configured_scale,,,0-1;1-2;2-4,0-1;1-2;2-4,0-1;1-2;2-4,1-2|0-1|2-4|NULL,1-2|0-1|2-4|NULL,3,4,4,2,8,32,1,1,1,0,0.0,15,1
TRAJ-MICRO-V1,12043,170,zero_scale,,,0-0;1-2;2-4,0-0;1-2;2-4,0-0;1-2;2-4,0-0|1-2|2-4|NULL,0-0|1-2|2-4|NULL,3,4,4,2,8,32,1,1,1,0,0.0,15,1
TRAJ-MICRO-V1,12043,171,configured_scale,,,0-0;1-1;2-4,0-0;1-1;2-4,0-0;1-1;2-4,1-1|0-0|2-4|NULL,1-1|0-0|2-4|NULL,3,4,4,2,8,32,1,1,1,0,0.0,15,1
TRAJ-MICRO-V1,12043,171,zero_scale,,,0-0;1-1;2-3,0-0;1-1;2-3,0-0;1-1;2-3,1-1|0-0|2-3|NULL,1-1|0-0|2-3|NULL,3,4,4,2,8,32,1,1,1,0,0.0,15,1
TRAJ-MICRO-V1,12043,172,configured_scale,,,0-1;1-0;2-4,0-1;1-0;2-4,0-1;1-0;2-4,1-0|0-1|2-4|NULL,1-0|0-1|2-4|NULL,3,4,4,2,8,32,1,1,1,0,0.0,15,1
TRAJ-MICRO-V1,12043,172,zero_scale,,,0-1;1-0;2-4,0-1;1-0;2-4,0-1;1-0;2-4,1-0|0-1|2-4|NULL,1-0|0-1|2-4|NULL,3,4,4,2,8,32,1,1,1,0,0.0,15,1
TRAJ-MICRO-V1,12043,173,configured_scale,,,0-0;1-2;2-4,0-0;1-2;2-4,0-0;1-2;2-4,2-4|0-0|1-2|NULL,2-4|0-0|1-2|NULL,3,4,4,2,8,32,1,1,1,0,0.0,15,1
TRAJ-MICRO-V1,12043,173,zero_scale,,,0-0;1-2;2-4,0-0;1-2;2-4,0-0;1-2;2-4,0-0|2-4|1-2|NULL,0-0|2-4|1-2|NULL,3,4,4,2,8,32,1,1,1,0,0.0,15,1
TRAJ-MICRO-V1,12043,174,configured_scale,,,0-0;1-1;2-4,0-0;1-1;2-4,0-0;1-1;2-4,2-4|0-0|1-1|NULL,2-4|0-0|1-1|NULL,3,4,4,2,8,32,1,1,1,0,0.0,15,1
TRAJ-MICRO-V1,12043,174,zero_scale,,,0-0;1-4;2-3,0-0;1-4;2-3,0-0;1-4;2-3,0-0|1-4|2-3|NULL,0-0|1-4|2-3|NULL,3,4,4,2,8,32,1,1,1,0,0.0,15,1
TRAJ-MICRO-V1,12043,175,configured_scale,,,0-0;1-3;2-4,0-0;1-3;2-4,0-0;1-3;2-4,0-0|1-3|2-4|NULL,0-0|1-3|2-4|NULL,3,4,4,2,8,32,1,1,1,0,0.0,15,1
TRAJ-MICRO-V1,12043,175,zero_scale,,,0-1;1-3;2-4,0-1;1-3;2-4,0-1;1-3;2-4,0-1|1-3|2-4|NULL,0-1|1-3|2-4|NULL,3,4,4,2,8,32,1,1,1,0,0.0,15,1
TRAJ-MICRO-V1,12043,176,configured_scale,,,0-0;1-2;2-4,0-0;1-2;2-4,0-0;1-2;2-4,0-0|2-4|1-2|NULL,0-0|2-4|1-2|NULL,3,4,4,2,8,32,1,1,1,0,0.0,15,1
TRAJ-MICRO-V1,12043,176,zero_scale,,,0-0;1-2;2-4,0-0;1-2;2-4,0-0;1-2;2-4,0-0|1-2|2-4|NULL,0-0|1-2|2-4|NULL,3,4,4,2,8,32,1,1,1,0,0.0,15,1
TRAJ-MICRO-V1,12043,177,configured_scale,,,0-0;1-2;2-3,0-0;1-2;2-3,0-0;1-2;2-3,0-0|1-2|2-3|NULL,0-0|1-2|2-3|NULL,3,4,4,2,8,32,1,1,1,0,0.0,15,1
TRAJ-MICRO-V1,12043,177,zero_scale,,,0-2;1-1;2-0,0-2;1-1;2-0,0-2;1-1;2-0,0-2|1-1|2-0|NULL,0-2|1-1|2-0|NULL,3,4,4,2,8,32,1,1,1,0,0.0,15,1
TRAJ-MICRO-V1,12043,178,configured_scale,,,0-4;1-3;2-2,0-4;1-3;2-2,0-4;1-3;2-2,0-4|1-3|2-2|NULL,0-4|1-3|2-2|NULL,3,4,4,2,8,32,1,1,1,0,0.0,15,1
TRAJ-MICRO-V1,12043,178,zero_scale,,,0-1;1-3;2-2,0-1;1-3;2-2,0-1;1-3;2-2,0-1|1-3|2-2|NULL,0-1|1-3|2-2|NULL,3,4,4,2,8,32,1,1,1,0,0.0,15,1
TRAJ-MICRO-V1,12043,179,configured_scale,,,0-0;1-2;2-1,0-0;1-2;2-1,0-0;1-2;2-1,0-0|1-2|2-1|NULL,0-0|1-2|2-1|NULL,3,4,4,2,8,32,1,1,1,0,0.0,15,1
TRAJ-MICRO-V1,12043,179,zero_scale,,,0-0;1-2;2-1,0-0;1-2;2-1,0-0;1-2;2-1,0-0|1-2|2-1|NULL,0-0|1-2|2-1|NULL,3,4,4,2,8,32,1,1,1,0,0.0,15,1
TRAJ-MICRO-V1,12043,180,configured_scale,,,0-0;1-2;2-3,0-0;1-2;2-3,0-0;1-2;2-3,0-0|1-2|2-3|NULL,0-0|1-2|2-3|NULL,3,4,4,2,8,32,1,1,1,0,0.0,15,1
TRAJ-MICRO-V1,12043,180,zero_scale,,,0-2;1-1;2-0,0-2;1-1;2-0,0-2;1-1;2-0,0-2|1-1|2-0|NULL,0-2|1-1|2-0|NULL,3,4,4,2,8,32,1,1,1,0,0.0,15,1
TRAJ-MICRO-V1,12043,181,configured_scale,,,0-0;1-3;2-2,0-0;1-3;2-2,0-0;1-3;2-2,1-3|0-0|2-2|NULL,1-3|0-0|2-2|NULL,3,4,4,2,8,32,1,1,1,0,0.0,15,1
TRAJ-MICRO-V1,12043,181,zero_scale,,,0-1;1-3;2-2,0-1;1-3;2-2,0-1;1-3;2-2,0-1|1-3|2-2|NULL,0-1|1-3|2-2|NULL,3,4,4,2,8,32,1,1,1,0,0.0,15,1
TRAJ-MICRO-V1,12043,182,configured_scale,,,0-0;1-2;2-4,0-0;1-2;2-4,0-0;1-2;2-4,0-0|2-4|1-2|NULL,0-0|2-4|1-2|NULL,3,4,4,2,8,32,1,1,1,0,0.0,15,1
TRAJ-MICRO-V1,12043,182,zero_scale,,,0-0;1-2;2-4,0-0;1-2;2-4,0-0;1-2;2-4,0-0|1-2|2-4|NULL,0-0|1-2|2-4|NULL,3,4,4,2,8,32,1,1,1,0,0.0,15,1
TRAJ-MICRO-V1,12043,183,configured_scale,,,0-0;1-3;2-4,0-0;1-3;2-4,0-0;1-3;2-4,2-4|0-0|1-3|NULL,2-4|0-0|1-3|NULL,3,4,4,2,8,32,1,1,1,0,0.0,15,1
TRAJ-MICRO-V1,12043,183,zero_scale,,,0-1;1-4;2-3,0-1;1-4;2-3,0-1;1-4;2-3,0-1|2-3|1-4|NULL,0-1|2-3|1-4|NULL,3,4,4,2,8,32,1,1,1,0,0.0,15,1
TRAJ-MICRO-V1,12043,184,configured_scale,,,0-1;1-3;2-4,0-1;1-3;2-4,0-1;1-3;2-4,2-4|0-1|1-3|NULL,2-4|0-1|1-3|NULL,3,4,4,2,8,32,1,1,1,0,0.0,15,1
TRAJ-MICRO-V1,12043,184,zero_scale,,,0-1;1-3;2-4,0-1;1-3;2-4,0-1;1-3;2-4,0-1|2-4|1-3|NULL,0-1|2-4|1-3|NULL,3,4,4,2,8,32,1,1,1,0,0.0,15,1
TRAJ-MICRO-V1,12043,185,configured_scale,,,0-1;1-2;2-4,0-1;1-2;2-4,0-1;1-2;2-4,2-4|0-1|1-2|NULL,2-4|0-1|1-2|NULL,3,4,4,2,8,32,1,1,1,0,0.0,15,1
TRAJ-MICRO-V1,12043,185,zero_scale,,,0-1;1-2;2-4,0-1;1-2;2-4,0-1;1-2;2-4,2-4|0-1|1-2|NULL,2-4|0-1|1-2|NULL,3,4,4,2,8,32,1,1,1,0,0.0,15,1
TRAJ-MICRO-V1,12043,186,configured_scale,,,0-2;1-1;2-4,0-2;1-1;2-4,0-2;1-1;2-4,0-2|1-1|2-4|NULL,0-2|1-1|2-4|NULL,3,4,4,2,8,32,1,1,1,0,0.0,15,1
TRAJ-MICRO-V1,12043,186,zero_scale,,,0-2;1-1;2-3,0-2;1-1;2-3,0-2;1-1;2-3,0-2|1-1|2-3|NULL,0-2|1-1|2-3|NULL,3,4,4,2,8,32,1,1,1,0,0.0,15,1
TRAJ-MICRO-V1,12043,187,configured_scale,,,0-1;1-3;2-2,0-1;1-3;2-2,0-1;1-3;2-2,0-1|2-2|1-3|NULL,0-1|2-2|1-3|NULL,3,4,4,2,8,32,1,1,1,0,0.0,15,1
TRAJ-MICRO-V1,12043,187,zero_scale,,,0-1;1-2;2-4,0-1;1-2;2-4,0-1;1-2;2-4,0-1|1-2|2-4|NULL,0-1|1-2|2-4|NULL,3,4,4,2,8,32,1,1,1,0,0.0,15,1
TRAJ-MICRO-V1,12043,188,configured_scale,,,0-0;1-2;2-4,0-0;1-2;2-4,0-0;1-2;2-4,0-0|1-2|2-4|NULL,0-0|1-2|2-4|NULL,3,4,4,2,8,32,1,1,1,0,0.0,15,1
TRAJ-MICRO-V1,12043,188,zero_scale,,,0-0;1-2;2-4,0-0;1-2;2-4,0-0;1-2;2-4,0-0|1-2|2-4|NULL,0-0|1-2|2-4|NULL,3,4,4,2,8,32,1,1,1,0,0.0,15,1
TRAJ-MICRO-V1,12043,189,configured_scale,,,0-1;1-2;2-3,0-1;1-2;2-3,0-1;1-2;2-3,0-1|2-3|1-2|NULL,0-1|2-3|1-2|NULL,3,4,4,2,8,32,1,1,1,0,0.0,15,1
TRAJ-MICRO-V1,12043,189,zero_scale,,,0-1;1-2;2-3,0-1;1-2;2-3,0-1;1-2;2-3,0-1|1-2|2-3|NULL,0-1|1-2|2-3|NULL,3,4,4,2,8,32,1,1,1,0,0.0,15,1
TRAJ-MICRO-V1,12043,190,configured_scale,,,0-1;1-3;2-2,0-1;1-3;2-2,0-1;1-3;2-2,0-1|1-3|2-2|NULL,0-1|1-3|2-2|NULL,3,4,4,2,8,32,1,1,1,0,0.0,15,1
TRAJ-MICRO-V1,12043,190,zero_scale,,,0-1;1-3;2-2,0-1;1-3;2-2,0-1;1-3;2-2,0-1|1-3|2-2|NULL,0-1|1-3|2-2|NULL,3,4,4,2,8,32,1,1,1,0,0.0,15,1
TRAJ-MICRO-V1,12043,191,configured_scale,,,0-3;1-2;2-4,0-3;1-2;2-4,0-3;1-2;2-4,1-2|2-4|0-3|NULL,1-2|2-4|0-3|NULL,3,4,4,2,8,32,1,1,1,0,0.0,15,1
TRAJ-MICRO-V1,12043,191,zero_scale,,,0-3;1-2;2-4,0-3;1-2;2-4,0-3;1-2;2-4,1-2|0-3|2-4|NULL,1-2|0-3|2-4|NULL,3,4,4,2,8,32,1,1,1,0,0.0,15,1
TRAJ-MICRO-V1,12043,192,configured_scale,,,0-4;1-2;2-3,0-4;1-2;2-3,0-4;1-2;2-3,2-3|1-2|0-4|NULL,2-3|1-2|0-4|NULL,3,4,4,2,8,32,1,1,1,0,0.0,15,1
TRAJ-MICRO-V1,12043,192,zero_scale,,,0-2;1-3;2-4,0-2;1-3;2-4,0-2;1-3;2-4,0-2|1-3|2-4|NULL,0-2|1-3|2-4|NULL,3,4,4,2,8,32,1,1,1,0,0.0,15,1
TRAJ-MICRO-V1,12043,193,configured_scale,,,0-4;1-3;2-2,0-4;1-3;2-2,0-4;1-3;2-2,0-4|1-3|2-2|NULL,0-4|1-3|2-2|NULL,3,4,4,2,8,32,1,1,1,0,0.0,15,1
TRAJ-MICRO-V1,12043,193,zero_scale,,,0-4;1-3;2-2,0-4;1-3;2-2,0-4;1-3;2-2,1-3|0-4|2-2|NULL,1-3|0-4|2-2|NULL,3,4,4,2,8,32,1,1,1,0,0.0,15,1
TRAJ-MICRO-V1,12043,194,configured_scale,,,0-3;1-2;2-4,0-3;1-2;2-4,0-3;1-2;2-4,2-4|0-3|1-2|NULL,2-4|0-3|1-2|NULL,3,4,4,2,8,32,1,1,1,0,0.0,15,1
TRAJ-MICRO-V1,12043,194,zero_scale,,,0-3;1-2;2-4,0-3;1-2;2-4,0-3;1-2;2-4,2-4|0-3|1-2|NULL,2-4|0-3|1-2|NULL,3,4,4,2,8,32,1,1,1,0,0.0,15,1
TRAJ-MICRO-V1,12043,195,configured_scale,,,0-4;1-2;2-3,0-4;1-2;2-3,0-4;1-2;2-3,0-4|1-2|2-3|NULL,0-4|1-2|2-3|NULL,3,4,4,2,8,32,1,1,1,0,0.0,15,1
TRAJ-MICRO-V1,12043,195,zero_scale,,,0-2;1-4;2-3,0-2;1-4;2-3,0-2;1-4;2-3,0-2|1-4|2-3|NULL,0-2|1-4|2-3|NULL,3,4,4,2,8,32,1,1,1,0,0.0,15,1
TRAJ-MICRO-V1,12043,196,configured_scale,,,0-4;1-2;2-3,0-4;1-2;2-3,0-4;1-2;2-3,0-4|1-2|2-3|NULL,0-4|1-2|2-3|NULL,3,4,4,2,8,32,1,1,1,0,0.0,15,1
TRAJ-MICRO-V1,12043,196,zero_scale,,,0-1;1-3;2-4,0-1;1-3;2-4,0-1;1-3;2-4,0-1|1-3|2-4|NULL,0-1|1-3|2-4|NULL,3,4,4,2,8,32,1,1,1,0,0.0,15,1
TRAJ-MICRO-V1,12043,197,configured_scale,,,0-0;1-2;2-4,0-0;1-2;2-4,0-0;1-2;2-4,0-0|2-4|1-2|NULL,0-0|2-4|1-2|NULL,3,4,4,2,8,32,1,1,1,0,0.0,15,1
TRAJ-MICRO-V1,12043,197,zero_scale,,,0-0;1-2;2-4,0-0;1-2;2-4,0-0;1-2;2-4,0-0|1-2|2-4|NULL,0-0|1-2|2-4|NULL,3,4,4,2,8,32,1,1,1,0,0.0,15,1
TRAJ-MICRO-V1,12043,198,configured_scale,,,0-1;1-4;2-3,0-1;1-4;2-3,0-1;1-4;2-3,0-1|1-4|2-3|NULL,0-1|1-4|2-3|NULL,3,4,4,2,8,32,1,1,1,0,0.0,15,1
TRAJ-MICRO-V1,12043,198,zero_scale,,,0-1;1-4;2-3,0-1;1-4;2-3,0-1;1-4;2-3,0-1|1-4|2-3|NULL,0-1|1-4|2-3|NULL,3,4,4,2,8,32,1,1,1,0,0.0,15,1
TRAJ-MICRO-V1,12043,199,configured_scale,,,0-0;1-3;2-4,0-0;1-3;2-4,0-0;1-3;2-4,0-0|1-3|2-4|NULL,0-0|1-3|2-4|NULL,3,4,4,2,8,32,1,1,1,0,0.0,15,1
TRAJ-MICRO-V1,12043,199,zero_scale,,,0-1;1-3;2-4,0-1;1-3;2-4,0-1;1-3;2-4,0-1|1-3|2-4|NULL,0-1|1-3|2-4|NULL,3,4,4,2,8,32,1,1,1,0,0.0,15,1
TRAJ-MICRO-V1,12043,200,configured_scale,,,0-0;1-2;2-3,0-0;1-2;2-3,0-0;1-2;2-3,0-0|1-2|2-3|NULL,0-0|1-2|2-3|NULL,3,4,4,2,8,32,1,1,1,0,0.0,15,1
TRAJ-MICRO-V1,12043,200,zero_scale,,,0-0;1-2;2-4,0-0;1-2;2-4,0-0;1-2;2-4,0-0|1-2|2-4|NULL,0-0|1-2|2-4|NULL,3,4,4,2,8,32,1,1,1,0,0.0,15,1
TRAJ-MICRO-V1,12043,201,configured_scale,,,0-2;1-3;2-4,0-2;1-3;2-4,0-2;1-3;2-4,1-3|0-2|2-4|NULL,1-3|0-2|2-4|NULL,3,4,4,2,8,32,1,1,1,0,0.0,15,1
TRAJ-MICRO-V1,12043,201,zero_scale,,,0-2;1-3;2-4,0-2;1-3;2-4,0-2;1-3;2-4,1-3|2-4|0-2|NULL,1-3|2-4|0-2|NULL,3,4,4,2,8,32,1,1,1,0,0.0,15,1
TRAJ-MICRO-V1,12043,202,configured_scale,,,0-1;1-3;2-4,0-1;1-3;2-4,0-1;1-3;2-4,1-3|2-4|0-1|NULL,1-3|2-4|0-1|NULL,3,4,4,2,8,32,1,1,1,0,0.0,15,1
TRAJ-MICRO-V1,12043,202,zero_scale,,,0-1;1-3;2-4,0-1;1-3;2-4,0-1;1-3;2-4,1-3|2-4|0-1|NULL,1-3|2-4|0-1|NULL,3,4,4,2,8,32,1,1,1,0,0.0,15,1
TRAJ-MICRO-V1,12043,203,configured_scale,,,0-3;1-2;2-4,0-3;1-2;2-4,0-3;1-2;2-4,2-4|1-2|0-3|NULL,2-4|1-2|0-3|NULL,3,4,4,2,8,32,1,1,1,0,0.0,15,1
TRAJ-MICRO-V1,12043,203,zero_scale,,,0-3;1-2;2-4,0-3;1-2;2-4,0-3;1-2;2-4,1-2|2-4|0-3|NULL,1-2|2-4|0-3|NULL,3,4,4,2,8,32,1,1,1,0,0.0,15,1
TRAJ-MICRO-V1,12043,204,configured_scale,,,0-1;1-2;2-4,0-1;1-2;2-4,0-1;1-2;2-4,1-2|2-4|0-1|NULL,1-2|2-4|0-1|NULL,3,4,4,2,8,32,1,1,1,0,0.0,15,1
TRAJ-MICRO-V1,12043,204,zero_scale,,,0-1;1-2;2-3,0-1;1-2;2-3,0-1;1-2;2-3,1-2|2-3|0-1|NULL,1-2|2-3|0-1|NULL,3,4,4,2,8,32,1,1,1,0,0.0,15,1
TRAJ-MICRO-V1,12043,205,configured_scale,,,0-1;1-3;2-4,0-1;1-3;2-4,0-1;1-3;2-4,1-3|2-4|0-1|NULL,1-3|2-4|0-1|NULL,3,4,4,2,8,32,1,1,1,0,0.0,15,1
TRAJ-MICRO-V1,12043,205,zero_scale,,,0-1;1-3;2-2,0-1;1-3;2-2,0-1;1-3;2-2,1-3|2-2|0-1|NULL,1-3|2-2|0-1|NULL,3,4,4,2,8,32,1,1,1,0,0.0,15,1
TRAJ-MICRO-V1,12043,206,configured_scale,,,0-1;1-2;2-4,0-1;1-2;2-4,0-1;1-2;2-4,1-2|2-4|0-1|NULL,1-2|2-4|0-1|NULL,3,4,4,2,8,32,1,1,1,0,0.0,15,1
TRAJ-MICRO-V1,12043,206,zero_scale,,,0-1;1-2;2-4,0-1;1-2;2-4,0-1;1-2;2-4,1-2|2-4|0-1|NULL,1-2|2-4|0-1|NULL,3,4,4,2,8,32,1,1,1,0,0.0,15,1
TRAJ-MICRO-V1,12043,207,configured_scale,,,0-1;1-2;2-0,0-1;1-2;2-0,0-1;1-2;2-0,2-0|1-2|0-1|NULL,2-0|1-2|0-1|NULL,3,4,4,2,8,32,1,1,1,0,0.0,15,1
TRAJ-MICRO-V1,12043,207,zero_scale,,,0-2;1-1;2-3,0-2;1-1;2-3,0-2;1-1;2-3,1-1|2-3|0-2|NULL,1-1|2-3|0-2|NULL,3,4,4,2,8,32,1,1,1,0,0.0,15,1
TRAJ-MICRO-V1,12043,208,configured_scale,,,0-1;1-3;2-4,0-1;1-3;2-4,0-1;1-3;2-4,1-3|2-4|0-1|NULL,1-3|2-4|0-1|NULL,3,4,4,2,8,32,1,1,1,0,0.0,15,1
TRAJ-MICRO-V1,12043,208,zero_scale,,,0-1;1-3;2-2,0-1;1-3;2-2,0-1;1-3;2-2,1-3|0-1|2-2|NULL,1-3|0-1|2-2|NULL,3,4,4,2,8,32,1,1,1,0,0.0,15,1
TRAJ-MICRO-V1,12043,209,configured_scale,,,0-0;1-2;2-4,0-0;1-2;2-4,0-0;1-2;2-4,2-4|1-2|0-0|NULL,2-4|1-2|0-0|NULL,3,4,4,2,8,32,1,1,1,0,0.0,15,1
TRAJ-MICRO-V1,12043,209,zero_scale,,,0-0;1-2;2-4,0-0;1-2;2-4,0-0;1-2;2-4,1-2|2-4|0-0|NULL,1-2|2-4|0-0|NULL,3,4,4,2,8,32,1,1,1,0,0.0,15,1
TRAJ-MICRO-V1,12043,210,configured_scale,,,0-1;1-2;2-0,0-1;1-2;2-0,0-1;1-2;2-0,2-0|1-2|0-1|NULL,2-0|1-2|0-1|NULL,3,4,4,2,8,32,1,1,1,0,0.0,15,1
TRAJ-MICRO-V1,12043,210,zero_scale,,,0-1;1-2;2-3,0-1;1-2;2-3,0-1;1-2;2-3,2-3|1-2|0-1|NULL,2-3|1-2|0-1|NULL,3,4,4,2,8,32,1,1,1,0,0.0,15,1
TRAJ-MICRO-V1,12043,211,configured_scale,,,0-0;1-3;2-4,0-0;1-3;2-4,0-0;1-3;2-4,2-4|1-3|0-0|NULL,2-4|1-3|0-0|NULL,3,4,4,2,8,32,1,1,1,0,0.0,15,1
TRAJ-MICRO-V1,12043,211,zero_scale,,,0-1;1-3;2-4,0-1;1-3;2-4,0-1;1-3;2-4,2-4|1-3|0-1|NULL,2-4|1-3|0-1|NULL,3,4,4,2,8,32,1,1,1,0,0.0,15,1
TRAJ-MICRO-V1,12043,212,configured_scale,,,0-0;1-2;2-4,0-0;1-2;2-4,0-0;1-2;2-4,2-4|0-0|1-2|NULL,2-4|0-0|1-2|NULL,3,4,4,2,8,32,1,1,1,0,0.0,15,1
TRAJ-MICRO-V1,12043,212,zero_scale,,,0-0;1-2;2-4,0-0;1-2;2-4,0-0;1-2;2-4,2-4|1-2|0-0|NULL,2-4|1-2|0-0|NULL,3,4,4,2,8,32,1,1,1,0,0.0,15,1
TRAJ-MICRO-V1,12043,213,configured_scale,,,0-1;1-0;2-4,0-1;1-0;2-4,0-1;1-0;2-4,2-4|1-0|0-1|NULL,2-4|1-0|0-1|NULL,3,4,4,2,8,32,1,1,1,0,0.0,15,1
TRAJ-MICRO-V1,12043,213,zero_scale,,,0-0;1-1;2-3,0-0;1-1;2-3,0-0;1-1;2-3,2-3|1-1|0-0|NULL,2-3|1-1|0-0|NULL,3,4,4,2,8,32,1,1,1,0,0.0,15,1
TRAJ-MICRO-V1,12043,214,configured_scale,,,0-1;1-0;2-4,0-1;1-0;2-4,0-1;1-0;2-4,2-4|1-0|0-1|NULL,2-4|1-0|0-1|NULL,3,4,4,2,8,32,1,1,1,0,0.0,15,1
TRAJ-MICRO-V1,12043,214,zero_scale,,,0-1;1-0;2-4,0-1;1-0;2-4,0-1;1-0;2-4,2-4|1-0|0-1|NULL,2-4|1-0|0-1|NULL,3,4,4,2,8,32,1,1,1,0,0.0,15,1
TRAJ-MICRO-V1,12043,215,configured_scale,,,0-0;1-2;2-4,0-0;1-2;2-4,0-0;1-2;2-4,2-4|0-0|1-2|NULL,2-4|0-0|1-2|NULL,3,4,4,2,8,32,1,1,1,0,0.0,15,1
TRAJ-MICRO-V1,12043,215,zero_scale,,,0-0;1-2;2-4,0-0;1-2;2-4,0-0;1-2;2-4,2-4|0-0|1-2|NULL,2-4|0-0|1-2|NULL,3,4,4,2,8,32,1,1,1,0,0.0,15,1
TRAJ-MICRO-V1,12043,216,configured_scale,,,0-2;1-1;2-0,0-2;1-1;2-0,0-2;1-1;2-0,2-0|1-1|0-2|NULL,2-0|1-1|0-2|NULL,3,4,4,2,8,32,1,1,1,0,0.0,15,1
TRAJ-MICRO-V1,12043,216,zero_scale,,,0-2;1-1;2-0,0-2;1-1;2-0,0-2;1-1;2-0,2-0|1-1|0-2|NULL,2-0|1-1|0-2|NULL,3,4,4,2,8,32,1,1,1,0,0.0,15,1
TRAJ-MICRO-V1,12043,217,configured_scale,,,0-0;1-3;2-4,0-0;1-3;2-4,0-0;1-3;2-4,0-0|2-4|1-3|NULL,0-0|2-4|1-3|NULL,3,4,4,2,8,32,1,1,1,0,0.0,15,1
TRAJ-MICRO-V1,12043,217,zero_scale,,,0-0;1-3;2-2,0-0;1-3;2-2,0-0;1-3;2-2,0-0|2-2|1-3|NULL,0-0|2-2|1-3|NULL,3,4,4,2,8,32,1,1,1,0,0.0,15,1
TRAJ-MICRO-V1,12043,218,configured_scale,,,0-0;1-2;2-4,0-0;1-2;2-4,0-0;1-2;2-4,0-0|2-4|1-2|NULL,0-0|2-4|1-2|NULL,3,4,4,2,8,32,1,1,1,0,0.0,15,1
TRAJ-MICRO-V1,12043,218,zero_scale,,,0-0;1-2;2-4,0-0;1-2;2-4,0-0;1-2;2-4,0-0|1-2|2-4|NULL,0-0|1-2|2-4|NULL,3,4,4,2,8,32,1,1,1,0,0.0,15,1
TRAJ-MICRO-V1,12043,219,configured_scale,,,0-1;1-2;2-0,0-1;1-2;2-0,0-1;1-2;2-0,2-0|0-1|1-2|NULL,2-0|0-1|1-2|NULL,3,4,4,2,8,32,1,1,1,0,0.0,15,1
TRAJ-MICRO-V1,12043,219,zero_scale,,,0-0;1-1;2-3,0-0;1-1;2-3,0-0;1-1;2-3,1-1|0-0|2-3|NULL,1-1|0-0|2-3|NULL,3,4,4,2,8,32,1,1,1,0,0.0,15,1
TRAJ-MICRO-V1,12043,220,configured_scale,,,0-1;1-0;2-4,0-1;1-0;2-4,0-1;1-0;2-4,1-0|0-1|2-4|NULL,1-0|0-1|2-4|NULL,3,4,4,2,8,32,1,1,1,0,0.0,15,1
TRAJ-MICRO-V1,12043,220,zero_scale,,,0-1;1-2;2-4,0-1;1-2;2-4,0-1;1-2;2-4,0-1|1-2|2-4|NULL,0-1|1-2|2-4|NULL,3,4,4,2,8,32,1,1,1,0,0.0,15,1
TRAJ-MICRO-V1,12043,221,configured_scale,,,0-3;1-2;2-1,0-3;1-2;2-1,0-3;1-2;2-1,1-2|2-1|0-3|NULL,1-2|2-1|0-3|NULL,3,4,4,2,8,32,1,1,1,0,0.0,15,1
TRAJ-MICRO-V1,12043,221,zero_scale,,,0-0;1-2;2-1,0-0;1-2;2-1,0-0;1-2;2-1,1-2|2-1|0-0|NULL,1-2|2-1|0-0|NULL,3,4,4,2,8,32,1,1,1,0,0.0,15,1
TRAJ-MICRO-V1,12043,222,configured_scale,,,0-1;1-2;2-0,0-1;1-2;2-0,0-1;1-2;2-0,1-2|2-0|0-1|NULL,1-2|2-0|0-1|NULL,3,4,4,2,8,32,1,1,1,0,0.0,15,1
TRAJ-MICRO-V1,12043,222,zero_scale,,,0-2;1-1;2-3,0-2;1-1;2-3,0-2;1-1;2-3,1-1|0-2|2-3|NULL,1-1|0-2|2-3|NULL,3,4,4,2,8,32,1,1,1,0,0.0,15,1
TRAJ-MICRO-V1,12043,223,configured_scale,,,0-1;1-2;2-4,0-1;1-2;2-4,0-1;1-2;2-4,1-2|0-1|2-4|NULL,1-2|0-1|2-4|NULL,3,4,4,2,8,32,1,1,1,0,0.0,15,1
TRAJ-MICRO-V1,12043,223,zero_scale,,,0-1;1-2;2-4,0-1;1-2;2-4,0-1;1-2;2-4,1-2|0-1|2-4|NULL,1-2|0-1|2-4|NULL,3,4,4,2,8,32,1,1,1,0,0.0,15,1
TRAJ-MICRO-V1,12043,224,configured_scale,,,0-1;1-2;2-4,0-1;1-2;2-4,0-1;1-2;2-4,1-2|0-1|2-4|NULL,1-2|0-1|2-4|NULL,3,4,4,2,8,32,1,1,1,0,0.0,15,1
TRAJ-MICRO-V1,12043,224,zero_scale,,,0-3;1-2;2-1,0-3;1-2;2-1,0-3;1-2;2-1,1-2|0-3|2-1|NULL,1-2|0-3|2-1|NULL,3,4,4,2,8,32,1,1,1,0,0.0,15,1
TRAJ-MICRO-V1,12043,225,configured_scale,,,0-1;1-2;2-0,0-1;1-2;2-0,0-1;1-2;2-0,1-2|0-1|2-0|NULL,1-2|0-1|2-0|NULL,3,4,4,2,8,32,1,1,1,0,0.0,15,1
TRAJ-MICRO-V1,12043,225,zero_scale,,,0-1;1-2;2-3,0-1;1-2;2-3,0-1;1-2;2-3,1-2|0-1|2-3|NULL,1-2|0-1|2-3|NULL,3,4,4,2,8,32,1,1,1,0,0.0,15,1
TRAJ-MICRO-V1,12043,226,configured_scale,,,0-1;1-0;2-2,0-1;1-0;2-2,0-1;1-0;2-2,0-1|1-0|2-2|NULL,0-1|1-0|2-2|NULL,3,4,4,2,8,32,1,1,1,0,0.0,15,1
TRAJ-MICRO-V1,12043,226,zero_scale,,,0-1;1-2;2-3,0-1;1-2;2-3,0-1;1-2;2-3,0-1|1-2|2-3|NULL,0-1|1-2|2-3|NULL,3,4,4,2,8,32,1,1,1,0,0.0,15,1
TRAJ-MICRO-V1,12043,227,configured_scale,,,0-0;1-3;2-4,0-0;1-3;2-4,0-0;1-3;2-4,0-0|1-3|2-4|NULL,0-0|1-3|2-4|NULL,3,4,4,2,8,32,1,1,1,0,0.0,15,1
TRAJ-MICRO-V1,12043,227,zero_scale,,,0-0;1-2;2-4,0-0;1-2;2-4,0-0;1-2;2-4,0-0|1-2|2-4|NULL,0-0|1-2|2-4|NULL,3,4,4,2,8,32,1,1,1,0,0.0,15,1
TRAJ-MICRO-V1,12043,228,configured_scale,,,0-0;1-4;2-3,0-0;1-4;2-3,0-0;1-4;2-3,0-0|2-3|1-4|NULL,0-0|2-3|1-4|NULL,3,4,4,2,8,32,1,1,1,0,0.0,15,1
TRAJ-MICRO-V1,12043,228,zero_scale,,,0-1;1-3;2-4,0-1;1-3;2-4,0-1;1-3;2-4,0-1|1-3|2-4|NULL,0-1|1-3|2-4|NULL,3,4,4,2,8,32,1,1,1,0,0.0,15,1
TRAJ-MICRO-V1,12043,229,configured_scale,,,0-4;1-3;2-2,0-4;1-3;2-2,0-4;1-3;2-2,0-4|1-3|2-2|NULL,0-4|1-3|2-2|NULL,3,4,4,2,8,32,1,1,1,0,0.0,15,1
TRAJ-MICRO-V1,12043,229,zero_scale,,,0-1;1-3;2-4,0-1;1-3;2-4,0-1;1-3;2-4,0-1|1-3|2-4|NULL,0-1|1-3|2-4|NULL,3,4,4,2,8,32,1,1,1,0,0.0,15,1
TRAJ-MICRO-V1,12043,230,configured_scale,,,0-3;1-2;2-4,0-3;1-2;2-4,0-3;1-2;2-4,2-4|0-3|1-2|NULL,2-4|0-3|1-2|NULL,3,4,4,2,8,32,1,1,1,0,0.0,15,1
TRAJ-MICRO-V1,12043,230,zero_scale,,,0-0;1-2;2-4,0-0;1-2;2-4,0-0;1-2;2-4,2-4|0-0|1-2|NULL,2-4|0-0|1-2|NULL,3,4,4,2,8,32,1,1,1,0,0.0,15,1
TRAJ-MICRO-V1,12043,231,configured_scale,,,0-2;1-3;2-4,0-2;1-3;2-4,0-2;1-3;2-4,2-4|0-2|1-3|NULL,2-4|0-2|1-3|NULL,3,4,4,2,8,32,1,1,1,0,0.0,15,1
TRAJ-MICRO-V1,12043,231,zero_scale,,,0-2;1-3;2-4,0-2;1-3;2-4,0-2;1-3;2-4,2-4|0-2|1-3|NULL,2-4|0-2|1-3|NULL,3,4,4,2,8,32,1,1,1,0,0.0,15,1
TRAJ-MICRO-V1,12043,232,configured_scale,,,0-1;1-3;2-4,0-1;1-3;2-4,0-1;1-3;2-4,2-4|0-1|1-3|NULL,2-4|0-1|1-3|NULL,3,4,4,2,8,32,1,1,1,0,0.0,15,1
TRAJ-MICRO-V1,12043,232,zero_scale,,,0-1;1-3;2-4,0-1;1-3;2-4,0-1;1-3;2-4,2-4|1-3|0-1|NULL,2-4|1-3|0-1|NULL,3,4,4,2,8,32,1,1,1,0,0.0,15,1
TRAJ-MICRO-V1,12043,233,configured_scale,,,0-0;1-3;2-4,0-0;1-3;2-4,0-0;1-3;2-4,2-4|1-3|0-0|NULL,2-4|1-3|0-0|NULL,3,4,4,2,8,32,1,1,1,0,0.0,15,1
TRAJ-MICRO-V1,12043,233,zero_scale,,,0-0;1-3;2-4,0-0;1-3;2-4,0-0;1-3;2-4,2-4|1-3|0-0|NULL,2-4|1-3|0-0|NULL,3,4,4,2,8,32,1,1,1,0,0.0,15,1
TRAJ-MICRO-V1,12043,234,configured_scale,,,0-2;1-3;2-4,0-2;1-3;2-4,0-2;1-3;2-4,2-4|1-3|0-2|NULL,2-4|1-3|0-2|NULL,3,4,4,2,8,32,1,1,1,0,0.0,15,1
TRAJ-MICRO-V1,12043,234,zero_scale,,,0-2;1-4;2-3,0-2;1-4;2-3,0-2;1-4;2-3,1-4|2-3|0-2|NULL,1-4|2-3|0-2|NULL,3,4,4,2,8,32,1,1,1,0,0.0,15,1
TRAJ-MICRO-V1,12043,235,configured_scale,,,0-1;1-3;2-4,0-1;1-3;2-4,0-1;1-3;2-4,2-4|1-3|0-1|NULL,2-4|1-3|0-1|NULL,3,4,4,2,8,32,1,1,1,0,0.0,15,1
TRAJ-MICRO-V1,12043,235,zero_scale,,,0-1;1-3;2-4,0-1;1-3;2-4,0-1;1-3;2-4,1-3|2-4|0-1|NULL,1-3|2-4|0-1|NULL,3,4,4,2,8,32,1,1,1,0,0.0,15,1
TRAJ-MICRO-V1,12043,236,configured_scale,,,0-3;1-2;2-4,0-3;1-2;2-4,0-3;1-2;2-4,2-4|1-2|0-3|NULL,2-4|1-2|0-3|NULL,3,4,4,2,8,32,1,1,1,0,0.0,15,1
TRAJ-MICRO-V1,12043,236,zero_scale,,,0-3;1-2;2-4,0-3;1-2;2-4,0-3;1-2;2-4,1-2|2-4|0-3|NULL,1-2|2-4|0-3|NULL,3,4,4,2,8,32,1,1,1,0,0.0,15,1
TRAJ-MICRO-V1,12043,237,configured_scale,,,0-1;1-2;2-3,0-1;1-2;2-3,0-1;1-2;2-3,2-3|1-2|0-1|NULL,2-3|1-2|0-1|NULL,3,4,4,2,8,32,1,1,1,0,0.0,15,1
TRAJ-MICRO-V1,12043,237,zero_scale,,,0-2;1-3;2-4,0-2;1-3;2-4,0-2;1-3;2-4,1-3|0-2|2-4|NULL,1-3|0-2|2-4|NULL,3,4,4,2,8,32,1,1,1,0,0.0,15,1
TRAJ-MICRO-V1,12043,238,configured_scale,,,0-4;1-3;2-2,0-4;1-3;2-2,0-4;1-3;2-2,1-3|2-2|0-4|NULL,1-3|2-2|0-4|NULL,3,4,4,2,8,32,1,1,1,0,0.0,15,1
TRAJ-MICRO-V1,12043,238,zero_scale,,,0-1;1-3;2-2,0-1;1-3;2-2,0-1;1-3;2-2,1-3|0-1|2-2|NULL,1-3|0-1|2-2|NULL,3,4,4,2,8,32,1,1,1,0,0.0,15,1
TRAJ-MICRO-V1,12043,239,configured_scale,,,0-3;1-2;2-4,0-3;1-2;2-4,0-3;1-2;2-4,1-2|2-4|0-3|NULL,1-2|2-4|0-3|NULL,3,4,4,2,8,32,1,1,1,0,0.0,15,1
TRAJ-MICRO-V1,12043,239,zero_scale,,,0-3;1-2;2-4,0-3;1-2;2-4,0-3;1-2;2-4,1-2|0-3|2-4|NULL,1-2|0-3|2-4|NULL,3,4,4,2,8,32,1,1,1,0,0.0,15,1
TRAJ-MICRO-V1,12043,240,configured_scale,,,0-1;1-2;2-3,0-1;1-2;2-3,0-1;1-2;2-3,1-2|2-3|0-1|NULL,1-2|2-3|0-1|NULL,3,4,4,2,8,32,1,1,1,0,0.0,15,1
TRAJ-MICRO-V1,12043,240,zero_scale,,,0-1;1-2;2-3,0-1;1-2;2-3,0-1;1-2;2-3,1-2|2-3|0-1|NULL,1-2|2-3|0-1|NULL,3,4,4,2,8,32,1,1,1,0,0.0,15,1
TRAJ-MICRO-V1,12049,1,exploration_public_assignment,3,4,0-0;1-2;2-1,0-0;1-2;2-1,0-0;1-2;2-1,PUBLIC:0-0;1-2;2-1,PUBLIC:0-0;1-2;2-1,3,0,0,0,0,0,1,1,1,0,0.0,15,1
TRAJ-MICRO-V1,12049,2,exploration_public_assignment,10,11,0-0;1-4;2-2,0-0;1-4;2-2,0-0;1-4;2-2,PUBLIC:0-0;1-4;2-2,PUBLIC:0-0;1-4;2-2,3,0,0,0,0,0,1,1,1,0,0.0,15,1
TRAJ-MICRO-V1,12049,3,exploration_public_assignment,17,18,0-1;1-2;2-4,0-1;1-2;2-4,0-1;1-2;2-4,PUBLIC:0-1;1-2;2-4,PUBLIC:0-1;1-2;2-4,3,0,0,0,0,0,1,1,1,0,0.0,15,1
TRAJ-MICRO-V1,12049,4,exploration_public_assignment,24,25,0-2;1-0;2-1,0-2;1-0;2-1,0-2;1-0;2-1,PUBLIC:0-2;1-0;2-1,PUBLIC:0-2;1-0;2-1,3,0,0,0,0,0,1,1,1,0,0.0,15,1
TRAJ-MICRO-V1,12049,5,exploration_public_assignment,31,32,0-2;1-3;2-1,0-2;1-3;2-1,0-2;1-3;2-1,PUBLIC:0-2;1-3;2-1,PUBLIC:0-2;1-3;2-1,3,0,0,0,0,0,1,1,1,0,0.0,15,1
TRAJ-MICRO-V1,12049,6,exploration_public_assignment,38,39,0-3;1-0;2-4,0-3;1-0;2-4,0-3;1-0;2-4,PUBLIC:0-3;1-0;2-4,PUBLIC:0-3;1-0;2-4,3,0,0,0,0,0,1,1,1,0,0.0,15,1
TRAJ-MICRO-V1,12049,7,exploration_public_assignment,45,46,0-3;1-4;2-0,0-3;1-4;2-0,0-3;1-4;2-0,PUBLIC:0-3;1-4;2-0,PUBLIC:0-3;1-4;2-0,3,0,0,0,0,0,1,1,1,0,0.0,15,1
TRAJ-MICRO-V1,12049,8,exploration_public_assignment,52,53,0-4;1-1;2-2,0-4;1-1;2-2,0-4;1-1;2-2,PUBLIC:0-4;1-1;2-2,PUBLIC:0-4;1-1;2-2,3,0,0,0,0,0,1,1,1,0,0.0,15,1
TRAJ-MICRO-V1,12049,9,exploration_public_assignment,59,60,0-4;1-3;2-2,0-4;1-3;2-2,0-4;1-3;2-2,PUBLIC:0-4;1-3;2-2,PUBLIC:0-4;1-3;2-2,3,0,0,0,0,0,1,1,1,0,0.0,15,1
TRAJ-MICRO-V1,12049,10,exploration_public_assignment,6,7,0-0;1-3;2-1,0-0;1-3;2-1,0-0;1-3;2-1,PUBLIC:0-0;1-3;2-1,PUBLIC:0-0;1-3;2-1,3,0,0,0,0,0,1,1,1,0,0.0,15,1
TRAJ-MICRO-V1,12049,11,exploration_public_assignment,13,14,0-1;1-0;2-3,0-1;1-0;2-3,0-1;1-0;2-3,PUBLIC:0-1;1-0;2-3,PUBLIC:0-1;1-0;2-3,3,0,0,0,0,0,1,1,1,0,0.0,15,1
TRAJ-MICRO-V1,12049,12,exploration_public_assignment,20,21,0-1;1-3;2-4,0-1;1-3;2-4,0-1;1-3;2-4,PUBLIC:0-1;1-3;2-4,PUBLIC:0-1;1-3;2-4,3,0,0,0,0,0,1,1,1,0,0.0,15,1
TRAJ-MICRO-V1,12049,13,exploration_public_assignment,27,28,0-2;1-1;2-0,0-2;1-1;2-0,0-2;1-1;2-0,PUBLIC:0-2;1-1;2-0,PUBLIC:0-2;1-1;2-0,3,0,0,0,0,0,1,1,1,0,0.0,15,1
TRAJ-MICRO-V1,12049,14,exploration_public_assignment,34,35,0-2;1-4;2-1,0-2;1-4;2-1,0-2;1-4;2-1,PUBLIC:0-2;1-4;2-1,PUBLIC:0-2;1-4;2-1,3,0,0,0,0,0,1,1,1,0,0.0,15,1
TRAJ-MICRO-V1,12049,15,exploration_public_assignment,41,42,0-3;1-1;2-4,0-3;1-1;2-4,0-3;1-1;2-4,PUBLIC:0-3;1-1;2-4,PUBLIC:0-3;1-1;2-4,3,0,0,0,0,0,1,1,1,0,0.0,15,1
TRAJ-MICRO-V1,12049,16,exploration_public_assignment,48,49,0-4;1-0;2-1,0-4;1-0;2-1,0-4;1-0;2-1,PUBLIC:0-4;1-0;2-1,PUBLIC:0-4;1-0;2-1,3,0,0,0,0,0,1,1,1,0,0.0,15,1
TRAJ-MICRO-V1,12049,17,exploration_public_assignment,55,56,0-4;1-2;2-1,0-4;1-2;2-1,0-4;1-2;2-1,PUBLIC:0-4;1-2;2-1,PUBLIC:0-4;1-2;2-1,3,0,0,0,0,0,1,1,1,0,0.0,15,1
TRAJ-MICRO-V1,12049,18,exploration_public_assignment,2,3,0-0;1-1;2-4,0-0;1-1;2-4,0-0;1-1;2-4,PUBLIC:0-0;1-1;2-4,PUBLIC:0-0;1-1;2-4,3,0,0,0,0,0,1,1,1,0,0.0,15,1
TRAJ-MICRO-V1,12049,19,configured_scale,,,0-1;1-3;2-2,0-1;1-3;2-2,0-1;1-3;2-2,0-1|2-2|1-3|NULL,0-1|2-2|1-3|NULL,3,4,4,2,8,32,1,1,1,0,0.0,15,1
TRAJ-MICRO-V1,12049,19,zero_scale,,,0-1;1-3;2-2,0-1;1-3;2-2,0-1;1-3;2-2,0-1|1-3|2-2|NULL,0-1|1-3|2-2|NULL,3,4,4,2,8,32,1,1,1,0,0.0,15,1
TRAJ-MICRO-V1,12049,20,configured_scale,,,0-0;1-2;2-1,0-0;1-2;2-1,0-0;1-2;2-1,1-2|2-1|0-0|NULL,1-2|2-1|0-0|NULL,3,4,4,2,8,32,1,1,1,0,0.0,15,1
TRAJ-MICRO-V1,12049,20,zero_scale,,,0-3;1-2;2-1,0-3;1-2;2-1,0-3;1-2;2-1,1-2|0-3|2-1|NULL,1-2|0-3|2-1|NULL,3,4,4,2,8,32,1,1,1,0,0.0,15,1
TRAJ-MICRO-V1,12049,21,configured_scale,,,0-4;1-1;2-0,0-4;1-1;2-0,0-4;1-1;2-0,1-1|2-0|0-4|NULL,1-1|2-0|0-4|NULL,3,4,4,2,8,32,1,1,1,0,0.0,15,1
TRAJ-MICRO-V1,12049,21,zero_scale,,,0-2;1-1;2-3,0-2;1-1;2-3,0-2;1-1;2-3,1-1|0-2|2-3|NULL,1-1|0-2|2-3|NULL,3,4,4,2,8,32,1,1,1,0,0.0,15,1
TRAJ-MICRO-V1,12049,22,configured_scale,,,0-4;1-3;2-2,0-4;1-3;2-2,0-4;1-3;2-2,0-4|1-3|2-2|NULL,0-4|1-3|2-2|NULL,3,4,4,2,8,32,1,1,1,0,0.0,15,1
TRAJ-MICRO-V1,12049,22,zero_scale,,,0-1;1-3;2-2,0-1;1-3;2-2,0-1;1-3;2-2,0-1|1-3|2-2|NULL,0-1|1-3|2-2|NULL,3,4,4,2,8,32,1,1,1,0,0.0,15,1
TRAJ-MICRO-V1,12049,23,configured_scale,,,0-1;1-2;2-4,0-1;1-2;2-4,0-1;1-2;2-4,2-4|0-1|1-2|NULL,2-4|0-1|1-2|NULL,3,4,4,2,8,32,1,1,1,0,0.0,15,1
TRAJ-MICRO-V1,12049,23,zero_scale,,,0-1;1-2;2-4,0-1;1-2;2-4,0-1;1-2;2-4,0-1|1-2|2-4|NULL,0-1|1-2|2-4|NULL,3,4,4,2,8,32,1,1,1,0,0.0,15,1
TRAJ-MICRO-V1,12049,24,configured_scale,,,0-0;1-4;2-3,0-0;1-4;2-3,0-0;1-4;2-3,0-0|2-3|1-4|NULL,0-0|2-3|1-4|NULL,3,4,4,2,8,32,1,1,1,0,0.0,15,1
TRAJ-MICRO-V1,12049,24,zero_scale,,,0-0;1-1;2-3,0-0;1-1;2-3,0-0;1-1;2-3,0-0|1-1|2-3|NULL,0-0|1-1|2-3|NULL,3,4,4,2,8,32,1,1,1,0,0.0,15,1
TRAJ-MICRO-V1,12049,25,configured_scale,,,0-1;1-3;2-4,0-1;1-3;2-4,0-1;1-3;2-4,0-1|1-3|2-4|NULL,0-1|1-3|2-4|NULL,3,4,4,2,8,32,1,1,1,0,0.0,15,1
TRAJ-MICRO-V1,12049,25,zero_scale,,,0-1;1-0;2-4,0-1;1-0;2-4,0-1;1-0;2-4,0-1|1-0|2-4|NULL,0-1|1-0|2-4|NULL,3,4,4,2,8,32,1,1,1,0,0.0,15,1
TRAJ-MICRO-V1,12049,26,configured_scale,,,0-0;1-2;2-4,0-0;1-2;2-4,0-0;1-2;2-4,2-4|0-0|1-2|NULL,2-4|0-0|1-2|NULL,3,4,4,2,8,32,1,1,1,0,0.0,15,1
TRAJ-MICRO-V1,12049,26,zero_scale,,,0-0;1-2;2-4,0-0;1-2;2-4,0-0;1-2;2-4,0-0|1-2|2-4|NULL,0-0|1-2|2-4|NULL,3,4,4,2,8,32,1,1,1,0,0.0,15,1
TRAJ-MICRO-V1,12049,27,configured_scale,,,0-2;1-1;2-0,0-2;1-1;2-0,0-2;1-1;2-0,2-0|1-1|0-2|NULL,2-0|1-1|0-2|NULL,3,4,4,2,8,32,1,1,1,0,0.0,15,1
TRAJ-MICRO-V1,12049,27,zero_scale,,,0-0;1-1;2-4,0-0;1-1;2-4,0-0;1-1;2-4,0-0|1-1|2-4|NULL,0-0|1-1|2-4|NULL,3,4,4,2,8,32,1,1,1,0,0.0,15,1
TRAJ-MICRO-V1,12049,28,configured_scale,,,0-1;1-0;2-4,0-1;1-0;2-4,0-1;1-0;2-4,2-4|0-1|1-0|NULL,2-4|0-1|1-0|NULL,3,4,4,2,8,32,1,1,1,0,0.0,15,1
TRAJ-MICRO-V1,12049,28,zero_scale,,,0-1;1-0;2-4,0-1;1-0;2-4,0-1;1-0;2-4,2-4|0-1|1-0|NULL,2-4|0-1|1-0|NULL,3,4,4,2,8,32,1,1,1,0,0.0,15,1
TRAJ-MICRO-V1,12049,29,configured_scale,,,0-0;1-2;2-4,0-0;1-2;2-4,0-0;1-2;2-4,2-4|0-0|1-2|NULL,2-4|0-0|1-2|NULL,3,4,4,2,8,32,1,1,1,0,0.0,15,1
TRAJ-MICRO-V1,12049,29,zero_scale,,,0-0;1-2;2-4,0-0;1-2;2-4,0-0;1-2;2-4,2-4|0-0|1-2|NULL,2-4|0-0|1-2|NULL,3,4,4,2,8,32,1,1,1,0,0.0,15,1
TRAJ-MICRO-V1,12049,30,configured_scale,,,0-0;1-3;2-4,0-0;1-3;2-4,0-0;1-3;2-4,2-4|1-3|0-0|NULL,2-4|1-3|0-0|NULL,3,4,4,2,8,32,1,1,1,0,0.0,15,1
TRAJ-MICRO-V1,12049,30,zero_scale,,,0-0;1-4;2-3,0-0;1-4;2-3,0-0;1-4;2-3,2-3|1-4|0-0|NULL,2-3|1-4|0-0|NULL,3,4,4,2,8,32,1,1,1,0,0.0,15,1
TRAJ-MICRO-V1,12049,31,configured_scale,,,0-4;1-3;2-2,0-4;1-3;2-2,0-4;1-3;2-2,0-4|1-3|2-2|NULL,0-4|1-3|2-2|NULL,3,4,4,2,8,32,1,1,1,0,0.0,15,1
TRAJ-MICRO-V1,12049,31,zero_scale,,,0-4;1-3;2-2,0-4;1-3;2-2,0-4;1-3;2-2,1-3|0-4|2-2|NULL,1-3|0-4|2-2|NULL,3,4,4,2,8,32,1,1,1,0,0.0,15,1
TRAJ-MICRO-V1,12049,32,configured_scale,,,0-3;1-2;2-1,0-3;1-2;2-1,0-3;1-2;2-1,0-3|2-1|1-2|NULL,0-3|2-1|1-2|NULL,3,4,4,2,8,32,1,1,1,0,0.0,15,1
TRAJ-MICRO-V1,12049,32,zero_scale,,,0-0;1-2;2-1,0-0;1-2;2-1,0-0;1-2;2-1,1-2|0-0|2-1|NULL,1-2|0-0|2-1|NULL,3,4,4,2,8,32,1,1,1,0,0.0,15,1
TRAJ-MICRO-V1,12049,33,configured_scale,,,0-4;1-2;2-0,0-4;1-2;2-0,0-4;1-2;2-0,2-0|1-2|0-4|NULL,2-0|1-2|0-4|NULL,3,4,4,2,8,32,1,1,1,0,0.0,15,1
TRAJ-MICRO-V1,12049,33,zero_scale,,,0-2;1-1;2-0,0-2;1-1;2-0,0-2;1-1;2-0,0-2|2-0|1-1|NULL,0-2|2-0|1-1|NULL,3,4,4,2,8,32,1,1,1,0,0.0,15,1
TRAJ-MICRO-V1,12049,34,configured_scale,,,0-4;1-3;2-0,0-4;1-3;2-0,0-4;1-3;2-0,0-4|2-0|1-3|NULL,0-4|2-0|1-3|NULL,3,4,4,2,8,32,1,1,1,0,0.0,15,1
TRAJ-MICRO-V1,12049,34,zero_scale,,,0-4;1-3;2-0,0-4;1-3;2-0,0-4;1-3;2-0,0-4|1-3|2-0|NULL,0-4|1-3|2-0|NULL,3,4,4,2,8,32,1,1,1,0,0.0,15,1
TRAJ-MICRO-V1,12049,35,configured_scale,,,0-3;1-2;2-1,0-3;1-2;2-1,0-3;1-2;2-1,0-3|1-2|2-1|NULL,0-3|1-2|2-1|NULL,3,4,4,2,8,32,1,1,1,0,0.0,15,1
TRAJ-MICRO-V1,12049,35,zero_scale,,,0-3;1-2;2-1,0-3;1-2;2-1,0-3;1-2;2-1,0-3|1-2|2-1|NULL,0-3|1-2|2-1|NULL,3,4,4,2,8,32,1,1,1,0,0.0,15,1
TRAJ-MICRO-V1,12049,36,configured_scale,,,0-4;1-2;2-0,0-4;1-2;2-0,0-4;1-2;2-0,0-4|1-2|2-0|NULL,0-4|1-2|2-0|NULL,3,4,4,2,8,32,1,1,1,0,0.0,15,1
TRAJ-MICRO-V1,12049,36,zero_scale,,,0-2;1-1;2-0,0-2;1-1;2-0,0-2;1-1;2-0,0-2|1-1|2-0|NULL,0-2|1-1|2-0|NULL,3,4,4,2,8,32,1,1,1,0,0.0,15,1
TRAJ-MICRO-V1,12049,37,configured_scale,,,0-1;1-3;2-2,0-1;1-3;2-2,0-1;1-3;2-2,0-1|1-3|2-2|NULL,0-1|1-3|2-2|NULL,3,4,4,2,8,32,1,1,1,0,0.0,15,1
TRAJ-MICRO-V1,12049,37,zero_scale,,,0-1;1-3;2-2,0-1;1-3;2-2,0-1;1-3;2-2,0-1|1-3|2-2|NULL,0-1|1-3|2-2|NULL,3,4,4,2,8,32,1,1,1,0,0.0,15,1
TRAJ-MICRO-V1,12049,38,configured_scale,,,0-0;1-2;2-4,0-0;1-2;2-4,0-0;1-2;2-4,0-0|1-2|2-4|NULL,0-0|1-2|2-4|NULL,3,4,4,2,8,32,1,1,1,0,0.0,15,1
TRAJ-MICRO-V1,12049,38,zero_scale,,,0-0;1-2;2-4,0-0;1-2;2-4,0-0;1-2;2-4,0-0|1-2|2-4|NULL,0-0|1-2|2-4|NULL,3,4,4,2,8,32,1,1,1,0,0.0,15,1
TRAJ-MICRO-V1,12049,39,configured_scale,,,0-2;1-1;2-4,0-2;1-1;2-4,0-2;1-1;2-4,0-2|2-4|1-1|NULL,0-2|2-4|1-1|NULL,3,4,4,2,8,32,1,1,1,0,0.0,15,1
TRAJ-MICRO-V1,12049,39,zero_scale,,,0-2;1-4;2-3,0-2;1-4;2-3,0-2;1-4;2-3,0-2|2-3|1-4|NULL,0-2|2-3|1-4|NULL,3,4,4,2,8,32,1,1,1,0,0.0,15,1
TRAJ-MICRO-V1,12049,40,configured_scale,,,0-1;1-3;2-4,0-1;1-3;2-4,0-1;1-3;2-4,0-1|1-3|2-4|NULL,0-1|1-3|2-4|NULL,3,4,4,2,8,32,1,1,1,0,0.0,15,1
TRAJ-MICRO-V1,12049,40,zero_scale,,,0-1;1-3;2-4,0-1;1-3;2-4,0-1;1-3;2-4,0-1|1-3|2-4|NULL,0-1|1-3|2-4|NULL,3,4,4,2,8,32,1,1,1,0,0.0,15,1
TRAJ-MICRO-V1,12049,41,configured_scale,,,0-3;1-2;2-4,0-3;1-2;2-4,0-3;1-2;2-4,1-2|0-3|2-4|NULL,1-2|0-3|2-4|NULL,3,4,4,2,8,32,1,1,1,0,0.0,15,1
TRAJ-MICRO-V1,12049,41,zero_scale,,,0-0;1-2;2-4,0-0;1-2;2-4,0-0;1-2;2-4,1-2|0-0|2-4|NULL,1-2|0-0|2-4|NULL,3,4,4,2,8,32,1,1,1,0,0.0,15,1
TRAJ-MICRO-V1,12049,42,configured_scale,,,0-0;1-4;2-3,0-0;1-4;2-3,0-0;1-4;2-3,2-3|1-4|0-0|NULL,2-3|1-4|0-0|NULL,3,4,4,2,8,32,1,1,1,0,0.0,15,1
TRAJ-MICRO-V1,12049,42,zero_scale,,,0-0;1-1;2-3,0-0;1-1;2-3,0-0;1-1;2-3,2-3|1-1|0-0|NULL,2-3|1-1|0-0|NULL,3,4,4,2,8,32,1,1,1,0,0.0,15,1
TRAJ-MICRO-V1,12049,43,configured_scale,,,0-1;1-0;2-3,0-1;1-0;2-3,0-1;1-0;2-3,1-0|2-3|0-1|NULL,1-0|2-3|0-1|NULL,3,4,4,2,8,32,1,1,1,0,0.0,15,1
TRAJ-MICRO-V1,12049,43,zero_scale,,,0-1;1-0;2-4,0-1;1-0;2-4,0-1;1-0;2-4,1-0|0-1|2-4|NULL,1-0|0-1|2-4|NULL,3,4,4,2,8,32,1,1,1,0,0.0,15,1
TRAJ-MICRO-V1,12049,44,configured_scale,,,0-1;1-0;2-4,0-1;1-0;2-4,0-1;1-0;2-4,1-0|2-4|0-1|NULL,1-0|2-4|0-1|NULL,3,4,4,2,8,32,1,1,1,0,0.0,15,1
TRAJ-MICRO-V1,12049,44,zero_scale,,,0-0;1-2;2-4,0-0;1-2;2-4,0-0;1-2;2-4,1-2|0-0|2-4|NULL,1-2|0-0|2-4|NULL,3,4,4,2,8,32,1,1,1,0,0.0,15,1
TRAJ-MICRO-V1,12049,45,configured_scale,,,0-0;1-1;2-4,0-0;1-1;2-4,0-0;1-1;2-4,1-1|2-4|0-0|NULL,1-1|2-4|0-0|NULL,3,4,4,2,8,32,1,1,1,0,0.0,15,1
TRAJ-MICRO-V1,12049,45,zero_scale,,,0-2;1-1;2-4,0-2;1-1;2-4,0-2;1-1;2-4,1-1|2-4|0-2|NULL,1-1|2-4|0-2|NULL,3,4,4,2,8,32,1,1,1,0,0.0,15,1
TRAJ-MICRO-V1,12049,46,configured_scale,,,0-1;1-0;2-4,0-1;1-0;2-4,0-1;1-0;2-4,1-0|2-4|0-1|NULL,1-0|2-4|0-1|NULL,3,4,4,2,8,32,1,1,1,0,0.0,15,1
TRAJ-MICRO-V1,12049,46,zero_scale,,,0-1;1-0;2-4,0-1;1-0;2-4,0-1;1-0;2-4,1-0|2-4|0-1|NULL,1-0|2-4|0-1|NULL,3,4,4,2,8,32,1,1,1,0,0.0,15,1
TRAJ-MICRO-V1,12049,47,configured_scale,,,0-1;1-3;2-4,0-1;1-3;2-4,0-1;1-3;2-4,2-4|1-3|0-1|NULL,2-4|1-3|0-1|NULL,3,4,4,2,8,32,1,1,1,0,0.0,15,1
TRAJ-MICRO-V1,12049,47,zero_scale,,,0-3;1-2;2-4,0-3;1-2;2-4,0-3;1-2;2-4,2-4|1-2|0-3|NULL,2-4|1-2|0-3|NULL,3,4,4,2,8,32,1,1,1,0,0.0,15,1
TRAJ-MICRO-V1,12049,48,configured_scale,,,0-4;1-2;2-0,0-4;1-2;2-0,0-4;1-2;2-0,2-0|1-2|0-4|NULL,2-0|1-2|0-4|NULL,3,4,4,2,8,32,1,1,1,0,0.0,15,1
TRAJ-MICRO-V1,12049,48,zero_scale,,,0-3;1-2;2-4,0-3;1-2;2-4,0-3;1-2;2-4,2-4|1-2|0-3|NULL,2-4|1-2|0-3|NULL,3,4,4,2,8,32,1,1,1,0,0.0,15,1
TRAJ-MICRO-V1,12049,49,configured_scale,,,0-3;1-0;2-4,0-3;1-0;2-4,0-3;1-0;2-4,2-4|1-0|0-3|NULL,2-4|1-0|0-3|NULL,3,4,4,2,8,32,1,1,1,0,0.0,15,1
TRAJ-MICRO-V1,12049,49,zero_scale,,,0-1;1-3;2-4,0-1;1-3;2-4,0-1;1-3;2-4,2-4|1-3|0-1|NULL,2-4|1-3|0-1|NULL,3,4,4,2,8,32,1,1,1,0,0.0,15,1
TRAJ-MICRO-V1,12049,50,configured_scale,,,0-4;1-3;2-1,0-4;1-3;2-1,0-4;1-3;2-1,2-1|1-3|0-4|NULL,2-1|1-3|0-4|NULL,3,4,4,2,8,32,1,1,1,0,0.0,15,1
TRAJ-MICRO-V1,12049,50,zero_scale,,,0-3;1-2;2-4,0-3;1-2;2-4,0-3;1-2;2-4,2-4|1-2|0-3|NULL,2-4|1-2|0-3|NULL,3,4,4,2,8,32,1,1,1,0,0.0,15,1
TRAJ-MICRO-V1,12049,51,configured_scale,,,0-3;1-2;2-0,0-3;1-2;2-0,0-3;1-2;2-0,2-0|1-2|0-3|NULL,2-0|1-2|0-3|NULL,3,4,4,2,8,32,1,1,1,0,0.0,15,1
TRAJ-MICRO-V1,12049,51,zero_scale,,,0-1;1-2;2-0,0-1;1-2;2-0,0-1;1-2;2-0,2-0|1-2|0-1|NULL,2-0|1-2|0-1|NULL,3,4,4,2,8,32,1,1,1,0,0.0,15,1
TRAJ-MICRO-V1,12049,52,configured_scale,,,0-1;1-0;2-2,0-1;1-0;2-2,0-1;1-0;2-2,2-2|1-0|0-1|NULL,2-2|1-0|0-1|NULL,3,4,4,2,8,32,1,1,1,0,0.0,15,1
TRAJ-MICRO-V1,12049,52,zero_scale,,,0-1;1-3;2-2,0-1;1-3;2-2,0-1;1-3;2-2,2-2|1-3|0-1|NULL,2-2|1-3|0-1|NULL,3,4,4,2,8,32,1,1,1,0,0.0,15,1
TRAJ-MICRO-V1,12049,53,configured_scale,,,0-1;1-3;2-4,0-1;1-3;2-4,0-1;1-3;2-4,2-4|0-1|1-3|NULL,2-4|0-1|1-3|NULL,3,4,4,2,8,32,1,1,1,0,0.0,15,1
TRAJ-MICRO-V1,12049,53,zero_scale,,,0-0;1-2;2-4,0-0;1-2;2-4,0-0;1-2;2-4,2-4|1-2|0-0|NULL,2-4|1-2|0-0|NULL,3,4,4,2,8,32,1,1,1,0,0.0,15,1
TRAJ-MICRO-V1,12049,54,configured_scale,,,0-2;1-4;2-3,0-2;1-4;2-3,0-2;1-4;2-3,2-3|0-2|1-4|NULL,2-3|0-2|1-4|NULL,3,4,4,2,8,32,1,1,1,0,0.0,15,1
TRAJ-MICRO-V1,12049,54,zero_scale,,,0-2;1-1;2-3,0-2;1-1;2-3,0-2;1-1;2-3,2-3|0-2|1-1|NULL,2-3|0-2|1-1|NULL,3,4,4,2,8,32,1,1,1,0,0.0,15,1
TRAJ-MICRO-V1,12049,55,configured_scale,,,0-1;1-3;2-2,0-1;1-3;2-2,0-1;1-3;2-2,2-2|1-3|0-1|NULL,2-2|1-3|0-1|NULL,3,4,4,2,8,32,1,1,1,0,0.0,15,1
TRAJ-MICRO-V1,12049,55,zero_scale,,,0-1;1-3;2-2,0-1;1-3;2-2,0-1;1-3;2-2,2-2|0-1|1-3|NULL,2-2|0-1|1-3|NULL,3,4,4,2,8,32,1,1,1,0,0.0,15,1
TRAJ-MICRO-V1,12049,56,configured_scale,,,0-1;1-2;2-4,0-1;1-2;2-4,0-1;1-2;2-4,2-4|1-2|0-1|NULL,2-4|1-2|0-1|NULL,3,4,4,2,8,32,1,1,1,0,0.0,15,1
TRAJ-MICRO-V1,12049,56,zero_scale,,,0-0;1-2;2-4,0-0;1-2;2-4,0-0;1-2;2-4,2-4|1-2|0-0|NULL,2-4|1-2|0-0|NULL,3,4,4,2,8,32,1,1,1,0,0.0,15,1
TRAJ-MICRO-V1,12049,57,configured_scale,,,0-2;1-1;2-4,0-2;1-1;2-4,0-2;1-1;2-4,2-4|1-1|0-2|NULL,2-4|1-1|0-2|NULL,3,4,4,2,8,32,1,1,1,0,0.0,15,1
TRAJ-MICRO-V1,12049,57,zero_scale,,,0-2;1-1;2-4,0-2;1-1;2-4,0-2;1-1;2-4,2-4|1-1|0-2|NULL,2-4|1-1|0-2|NULL,3,4,4,2,8,32,1,1,1,0,0.0,15,1
TRAJ-MICRO-V1,12049,58,configured_scale,,,0-1;1-3;2-4,0-1;1-3;2-4,0-1;1-3;2-4,2-4|0-1|1-3|NULL,2-4|0-1|1-3|NULL,3,4,4,2,8,32,1,1,1,0,0.0,15,1
TRAJ-MICRO-V1,12049,58,zero_scale,,,0-1;1-3;2-4,0-1;1-3;2-4,0-1;1-3;2-4,2-4|0-1|1-3|NULL,2-4|0-1|1-3|NULL,3,4,4,2,8,32,1,1,1,0,0.0,15,1
TRAJ-MICRO-V1,12049,59,configured_scale,,,0-1;1-3;2-4,0-1;1-3;2-4,0-1;1-3;2-4,2-4|1-3|0-1|NULL,2-4|1-3|0-1|NULL,3,4,4,2,8,32,1,1,1,0,0.0,15,1
TRAJ-MICRO-V1,12049,59,zero_scale,,,0-0;1-2;2-4,0-0;1-2;2-4,0-0;1-2;2-4,2-4|1-2|0-0|NULL,2-4|1-2|0-0|NULL,3,4,4,2,8,32,1,1,1,0,0.0,15,1
TRAJ-MICRO-V1,12049,60,configured_scale,,,0-1;1-4;2-0,0-1;1-4;2-0,0-1;1-4;2-0,1-4|2-0|0-1|NULL,1-4|2-0|0-1|NULL,3,4,4,2,8,32,1,1,1,0,0.0,15,1
TRAJ-MICRO-V1,12049,60,zero_scale,,,0-1;1-4;2-3,0-1;1-4;2-3,0-1;1-4;2-3,1-4|2-3|0-1|NULL,1-4|2-3|0-1|NULL,3,4,4,2,8,32,1,1,1,0,0.0,15,1
TRAJ-MICRO-V1,12049,61,configured_scale,,,0-0;1-3;2-4,0-0;1-3;2-4,0-0;1-3;2-4,1-3|2-4|0-0|NULL,1-3|2-4|0-0|NULL,3,4,4,2,8,32,1,1,1,0,0.0,15,1
TRAJ-MICRO-V1,12049,61,zero_scale,,,0-1;1-3;2-4,0-1;1-3;2-4,0-1;1-3;2-4,1-3|2-4|0-1|NULL,1-3|2-4|0-1|NULL,3,4,4,2,8,32,1,1,1,0,0.0,15,1
TRAJ-MICRO-V1,12049,62,configured_scale,,,0-0;1-2;2-4,0-0;1-2;2-4,0-0;1-2;2-4,2-4|1-2|0-0|NULL,2-4|1-2|0-0|NULL,3,4,4,2,8,32,1,1,1,0,0.0,15,1
TRAJ-MICRO-V1,12049,62,zero_scale,,,0-0;1-2;2-4,0-0;1-2;2-4,0-0;1-2;2-4,1-2|2-4|0-0|NULL,1-2|2-4|0-0|NULL,3,4,4,2,8,32,1,1,1,0,0.0,15,1
TRAJ-MICRO-V1,12049,63,configured_scale,,,0-2;1-4;2-0,0-2;1-4;2-0,0-2;1-4;2-0,1-4|2-0|0-2|NULL,1-4|2-0|0-2|NULL,3,4,4,2,8,32,1,1,1,0,0.0,15,1
TRAJ-MICRO-V1,12049,63,zero_scale,,,0-2;1-4;2-0,0-2;1-4;2-0,0-2;1-4;2-0,1-4|2-0|0-2|NULL,1-4|2-0|0-2|NULL,3,4,4,2,8,32,1,1,1,0,0.0,15,1
TRAJ-MICRO-V1,12049,64,configured_scale,,,0-0;1-3;2-4,0-0;1-3;2-4,0-0;1-3;2-4,1-3|2-4|0-0|NULL,1-3|2-4|0-0|NULL,3,4,4,2,8,32,1,1,1,0,0.0,15,1
TRAJ-MICRO-V1,12049,64,zero_scale,,,0-1;1-3;2-2,0-1;1-3;2-2,0-1;1-3;2-2,1-3|0-1|2-2|NULL,1-3|0-1|2-2|NULL,3,4,4,2,8,32,1,1,1,0,0.0,15,1
TRAJ-MICRO-V1,12049,65,configured_scale,,,0-0;1-2;2-4,0-0;1-2;2-4,0-0;1-2;2-4,1-2|2-4|0-0|NULL,1-2|2-4|0-0|NULL,3,4,4,2,8,32,1,1,1,0,0.0,15,1
TRAJ-MICRO-V1,12049,65,zero_scale,,,0-0;1-2;2-4,0-0;1-2;2-4,0-0;1-2;2-4,1-2|2-4|0-0|NULL,1-2|2-4|0-0|NULL,3,4,4,2,8,32,1,1,1,0,0.0,15,1
TRAJ-MICRO-V1,12049,66,configured_scale,,,0-2;1-4;2-0,0-2;1-4;2-0,0-2;1-4;2-0,1-4|2-0|0-2|NULL,1-4|2-0|0-2|NULL,3,4,4,2,8,32,1,1,1,0,0.0,15,1
TRAJ-MICRO-V1,12049,66,zero_scale,,,0-0;1-4;2-3,0-0;1-4;2-3,0-0;1-4;2-3,1-4|2-3|0-0|NULL,1-4|2-3|0-0|NULL,3,4,4,2,8,32,1,1,1,0,0.0,15,1
TRAJ-MICRO-V1,12049,67,configured_scale,,,0-0;1-3;2-4,0-0;1-3;2-4,0-0;1-3;2-4,1-3|2-4|0-0|NULL,1-3|2-4|0-0|NULL,3,4,4,2,8,32,1,1,1,0,0.0,15,1
TRAJ-MICRO-V1,12049,67,zero_scale,,,0-1;1-3;2-4,0-1;1-3;2-4,0-1;1-3;2-4,1-3|0-1|2-4|NULL,1-3|0-1|2-4|NULL,3,4,4,2,8,32,1,1,1,0,0.0,15,1
TRAJ-MICRO-V1,12049,68,configured_scale,,,0-0;1-2;2-4,0-0;1-2;2-4,0-0;1-2;2-4,2-4|0-0|1-2|NULL,2-4|0-0|1-2|NULL,3,4,4,2,8,32,1,1,1,0,0.0,15,1
TRAJ-MICRO-V1,12049,68,zero_scale,,,0-0;1-2;2-4,0-0;1-2;2-4,0-0;1-2;2-4,0-0|2-4|1-2|NULL,0-0|2-4|1-2|NULL,3,4,4,2,8,32,1,1,1,0,0.0,15,1
TRAJ-MICRO-V1,12049,69,configured_scale,,,0-0;1-1;2-4,0-0;1-1;2-4,0-0;1-1;2-4,0-0|2-4|1-1|NULL,0-0|2-4|1-1|NULL,3,4,4,2,8,32,1,1,1,0,0.0,15,1
TRAJ-MICRO-V1,12049,69,zero_scale,,,0-0;1-1;2-4,0-0;1-1;2-4,0-0;1-1;2-4,0-0|1-1|2-4|NULL,0-0|1-1|2-4|NULL,3,4,4,2,8,32,1,1,1,0,0.0,15,1
TRAJ-MICRO-V1,12049,70,configured_scale,,,0-1;1-0;2-4,0-1;1-0;2-4,0-1;1-0;2-4,0-1|1-0|2-4|NULL,0-1|1-0|2-4|NULL,3,4,4,2,8,32,1,1,1,0,0.0,15,1
TRAJ-MICRO-V1,12049,70,zero_scale,,,0-1;1-0;2-4,0-1;1-0;2-4,0-1;1-0;2-4,0-1|1-0|2-4|NULL,0-1|1-0|2-4|NULL,3,4,4,2,8,32,1,1,1,0,0.0,15,1
TRAJ-MICRO-V1,12049,71,configured_scale,,,0-0;1-2;2-4,0-0;1-2;2-4,0-0;1-2;2-4,0-0|1-2|2-4|NULL,0-0|1-2|2-4|NULL,3,4,4,2,8,32,1,1,1,0,0.0,15,1
TRAJ-MICRO-V1,12049,71,zero_scale,,,0-0;1-2;2-4,0-0;1-2;2-4,0-0;1-2;2-4,0-0|1-2|2-4|NULL,0-0|1-2|2-4|NULL,3,4,4,2,8,32,1,1,1,0,0.0,15,1
TRAJ-MICRO-V1,12049,72,configured_scale,,,0-0;1-1;2-3,0-0;1-1;2-3,0-0;1-1;2-3,0-0|1-1|2-3|NULL,0-0|1-1|2-3|NULL,3,4,4,2,8,32,1,1,1,0,0.0,15,1
TRAJ-MICRO-V1,12049,72,zero_scale,,,0-0;1-1;2-3,0-0;1-1;2-3,0-0;1-1;2-3,0-0|1-1|2-3|NULL,0-0|1-1|2-3|NULL,3,4,4,2,8,32,1,1,1,0,0.0,15,1
TRAJ-MICRO-V1,12049,73,configured_scale,,,0-1;1-0;2-2,0-1;1-0;2-2,0-1;1-0;2-2,0-1|1-0|2-2|NULL,0-1|1-0|2-2|NULL,3,4,4,2,8,32,1,1,1,0,0.0,15,1
TRAJ-MICRO-V1,12049,73,zero_scale,,,0-1;1-0;2-2,0-1;1-0;2-2,0-1;1-0;2-2,0-1|1-0|2-2|NULL,0-1|1-0|2-2|NULL,3,4,4,2,8,32,1,1,1,0,0.0,15,1
TRAJ-MICRO-V1,12049,74,configured_scale,,,0-1;1-2;2-4,0-1;1-2;2-4,0-1;1-2;2-4,0-1|1-2|2-4|NULL,0-1|1-2|2-4|NULL,3,4,4,2,8,32,1,1,1,0,0.0,15,1
TRAJ-MICRO-V1,12049,74,zero_scale,,,0-1;1-2;2-4,0-1;1-2;2-4,0-1;1-2;2-4,0-1|1-2|2-4|NULL,0-1|1-2|2-4|NULL,3,4,4,2,8,32,1,1,1,0,0.0,15,1
TRAJ-MICRO-V1,12049,75,configured_scale,,,0-1;1-2;2-0,0-1;1-2;2-0,0-1;1-2;2-0,1-2|0-1|2-0|NULL,1-2|0-1|2-0|NULL,3,4,4,2,8,32,1,1,1,0,0.0,15,1
TRAJ-MICRO-V1,12049,75,zero_scale,,,0-2;1-1;2-0,0-2;1-1;2-0,0-2;1-1;2-0,0-2|1-1|2-0|NULL,0-2|1-1|2-0|NULL,3,4,4,2,8,32,1,1,1,0,0.0,15,1
TRAJ-MICRO-V1,12049,76,configured_scale,,,0-1;1-2;2-3,0-1;1-2;2-3,0-1;1-2;2-3,1-2|0-1|2-3|NULL,1-2|0-1|2-3|NULL,3,4,4,2,8,32,1,1,1,0,0.0,15,1
TRAJ-MICRO-V1,12049,76,zero_scale,,,0-1;1-2;2-3,0-1;1-2;2-3,0-1;1-2;2-3,1-2|0-1|2-3|NULL,1-2|0-1|2-3|NULL,3,4,4,2,8,32,1,1,1,0,0.0,15,1
TRAJ-MICRO-V1,12049,77,configured_scale,,,0-3;1-2;2-1,0-3;1-2;2-1,0-3;1-2;2-1,1-2|2-1|0-3|NULL,1-2|2-1|0-3|NULL,3,4,4,2,8,32,1,1,1,0,0.0,15,1
TRAJ-MICRO-V1,12049,77,zero_scale,,,0-3;1-2;2-1,0-3;1-2;2-1,0-3;1-2;2-1,1-2|0-3|2-1|NULL,1-2|0-3|2-1|NULL,3,4,4,2,8,32,1,1,1,0,0.0,15,1
TRAJ-MICRO-V1,12049,78,configured_scale,,,0-1;1-2;2-3,0-1;1-2;2-3,0-1;1-2;2-3,2-3|1-2|0-1|NULL,2-3|1-2|0-1|NULL,3,4,4,2,8,32,1,1,1,0,0.0,15,1
TRAJ-MICRO-V1,12049,78,zero_scale,,,0-1;1-2;2-3,0-1;1-2;2-3,0-1;1-2;2-3,2-3|1-2|0-1|NULL,2-3|1-2|0-1|NULL,3,4,4,2,8,32,1,1,1,0,0.0,15,1
TRAJ-MICRO-V1,12049,79,configured_scale,,,0-4;1-2;2-3,0-4;1-2;2-3,0-4;1-2;2-3,2-3|1-2|0-4|NULL,2-3|1-2|0-4|NULL,3,4,4,2,8,32,1,1,1,0,0.0,15,1
TRAJ-MICRO-V1,12049,79,zero_scale,,,0-1;1-3;2-2,0-1;1-3;2-2,0-1;1-3;2-2,1-3|2-2|0-1|NULL,1-3|2-2|0-1|NULL,3,4,4,2,8,32,1,1,1,0,0.0,15,1
TRAJ-MICRO-V1,12049,80,configured_scale,,,0-3;1-2;2-4,0-3;1-2;2-4,0-3;1-2;2-4,2-4|1-2|0-3|NULL,2-4|1-2|0-3|NULL,3,4,4,2,8,32,1,1,1,0,0.0,15,1
TRAJ-MICRO-V1,12049,80,zero_scale,,,0-3;1-2;2-4,0-3;1-2;2-4,0-3;1-2;2-4,1-2|2-4|0-3|NULL,1-2|2-4|0-3|NULL,3,4,4,2,8,32,1,1,1,0,0.0,15,1
TRAJ-MICRO-V1,12049,81,configured_scale,,,0-1;1-2;2-3,0-1;1-2;2-3,0-1;1-2;2-3,2-3|1-2|0-1|NULL,2-3|1-2|0-1|NULL,3,4,4,2,8,32,1,1,1,0,0.0,15,1
TRAJ-MICRO-V1,12049,81,zero_scale,,,0-1;1-2;2-3,0-1;1-2;2-3,0-1;1-2;2-3,2-3|0-1|1-2|NULL,2-3|0-1|1-2|NULL,3,4,4,2,8,32,1,1,1,0,0.0,15,1
TRAJ-MICRO-V1,12049,82,configured_scale,,,0-1;1-3;2-4,0-1;1-3;2-4,0-1;1-3;2-4,2-4|0-1|1-3|NULL,2-4|0-1|1-3|NULL,3,4,4,2,8,32,1,1,1,0,0.0,15,1
TRAJ-MICRO-V1,12049,82,zero_scale,,,0-1;1-3;2-4,0-1;1-3;2-4,0-1;1-3;2-4,0-1|2-4|1-3|NULL,0-1|2-4|1-3|NULL,3,4,4,2,8,32,1,1,1,0,0.0,15,1
TRAJ-MICRO-V1,12049,83,configured_scale,,,0-0;1-3;2-4,0-0;1-3;2-4,0-0;1-3;2-4,2-4|0-0|1-3|NULL,2-4|0-0|1-3|NULL,3,4,4,2,8,32,1,1,1,0,0.0,15,1
TRAJ-MICRO-V1,12049,83,zero_scale,,,0-0;1-2;2-4,0-0;1-2;2-4,0-0;1-2;2-4,2-4|0-0|1-2|NULL,2-4|0-0|1-2|NULL,3,4,4,2,8,32,1,1,1,0,0.0,15,1
TRAJ-MICRO-V1,12049,84,configured_scale,,,0-0;1-3;2-4,0-0;1-3;2-4,0-0;1-3;2-4,2-4|0-0|1-3|NULL,2-4|0-0|1-3|NULL,3,4,4,2,8,32,1,1,1,0,0.0,15,1
TRAJ-MICRO-V1,12049,84,zero_scale,,,0-2;1-3;2-4,0-2;1-3;2-4,0-2;1-3;2-4,2-4|0-2|1-3|NULL,2-4|0-2|1-3|NULL,3,4,4,2,8,32,1,1,1,0,0.0,15,1
TRAJ-MICRO-V1,12049,85,configured_scale,,,0-1;1-3;2-4,0-1;1-3;2-4,0-1;1-3;2-4,2-4|1-3|0-1|NULL,2-4|1-3|0-1|NULL,3,4,4,2,8,32,1,1,1,0,0.0,15,1
TRAJ-MICRO-V1,12049,85,zero_scale,,,0-1;1-3;2-4,0-1;1-3;2-4,0-1;1-3;2-4,2-4|1-3|0-1|NULL,2-4|1-3|0-1|NULL,3,4,4,2,8,32,1,1,1,0,0.0,15,1
TRAJ-MICRO-V1,12049,86,configured_scale,,,0-3;1-2;2-4,0-3;1-2;2-4,0-3;1-2;2-4,2-4|0-3|1-2|NULL,2-4|0-3|1-2|NULL,3,4,4,2,8,32,1,1,1,0,0.0,15,1
TRAJ-MICRO-V1,12049,86,zero_scale,,,0-3;1-2;2-4,0-3;1-2;2-4,0-3;1-2;2-4,2-4|0-3|1-2|NULL,2-4|0-3|1-2|NULL,3,4,4,2,8,32,1,1,1,0,0.0,15,1
TRAJ-MICRO-V1,12049,87,configured_scale,,,0-2;1-3;2-4,0-2;1-3;2-4,0-2;1-3;2-4,2-4|0-2|1-3|NULL,2-4|0-2|1-3|NULL,3,4,4,2,8,32,1,1,1,0,0.0,15,1
TRAJ-MICRO-V1,12049,87,zero_scale,,,0-2;1-3;2-4,0-2;1-3;2-4,0-2;1-3;2-4,2-4|1-3|0-2|NULL,2-4|1-3|0-2|NULL,3,4,4,2,8,32,1,1,1,0,0.0,15,1
TRAJ-MICRO-V1,12049,88,configured_scale,,,0-1;1-3;2-4,0-1;1-3;2-4,0-1;1-3;2-4,2-4|1-3|0-1|NULL,2-4|1-3|0-1|NULL,3,4,4,2,8,32,1,1,1,0,0.0,15,1
TRAJ-MICRO-V1,12049,88,zero_scale,,,0-1;1-3;2-4,0-1;1-3;2-4,0-1;1-3;2-4,2-4|1-3|0-1|NULL,2-4|1-3|0-1|NULL,3,4,4,2,8,32,1,1,1,0,0.0,15,1
TRAJ-MICRO-V1,12049,89,configured_scale,,,0-0;1-3;2-4,0-0;1-3;2-4,0-0;1-3;2-4,1-3|2-4|0-0|NULL,1-3|2-4|0-0|NULL,3,4,4,2,8,32,1,1,1,0,0.0,15,1
TRAJ-MICRO-V1,12049,89,zero_scale,,,0-3;1-2;2-4,0-3;1-2;2-4,0-3;1-2;2-4,0-3|2-4|1-2|NULL,0-3|2-4|1-2|NULL,3,4,4,2,8,32,1,1,1,0,0.0,15,1
TRAJ-MICRO-V1,12049,90,configured_scale,,,0-3;1-2;2-0,0-3;1-2;2-0,0-3;1-2;2-0,1-2|0-3|2-0|NULL,1-2|0-3|2-0|NULL,3,4,4,2,8,32,1,1,1,0,0.0,15,1
TRAJ-MICRO-V1,12049,90,zero_scale,,,0-2;1-1;2-3,0-2;1-1;2-3,0-2;1-1;2-3,0-2|2-3|1-1|NULL,0-2|2-3|1-1|NULL,3,4,4,2,8,32,1,1,1,0,0.0,15,1
TRAJ-MICRO-V1,12049,91,configured_scale,,,0-4;1-2;2-3,0-4;1-2;2-3,0-4;1-2;2-3,0-4|1-2|2-3|NULL,0-4|1-2|2-3|NULL,3,4,4,2,8,32,1,1,1,0,0.0,15,1
TRAJ-MICRO-V1,12049,91,zero_scale,,,0-1;1-3;2-2,0-1;1-3;2-2,0-1;1-3;2-2,0-1|1-3|2-2|NULL,0-1|1-3|2-2|NULL,3,4,4,2,8,32,1,1,1,0,0.0,15,1
TRAJ-MICRO-V1,12049,92,configured_scale,,,0-3;1-2;2-1,0-3;1-2;2-1,0-3;1-2;2-1,1-2|0-3|2-1|NULL,1-2|0-3|2-1|NULL,3,4,4,2,8,32,1,1,1,0,0.0,15,1
TRAJ-MICRO-V1,12049,92,zero_scale,,,0-3;1-2;2-1,0-3;1-2;2-1,0-3;1-2;2-1,1-2|0-3|2-1|NULL,1-2|0-3|2-1|NULL,3,4,4,2,8,32,1,1,1,0,0.0,15,1
TRAJ-MICRO-V1,12049,93,configured_scale,,,0-1;1-2;2-0,0-1;1-2;2-0,0-1;1-2;2-0,1-2|0-1|2-0|NULL,1-2|0-1|2-0|NULL,3,4,4,2,8,32,1,1,1,0,0.0,15,1
TRAJ-MICRO-V1,12049,93,zero_scale,,,0-1;1-2;2-3,0-1;1-2;2-3,0-1;1-2;2-3,1-2|0-1|2-3|NULL,1-2|0-1|2-3|NULL,3,4,4,2,8,32,1,1,1,0,0.0,15,1
TRAJ-MICRO-V1,12049,94,configured_scale,,,0-1;1-3;2-2,0-1;1-3;2-2,0-1;1-3;2-2,1-3|0-1|2-2|NULL,1-3|0-1|2-2|NULL,3,4,4,2,8,32,1,1,1,0,0.0,15,1
TRAJ-MICRO-V1,12049,94,zero_scale,,,0-1;1-3;2-2,0-1;1-3;2-2,0-1;1-3;2-2,1-3|0-1|2-2|NULL,1-3|0-1|2-2|NULL,3,4,4,2,8,32,1,1,1,0,0.0,15,1
TRAJ-MICRO-V1,12049,95,configured_scale,,,0-1;1-2;2-4,0-1;1-2;2-4,0-1;1-2;2-4,1-2|2-4|0-1|NULL,1-2|2-4|0-1|NULL,3,4,4,2,8,32,1,1,1,0,0.0,15,1
TRAJ-MICRO-V1,12049,95,zero_scale,,,0-1;1-2;2-4,0-1;1-2;2-4,0-1;1-2;2-4,1-2|2-4|0-1|NULL,1-2|2-4|0-1|NULL,3,4,4,2,8,32,1,1,1,0,0.0,15,1
TRAJ-MICRO-V1,12049,96,configured_scale,,,0-1;1-4;2-3,0-1;1-4;2-3,0-1;1-4;2-3,1-4|2-3|0-1|NULL,1-4|2-3|0-1|NULL,3,4,4,2,8,32,1,1,1,0,0.0,15,1
TRAJ-MICRO-V1,12049,96,zero_scale,,,0-1;1-4;2-3,0-1;1-4;2-3,0-1;1-4;2-3,1-4|2-3|0-1|NULL,1-4|2-3|0-1|NULL,3,4,4,2,8,32,1,1,1,0,0.0,15,1
TRAJ-MICRO-V1,12049,97,configured_scale,,,0-1;1-0;2-4,0-1;1-0;2-4,0-1;1-0;2-4,1-0|2-4|0-1|NULL,1-0|2-4|0-1|NULL,3,4,4,2,8,32,1,1,1,0,0.0,15,1
TRAJ-MICRO-V1,12049,97,zero_scale,,,0-1;1-3;2-4,0-1;1-3;2-4,0-1;1-3;2-4,1-3|2-4|0-1|NULL,1-3|2-4|0-1|NULL,3,4,4,2,8,32,1,1,1,0,0.0,15,1
TRAJ-MICRO-V1,12049,98,configured_scale,,,0-0;1-2;2-4,0-0;1-2;2-4,0-0;1-2;2-4,2-4|0-0|1-2|NULL,2-4|0-0|1-2|NULL,3,4,4,2,8,32,1,1,1,0,0.0,15,1
TRAJ-MICRO-V1,12049,98,zero_scale,,,0-0;1-2;2-4,0-0;1-2;2-4,0-0;1-2;2-4,2-4|0-0|1-2|NULL,2-4|0-0|1-2|NULL,3,4,4,2,8,32,1,1,1,0,0.0,15,1
TRAJ-MICRO-V1,12049,99,configured_scale,,,0-2;1-1;2-0,0-2;1-1;2-0,0-2;1-1;2-0,2-0|1-1|0-2|NULL,2-0|1-1|0-2|NULL,3,4,4,2,8,32,1,1,1,0,0.0,15,1
TRAJ-MICRO-V1,12049,99,zero_scale,,,0-0;1-1;2-4,0-0;1-1;2-4,0-0;1-1;2-4,1-1|0-0|2-4|NULL,1-1|0-0|2-4|NULL,3,4,4,2,8,32,1,1,1,0,0.0,15,1
TRAJ-MICRO-V1,12049,100,configured_scale,,,0-1;1-0;2-4,0-1;1-0;2-4,0-1;1-0;2-4,1-0|2-4|0-1|NULL,1-0|2-4|0-1|NULL,3,4,4,2,8,32,1,1,1,0,0.0,15,1
TRAJ-MICRO-V1,12049,100,zero_scale,,,0-1;1-0;2-4,0-1;1-0;2-4,0-1;1-0;2-4,1-0|0-1|2-4|NULL,1-0|0-1|2-4|NULL,3,4,4,2,8,32,1,1,1,0,0.0,15,1
TRAJ-MICRO-V1,12049,101,configured_scale,,,0-0;1-2;2-4,0-0;1-2;2-4,0-0;1-2;2-4,0-0|2-4|1-2|NULL,0-0|2-4|1-2|NULL,3,4,4,2,8,32,1,1,1,0,0.0,15,1
TRAJ-MICRO-V1,12049,101,zero_scale,,,0-0;1-2;2-4,0-0;1-2;2-4,0-0;1-2;2-4,0-0|2-4|1-2|NULL,0-0|2-4|1-2|NULL,3,4,4,2,8,32,1,1,1,0,0.0,15,1
TRAJ-MICRO-V1,12049,102,configured_scale,,,0-1;1-2;2-0,0-1;1-2;2-0,0-1;1-2;2-0,2-0|0-1|1-2|NULL,2-0|0-1|1-2|NULL,3,4,4,2,8,32,1,1,1,0,0.0,15,1
TRAJ-MICRO-V1,12049,102,zero_scale,,,0-0;1-1;2-3,0-0;1-1;2-3,0-0;1-1;2-3,0-0|1-1|2-3|NULL,0-0|1-1|2-3|NULL,3,4,4,2,8,32,1,1,1,0,0.0,15,1
TRAJ-MICRO-V1,12049,103,configured_scale,,,0-1;1-3;2-0,0-1;1-3;2-0,0-1;1-3;2-0,2-0|0-1|1-3|NULL,2-0|0-1|1-3|NULL,3,4,4,2,8,32,1,1,1,0,0.0,15,1
TRAJ-MICRO-V1,12049,103,zero_scale,,,0-1;1-0;2-2,0-1;1-0;2-2,0-1;1-0;2-2,1-0|0-1|2-2|NULL,1-0|0-1|2-2|NULL,3,4,4,2,8,32,1,1,1,0,0.0,15,1
TRAJ-MICRO-V1,12049,104,configured_scale,,,0-0;1-2;2-4,0-0;1-2;2-4,0-0;1-2;2-4,2-4|1-2|0-0|NULL,2-4|1-2|0-0|NULL,3,4,4,2,8,32,1,1,1,0,0.0,15,1
TRAJ-MICRO-V1,12049,104,zero_scale,,,0-0;1-2;2-1,0-0;1-2;2-1,0-0;1-2;2-1,1-2|2-1|0-0|NULL,1-2|2-1|0-0|NULL,3,4,4,2,8,32,1,1,1,0,0.0,15,1
TRAJ-MICRO-V1,12049,105,configured_scale,,,0-1;1-2;2-0,0-1;1-2;2-0,0-1;1-2;2-0,2-0|1-2|0-1|NULL,2-0|1-2|0-1|NULL,3,4,4,2,8,32,1,1,1,0,0.0,15,1
TRAJ-MICRO-V1,12049,105,zero_scale,,,0-2;1-1;2-0,0-2;1-1;2-0,0-2;1-1;2-0,2-0|1-1|0-2|NULL,2-0|1-1|0-2|NULL,3,4,4,2,8,32,1,1,1,0,0.0,15,1
TRAJ-MICRO-V1,12049,106,configured_scale,,,0-1;1-3;2-4,0-1;1-3;2-4,0-1;1-3;2-4,2-4|1-3|0-1|NULL,2-4|1-3|0-1|NULL,3,4,4,2,8,32,1,1,1,0,0.0,15,1
TRAJ-MICRO-V1,12049,106,zero_scale,,,0-1;1-3;2-2,0-1;1-3;2-2,0-1;1-3;2-2,2-2|1-3|0-1|NULL,2-2|1-3|0-1|NULL,3,4,4,2,8,32,1,1,1,0,0.0,15,1
TRAJ-MICRO-V1,12049,107,configured_scale,,,0-0;1-2;2-4,0-0;1-2;2-4,0-0;1-2;2-4,2-4|1-2|0-0|NULL,2-4|1-2|0-0|NULL,3,4,4,2,8,32,1,1,1,0,0.0,15,1
TRAJ-MICRO-V1,12049,107,zero_scale,,,0-0;1-2;2-4,0-0;1-2;2-4,0-0;1-2;2-4,2-4|1-2|0-0|NULL,2-4|1-2|0-0|NULL,3,4,4,2,8,32,1,1,1,0,0.0,15,1
TRAJ-MICRO-V1,12049,108,configured_scale,,,0-1;1-2;2-0,0-1;1-2;2-0,0-1;1-2;2-0,2-0|1-2|0-1|NULL,2-0|1-2|0-1|NULL,3,4,4,2,8,32,1,1,1,0,0.0,15,1
TRAJ-MICRO-V1,12049,108,zero_scale,,,0-1;1-2;2-0,0-1;1-2;2-0,0-1;1-2;2-0,2-0|1-2|0-1|NULL,2-0|1-2|0-1|NULL,3,4,4,2,8,32,1,1,1,0,0.0,15,1
TRAJ-MICRO-V1,12049,109,configured_scale,,,0-1;1-2;2-0,0-1;1-2;2-0,0-1;1-2;2-0,0-1|2-0|1-2|NULL,0-1|2-0|1-2|NULL,3,4,4,2,8,32,1,1,1,0,0.0,15,1
TRAJ-MICRO-V1,12049,109,zero_scale,,,0-1;1-0;2-2,0-1;1-0;2-2,0-1;1-0;2-2,0-1|1-0|2-2|NULL,0-1|1-0|2-2|NULL,3,4,4,2,8,32,1,1,1,0,0.0,15,1
TRAJ-MICRO-V1,12049,110,configured_scale,,,0-1;1-2;2-4,0-1;1-2;2-4,0-1;1-2;2-4,0-1|2-4|1-2|NULL,0-1|2-4|1-2|NULL,3,4,4,2,8,32,1,1,1,0,0.0,15,1
TRAJ-MICRO-V1,12049,110,zero_scale,,,0-1;1-2;2-4,0-1;1-2;2-4,0-1;1-2;2-4,0-1|1-2|2-4|NULL,0-1|1-2|2-4|NULL,3,4,4,2,8,32,1,1,1,0,0.0,15,1
TRAJ-MICRO-V1,12049,111,configured_scale,,,0-1;1-2;2-0,0-1;1-2;2-0,0-1;1-2;2-0,0-1|2-0|1-2|NULL,0-1|2-0|1-2|NULL,3,4,4,2,8,32,1,1,1,0,0.0,15,1
TRAJ-MICRO-V1,12049,111,zero_scale,,,0-1;1-2;2-0,0-1;1-2;2-0,0-1;1-2;2-0,0-1|2-0|1-2|NULL,0-1|2-0|1-2|NULL,3,4,4,2,8,32,1,1,1,0,0.0,15,1
TRAJ-MICRO-V1,12049,112,configured_scale,,,0-1;1-3;2-2,0-1;1-3;2-2,0-1;1-3;2-2,2-2|0-1|1-3|NULL,2-2|0-1|1-3|NULL,3,4,4,2,8,32,1,1,1,0,0.0,15,1
TRAJ-MICRO-V1,12049,112,zero_scale,,,0-1;1-0;2-2,0-1;1-0;2-2,0-1;1-0;2-2,0-1|2-2|1-0|NULL,0-1|2-2|1-0|NULL,3,4,4,2,8,32,1,1,1,0,0.0,15,1
TRAJ-MICRO-V1,12049,113,configured_scale,,,0-0;1-2;2-4,0-0;1-2;2-4,0-0;1-2;2-4,1-2|2-4|0-0|NULL,1-2|2-4|0-0|NULL,3,4,4,2,8,32,1,1,1,0,0.0,15,1
TRAJ-MICRO-V1,12049,113,zero_scale,,,0-0;1-2;2-4,0-0;1-2;2-4,0-0;1-2;2-4,1-2|2-4|0-0|NULL,1-2|2-4|0-0|NULL,3,4,4,2,8,32,1,1,1,0,0.0,15,1
TRAJ-MICRO-V1,12049,114,configured_scale,,,0-1;1-2;2-4,0-1;1-2;2-4,0-1;1-2;2-4,1-2|2-4|0-1|NULL,1-2|2-4|0-1|NULL,3,4,4,2,8,32,1,1,1,0,0.0,15,1
TRAJ-MICRO-V1,12049,114,zero_scale,,,0-1;1-2;2-3,0-1;1-2;2-3,0-1;1-2;2-3,2-3|1-2|0-1|NULL,2-3|1-2|0-1|NULL,3,4,4,2,8,32,1,1,1,0,0.0,15,1
TRAJ-MICRO-V1,12049,115,configured_scale,,,0-1;1-3;2-4,0-1;1-3;2-4,0-1;1-3;2-4,1-3|2-4|0-1|NULL,1-3|2-4|0-1|NULL,3,4,4,2,8,32,1,1,1,0,0.0,15,1
TRAJ-MICRO-V1,12049,115,zero_scale,,,0-1;1-3;2-4,0-1;1-3;2-4,0-1;1-3;2-4,2-4|1-3|0-1|NULL,2-4|1-3|0-1|NULL,3,4,4,2,8,32,1,1,1,0,0.0,15,1
TRAJ-MICRO-V1,12049,116,configured_scale,,,0-0;1-3;2-4,0-0;1-3;2-4,0-0;1-3;2-4,1-3|2-4|0-0|NULL,1-3|2-4|0-0|NULL,3,4,4,2,8,32,1,1,1,0,0.0,15,1
TRAJ-MICRO-V1,12049,116,zero_scale,,,0-0;1-3;2-4,0-0;1-3;2-4,0-0;1-3;2-4,2-4|1-3|0-0|NULL,2-4|1-3|0-0|NULL,3,4,4,2,8,32,1,1,1,0,0.0,15,1
TRAJ-MICRO-V1,12049,117,configured_scale,,,0-3;1-2;2-4,0-3;1-2;2-4,0-3;1-2;2-4,2-4|1-2|0-3|NULL,2-4|1-2|0-3|NULL,3,4,4,2,8,32,1,1,1,0,0.0,15,1
TRAJ-MICRO-V1,12049,117,zero_scale,,,0-2;1-4;2-3,0-2;1-4;2-3,0-2;1-4;2-3,2-3|1-4|0-2|NULL,2-3|1-4|0-2|NULL,3,4,4,2,8,32,1,1,1,0,0.0,15,1
TRAJ-MICRO-V1,12049,118,configured_scale,,,0-1;1-4;2-3,0-1;1-4;2-3,0-1;1-4;2-3,1-4|2-3|0-1|NULL,1-4|2-3|0-1|NULL,3,4,4,2,8,32,1,1,1,0,0.0,15,1
TRAJ-MICRO-V1,12049,118,zero_scale,,,0-1;1-3;2-4,0-1;1-3;2-4,0-1;1-3;2-4,1-3|2-4|0-1|NULL,1-3|2-4|0-1|NULL,3,4,4,2,8,32,1,1,1,0,0.0,15,1
TRAJ-MICRO-V1,12049,119,configured_scale,,,0-0;1-3;2-4,0-0;1-3;2-4,0-0;1-3;2-4,1-3|2-4|0-0|NULL,1-3|2-4|0-0|NULL,3,4,4,2,8,32,1,1,1,0,0.0,15,1
TRAJ-MICRO-V1,12049,119,zero_scale,,,0-3;1-2;2-4,0-3;1-2;2-4,0-3;1-2;2-4,1-2|2-4|0-3|NULL,1-2|2-4|0-3|NULL,3,4,4,2,8,32,1,1,1,0,0.0,15,1
TRAJ-MICRO-V1,12049,120,configured_scale,,,0-3;1-2;2-4,0-3;1-2;2-4,0-3;1-2;2-4,1-2|2-4|0-3|NULL,1-2|2-4|0-3|NULL,3,4,4,2,8,32,1,1,1,0,0.0,15,1
TRAJ-MICRO-V1,12049,120,zero_scale,,,0-2;1-4;2-3,0-2;1-4;2-3,0-2;1-4;2-3,1-4|2-3|0-2|NULL,1-4|2-3|0-2|NULL,3,4,4,2,8,32,1,1,1,0,0.0,15,1
TRAJ-MICRO-V1,12049,121,configured_scale,,,0-4;1-2;2-3,0-4;1-2;2-3,0-4;1-2;2-3,0-4|1-2|2-3|NULL,0-4|1-2|2-3|NULL,3,4,4,2,8,32,1,1,1,0,0.0,15,1
TRAJ-MICRO-V1,12049,121,zero_scale,,,0-4;1-3;2-2,0-4;1-3;2-2,0-4;1-3;2-2,0-4|1-3|2-2|NULL,0-4|1-3|2-2|NULL,3,4,4,2,8,32,1,1,1,0,0.0,15,1
TRAJ-MICRO-V1,12049,122,configured_scale,,,0-3;1-2;2-4,0-3;1-2;2-4,0-3;1-2;2-4,2-4|0-3|1-2|NULL,2-4|0-3|1-2|NULL,3,4,4,2,8,32,1,1,1,0,0.0,15,1
TRAJ-MICRO-V1,12049,122,zero_scale,,,0-3;1-2;2-4,0-3;1-2;2-4,0-3;1-2;2-4,2-4|1-2|0-3|NULL,2-4|1-2|0-3|NULL,3,4,4,2,8,32,1,1,1,0,0.0,15,1
TRAJ-MICRO-V1,12049,123,configured_scale,,,0-4;1-2;2-3,0-4;1-2;2-3,0-4;1-2;2-3,0-4|1-2|2-3|NULL,0-4|1-2|2-3|NULL,3,4,4,2,8,32,1,1,1,0,0.0,15,1
TRAJ-MICRO-V1,12049,123,zero_scale,,,0-2;1-4;2-3,0-2;1-4;2-3,0-2;1-4;2-3,1-4|0-2|2-3|NULL,1-4|0-2|2-3|NULL,3,4,4,2,8,32,1,1,1,0,0.0,15,1
TRAJ-MICRO-V1,12049,124,configured_scale,,,0-4;1-2;2-3,0-4;1-2;2-3,0-4;1-2;2-3,0-4|2-3|1-2|NULL,0-4|2-3|1-2|NULL,3,4,4,2,8,32,1,1,1,0,0.0,15,1
TRAJ-MICRO-V1,12049,124,zero_scale,,,0-4;1-3;2-2,0-4;1-3;2-2,0-4;1-3;2-2,0-4|1-3|2-2|NULL,0-4|1-3|2-2|NULL,3,4,4,2,8,32,1,1,1,0,0.0,15,1
TRAJ-MICRO-V1,12049,125,configured_scale,,,0-3;1-2;2-4,0-3;1-2;2-4,0-3;1-2;2-4,2-4|0-3|1-2|NULL,2-4|0-3|1-2|NULL,3,4,4,2,8,32,1,1,1,0,0.0,15,1
TRAJ-MICRO-V1,12049,125,zero_scale,,,0-3;1-2;2-4,0-3;1-2;2-4,0-3;1-2;2-4,2-4|0-3|1-2|NULL,2-4|0-3|1-2|NULL,3,4,4,2,8,32,1,1,1,0,0.0,15,1
TRAJ-MICRO-V1,12049,126,configured_scale,,,0-2;1-4;2-3,0-2;1-4;2-3,0-2;1-4;2-3,2-3|0-2|1-4|NULL,2-3|0-2|1-4|NULL,3,4,4,2,8,32,1,1,1,0,0.0,15,1
TRAJ-MICRO-V1,12049,126,zero_scale,,,0-2;1-4;2-3,0-2;1-4;2-3,0-2;1-4;2-3,2-3|0-2|1-4|NULL,2-3|0-2|1-4|NULL,3,4,4,2,8,32,1,1,1,0,0.0,15,1
TRAJ-MICRO-V1,12049,127,configured_scale,,,0-1;1-3;2-4,0-1;1-3;2-4,0-1;1-3;2-4,2-4|1-3|0-1|NULL,2-4|1-3|0-1|NULL,3,4,4,2,8,32,1,1,1,0,0.0,15,1
TRAJ-MICRO-V1,12049,127,zero_scale,,,0-1;1-3;2-4,0-1;1-3;2-4,0-1;1-3;2-4,2-4|1-3|0-1|NULL,2-4|1-3|0-1|NULL,3,4,4,2,8,32,1,1,1,0,0.0,15,1
TRAJ-MICRO-V1,12049,128,configured_scale,,,0-3;1-2;2-4,0-3;1-2;2-4,0-3;1-2;2-4,2-4|0-3|1-2|NULL,2-4|0-3|1-2|NULL,3,4,4,2,8,32,1,1,1,0,0.0,15,1
TRAJ-MICRO-V1,12049,128,zero_scale,,,0-0;1-2;2-4,0-0;1-2;2-4,0-0;1-2;2-4,2-4|0-0|1-2|NULL,2-4|0-0|1-2|NULL,3,4,4,2,8,32,1,1,1,0,0.0,15,1
TRAJ-MICRO-V1,12049,129,configured_scale,,,0-2;1-1;2-3,0-2;1-1;2-3,0-2;1-1;2-3,0-2|2-3|1-1|NULL,0-2|2-3|1-1|NULL,3,4,4,2,8,32,1,1,1,0,0.0,15,1
TRAJ-MICRO-V1,12049,129,zero_scale,,,0-2;1-1;2-3,0-2;1-1;2-3,0-2;1-1;2-3,0-2|1-1|2-3|NULL,0-2|1-1|2-3|NULL,3,4,4,2,8,32,1,1,1,0,0.0,15,1
TRAJ-MICRO-V1,12049,130,configured_scale,,,0-1;1-2;2-4,0-1;1-2;2-4,0-1;1-2;2-4,0-1|1-2|2-4|NULL,0-1|1-2|2-4|NULL,3,4,4,2,8,32,1,1,1,0,0.0,15,1
TRAJ-MICRO-V1,12049,130,zero_scale,,,0-1;1-2;2-4,0-1;1-2;2-4,0-1;1-2;2-4,0-1|1-2|2-4|NULL,0-1|1-2|2-4|NULL,3,4,4,2,8,32,1,1,1,0,0.0,15,1
TRAJ-MICRO-V1,12049,131,configured_scale,,,0-1;1-2;2-4,0-1;1-2;2-4,0-1;1-2;2-4,0-1|1-2|2-4|NULL,0-1|1-2|2-4|NULL,3,4,4,2,8,32,1,1,1,0,0.0,15,1
TRAJ-MICRO-V1,12049,131,zero_scale,,,0-1;1-2;2-4,0-1;1-2;2-4,0-1;1-2;2-4,0-1|1-2|2-4|NULL,0-1|1-2|2-4|NULL,3,4,4,2,8,32,1,1,1,0,0.0,15,1
TRAJ-MICRO-V1,12049,132,configured_scale,,,0-1;1-2;2-0,0-1;1-2;2-0,0-1;1-2;2-0,0-1|1-2|2-0|NULL,0-1|1-2|2-0|NULL,3,4,4,2,8,32,1,1,1,0,0.0,15,1
TRAJ-MICRO-V1,12049,132,zero_scale,,,0-1;1-2;2-0,0-1;1-2;2-0,0-1;1-2;2-0,0-1|1-2|2-0|NULL,0-1|1-2|2-0|NULL,3,4,4,2,8,32,1,1,1,0,0.0,15,1
TRAJ-MICRO-V1,12049,133,configured_scale,,,0-1;1-2;2-4,0-1;1-2;2-4,0-1;1-2;2-4,0-1|1-2|2-4|NULL,0-1|1-2|2-4|NULL,3,4,4,2,8,32,1,1,1,0,0.0,15,1
TRAJ-MICRO-V1,12049,133,zero_scale,,,0-1;1-2;2-4,0-1;1-2;2-4,0-1;1-2;2-4,0-1|1-2|2-4|NULL,0-1|1-2|2-4|NULL,3,4,4,2,8,32,1,1,1,0,0.0,15,1
TRAJ-MICRO-V1,12049,134,configured_scale,,,0-1;1-2;2-4,0-1;1-2;2-4,0-1;1-2;2-4,1-2|0-1|2-4|NULL,1-2|0-1|2-4|NULL,3,4,4,2,8,32,1,1,1,0,0.0,15,1
TRAJ-MICRO-V1,12049,134,zero_scale,,,0-0;1-2;2-1,0-0;1-2;2-1,0-0;1-2;2-1,1-2|0-0|2-1|NULL,1-2|0-0|2-1|NULL,3,4,4,2,8,32,1,1,1,0,0.0,15,1
TRAJ-MICRO-V1,12049,135,configured_scale,,,0-1;1-2;2-0,0-1;1-2;2-0,0-1;1-2;2-0,2-0|1-2|0-1|NULL,2-0|1-2|0-1|NULL,3,4,4,2,8,32,1,1,1,0,0.0,15,1
TRAJ-MICRO-V1,12049,135,zero_scale,,,0-2;1-1;2-0,0-2;1-1;2-0,0-2;1-1;2-0,0-2|1-1|2-0|NULL,0-2|1-1|2-0|NULL,3,4,4,2,8,32,1,1,1,0,0.0,15,1
TRAJ-MICRO-V1,12049,136,configured_scale,,,0-4;1-3;2-2,0-4;1-3;2-2,0-4;1-3;2-2,1-3|0-4|2-2|NULL,1-3|0-4|2-2|NULL,3,4,4,2,8,32,1,1,1,0,0.0,15,1
TRAJ-MICRO-V1,12049,136,zero_scale,,,0-1;1-3;2-2,0-1;1-3;2-2,0-1;1-3;2-2,0-1|1-3|2-2|NULL,0-1|1-3|2-2|NULL,3,4,4,2,8,32,1,1,1,0,0.0,15,1
TRAJ-MICRO-V1,12049,137,configured_scale,,,0-1;1-2;2-0,0-1;1-2;2-0,0-1;1-2;2-0,1-2|0-1|2-0|NULL,1-2|0-1|2-0|NULL,3,4,4,2,8,32,1,1,1,0,0.0,15,1
TRAJ-MICRO-V1,12049,137,zero_scale,,,0-0;1-2;2-1,0-0;1-2;2-1,0-0;1-2;2-1,0-0|1-2|2-1|NULL,0-0|1-2|2-1|NULL,3,4,4,2,8,32,1,1,1,0,0.0,15,1
TRAJ-MICRO-V1,12049,138,configured_scale,,,0-2;1-1;2-0,0-2;1-1;2-0,0-2;1-1;2-0,2-0|0-2|1-1|NULL,2-0|0-2|1-1|NULL,3,4,4,2,8,32,1,1,1,0,0.0,15,1
TRAJ-MICRO-V1,12049,138,zero_scale,,,0-1;1-0;2-3,0-1;1-0;2-3,0-1;1-0;2-3,0-1|1-0|2-3|NULL,0-1|1-0|2-3|NULL,3,4,4,2,8,32,1,1,1,0,0.0,15,1
TRAJ-MICRO-V1,12049,139,configured_scale,,,0-1;1-0;2-2,0-1;1-0;2-2,0-1;1-0;2-2,0-1|1-0|2-2|NULL,0-1|1-0|2-2|NULL,3,4,4,2,8,32,1,1,1,0,0.0,15,1
TRAJ-MICRO-V1,12049,139,zero_scale,,,0-1;1-0;2-2,0-1;1-0;2-2,0-1;1-0;2-2,0-1|1-0|2-2|NULL,0-1|1-0|2-2|NULL,3,4,4,2,8,32,1,1,1,0,0.0,15,1
TRAJ-MICRO-V1,12049,140,configured_scale,,,0-1;1-0;2-4,0-1;1-0;2-4,0-1;1-0;2-4,0-1|1-0|2-4|NULL,0-1|1-0|2-4|NULL,3,4,4,2,8,32,1,1,1,0,0.0,15,1
TRAJ-MICRO-V1,12049,140,zero_scale,,,0-0;1-2;2-1,0-0;1-2;2-1,0-0;1-2;2-1,0-0|1-2|2-1|NULL,0-0|1-2|2-1|NULL,3,4,4,2,8,32,1,1,1,0,0.0,15,1
TRAJ-MICRO-V1,12049,141,configured_scale,,,0-0;1-1;2-3,0-0;1-1;2-3,0-0;1-1;2-3,0-0|1-1|2-3|NULL,0-0|1-1|2-3|NULL,3,4,4,2,8,32,1,1,1,0,0.0,15,1
TRAJ-MICRO-V1,12049,141,zero_scale,,,0-0;1-1;2-3,0-0;1-1;2-3,0-0;1-1;2-3,0-0|1-1|2-3|NULL,0-0|1-1|2-3|NULL,3,4,4,2,8,32,1,1,1,0,0.0,15,1
TRAJ-MICRO-V1,12049,142,configured_scale,,,0-0;1-3;2-4,0-0;1-3;2-4,0-0;1-3;2-4,0-0|1-3|2-4|NULL,0-0|1-3|2-4|NULL,3,4,4,2,8,32,1,1,1,0,0.0,15,1
TRAJ-MICRO-V1,12049,142,zero_scale,,,0-0;1-3;2-4,0-0;1-3;2-4,0-0;1-3;2-4,0-0|1-3|2-4|NULL,0-0|1-3|2-4|NULL,3,4,4,2,8,32,1,1,1,0,0.0,15,1
TRAJ-MICRO-V1,12049,143,configured_scale,,,0-0;1-2;2-4,0-0;1-2;2-4,0-0;1-2;2-4,0-0|2-4|1-2|NULL,0-0|2-4|1-2|NULL,3,4,4,2,8,32,1,1,1,0,0.0,15,1
TRAJ-MICRO-V1,12049,143,zero_scale,,,0-0;1-2;2-4,0-0;1-2;2-4,0-0;1-2;2-4,0-0|2-4|1-2|NULL,0-0|2-4|1-2|NULL,3,4,4,2,8,32,1,1,1,0,0.0,15,1
TRAJ-MICRO-V1,12049,144,configured_scale,,,0-0;1-1;2-4,0-0;1-1;2-4,0-0;1-1;2-4,0-0|2-4|1-1|NULL,0-0|2-4|1-1|NULL,3,4,4,2,8,32,1,1,1,0,0.0,15,1
TRAJ-MICRO-V1,12049,144,zero_scale,,,0-0;1-1;2-4,0-0;1-1;2-4,0-0;1-1;2-4,0-0|1-1|2-4|NULL,0-0|1-1|2-4|NULL,3,4,4,2,8,32,1,1,1,0,0.0,15,1
TRAJ-MICRO-V1,12049,145,configured_scale,,,0-0;1-3;2-4,0-0;1-3;2-4,0-0;1-3;2-4,0-0|2-4|1-3|NULL,0-0|2-4|1-3|NULL,3,4,4,2,8,32,1,1,1,0,0.0,15,1
TRAJ-MICRO-V1,12049,145,zero_scale,,,0-1;1-3;2-4,0-1;1-3;2-4,0-1;1-3;2-4,0-1|2-4|1-3|NULL,0-1|2-4|1-3|NULL,3,4,4,2,8,32,1,1,1,0,0.0,15,1
TRAJ-MICRO-V1,12049,146,configured_scale,,,0-0;1-3;2-4,0-0;1-3;2-4,0-0;1-3;2-4,2-4|0-0|1-3|NULL,2-4|0-0|1-3|NULL,3,4,4,2,8,32,1,1,1,0,0.0,15,1
TRAJ-MICRO-V1,12049,146,zero_scale,,,0-0;1-2;2-4,0-0;1-2;2-4,0-0;1-2;2-4,2-4|0-0|1-2|NULL,2-4|0-0|1-2|NULL,3,4,4,2,8,32,1,1,1,0,0.0,15,1
TRAJ-MICRO-V1,12049,147,configured_scale,,,0-1;1-4;2-3,0-1;1-4;2-3,0-1;1-4;2-3,1-4|0-1|2-3|NULL,1-4|0-1|2-3|NULL,3,4,4,2,8,32,1,1,1,0,0.0,15,1
TRAJ-MICRO-V1,12049,147,zero_scale,,,0-1;1-4;2-3,0-1;1-4;2-3,0-1;1-4;2-3,1-4|0-1|2-3|NULL,1-4|0-1|2-3|NULL,3,4,4,2,8,32,1,1,1,0,0.0,15,1
TRAJ-MICRO-V1,12049,148,configured_scale,,,0-1;1-3;2-2,0-1;1-3;2-2,0-1;1-3;2-2,1-3|0-1|2-2|NULL,1-3|0-1|2-2|NULL,3,4,4,2,8,32,1,1,1,0,0.0,15,1
TRAJ-MICRO-V1,12049,148,zero_scale,,,0-1;1-3;2-2,0-1;1-3;2-2,0-1;1-3;2-2,1-3|0-1|2-2|NULL,1-3|0-1|2-2|NULL,3,4,4,2,8,32,1,1,1,0,0.0,15,1
TRAJ-MICRO-V1,12049,149,configured_scale,,,0-3;1-2;2-1,0-3;1-2;2-1,0-3;1-2;2-1,1-2|2-1|0-3|NULL,1-2|2-1|0-3|NULL,3,4,4,2,8,32,1,1,1,0,0.0,15,1
TRAJ-MICRO-V1,12049,149,zero_scale,,,0-3;1-2;2-1,0-3;1-2;2-1,0-3;1-2;2-1,1-2|2-1|0-3|NULL,1-2|2-1|0-3|NULL,3,4,4,2,8,32,1,1,1,0,0.0,15,1
TRAJ-MICRO-V1,12049,150,configured_scale,,,0-1;1-2;2-0,0-1;1-2;2-0,0-1;1-2;2-0,1-2|2-0|0-1|NULL,1-2|2-0|0-1|NULL,3,4,4,2,8,32,1,1,1,0,0.0,15,1
TRAJ-MICRO-V1,12049,150,zero_scale,,,0-1;1-2;2-3,0-1;1-2;2-3,0-1;1-2;2-3,1-2|2-3|0-1|NULL,1-2|2-3|0-1|NULL,3,4,4,2,8,32,1,1,1,0,0.0,15,1
TRAJ-MICRO-V1,12049,151,configured_scale,,,0-1;1-2;2-3,0-1;1-2;2-3,0-1;1-2;2-3,1-2|2-3|0-1|NULL,1-2|2-3|0-1|NULL,3,4,4,2,8,32,1,1,1,0,0.0,15,1
TRAJ-MICRO-V1,12049,151,zero_scale,,,0-1;1-2;2-3,0-1;1-2;2-3,0-1;1-2;2-3,1-2|0-1|2-3|NULL,1-2|0-1|2-3|NULL,3,4,4,2,8,32,1,1,1,0,0.0,15,1
TRAJ-MICRO-V1,12049,152,configured_scale,,,0-2;1-3;2-1,0-2;1-3;2-1,0-2;1-3;2-1,1-3|2-1|0-2|NULL,1-3|2-1|0-2|NULL,3,4,4,2,8,32,1,1,1,0,0.0,15,1
TRAJ-MICRO-V1,12049,152,zero_scale,,,0-3;1-2;2-1,0-3;1-2;2-1,0-3;1-2;2-1,1-2|2-1|0-3|NULL,1-2|2-1|0-3|NULL,3,4,4,2,8,32,1,1,1,0,0.0,15,1
TRAJ-MICRO-V1,12049,153,configured_scale,,,0-4;1-2;2-3,0-4;1-2;2-3,0-4;1-2;2-3,2-3|1-2|0-4|NULL,2-3|1-2|0-4|NULL,3,4,4,2,8,32,1,1,1,0,0.0,15,1
TRAJ-MICRO-V1,12049,153,zero_scale,,,0-1;1-2;2-3,0-1;1-2;2-3,0-1;1-2;2-3,2-3|1-2|0-1|NULL,2-3|1-2|0-1|NULL,3,4,4,2,8,32,1,1,1,0,0.0,15,1
TRAJ-MICRO-V1,12049,154,configured_scale,,,0-1;1-4;2-3,0-1;1-4;2-3,0-1;1-4;2-3,2-3|1-4|0-1|NULL,2-3|1-4|0-1|NULL,3,4,4,2,8,32,1,1,1,0,0.0,15,1
TRAJ-MICRO-V1,12049,154,zero_scale,,,0-1;1-3;2-4,0-1;1-3;2-4,0-1;1-3;2-4,2-4|1-3|0-1|NULL,2-4|1-3|0-1|NULL,3,4,4,2,8,32,1,1,1,0,0.0,15,1
TRAJ-MICRO-V1,12049,155,configured_scale,,,0-0;1-3;2-4,0-0;1-3;2-4,0-0;1-3;2-4,2-4|1-3|0-0|NULL,2-4|1-3|0-0|NULL,3,4,4,2,8,32,1,1,1,0,0.0,15,1
TRAJ-MICRO-V1,12049,155,zero_scale,,,0-0;1-3;2-4,0-0;1-3;2-4,0-0;1-3;2-4,2-4|1-3|0-0|NULL,2-4|1-3|0-0|NULL,3,4,4,2,8,32,1,1,1,0,0.0,15,1
TRAJ-MICRO-V1,12049,156,configured_scale,,,0-2;1-3;2-4,0-2;1-3;2-4,0-2;1-3;2-4,2-4|1-3|0-2|NULL,2-4|1-3|0-2|NULL,3,4,4,2,8,32,1,1,1,0,0.0,15,1
TRAJ-MICRO-V1,12049,156,zero_scale,,,0-2;1-3;2-4,0-2;1-3;2-4,0-2;1-3;2-4,2-4|1-3|0-2|NULL,2-4|1-3|0-2|NULL,3,4,4,2,8,32,1,1,1,0,0.0,15,1
TRAJ-MICRO-V1,12049,157,configured_scale,,,0-1;1-3;2-4,0-1;1-3;2-4,0-1;1-3;2-4,2-4|1-3|0-1|NULL,2-4|1-3|0-1|NULL,3,4,4,2,8,32,1,1,1,0,0.0,15,1
TRAJ-MICRO-V1,12049,157,zero_scale,,,0-1;1-3;2-4,0-1;1-3;2-4,0-1;1-3;2-4,2-4|1-3|0-1|NULL,2-4|1-3|0-1|NULL,3,4,4,2,8,32,1,1,1,0,0.0,15,1
TRAJ-MICRO-V1,12049,158,configured_scale,,,0-0;1-3;2-4,0-0;1-3;2-4,0-0;1-3;2-4,2-4|1-3|0-0|NULL,2-4|1-3|0-0|NULL,3,4,4,2,8,32,1,1,1,0,0.0,15,1
TRAJ-MICRO-V1,12049,158,zero_scale,,,0-0;1-2;2-4,0-0;1-2;2-4,0-0;1-2;2-4,2-4|1-2|0-0|NULL,2-4|1-2|0-0|NULL,3,4,4,2,8,32,1,1,1,0,0.0,15,1
TRAJ-MICRO-V1,12049,159,configured_scale,,,0-0;1-3;2-4,0-0;1-3;2-4,0-0;1-3;2-4,2-4|0-0|1-3|NULL,2-4|0-0|1-3|NULL,3,4,4,2,8,32,1,1,1,0,0.0,15,1
TRAJ-MICRO-V1,12049,159,zero_scale,,,0-1;1-3;2-4,0-1;1-3;2-4,0-1;1-3;2-4,2-4|1-3|0-1|NULL,2-4|1-3|0-1|NULL,3,4,4,2,8,32,1,1,1,0,0.0,15,1
TRAJ-MICRO-V1,12049,160,configured_scale,,,0-1;1-3;2-4,0-1;1-3;2-4,0-1;1-3;2-4,2-4|0-1|1-3|NULL,2-4|0-1|1-3|NULL,3,4,4,2,8,32,1,1,1,0,0.0,15,1
TRAJ-MICRO-V1,12049,160,zero_scale,,,0-1;1-3;2-4,0-1;1-3;2-4,0-1;1-3;2-4,2-4|0-1|1-3|NULL,2-4|0-1|1-3|NULL,3,4,4,2,8,32,1,1,1,0,0.0,15,1
TRAJ-MICRO-V1,12049,161,configured_scale,,,0-1;1-3;2-4,0-1;1-3;2-4,0-1;1-3;2-4,2-4|0-1|1-3|NULL,2-4|0-1|1-3|NULL,3,4,4,2,8,32,1,1,1,0,0.0,15,1
TRAJ-MICRO-V1,12049,161,zero_scale,,,0-0;1-2;2-4,0-0;1-2;2-4,0-0;1-2;2-4,2-4|1-2|0-0|NULL,2-4|1-2|0-0|NULL,3,4,4,2,8,32,1,1,1,0,0.0,15,1
TRAJ-MICRO-V1,12049,162,configured_scale,,,0-1;1-2;2-0,0-1;1-2;2-0,0-1;1-2;2-0,2-0|1-2|0-1|NULL,2-0|1-2|0-1|NULL,3,4,4,2,8,32,1,1,1,0,0.0,15,1
TRAJ-MICRO-V1,12049,162,zero_scale,,,0-1;1-2;2-3,0-1;1-2;2-3,0-1;1-2;2-3,2-3|1-2|0-1|NULL,2-3|1-2|0-1|NULL,3,4,4,2,8,32,1,1,1,0,0.0,15,1
TRAJ-MICRO-V1,12049,163,configured_scale,,,0-1;1-3;2-2,0-1;1-3;2-2,0-1;1-3;2-2,2-2|1-3|0-1|NULL,2-2|1-3|0-1|NULL,3,4,4,2,8,32,1,1,1,0,0.0,15,1
TRAJ-MICRO-V1,12049,163,zero_scale,,,0-1;1-3;2-2,0-1;1-3;2-2,0-1;1-3;2-2,2-2|1-3|0-1|NULL,2-2|1-3|0-1|NULL,3,4,4,2,8,32,1,1,1,0,0.0,15,1
TRAJ-MICRO-V1,12049,164,configured_scale,,,0-2;1-3;2-1,0-2;1-3;2-1,0-2;1-3;2-1,2-1|1-3|0-2|NULL,2-1|1-3|0-2|NULL,3,4,4,2,8,32,1,1,1,0,0.0,15,1
TRAJ-MICRO-V1,12049,164,zero_scale,,,0-3;1-2;2-1,0-3;1-2;2-1,0-3;1-2;2-1,1-2|2-1|0-3|NULL,1-2|2-1|0-3|NULL,3,4,4,2,8,32,1,1,1,0,0.0,15,1
TRAJ-MICRO-V1,12049,165,configured_scale,,,0-1;1-2;2-0,0-1;1-2;2-0,0-1;1-2;2-0,2-0|1-2|0-1|NULL,2-0|1-2|0-1|NULL,3,4,4,2,8,32,1,1,1,0,0.0,15,1
TRAJ-MICRO-V1,12049,165,zero_scale,,,0-1;1-2;2-3,0-1;1-2;2-3,0-1;1-2;2-3,2-3|1-2|0-1|NULL,2-3|1-2|0-1|NULL,3,4,4,2,8,32,1,1,1,0,0.0,15,1
TRAJ-MICRO-V1,12049,166,configured_scale,,,0-4;1-2;2-1,0-4;1-2;2-1,0-4;1-2;2-1,1-2|2-1|0-4|NULL,1-2|2-1|0-4|NULL,3,4,4,2,8,32,1,1,1,0,0.0,15,1
TRAJ-MICRO-V1,12049,166,zero_scale,,,0-1;1-2;2-4,0-1;1-2;2-4,0-1;1-2;2-4,1-2|0-1|2-4|NULL,1-2|0-1|2-4|NULL,3,4,4,2,8,32,1,1,1,0,0.0,15,1
TRAJ-MICRO-V1,12049,167,configured_scale,,,0-3;1-2;2-1,0-3;1-2;2-1,0-3;1-2;2-1,1-2|2-1|0-3|NULL,1-2|2-1|0-3|NULL,3,4,4,2,8,32,1,1,1,0,0.0,15,1
TRAJ-MICRO-V1,12049,167,zero_scale,,,0-3;1-2;2-1,0-3;1-2;2-1,0-3;1-2;2-1,1-2|2-1|0-3|NULL,1-2|2-1|0-3|NULL,3,4,4,2,8,32,1,1,1,0,0.0,15,1
TRAJ-MICRO-V1,12049,168,configured_scale,,,0-2;1-1;2-0,0-2;1-1;2-0,0-2;1-1;2-0,1-1|2-0|0-2|NULL,1-1|2-0|0-2|NULL,3,4,4,2,8,32,1,1,1,0,0.0,15,1
TRAJ-MICRO-V1,12049,168,zero_scale,,,0-2;1-1;2-0,0-2;1-1;2-0,0-2;1-1;2-0,1-1|0-2|2-0|NULL,1-1|0-2|2-0|NULL,3,4,4,2,8,32,1,1,1,0,0.0,15,1
TRAJ-MICRO-V1,12049,169,configured_scale,,,0-1;1-0;2-2,0-1;1-0;2-2,0-1;1-0;2-2,0-1|1-0|2-2|NULL,0-1|1-0|2-2|NULL,3,4,4,2,8,32,1,1,1,0,0.0,15,1
TRAJ-MICRO-V1,12049,169,zero_scale,,,0-1;1-0;2-2,0-1;1-0;2-2,0-1;1-0;2-2,0-1|1-0|2-2|NULL,0-1|1-0|2-2|NULL,3,4,4,2,8,32,1,1,1,0,0.0,15,1
TRAJ-MICRO-V1,12049,170,configured_scale,,,0-1;1-2;2-4,0-1;1-2;2-4,0-1;1-2;2-4,1-2|0-1|2-4|NULL,1-2|0-1|2-4|NULL,3,4,4,2,8,32,1,1,1,0,0.0,15,1
TRAJ-MICRO-V1,12049,170,zero_scale,,,0-0;1-2;2-4,0-0;1-2;2-4,0-0;1-2;2-4,0-0|1-2|2-4|NULL,0-0|1-2|2-4|NULL,3,4,4,2,8,32,1,1,1,0,0.0,15,1
TRAJ-MICRO-V1,12049,171,configured_scale,,,0-0;1-1;2-4,0-0;1-1;2-4,0-0;1-1;2-4,1-1|0-0|2-4|NULL,1-1|0-0|2-4|NULL,3,4,4,2,8,32,1,1,1,0,0.0,15,1
TRAJ-MICRO-V1,12049,171,zero_scale,,,0-0;1-1;2-3,0-0;1-1;2-3,0-0;1-1;2-3,0-0|1-1|2-3|NULL,0-0|1-1|2-3|NULL,3,4,4,2,8,32,1,1,1,0,0.0,15,1
TRAJ-MICRO-V1,12049,172,configured_scale,,,0-1;1-0;2-4,0-1;1-0;2-4,0-1;1-0;2-4,1-0|0-1|2-4|NULL,1-0|0-1|2-4|NULL,3,4,4,2,8,32,1,1,1,0,0.0,15,1
TRAJ-MICRO-V1,12049,172,zero_scale,,,0-1;1-0;2-4,0-1;1-0;2-4,0-1;1-0;2-4,1-0|0-1|2-4|NULL,1-0|0-1|2-4|NULL,3,4,4,2,8,32,1,1,1,0,0.0,15,1
TRAJ-MICRO-V1,12049,173,configured_scale,,,0-0;1-2;2-4,0-0;1-2;2-4,0-0;1-2;2-4,2-4|0-0|1-2|NULL,2-4|0-0|1-2|NULL,3,4,4,2,8,32,1,1,1,0,0.0,15,1
TRAJ-MICRO-V1,12049,173,zero_scale,,,0-0;1-2;2-4,0-0;1-2;2-4,0-0;1-2;2-4,0-0|2-4|1-2|NULL,0-0|2-4|1-2|NULL,3,4,4,2,8,32,1,1,1,0,0.0,15,1
TRAJ-MICRO-V1,12049,174,configured_scale,,,0-0;1-1;2-4,0-0;1-1;2-4,0-0;1-1;2-4,2-4|0-0|1-1|NULL,2-4|0-0|1-1|NULL,3,4,4,2,8,32,1,1,1,0,0.0,15,1
TRAJ-MICRO-V1,12049,174,zero_scale,,,0-0;1-4;2-3,0-0;1-4;2-3,0-0;1-4;2-3,0-0|1-4|2-3|NULL,0-0|1-4|2-3|NULL,3,4,4,2,8,32,1,1,1,0,0.0,15,1
TRAJ-MICRO-V1,12049,175,configured_scale,,,0-0;1-3;2-4,0-0;1-3;2-4,0-0;1-3;2-4,1-3|0-0|2-4|NULL,1-3|0-0|2-4|NULL,3,4,4,2,8,32,1,1,1,0,0.0,15,1
TRAJ-MICRO-V1,12049,175,zero_scale,,,0-1;1-3;2-4,0-1;1-3;2-4,0-1;1-3;2-4,0-1|1-3|2-4|NULL,0-1|1-3|2-4|NULL,3,4,4,2,8,32,1,1,1,0,0.0,15,1
TRAJ-MICRO-V1,12049,176,configured_scale,,,0-0;1-2;2-4,0-0;1-2;2-4,0-0;1-2;2-4,0-0|2-4|1-2|NULL,0-0|2-4|1-2|NULL,3,4,4,2,8,32,1,1,1,0,0.0,15,1
TRAJ-MICRO-V1,12049,176,zero_scale,,,0-0;1-2;2-4,0-0;1-2;2-4,0-0;1-2;2-4,0-0|1-2|2-4|NULL,0-0|1-2|2-4|NULL,3,4,4,2,8,32,1,1,1,0,0.0,15,1
TRAJ-MICRO-V1,12049,177,configured_scale,,,0-0;1-2;2-3,0-0;1-2;2-3,0-0;1-2;2-3,0-0|1-2|2-3|NULL,0-0|1-2|2-3|NULL,3,4,4,2,8,32,1,1,1,0,0.0,15,1
TRAJ-MICRO-V1,12049,177,zero_scale,,,0-2;1-1;2-0,0-2;1-1;2-0,0-2;1-1;2-0,0-2|1-1|2-0|NULL,0-2|1-1|2-0|NULL,3,4,4,2,8,32,1,1,1,0,0.0,15,1
TRAJ-MICRO-V1,12049,178,configured_scale,,,0-4;1-3;2-2,0-4;1-3;2-2,0-4;1-3;2-2,0-4|1-3|2-2|NULL,0-4|1-3|2-2|NULL,3,4,4,2,8,32,1,1,1,0,0.0,15,1
TRAJ-MICRO-V1,12049,178,zero_scale,,,0-1;1-3;2-2,0-1;1-3;2-2,0-1;1-3;2-2,0-1|1-3|2-2|NULL,0-1|1-3|2-2|NULL,3,4,4,2,8,32,1,1,1,0,0.0,15,1
TRAJ-MICRO-V1,12049,179,configured_scale,,,0-0;1-2;2-1,0-0;1-2;2-1,0-0;1-2;2-1,0-0|1-2|2-1|NULL,0-0|1-2|2-1|NULL,3,4,4,2,8,32,1,1,1,0,0.0,15,1
TRAJ-MICRO-V1,12049,179,zero_scale,,,0-0;1-2;2-1,0-0;1-2;2-1,0-0;1-2;2-1,0-0|1-2|2-1|NULL,0-0|1-2|2-1|NULL,3,4,4,2,8,32,1,1,1,0,0.0,15,1
TRAJ-MICRO-V1,12049,180,configured_scale,,,0-0;1-2;2-3,0-0;1-2;2-3,0-0;1-2;2-3,0-0|1-2|2-3|NULL,0-0|1-2|2-3|NULL,3,4,4,2,8,32,1,1,1,0,0.0,15,1
TRAJ-MICRO-V1,12049,180,zero_scale,,,0-2;1-1;2-0,0-2;1-1;2-0,0-2;1-1;2-0,0-2|1-1|2-0|NULL,0-2|1-1|2-0|NULL,3,4,4,2,8,32,1,1,1,0,0.0,15,1
TRAJ-MICRO-V1,12049,181,configured_scale,,,0-4;1-3;2-2,0-4;1-3;2-2,0-4;1-3;2-2,1-3|0-4|2-2|NULL,1-3|0-4|2-2|NULL,3,4,4,2,8,32,1,1,1,0,0.0,15,1
TRAJ-MICRO-V1,12049,181,zero_scale,,,0-1;1-3;2-2,0-1;1-3;2-2,0-1;1-3;2-2,0-1|1-3|2-2|NULL,0-1|1-3|2-2|NULL,3,4,4,2,8,32,1,1,1,0,0.0,15,1
TRAJ-MICRO-V1,12049,182,configured_scale,,,0-0;1-2;2-4,0-0;1-2;2-4,0-0;1-2;2-4,0-0|2-4|1-2|NULL,0-0|2-4|1-2|NULL,3,4,4,2,8,32,1,1,1,0,0.0,15,1
TRAJ-MICRO-V1,12049,182,zero_scale,,,0-0;1-2;2-4,0-0;1-2;2-4,0-0;1-2;2-4,0-0|1-2|2-4|NULL,0-0|1-2|2-4|NULL,3,4,4,2,8,32,1,1,1,0,0.0,15,1
TRAJ-MICRO-V1,12049,183,configured_scale,,,0-0;1-2;2-4,0-0;1-2;2-4,0-0;1-2;2-4,2-4|0-0|1-2|NULL,2-4|0-0|1-2|NULL,3,4,4,2,8,32,1,1,1,0,0.0,15,1
TRAJ-MICRO-V1,12049,183,zero_scale,,,0-1;1-4;2-3,0-1;1-4;2-3,0-1;1-4;2-3,0-1|2-3|1-4|NULL,0-1|2-3|1-4|NULL,3,4,4,2,8,32,1,1,1,0,0.0,15,1
TRAJ-MICRO-V1,12049,184,configured_scale,,,0-1;1-3;2-4,0-1;1-3;2-4,0-1;1-3;2-4,2-4|0-1|1-3|NULL,2-4|0-1|1-3|NULL,3,4,4,2,8,32,1,1,1,0,0.0,15,1
TRAJ-MICRO-V1,12049,184,zero_scale,,,0-1;1-3;2-4,0-1;1-3;2-4,0-1;1-3;2-4,0-1|2-4|1-3|NULL,0-1|2-4|1-3|NULL,3,4,4,2,8,32,1,1,1,0,0.0,15,1
TRAJ-MICRO-V1,12049,185,configured_scale,,,0-1;1-2;2-4,0-1;1-2;2-4,0-1;1-2;2-4,2-4|0-1|1-2|NULL,2-4|0-1|1-2|NULL,3,4,4,2,8,32,1,1,1,0,0.0,15,1
TRAJ-MICRO-V1,12049,185,zero_scale,,,0-1;1-2;2-4,0-1;1-2;2-4,0-1;1-2;2-4,2-4|0-1|1-2|NULL,2-4|0-1|1-2|NULL,3,4,4,2,8,32,1,1,1,0,0.0,15,1
TRAJ-MICRO-V1,12049,186,configured_scale,,,0-2;1-1;2-4,0-2;1-1;2-4,0-2;1-1;2-4,0-2|1-1|2-4|NULL,0-2|1-1|2-4|NULL,3,4,4,2,8,32,1,1,1,0,0.0,15,1
TRAJ-MICRO-V1,12049,186,zero_scale,,,0-2;1-1;2-3,0-2;1-1;2-3,0-2;1-1;2-3,0-2|1-1|2-3|NULL,0-2|1-1|2-3|NULL,3,4,4,2,8,32,1,1,1,0,0.0,15,1
TRAJ-MICRO-V1,12049,187,configured_scale,,,0-1;1-3;2-2,0-1;1-3;2-2,0-1;1-3;2-2,0-1|2-2|1-3|NULL,0-1|2-2|1-3|NULL,3,4,4,2,8,32,1,1,1,0,0.0,15,1
TRAJ-MICRO-V1,12049,187,zero_scale,,,0-1;1-2;2-4,0-1;1-2;2-4,0-1;1-2;2-4,0-1|1-2|2-4|NULL,0-1|1-2|2-4|NULL,3,4,4,2,8,32,1,1,1,0,0.0,15,1
TRAJ-MICRO-V1,12049,188,configured_scale,,,0-0;1-2;2-4,0-0;1-2;2-4,0-0;1-2;2-4,0-0|1-2|2-4|NULL,0-0|1-2|2-4|NULL,3,4,4,2,8,32,1,1,1,0,0.0,15,1
TRAJ-MICRO-V1,12049,188,zero_scale,,,0-0;1-2;2-4,0-0;1-2;2-4,0-0;1-2;2-4,0-0|1-2|2-4|NULL,0-0|1-2|2-4|NULL,3,4,4,2,8,32,1,1,1,0,0.0,15,1
TRAJ-MICRO-V1,12049,189,configured_scale,,,0-1;1-2;2-3,0-1;1-2;2-3,0-1;1-2;2-3,0-1|2-3|1-2|NULL,0-1|2-3|1-2|NULL,3,4,4,2,8,32,1,1,1,0,0.0,15,1
TRAJ-MICRO-V1,12049,189,zero_scale,,,0-1;1-2;2-3,0-1;1-2;2-3,0-1;1-2;2-3,0-1|1-2|2-3|NULL,0-1|1-2|2-3|NULL,3,4,4,2,8,32,1,1,1,0,0.0,15,1
TRAJ-MICRO-V1,12049,190,configured_scale,,,0-1;1-3;2-2,0-1;1-3;2-2,0-1;1-3;2-2,0-1|1-3|2-2|NULL,0-1|1-3|2-2|NULL,3,4,4,2,8,32,1,1,1,0,0.0,15,1
TRAJ-MICRO-V1,12049,190,zero_scale,,,0-1;1-3;2-2,0-1;1-3;2-2,0-1;1-3;2-2,0-1|1-3|2-2|NULL,0-1|1-3|2-2|NULL,3,4,4,2,8,32,1,1,1,0,0.0,15,1
TRAJ-MICRO-V1,12049,191,configured_scale,,,0-3;1-2;2-4,0-3;1-2;2-4,0-3;1-2;2-4,1-2|2-4|0-3|NULL,1-2|2-4|0-3|NULL,3,4,4,2,8,32,1,1,1,0,0.0,15,1
TRAJ-MICRO-V1,12049,191,zero_scale,,,0-3;1-2;2-4,0-3;1-2;2-4,0-3;1-2;2-4,1-2|0-3|2-4|NULL,1-2|0-3|2-4|NULL,3,4,4,2,8,32,1,1,1,0,0.0,15,1
TRAJ-MICRO-V1,12049,192,configured_scale,,,0-4;1-2;2-3,0-4;1-2;2-3,0-4;1-2;2-3,2-3|1-2|0-4|NULL,2-3|1-2|0-4|NULL,3,4,4,2,8,32,1,1,1,0,0.0,15,1
TRAJ-MICRO-V1,12049,192,zero_scale,,,0-2;1-3;2-4,0-2;1-3;2-4,0-2;1-3;2-4,0-2|1-3|2-4|NULL,0-2|1-3|2-4|NULL,3,4,4,2,8,32,1,1,1,0,0.0,15,1
TRAJ-MICRO-V1,12049,193,configured_scale,,,0-4;1-3;2-2,0-4;1-3;2-2,0-4;1-3;2-2,0-4|1-3|2-2|NULL,0-4|1-3|2-2|NULL,3,4,4,2,8,32,1,1,1,0,0.0,15,1
TRAJ-MICRO-V1,12049,193,zero_scale,,,0-4;1-3;2-2,0-4;1-3;2-2,0-4;1-3;2-2,1-3|0-4|2-2|NULL,1-3|0-4|2-2|NULL,3,4,4,2,8,32,1,1,1,0,0.0,15,1
TRAJ-MICRO-V1,12049,194,configured_scale,,,0-3;1-2;2-4,0-3;1-2;2-4,0-3;1-2;2-4,2-4|0-3|1-2|NULL,2-4|0-3|1-2|NULL,3,4,4,2,8,32,1,1,1,0,0.0,15,1
TRAJ-MICRO-V1,12049,194,zero_scale,,,0-3;1-2;2-4,0-3;1-2;2-4,0-3;1-2;2-4,2-4|0-3|1-2|NULL,2-4|0-3|1-2|NULL,3,4,4,2,8,32,1,1,1,0,0.0,15,1
TRAJ-MICRO-V1,12049,195,configured_scale,,,0-4;1-2;2-3,0-4;1-2;2-3,0-4;1-2;2-3,0-4|1-2|2-3|NULL,0-4|1-2|2-3|NULL,3,4,4,2,8,32,1,1,1,0,0.0,15,1
TRAJ-MICRO-V1,12049,195,zero_scale,,,0-2;1-4;2-3,0-2;1-4;2-3,0-2;1-4;2-3,0-2|1-4|2-3|NULL,0-2|1-4|2-3|NULL,3,4,4,2,8,32,1,1,1,0,0.0,15,1
TRAJ-MICRO-V1,12049,196,configured_scale,,,0-4;1-2;2-3,0-4;1-2;2-3,0-4;1-2;2-3,0-4|1-2|2-3|NULL,0-4|1-2|2-3|NULL,3,4,4,2,8,32,1,1,1,0,0.0,15,1
TRAJ-MICRO-V1,12049,196,zero_scale,,,0-4;1-3;2-2,0-4;1-3;2-2,0-4;1-3;2-2,0-4|1-3|2-2|NULL,0-4|1-3|2-2|NULL,3,4,4,2,8,32,1,1,1,0,0.0,15,1
TRAJ-MICRO-V1,12049,197,configured_scale,,,0-0;1-2;2-4,0-0;1-2;2-4,0-0;1-2;2-4,0-0|2-4|1-2|NULL,0-0|2-4|1-2|NULL,3,4,4,2,8,32,1,1,1,0,0.0,15,1
TRAJ-MICRO-V1,12049,197,zero_scale,,,0-0;1-2;2-4,0-0;1-2;2-4,0-0;1-2;2-4,0-0|2-4|1-2|NULL,0-0|2-4|1-2|NULL,3,4,4,2,8,32,1,1,1,0,0.0,15,1
TRAJ-MICRO-V1,12049,198,configured_scale,,,0-0;1-4;2-3,0-0;1-4;2-3,0-0;1-4;2-3,0-0|1-4|2-3|NULL,0-0|1-4|2-3|NULL,3,4,4,2,8,32,1,1,1,0,0.0,15,1
TRAJ-MICRO-V1,12049,198,zero_scale,,,0-1;1-4;2-3,0-1;1-4;2-3,0-1;1-4;2-3,0-1|1-4|2-3|NULL,0-1|1-4|2-3|NULL,3,4,4,2,8,32,1,1,1,0,0.0,15,1
TRAJ-MICRO-V1,12049,199,configured_scale,,,0-0;1-3;2-4,0-0;1-3;2-4,0-0;1-3;2-4,0-0|1-3|2-4|NULL,0-0|1-3|2-4|NULL,3,4,4,2,8,32,1,1,1,0,0.0,15,1
TRAJ-MICRO-V1,12049,199,zero_scale,,,0-1;1-3;2-4,0-1;1-3;2-4,0-1;1-3;2-4,0-1|1-3|2-4|NULL,0-1|1-3|2-4|NULL,3,4,4,2,8,32,1,1,1,0,0.0,15,1
TRAJ-MICRO-V1,12049,200,configured_scale,,,0-0;1-2;2-3,0-0;1-2;2-3,0-0;1-2;2-3,0-0|1-2|2-3|NULL,0-0|1-2|2-3|NULL,3,4,4,2,8,32,1,1,1,0,0.0,15,1
TRAJ-MICRO-V1,12049,200,zero_scale,,,0-0;1-2;2-4,0-0;1-2;2-4,0-0;1-2;2-4,0-0|1-2|2-4|NULL,0-0|1-2|2-4|NULL,3,4,4,2,8,32,1,1,1,0,0.0,15,1
TRAJ-MICRO-V1,12049,201,configured_scale,,,0-2;1-3;2-4,0-2;1-3;2-4,0-2;1-3;2-4,1-3|0-2|2-4|NULL,1-3|0-2|2-4|NULL,3,4,4,2,8,32,1,1,1,0,0.0,15,1
TRAJ-MICRO-V1,12049,201,zero_scale,,,0-2;1-1;2-3,0-2;1-1;2-3,0-2;1-1;2-3,2-3|1-1|0-2|NULL,2-3|1-1|0-2|NULL,3,4,4,2,8,32,1,1,1,0,0.0,15,1
TRAJ-MICRO-V1,12049,202,configured_scale,,,0-1;1-3;2-4,0-1;1-3;2-4,0-1;1-3;2-4,1-3|2-4|0-1|NULL,1-3|2-4|0-1|NULL,3,4,4,2,8,32,1,1,1,0,0.0,15,1
TRAJ-MICRO-V1,12049,202,zero_scale,,,0-1;1-3;2-4,0-1;1-3;2-4,0-1;1-3;2-4,1-3|2-4|0-1|NULL,1-3|2-4|0-1|NULL,3,4,4,2,8,32,1,1,1,0,0.0,15,1
TRAJ-MICRO-V1,12049,203,configured_scale,,,0-3;1-2;2-4,0-3;1-2;2-4,0-3;1-2;2-4,2-4|1-2|0-3|NULL,2-4|1-2|0-3|NULL,3,4,4,2,8,32,1,1,1,0,0.0,15,1
TRAJ-MICRO-V1,12049,203,zero_scale,,,0-3;1-2;2-4,0-3;1-2;2-4,0-3;1-2;2-4,1-2|2-4|0-3|NULL,1-2|2-4|0-3|NULL,3,4,4,2,8,32,1,1,1,0,0.0,15,1
TRAJ-MICRO-V1,12049,204,configured_scale,,,0-1;1-2;2-4,0-1;1-2;2-4,0-1;1-2;2-4,1-2|2-4|0-1|NULL,1-2|2-4|0-1|NULL,3,4,4,2,8,32,1,1,1,0,0.0,15,1
TRAJ-MICRO-V1,12049,204,zero_scale,,,0-1;1-2;2-3,0-1;1-2;2-3,0-1;1-2;2-3,1-2|2-3|0-1|NULL,1-2|2-3|0-1|NULL,3,4,4,2,8,32,1,1,1,0,0.0,15,1
TRAJ-MICRO-V1,12049,205,configured_scale,,,0-1;1-3;2-4,0-1;1-3;2-4,0-1;1-3;2-4,1-3|2-4|0-1|NULL,1-3|2-4|0-1|NULL,3,4,4,2,8,32,1,1,1,0,0.0,15,1
TRAJ-MICRO-V1,12049,205,zero_scale,,,0-1;1-3;2-2,0-1;1-3;2-2,0-1;1-3;2-2,1-3|2-2|0-1|NULL,1-3|2-2|0-1|NULL,3,4,4,2,8,32,1,1,1,0,0.0,15,1
TRAJ-MICRO-V1,12049,206,configured_scale,,,0-3;1-2;2-1,0-3;1-2;2-1,0-3;1-2;2-1,1-2|2-1|0-3|NULL,1-2|2-1|0-3|NULL,3,4,4,2,8,32,1,1,1,0,0.0,15,1
TRAJ-MICRO-V1,12049,206,zero_scale,,,0-3;1-2;2-1,0-3;1-2;2-1,0-3;1-2;2-1,1-2|2-1|0-3|NULL,1-2|2-1|0-3|NULL,3,4,4,2,8,32,1,1,1,0,0.0,15,1
TRAJ-MICRO-V1,12049,207,configured_scale,,,0-1;1-2;2-0,0-1;1-2;2-0,0-1;1-2;2-0,2-0|1-2|0-1|NULL,2-0|1-2|0-1|NULL,3,4,4,2,8,32,1,1,1,0,0.0,15,1
TRAJ-MICRO-V1,12049,207,zero_scale,,,0-2;1-1;2-0,0-2;1-1;2-0,0-2;1-1;2-0,1-1|2-0|0-2|NULL,1-1|2-0|0-2|NULL,3,4,4,2,8,32,1,1,1,0,0.0,15,1
TRAJ-MICRO-V1,12049,208,configured_scale,,,0-1;1-3;2-4,0-1;1-3;2-4,0-1;1-3;2-4,1-3|2-4|0-1|NULL,1-3|2-4|0-1|NULL,3,4,4,2,8,32,1,1,1,0,0.0,15,1
TRAJ-MICRO-V1,12049,208,zero_scale,,,0-1;1-3;2-2,0-1;1-3;2-2,0-1;1-3;2-2,1-3|0-1|2-2|NULL,1-3|0-1|2-2|NULL,3,4,4,2,8,32,1,1,1,0,0.0,15,1
TRAJ-MICRO-V1,12049,209,configured_scale,,,0-0;1-2;2-4,0-0;1-2;2-4,0-0;1-2;2-4,2-4|1-2|0-0|NULL,2-4|1-2|0-0|NULL,3,4,4,2,8,32,1,1,1,0,0.0,15,1
TRAJ-MICRO-V1,12049,209,zero_scale,,,0-0;1-2;2-4,0-0;1-2;2-4,0-0;1-2;2-4,1-2|2-4|0-0|NULL,1-2|2-4|0-0|NULL,3,4,4,2,8,32,1,1,1,0,0.0,15,1
TRAJ-MICRO-V1,12049,210,configured_scale,,,0-1;1-2;2-0,0-1;1-2;2-0,0-1;1-2;2-0,2-0|1-2|0-1|NULL,2-0|1-2|0-1|NULL,3,4,4,2,8,32,1,1,1,0,0.0,15,1
TRAJ-MICRO-V1,12049,210,zero_scale,,,0-1;1-2;2-0,0-1;1-2;2-0,0-1;1-2;2-0,2-0|1-2|0-1|NULL,2-0|1-2|0-1|NULL,3,4,4,2,8,32,1,1,1,0,0.0,15,1
TRAJ-MICRO-V1,12049,211,configured_scale,,,0-0;1-3;2-4,0-0;1-3;2-4,0-0;1-3;2-4,2-4|1-3|0-0|NULL,2-4|1-3|0-0|NULL,3,4,4,2,8,32,1,1,1,0,0.0,15,1
TRAJ-MICRO-V1,12049,211,zero_scale,,,0-1;1-3;2-2,0-1;1-3;2-2,0-1;1-3;2-2,2-2|1-3|0-1|NULL,2-2|1-3|0-1|NULL,3,4,4,2,8,32,1,1,1,0,0.0,15,1
TRAJ-MICRO-V1,12049,212,configured_scale,,,0-0;1-2;2-4,0-0;1-2;2-4,0-0;1-2;2-4,2-4|0-0|1-2|NULL,2-4|0-0|1-2|NULL,3,4,4,2,8,32,1,1,1,0,0.0,15,1
TRAJ-MICRO-V1,12049,212,zero_scale,,,0-0;1-2;2-4,0-0;1-2;2-4,0-0;1-2;2-4,2-4|1-2|0-0|NULL,2-4|1-2|0-0|NULL,3,4,4,2,8,32,1,1,1,0,0.0,15,1
TRAJ-MICRO-V1,12049,213,configured_scale,,,0-1;1-0;2-4,0-1;1-0;2-4,0-1;1-0;2-4,2-4|1-0|0-1|NULL,2-4|1-0|0-1|NULL,3,4,4,2,8,32,1,1,1,0,0.0,15,1
TRAJ-MICRO-V1,12049,213,zero_scale,,,0-0;1-1;2-3,0-0;1-1;2-3,0-0;1-1;2-3,2-3|1-1|0-0|NULL,2-3|1-1|0-0|NULL,3,4,4,2,8,32,1,1,1,0,0.0,15,1
TRAJ-MICRO-V1,12049,214,configured_scale,,,0-1;1-0;2-4,0-1;1-0;2-4,0-1;1-0;2-4,2-4|1-0|0-1|NULL,2-4|1-0|0-1|NULL,3,4,4,2,8,32,1,1,1,0,0.0,15,1
TRAJ-MICRO-V1,12049,214,zero_scale,,,0-1;1-0;2-4,0-1;1-0;2-4,0-1;1-0;2-4,2-4|1-0|0-1|NULL,2-4|1-0|0-1|NULL,3,4,4,2,8,32,1,1,1,0,0.0,15,1
TRAJ-MICRO-V1,12049,215,configured_scale,,,0-0;1-2;2-4,0-0;1-2;2-4,0-0;1-2;2-4,2-4|0-0|1-2|NULL,2-4|0-0|1-2|NULL,3,4,4,2,8,32,1,1,1,0,0.0,15,1
TRAJ-MICRO-V1,12049,215,zero_scale,,,0-0;1-2;2-4,0-0;1-2;2-4,0-0;1-2;2-4,2-4|0-0|1-2|NULL,2-4|0-0|1-2|NULL,3,4,4,2,8,32,1,1,1,0,0.0,15,1
TRAJ-MICRO-V1,12049,216,configured_scale,,,0-2;1-1;2-0,0-2;1-1;2-0,0-2;1-1;2-0,2-0|1-1|0-2|NULL,2-0|1-1|0-2|NULL,3,4,4,2,8,32,1,1,1,0,0.0,15,1
TRAJ-MICRO-V1,12049,216,zero_scale,,,0-2;1-1;2-0,0-2;1-1;2-0,0-2;1-1;2-0,2-0|1-1|0-2|NULL,2-0|1-1|0-2|NULL,3,4,4,2,8,32,1,1,1,0,0.0,15,1
TRAJ-MICRO-V1,12049,217,configured_scale,,,0-0;1-3;2-2,0-0;1-3;2-2,0-0;1-3;2-2,0-0|2-2|1-3|NULL,0-0|2-2|1-3|NULL,3,4,4,2,8,32,1,1,1,0,0.0,15,1
TRAJ-MICRO-V1,12049,217,zero_scale,,,0-0;1-3;2-2,0-0;1-3;2-2,0-0;1-3;2-2,0-0|2-2|1-3|NULL,0-0|2-2|1-3|NULL,3,4,4,2,8,32,1,1,1,0,0.0,15,1
TRAJ-MICRO-V1,12049,218,configured_scale,,,0-0;1-2;2-4,0-0;1-2;2-4,0-0;1-2;2-4,0-0|2-4|1-2|NULL,0-0|2-4|1-2|NULL,3,4,4,2,8,32,1,1,1,0,0.0,15,1
TRAJ-MICRO-V1,12049,218,zero_scale,,,0-0;1-2;2-1,0-0;1-2;2-1,0-0;1-2;2-1,0-0|1-2|2-1|NULL,0-0|1-2|2-1|NULL,3,4,4,2,8,32,1,1,1,0,0.0,15,1
TRAJ-MICRO-V1,12049,219,configured_scale,,,0-1;1-2;2-0,0-1;1-2;2-0,0-1;1-2;2-0,2-0|0-1|1-2|NULL,2-0|0-1|1-2|NULL,3,4,4,2,8,32,1,1,1,0,0.0,15,1
TRAJ-MICRO-V1,12049,219,zero_scale,,,0-2;1-1;2-0,0-2;1-1;2-0,0-2;1-1;2-0,1-1|2-0|0-2|NULL,1-1|2-0|0-2|NULL,3,4,4,2,8,32,1,1,1,0,0.0,15,1
TRAJ-MICRO-V1,12049,220,configured_scale,,,0-1;1-0;2-4,0-1;1-0;2-4,0-1;1-0;2-4,1-0|0-1|2-4|NULL,1-0|0-1|2-4|NULL,3,4,4,2,8,32,1,1,1,0,0.0,15,1
TRAJ-MICRO-V1,12049,220,zero_scale,,,0-1;1-2;2-4,0-1;1-2;2-4,0-1;1-2;2-4,0-1|1-2|2-4|NULL,0-1|1-2|2-4|NULL,3,4,4,2,8,32,1,1,1,0,0.0,15,1
TRAJ-MICRO-V1,12049,221,configured_scale,,,0-3;1-2;2-1,0-3;1-2;2-1,0-3;1-2;2-1,1-2|2-1|0-3|NULL,1-2|2-1|0-3|NULL,3,4,4,2,8,32,1,1,1,0,0.0,15,1
TRAJ-MICRO-V1,12049,221,zero_scale,,,0-3;1-2;2-1,0-3;1-2;2-1,0-3;1-2;2-1,1-2|2-1|0-3|NULL,1-2|2-1|0-3|NULL,3,4,4,2,8,32,1,1,1,0,0.0,15,1
TRAJ-MICRO-V1,12049,222,configured_scale,,,0-1;1-2;2-0,0-1;1-2;2-0,0-1;1-2;2-0,1-2|2-0|0-1|NULL,1-2|2-0|0-1|NULL,3,4,4,2,8,32,1,1,1,0,0.0,15,1
TRAJ-MICRO-V1,12049,222,zero_scale,,,0-2;1-1;2-3,0-2;1-1;2-3,0-2;1-1;2-3,1-1|0-2|2-3|NULL,1-1|0-2|2-3|NULL,3,4,4,2,8,32,1,1,1,0,0.0,15,1
TRAJ-MICRO-V1,12049,223,configured_scale,,,0-1;1-2;2-4,0-1;1-2;2-4,0-1;1-2;2-4,1-2|0-1|2-4|NULL,1-2|0-1|2-4|NULL,3,4,4,2,8,32,1,1,1,0,0.0,15,1
TRAJ-MICRO-V1,12049,223,zero_scale,,,0-1;1-2;2-4,0-1;1-2;2-4,0-1;1-2;2-4,1-2|0-1|2-4|NULL,1-2|0-1|2-4|NULL,3,4,4,2,8,32,1,1,1,0,0.0,15,1
TRAJ-MICRO-V1,12049,224,configured_scale,,,0-1;1-2;2-4,0-1;1-2;2-4,0-1;1-2;2-4,1-2|0-1|2-4|NULL,1-2|0-1|2-4|NULL,3,4,4,2,8,32,1,1,1,0,0.0,15,1
TRAJ-MICRO-V1,12049,224,zero_scale,,,0-3;1-2;2-1,0-3;1-2;2-1,0-3;1-2;2-1,1-2|0-3|2-1|NULL,1-2|0-3|2-1|NULL,3,4,4,2,8,32,1,1,1,0,0.0,15,1
TRAJ-MICRO-V1,12049,225,configured_scale,,,0-1;1-2;2-0,0-1;1-2;2-0,0-1;1-2;2-0,1-2|0-1|2-0|NULL,1-2|0-1|2-0|NULL,3,4,4,2,8,32,1,1,1,0,0.0,15,1
TRAJ-MICRO-V1,12049,225,zero_scale,,,0-1;1-2;2-3,0-1;1-2;2-3,0-1;1-2;2-3,1-2|0-1|2-3|NULL,1-2|0-1|2-3|NULL,3,4,4,2,8,32,1,1,1,0,0.0,15,1
TRAJ-MICRO-V1,12049,226,configured_scale,,,0-1;1-0;2-2,0-1;1-0;2-2,0-1;1-0;2-2,0-1|1-0|2-2|NULL,0-1|1-0|2-2|NULL,3,4,4,2,8,32,1,1,1,0,0.0,15,1
TRAJ-MICRO-V1,12049,226,zero_scale,,,0-1;1-2;2-3,0-1;1-2;2-3,0-1;1-2;2-3,0-1|1-2|2-3|NULL,0-1|1-2|2-3|NULL,3,4,4,2,8,32,1,1,1,0,0.0,15,1
TRAJ-MICRO-V1,12049,227,configured_scale,,,0-0;1-3;2-4,0-0;1-3;2-4,0-0;1-3;2-4,0-0|1-3|2-4|NULL,0-0|1-3|2-4|NULL,3,4,4,2,8,32,1,1,1,0,0.0,15,1
TRAJ-MICRO-V1,12049,227,zero_scale,,,0-0;1-2;2-3,0-0;1-2;2-3,0-0;1-2;2-3,0-0|1-2|2-3|NULL,0-0|1-2|2-3|NULL,3,4,4,2,8,32,1,1,1,0,0.0,15,1
TRAJ-MICRO-V1,12049,228,configured_scale,,,0-0;1-4;2-3,0-0;1-4;2-3,0-0;1-4;2-3,0-0|2-3|1-4|NULL,0-0|2-3|1-4|NULL,3,4,4,2,8,32,1,1,1,0,0.0,15,1
TRAJ-MICRO-V1,12049,228,zero_scale,,,0-1;1-4;2-3,0-1;1-4;2-3,0-1;1-4;2-3,0-1|2-3|1-4|NULL,0-1|2-3|1-4|NULL,3,4,4,2,8,32,1,1,1,0,0.0,15,1
TRAJ-MICRO-V1,12049,229,configured_scale,,,0-4;1-3;2-2,0-4;1-3;2-2,0-4;1-3;2-2,0-4|1-3|2-2|NULL,0-4|1-3|2-2|NULL,3,4,4,2,8,32,1,1,1,0,0.0,15,1
TRAJ-MICRO-V1,12049,229,zero_scale,,,0-1;1-3;2-4,0-1;1-3;2-4,0-1;1-3;2-4,0-1|1-3|2-4|NULL,0-1|1-3|2-4|NULL,3,4,4,2,8,32,1,1,1,0,0.0,15,1
TRAJ-MICRO-V1,12049,230,configured_scale,,,0-3;1-2;2-4,0-3;1-2;2-4,0-3;1-2;2-4,2-4|0-3|1-2|NULL,2-4|0-3|1-2|NULL,3,4,4,2,8,32,1,1,1,0,0.0,15,1
TRAJ-MICRO-V1,12049,230,zero_scale,,,0-0;1-2;2-4,0-0;1-2;2-4,0-0;1-2;2-4,2-4|0-0|1-2|NULL,2-4|0-0|1-2|NULL,3,4,4,2,8,32,1,1,1,0,0.0,15,1
TRAJ-MICRO-V1,12049,231,configured_scale,,,0-2;1-3;2-4,0-2;1-3;2-4,0-2;1-3;2-4,2-4|0-2|1-3|NULL,2-4|0-2|1-3|NULL,3,4,4,2,8,32,1,1,1,0,0.0,15,1
TRAJ-MICRO-V1,12049,231,zero_scale,,,0-2;1-3;2-4,0-2;1-3;2-4,0-2;1-3;2-4,2-4|0-2|1-3|NULL,2-4|0-2|1-3|NULL,3,4,4,2,8,32,1,1,1,0,0.0,15,1
TRAJ-MICRO-V1,12049,232,configured_scale,,,0-1;1-3;2-4,0-1;1-3;2-4,0-1;1-3;2-4,2-4|1-3|0-1|NULL,2-4|1-3|0-1|NULL,3,4,4,2,8,32,1,1,1,0,0.0,15,1
TRAJ-MICRO-V1,12049,232,zero_scale,,,0-1;1-3;2-4,0-1;1-3;2-4,0-1;1-3;2-4,2-4|1-3|0-1|NULL,2-4|1-3|0-1|NULL,3,4,4,2,8,32,1,1,1,0,0.0,15,1
TRAJ-MICRO-V1,12049,233,configured_scale,,,0-0;1-3;2-4,0-0;1-3;2-4,0-0;1-3;2-4,2-4|1-3|0-0|NULL,2-4|1-3|0-0|NULL,3,4,4,2,8,32,1,1,1,0,0.0,15,1
TRAJ-MICRO-V1,12049,233,zero_scale,,,0-0;1-3;2-4,0-0;1-3;2-4,0-0;1-3;2-4,2-4|1-3|0-0|NULL,2-4|1-3|0-0|NULL,3,4,4,2,8,32,1,1,1,0,0.0,15,1
TRAJ-MICRO-V1,12049,234,configured_scale,,,0-2;1-3;2-4,0-2;1-3;2-4,0-2;1-3;2-4,2-4|1-3|0-2|NULL,2-4|1-3|0-2|NULL,3,4,4,2,8,32,1,1,1,0,0.0,15,1
TRAJ-MICRO-V1,12049,234,zero_scale,,,0-2;1-4;2-3,0-2;1-4;2-3,0-2;1-4;2-3,1-4|2-3|0-2|NULL,1-4|2-3|0-2|NULL,3,4,4,2,8,32,1,1,1,0,0.0,15,1
TRAJ-MICRO-V1,12049,235,configured_scale,,,0-1;1-3;2-4,0-1;1-3;2-4,0-1;1-3;2-4,2-4|1-3|0-1|NULL,2-4|1-3|0-1|NULL,3,4,4,2,8,32,1,1,1,0,0.0,15,1
TRAJ-MICRO-V1,12049,235,zero_scale,,,0-1;1-3;2-4,0-1;1-3;2-4,0-1;1-3;2-4,1-3|2-4|0-1|NULL,1-3|2-4|0-1|NULL,3,4,4,2,8,32,1,1,1,0,0.0,15,1
TRAJ-MICRO-V1,12049,236,configured_scale,,,0-3;1-2;2-4,0-3;1-2;2-4,0-3;1-2;2-4,2-4|1-2|0-3|NULL,2-4|1-2|0-3|NULL,3,4,4,2,8,32,1,1,1,0,0.0,15,1
TRAJ-MICRO-V1,12049,236,zero_scale,,,0-3;1-2;2-4,0-3;1-2;2-4,0-3;1-2;2-4,1-2|2-4|0-3|NULL,1-2|2-4|0-3|NULL,3,4,4,2,8,32,1,1,1,0,0.0,15,1
TRAJ-MICRO-V1,12049,237,configured_scale,,,0-1;1-2;2-3,0-1;1-2;2-3,0-1;1-2;2-3,2-3|1-2|0-1|NULL,2-3|1-2|0-1|NULL,3,4,4,2,8,32,1,1,1,0,0.0,15,1
TRAJ-MICRO-V1,12049,237,zero_scale,,,0-1;1-2;2-3,0-1;1-2;2-3,0-1;1-2;2-3,2-3|1-2|0-1|NULL,2-3|1-2|0-1|NULL,3,4,4,2,8,32,1,1,1,0,0.0,15,1
TRAJ-MICRO-V1,12049,238,configured_scale,,,0-4;1-3;2-2,0-4;1-3;2-2,0-4;1-3;2-2,1-3|2-2|0-4|NULL,1-3|2-2|0-4|NULL,3,4,4,2,8,32,1,1,1,0,0.0,15,1
TRAJ-MICRO-V1,12049,238,zero_scale,,,0-1;1-3;2-2,0-1;1-3;2-2,0-1;1-3;2-2,1-3|0-1|2-2|NULL,1-3|0-1|2-2|NULL,3,4,4,2,8,32,1,1,1,0,0.0,15,1
TRAJ-MICRO-V1,12049,239,configured_scale,,,0-3;1-2;2-4,0-3;1-2;2-4,0-3;1-2;2-4,1-2|2-4|0-3|NULL,1-2|2-4|0-3|NULL,3,4,4,2,8,32,1,1,1,0,0.0,15,1
TRAJ-MICRO-V1,12049,239,zero_scale,,,0-3;1-2;2-4,0-3;1-2;2-4,0-3;1-2;2-4,1-2|0-3|2-4|NULL,1-2|0-3|2-4|NULL,3,4,4,2,8,32,1,1,1,0,0.0,15,1
TRAJ-MICRO-V1,12049,240,configured_scale,,,0-1;1-2;2-3,0-1;1-2;2-3,0-1;1-2;2-3,1-2|2-3|0-1|NULL,1-2|2-3|0-1|NULL,3,4,4,2,8,32,1,1,1,0,0.0,15,1
TRAJ-MICRO-V1,12049,240,zero_scale,,,0-1;1-2;2-3,0-1;1-2;2-3,0-1;1-2;2-3,1-2|2-3|0-1|NULL,1-2|2-3|0-1|NULL,3,4,4,2,8,32,1,1,1,0,0.0,15,1
TRAJ-MICRO-V1,12071,1,exploration_public_assignment,3,4,0-0;1-2;2-1,0-0;1-2;2-1,0-0;1-2;2-1,PUBLIC:0-0;1-2;2-1,PUBLIC:0-0;1-2;2-1,3,0,0,0,0,0,1,1,1,0,0.0,15,1
TRAJ-MICRO-V1,12071,2,exploration_public_assignment,10,11,0-0;1-4;2-2,0-0;1-4;2-2,0-0;1-4;2-2,PUBLIC:0-0;1-4;2-2,PUBLIC:0-0;1-4;2-2,3,0,0,0,0,0,1,1,1,0,0.0,15,1
TRAJ-MICRO-V1,12071,3,exploration_public_assignment,17,18,0-1;1-2;2-4,0-1;1-2;2-4,0-1;1-2;2-4,PUBLIC:0-1;1-2;2-4,PUBLIC:0-1;1-2;2-4,3,0,0,0,0,0,1,1,1,0,0.0,15,1
TRAJ-MICRO-V1,12071,4,exploration_public_assignment,24,25,0-2;1-0;2-1,0-2;1-0;2-1,0-2;1-0;2-1,PUBLIC:0-2;1-0;2-1,PUBLIC:0-2;1-0;2-1,3,0,0,0,0,0,1,1,1,0,0.0,15,1
TRAJ-MICRO-V1,12071,5,exploration_public_assignment,31,32,0-2;1-3;2-1,0-2;1-3;2-1,0-2;1-3;2-1,PUBLIC:0-2;1-3;2-1,PUBLIC:0-2;1-3;2-1,3,0,0,0,0,0,1,1,1,0,0.0,15,1
TRAJ-MICRO-V1,12071,6,exploration_public_assignment,38,39,0-3;1-0;2-4,0-3;1-0;2-4,0-3;1-0;2-4,PUBLIC:0-3;1-0;2-4,PUBLIC:0-3;1-0;2-4,3,0,0,0,0,0,1,1,1,0,0.0,15,1
TRAJ-MICRO-V1,12071,7,exploration_public_assignment,45,46,0-3;1-4;2-0,0-3;1-4;2-0,0-3;1-4;2-0,PUBLIC:0-3;1-4;2-0,PUBLIC:0-3;1-4;2-0,3,0,0,0,0,0,1,1,1,0,0.0,15,1
TRAJ-MICRO-V1,12071,8,exploration_public_assignment,52,53,0-4;1-1;2-2,0-4;1-1;2-2,0-4;1-1;2-2,PUBLIC:0-4;1-1;2-2,PUBLIC:0-4;1-1;2-2,3,0,0,0,0,0,1,1,1,0,0.0,15,1
TRAJ-MICRO-V1,12071,9,exploration_public_assignment,59,60,0-4;1-3;2-2,0-4;1-3;2-2,0-4;1-3;2-2,PUBLIC:0-4;1-3;2-2,PUBLIC:0-4;1-3;2-2,3,0,0,0,0,0,1,1,1,0,0.0,15,1
TRAJ-MICRO-V1,12071,10,exploration_public_assignment,6,7,0-0;1-3;2-1,0-0;1-3;2-1,0-0;1-3;2-1,PUBLIC:0-0;1-3;2-1,PUBLIC:0-0;1-3;2-1,3,0,0,0,0,0,1,1,1,0,0.0,15,1
TRAJ-MICRO-V1,12071,11,exploration_public_assignment,13,14,0-1;1-0;2-3,0-1;1-0;2-3,0-1;1-0;2-3,PUBLIC:0-1;1-0;2-3,PUBLIC:0-1;1-0;2-3,3,0,0,0,0,0,1,1,1,0,0.0,15,1
TRAJ-MICRO-V1,12071,12,exploration_public_assignment,20,21,0-1;1-3;2-4,0-1;1-3;2-4,0-1;1-3;2-4,PUBLIC:0-1;1-3;2-4,PUBLIC:0-1;1-3;2-4,3,0,0,0,0,0,1,1,1,0,0.0,15,1
TRAJ-MICRO-V1,12071,13,exploration_public_assignment,27,28,0-2;1-1;2-0,0-2;1-1;2-0,0-2;1-1;2-0,PUBLIC:0-2;1-1;2-0,PUBLIC:0-2;1-1;2-0,3,0,0,0,0,0,1,1,1,0,0.0,15,1
TRAJ-MICRO-V1,12071,14,exploration_public_assignment,34,35,0-2;1-4;2-1,0-2;1-4;2-1,0-2;1-4;2-1,PUBLIC:0-2;1-4;2-1,PUBLIC:0-2;1-4;2-1,3,0,0,0,0,0,1,1,1,0,0.0,15,1
TRAJ-MICRO-V1,12071,15,exploration_public_assignment,41,42,0-3;1-1;2-4,0-3;1-1;2-4,0-3;1-1;2-4,PUBLIC:0-3;1-1;2-4,PUBLIC:0-3;1-1;2-4,3,0,0,0,0,0,1,1,1,0,0.0,15,1
TRAJ-MICRO-V1,12071,16,exploration_public_assignment,48,49,0-4;1-0;2-1,0-4;1-0;2-1,0-4;1-0;2-1,PUBLIC:0-4;1-0;2-1,PUBLIC:0-4;1-0;2-1,3,0,0,0,0,0,1,1,1,0,0.0,15,1
TRAJ-MICRO-V1,12071,17,exploration_public_assignment,55,56,0-4;1-2;2-1,0-4;1-2;2-1,0-4;1-2;2-1,PUBLIC:0-4;1-2;2-1,PUBLIC:0-4;1-2;2-1,3,0,0,0,0,0,1,1,1,0,0.0,15,1
TRAJ-MICRO-V1,12071,18,exploration_public_assignment,2,3,0-0;1-1;2-4,0-0;1-1;2-4,0-0;1-1;2-4,PUBLIC:0-0;1-1;2-4,PUBLIC:0-0;1-1;2-4,3,0,0,0,0,0,1,1,1,0,0.0,15,1
TRAJ-MICRO-V1,12071,19,configured_scale,,,0-1;1-3;2-2,0-1;1-3;2-2,0-1;1-3;2-2,0-1|2-2|1-3|NULL,0-1|2-2|1-3|NULL,3,4,4,2,8,32,1,1,1,0,0.0,15,1
TRAJ-MICRO-V1,12071,19,zero_scale,,,0-1;1-3;2-2,0-1;1-3;2-2,0-1;1-3;2-2,0-1|1-3|2-2|NULL,0-1|1-3|2-2|NULL,3,4,4,2,8,32,1,1,1,0,0.0,15,1
TRAJ-MICRO-V1,12071,20,configured_scale,,,0-0;1-2;2-4,0-0;1-2;2-4,0-0;1-2;2-4,1-2|2-4|0-0|NULL,1-2|2-4|0-0|NULL,3,4,4,2,8,32,1,1,1,0,0.0,15,1
TRAJ-MICRO-V1,12071,20,zero_scale,,,0-0;1-2;2-1,0-0;1-2;2-1,0-0;1-2;2-1,1-2|0-0|2-1|NULL,1-2|0-0|2-1|NULL,3,4,4,2,8,32,1,1,1,0,0.0,15,1
TRAJ-MICRO-V1,12071,21,configured_scale,,,0-2;1-1;2-0,0-2;1-1;2-0,0-2;1-1;2-0,1-1|2-0|0-2|NULL,1-1|2-0|0-2|NULL,3,4,4,2,8,32,1,1,1,0,0.0,15,1
TRAJ-MICRO-V1,12071,21,zero_scale,,,0-2;1-1;2-3,0-2;1-1;2-3,0-2;1-1;2-3,1-1|0-2|2-3|NULL,1-1|0-2|2-3|NULL,3,4,4,2,8,32,1,1,1,0,0.0,15,1
TRAJ-MICRO-V1,12071,22,configured_scale,,,0-4;1-3;2-2,0-4;1-3;2-2,0-4;1-3;2-2,0-4|1-3|2-2|NULL,0-4|1-3|2-2|NULL,3,4,4,2,8,32,1,1,1,0,0.0,15,1
TRAJ-MICRO-V1,12071,22,zero_scale,,,0-1;1-3;2-2,0-1;1-3;2-2,0-1;1-3;2-2,0-1|1-3|2-2|NULL,0-1|1-3|2-2|NULL,3,4,4,2,8,32,1,1,1,0,0.0,15,1
TRAJ-MICRO-V1,12071,23,configured_scale,,,0-3;1-2;2-4,0-3;1-2;2-4,0-3;1-2;2-4,2-4|0-3|1-2|NULL,2-4|0-3|1-2|NULL,3,4,4,2,8,32,1,1,1,0,0.0,15,1
TRAJ-MICRO-V1,12071,23,zero_scale,,,0-0;1-2;2-4,0-0;1-2;2-4,0-0;1-2;2-4,0-0|1-2|2-4|NULL,0-0|1-2|2-4|NULL,3,4,4,2,8,32,1,1,1,0,0.0,15,1
TRAJ-MICRO-V1,12071,24,configured_scale,,,0-0;1-1;2-3,0-0;1-1;2-3,0-0;1-1;2-3,0-0|2-3|1-1|NULL,0-0|2-3|1-1|NULL,3,4,4,2,8,32,1,1,1,0,0.0,15,1
TRAJ-MICRO-V1,12071,24,zero_scale,,,0-0;1-1;2-3,0-0;1-1;2-3,0-0;1-1;2-3,0-0|1-1|2-3|NULL,0-0|1-1|2-3|NULL,3,4,4,2,8,32,1,1,1,0,0.0,15,1
TRAJ-MICRO-V1,12071,25,configured_scale,,,0-1;1-3;2-4,0-1;1-3;2-4,0-1;1-3;2-4,0-1|1-3|2-4|NULL,0-1|1-3|2-4|NULL,3,4,4,2,8,32,1,1,1,0,0.0,15,1
TRAJ-MICRO-V1,12071,25,zero_scale,,,0-1;1-0;2-4,0-1;1-0;2-4,0-1;1-0;2-4,0-1|1-0|2-4|NULL,0-1|1-0|2-4|NULL,3,4,4,2,8,32,1,1,1,0,0.0,15,1
TRAJ-MICRO-V1,12071,26,configured_scale,,,0-0;1-2;2-4,0-0;1-2;2-4,0-0;1-2;2-4,2-4|1-2|0-0|NULL,2-4|1-2|0-0|NULL,3,4,4,2,8,32,1,1,1,0,0.0,15,1
TRAJ-MICRO-V1,12071,26,zero_scale,,,0-0;1-2;2-4,0-0;1-2;2-4,0-0;1-2;2-4,0-0|1-2|2-4|NULL,0-0|1-2|2-4|NULL,3,4,4,2,8,32,1,1,1,0,0.0,15,1
TRAJ-MICRO-V1,12071,27,configured_scale,,,0-2;1-1;2-0,0-2;1-1;2-0,0-2;1-1;2-0,2-0|1-1|0-2|NULL,2-0|1-1|0-2|NULL,3,4,4,2,8,32,1,1,1,0,0.0,15,1
TRAJ-MICRO-V1,12071,27,zero_scale,,,0-0;1-1;2-4,0-0;1-1;2-4,0-0;1-1;2-4,0-0|1-1|2-4|NULL,0-0|1-1|2-4|NULL,3,4,4,2,8,32,1,1,1,0,0.0,15,1
TRAJ-MICRO-V1,12071,28,configured_scale,,,0-1;1-0;2-4,0-1;1-0;2-4,0-1;1-0;2-4,2-4|0-1|1-0|NULL,2-4|0-1|1-0|NULL,3,4,4,2,8,32,1,1,1,0,0.0,15,1
TRAJ-MICRO-V1,12071,28,zero_scale,,,0-1;1-0;2-4,0-1;1-0;2-4,0-1;1-0;2-4,0-1|2-4|1-0|NULL,0-1|2-4|1-0|NULL,3,4,4,2,8,32,1,1,1,0,0.0,15,1
TRAJ-MICRO-V1,12071,29,configured_scale,,,0-0;1-2;2-4,0-0;1-2;2-4,0-0;1-2;2-4,2-4|0-0|1-2|NULL,2-4|0-0|1-2|NULL,3,4,4,2,8,32,1,1,1,0,0.0,15,1
TRAJ-MICRO-V1,12071,29,zero_scale,,,0-0;1-2;2-4,0-0;1-2;2-4,0-0;1-2;2-4,2-4|0-0|1-2|NULL,2-4|0-0|1-2|NULL,3,4,4,2,8,32,1,1,1,0,0.0,15,1
TRAJ-MICRO-V1,12071,30,configured_scale,,,0-0;1-3;2-4,0-0;1-3;2-4,0-0;1-3;2-4,2-4|0-0|1-3|NULL,2-4|0-0|1-3|NULL,3,4,4,2,8,32,1,1,1,0,0.0,15,1
TRAJ-MICRO-V1,12071,30,zero_scale,,,0-0;1-4;2-3,0-0;1-4;2-3,0-0;1-4;2-3,2-3|1-4|0-0|NULL,2-3|1-4|0-0|NULL,3,4,4,2,8,32,1,1,1,0,0.0,15,1
TRAJ-MICRO-V1,12071,31,configured_scale,,,0-4;1-3;2-2,0-4;1-3;2-2,0-4;1-3;2-2,0-4|1-3|2-2|NULL,0-4|1-3|2-2|NULL,3,4,4,2,8,32,1,1,1,0,0.0,15,1
TRAJ-MICRO-V1,12071,31,zero_scale,,,0-4;1-3;2-2,0-4;1-3;2-2,0-4;1-3;2-2,1-3|0-4|2-2|NULL,1-3|0-4|2-2|NULL,3,4,4,2,8,32,1,1,1,0,0.0,15,1
TRAJ-MICRO-V1,12071,32,configured_scale,,,0-3;1-2;2-1,0-3;1-2;2-1,0-3;1-2;2-1,0-3|2-1|1-2|NULL,0-3|2-1|1-2|NULL,3,4,4,2,8,32,1,1,1,0,0.0,15,1
TRAJ-MICRO-V1,12071,32,zero_scale,,,0-0;1-2;2-1,0-0;1-2;2-1,0-0;1-2;2-1,0-0|1-2|2-1|NULL,0-0|1-2|2-1|NULL,3,4,4,2,8,32,1,1,1,0,0.0,15,1
TRAJ-MICRO-V1,12071,33,configured_scale,,,0-4;1-2;2-0,0-4;1-2;2-0,0-4;1-2;2-0,2-0|1-2|0-4|NULL,2-0|1-2|0-4|NULL,3,4,4,2,8,32,1,1,1,0,0.0,15,1
TRAJ-MICRO-V1,12071,33,zero_scale,,,0-2;1-1;2-0,0-2;1-1;2-0,0-2;1-1;2-0,0-2|1-1|2-0|NULL,0-2|1-1|2-0|NULL,3,4,4,2,8,32,1,1,1,0,0.0,15,1
TRAJ-MICRO-V1,12071,34,configured_scale,,,0-4;1-0;2-1,0-4;1-0;2-1,0-4;1-0;2-1,0-4|1-0|2-1|NULL,0-4|1-0|2-1|NULL,3,4,4,2,8,32,1,1,1,0,0.0,15,1
TRAJ-MICRO-V1,12071,34,zero_scale,,,0-4;1-3;2-2,0-4;1-3;2-2,0-4;1-3;2-2,0-4|1-3|2-2|NULL,0-4|1-3|2-2|NULL,3,4,4,2,8,32,1,1,1,0,0.0,15,1
TRAJ-MICRO-V1,12071,35,configured_scale,,,0-0;1-2;2-1,0-0;1-2;2-1,0-0;1-2;2-1,0-0|1-2|2-1|NULL,0-0|1-2|2-1|NULL,3,4,4,2,8,32,1,1,1,0,0.0,15,1
TRAJ-MICRO-V1,12071,35,zero_scale,,,0-0;1-2;2-1,0-0;1-2;2-1,0-0;1-2;2-1,0-0|1-2|2-1|NULL,0-0|1-2|2-1|NULL,3,4,4,2,8,32,1,1,1,0,0.0,15,1
TRAJ-MICRO-V1,12071,36,configured_scale,,,0-4;1-2;2-0,0-4;1-2;2-0,0-4;1-2;2-0,0-4|1-2|2-0|NULL,0-4|1-2|2-0|NULL,3,4,4,2,8,32,1,1,1,0,0.0,15,1
TRAJ-MICRO-V1,12071,36,zero_scale,,,0-1;1-2;2-0,0-1;1-2;2-0,0-1;1-2;2-0,0-1|1-2|2-0|NULL,0-1|1-2|2-0|NULL,3,4,4,2,8,32,1,1,1,0,0.0,15,1
TRAJ-MICRO-V1,12071,37,configured_scale,,,0-1;1-3;2-2,0-1;1-3;2-2,0-1;1-3;2-2,0-1|1-3|2-2|NULL,0-1|1-3|2-2|NULL,3,4,4,2,8,32,1,1,1,0,0.0,15,1
TRAJ-MICRO-V1,12071,37,zero_scale,,,0-1;1-3;2-2,0-1;1-3;2-2,0-1;1-3;2-2,0-1|1-3|2-2|NULL,0-1|1-3|2-2|NULL,3,4,4,2,8,32,1,1,1,0,0.0,15,1
TRAJ-MICRO-V1,12071,38,configured_scale,,,0-0;1-2;2-4,0-0;1-2;2-4,0-0;1-2;2-4,0-0|1-2|2-4|NULL,0-0|1-2|2-4|NULL,3,4,4,2,8,32,1,1,1,0,0.0,15,1
TRAJ-MICRO-V1,12071,38,zero_scale,,,0-0;1-2;2-4,0-0;1-2;2-4,0-0;1-2;2-4,0-0|1-2|2-4|NULL,0-0|1-2|2-4|NULL,3,4,4,2,8,32,1,1,1,0,0.0,15,1
TRAJ-MICRO-V1,12071,39,configured_scale,,,0-2;1-1;2-4,0-2;1-1;2-4,0-2;1-1;2-4,0-2|2-4|1-1|NULL,0-2|2-4|1-1|NULL,3,4,4,2,8,32,1,1,1,0,0.0,15,1
TRAJ-MICRO-V1,12071,39,zero_scale,,,0-2;1-1;2-3,0-2;1-1;2-3,0-2;1-1;2-3,0-2|1-1|2-3|NULL,0-2|1-1|2-3|NULL,3,4,4,2,8,32,1,1,1,0,0.0,15,1
TRAJ-MICRO-V1,12071,40,configured_scale,,,0-1;1-3;2-4,0-1;1-3;2-4,0-1;1-3;2-4,0-1|1-3|2-4|NULL,0-1|1-3|2-4|NULL,3,4,4,2,8,32,1,1,1,0,0.0,15,1
TRAJ-MICRO-V1,12071,40,zero_scale,,,0-1;1-3;2-4,0-1;1-3;2-4,0-1;1-3;2-4,0-1|1-3|2-4|NULL,0-1|1-3|2-4|NULL,3,4,4,2,8,32,1,1,1,0,0.0,15,1
TRAJ-MICRO-V1,12071,41,configured_scale,,,0-3;1-2;2-4,0-3;1-2;2-4,0-3;1-2;2-4,1-2|0-3|2-4|NULL,1-2|0-3|2-4|NULL,3,4,4,2,8,32,1,1,1,0,0.0,15,1
TRAJ-MICRO-V1,12071,41,zero_scale,,,0-3;1-2;2-4,0-3;1-2;2-4,0-3;1-2;2-4,1-2|0-3|2-4|NULL,1-2|0-3|2-4|NULL,3,4,4,2,8,32,1,1,1,0,0.0,15,1
TRAJ-MICRO-V1,12071,42,configured_scale,,,0-0;1-3;2-4,0-0;1-3;2-4,0-0;1-3;2-4,1-3|0-0|2-4|NULL,1-3|0-0|2-4|NULL,3,4,4,2,8,32,1,1,1,0,0.0,15,1
TRAJ-MICRO-V1,12071,42,zero_scale,,,0-2;1-3;2-4,0-2;1-3;2-4,0-2;1-3;2-4,1-3|0-2|2-4|NULL,1-3|0-2|2-4|NULL,3,4,4,2,8,32,1,1,1,0,0.0,15,1
TRAJ-MICRO-V1,12071,43,configured_scale,,,0-0;1-3;2-4,0-0;1-3;2-4,0-0;1-3;2-4,1-3|0-0|2-4|NULL,1-3|0-0|2-4|NULL,3,4,4,2,8,32,1,1,1,0,0.0,15,1
TRAJ-MICRO-V1,12071,43,zero_scale,,,0-1;1-3;2-4,0-1;1-3;2-4,0-1;1-3;2-4,1-3|0-1|2-4|NULL,1-3|0-1|2-4|NULL,3,4,4,2,8,32,1,1,1,0,0.0,15,1
TRAJ-MICRO-V1,12071,44,configured_scale,,,0-1;1-0;2-4,0-1;1-0;2-4,0-1;1-0;2-4,2-4|1-0|0-1|NULL,2-4|1-0|0-1|NULL,3,4,4,2,8,32,1,1,1,0,0.0,15,1
TRAJ-MICRO-V1,12071,44,zero_scale,,,0-0;1-2;2-4,0-0;1-2;2-4,0-0;1-2;2-4,1-2|2-4|0-0|NULL,1-2|2-4|0-0|NULL,3,4,4,2,8,32,1,1,1,0,0.0,15,1
TRAJ-MICRO-V1,12071,45,configured_scale,,,0-0;1-1;2-4,0-0;1-1;2-4,0-0;1-1;2-4,1-1|2-4|0-0|NULL,1-1|2-4|0-0|NULL,3,4,4,2,8,32,1,1,1,0,0.0,15,1
TRAJ-MICRO-V1,12071,45,zero_scale,,,0-2;1-1;2-4,0-2;1-1;2-4,0-2;1-1;2-4,1-1|2-4|0-2|NULL,1-1|2-4|0-2|NULL,3,4,4,2,8,32,1,1,1,0,0.0,15,1
TRAJ-MICRO-V1,12071,46,configured_scale,,,0-1;1-0;2-4,0-1;1-0;2-4,0-1;1-0;2-4,1-0|2-4|0-1|NULL,1-0|2-4|0-1|NULL,3,4,4,2,8,32,1,1,1,0,0.0,15,1
TRAJ-MICRO-V1,12071,46,zero_scale,,,0-1;1-2;2-4,0-1;1-2;2-4,0-1;1-2;2-4,2-4|1-2|0-1|NULL,2-4|1-2|0-1|NULL,3,4,4,2,8,32,1,1,1,0,0.0,15,1
TRAJ-MICRO-V1,12071,47,configured_scale,,,0-1;1-3;2-4,0-1;1-3;2-4,0-1;1-3;2-4,2-4|1-3|0-1|NULL,2-4|1-3|0-1|NULL,3,4,4,2,8,32,1,1,1,0,0.0,15,1
TRAJ-MICRO-V1,12071,47,zero_scale,,,0-3;1-2;2-4,0-3;1-2;2-4,0-3;1-2;2-4,2-4|1-2|0-3|NULL,2-4|1-2|0-3|NULL,3,4,4,2,8,32,1,1,1,0,0.0,15,1
TRAJ-MICRO-V1,12071,48,configured_scale,,,0-3;1-2;2-4,0-3;1-2;2-4,0-3;1-2;2-4,2-4|1-2|0-3|NULL,2-4|1-2|0-3|NULL,3,4,4,2,8,32,1,1,1,0,0.0,15,1
TRAJ-MICRO-V1,12071,48,zero_scale,,,0-3;1-2;2-4,0-3;1-2;2-4,0-3;1-2;2-4,2-4|1-2|0-3|NULL,2-4|1-2|0-3|NULL,3,4,4,2,8,32,1,1,1,0,0.0,15,1
TRAJ-MICRO-V1,12071,49,configured_scale,,,0-1;1-0;2-4,0-1;1-0;2-4,0-1;1-0;2-4,2-4|1-0|0-1|NULL,2-4|1-0|0-1|NULL,3,4,4,2,8,32,1,1,1,0,0.0,15,1
TRAJ-MICRO-V1,12071,49,zero_scale,,,0-1;1-3;2-4,0-1;1-3;2-4,0-1;1-3;2-4,2-4|1-3|0-1|NULL,2-4|1-3|0-1|NULL,3,4,4,2,8,32,1,1,1,0,0.0,15,1
TRAJ-MICRO-V1,12071,50,configured_scale,,,0-4;1-3;2-1,0-4;1-3;2-1,0-4;1-3;2-1,2-1|1-3|0-4|NULL,2-1|1-3|0-4|NULL,3,4,4,2,8,32,1,1,1,0,0.0,15,1
TRAJ-MICRO-V1,12071,50,zero_scale,,,0-3;1-2;2-4,0-3;1-2;2-4,0-3;1-2;2-4,2-4|1-2|0-3|NULL,2-4|1-2|0-3|NULL,3,4,4,2,8,32,1,1,1,0,0.0,15,1
TRAJ-MICRO-V1,12071,51,configured_scale,,,0-3;1-2;2-0,0-3;1-2;2-0,0-3;1-2;2-0,2-0|1-2|0-3|NULL,2-0|1-2|0-3|NULL,3,4,4,2,8,32,1,1,1,0,0.0,15,1
TRAJ-MICRO-V1,12071,51,zero_scale,,,0-1;1-2;2-3,0-1;1-2;2-3,0-1;1-2;2-3,2-3|1-2|0-1|NULL,2-3|1-2|0-1|NULL,3,4,4,2,8,32,1,1,1,0,0.0,15,1
TRAJ-MICRO-V1,12071,52,configured_scale,,,0-1;1-0;2-2,0-1;1-0;2-2,0-1;1-0;2-2,2-2|1-0|0-1|NULL,2-2|1-0|0-1|NULL,3,4,4,2,8,32,1,1,1,0,0.0,15,1
TRAJ-MICRO-V1,12071,52,zero_scale,,,0-1;1-3;2-2,0-1;1-3;2-2,0-1;1-3;2-2,2-2|1-3|0-1|NULL,2-2|1-3|0-1|NULL,3,4,4,2,8,32,1,1,1,0,0.0,15,1
TRAJ-MICRO-V1,12071,53,configured_scale,,,0-1;1-3;2-4,0-1;1-3;2-4,0-1;1-3;2-4,2-4|0-1|1-3|NULL,2-4|0-1|1-3|NULL,3,4,4,2,8,32,1,1,1,0,0.0,15,1
TRAJ-MICRO-V1,12071,53,zero_scale,,,0-0;1-2;2-4,0-0;1-2;2-4,0-0;1-2;2-4,2-4|1-2|0-0|NULL,2-4|1-2|0-0|NULL,3,4,4,2,8,32,1,1,1,0,0.0,15,1
TRAJ-MICRO-V1,12071,54,configured_scale,,,0-1;1-2;2-3,0-1;1-2;2-3,0-1;1-2;2-3,2-3|1-2|0-1|NULL,2-3|1-2|0-1|NULL,3,4,4,2,8,32,1,1,1,0,0.0,15,1
TRAJ-MICRO-V1,12071,54,zero_scale,,,0-2;1-1;2-3,0-2;1-1;2-3,0-2;1-1;2-3,2-3|0-2|1-1|NULL,2-3|0-2|1-1|NULL,3,4,4,2,8,32,1,1,1,0,0.0,15,1
TRAJ-MICRO-V1,12071,55,configured_scale,,,0-1;1-3;2-2,0-1;1-3;2-2,0-1;1-3;2-2,2-2|1-3|0-1|NULL,2-2|1-3|0-1|NULL,3,4,4,2,8,32,1,1,1,0,0.0,15,1
TRAJ-MICRO-V1,12071,55,zero_scale,,,0-1;1-3;2-2,0-1;1-3;2-2,0-1;1-3;2-2,2-2|1-3|0-1|NULL,2-2|1-3|0-1|NULL,3,4,4,2,8,32,1,1,1,0,0.0,15,1
TRAJ-MICRO-V1,12071,56,configured_scale,,,0-1;1-2;2-4,0-1;1-2;2-4,0-1;1-2;2-4,2-4|1-2|0-1|NULL,2-4|1-2|0-1|NULL,3,4,4,2,8,32,1,1,1,0,0.0,15,1
TRAJ-MICRO-V1,12071,56,zero_scale,,,0-0;1-2;2-4,0-0;1-2;2-4,0-0;1-2;2-4,2-4|1-2|0-0|NULL,2-4|1-2|0-0|NULL,3,4,4,2,8,32,1,1,1,0,0.0,15,1
TRAJ-MICRO-V1,12071,57,configured_scale,,,0-2;1-1;2-4,0-2;1-1;2-4,0-2;1-1;2-4,2-4|1-1|0-2|NULL,2-4|1-1|0-2|NULL,3,4,4,2,8,32,1,1,1,0,0.0,15,1
TRAJ-MICRO-V1,12071,57,zero_scale,,,0-2;1-1;2-4,0-2;1-1;2-4,0-2;1-1;2-4,2-4|1-1|0-2|NULL,2-4|1-1|0-2|NULL,3,4,4,2,8,32,1,1,1,0,0.0,15,1
TRAJ-MICRO-V1,12071,58,configured_scale,,,0-1;1-0;2-4,0-1;1-0;2-4,0-1;1-0;2-4,2-4|0-1|1-0|NULL,2-4|0-1|1-0|NULL,3,4,4,2,8,32,1,1,1,0,0.0,15,1
TRAJ-MICRO-V1,12071,58,zero_scale,,,0-1;1-3;2-4,0-1;1-3;2-4,0-1;1-3;2-4,2-4|0-1|1-3|NULL,2-4|0-1|1-3|NULL,3,4,4,2,8,32,1,1,1,0,0.0,15,1
TRAJ-MICRO-V1,12071,59,configured_scale,,,0-0;1-3;2-4,0-0;1-3;2-4,0-0;1-3;2-4,2-4|1-3|0-0|NULL,2-4|1-3|0-0|NULL,3,4,4,2,8,32,1,1,1,0,0.0,15,1
TRAJ-MICRO-V1,12071,59,zero_scale,,,0-0;1-2;2-4,0-0;1-2;2-4,0-0;1-2;2-4,2-4|1-2|0-0|NULL,2-4|1-2|0-0|NULL,3,4,4,2,8,32,1,1,1,0,0.0,15,1
TRAJ-MICRO-V1,12071,60,configured_scale,,,0-0;1-3;2-4,0-0;1-3;2-4,0-0;1-3;2-4,2-4|1-3|0-0|NULL,2-4|1-3|0-0|NULL,3,4,4,2,8,32,1,1,1,0,0.0,15,1
TRAJ-MICRO-V1,12071,60,zero_scale,,,0-0;1-4;2-3,0-0;1-4;2-3,0-0;1-4;2-3,2-3|1-4|0-0|NULL,2-3|1-4|0-0|NULL,3,4,4,2,8,32,1,1,1,0,0.0,15,1
TRAJ-MICRO-V1,12071,61,configured_scale,,,0-0;1-3;2-4,0-0;1-3;2-4,0-0;1-3;2-4,1-3|2-4|0-0|NULL,1-3|2-4|0-0|NULL,3,4,4,2,8,32,1,1,1,0,0.0,15,1
TRAJ-MICRO-V1,12071,61,zero_scale,,,0-1;1-3;2-4,0-1;1-3;2-4,0-1;1-3;2-4,1-3|2-4|0-1|NULL,1-3|2-4|0-1|NULL,3,4,4,2,8,32,1,1,1,0,0.0,15,1
TRAJ-MICRO-V1,12071,62,configured_scale,,,0-0;1-2;2-4,0-0;1-2;2-4,0-0;1-2;2-4,2-4|1-2|0-0|NULL,2-4|1-2|0-0|NULL,3,4,4,2,8,32,1,1,1,0,0.0,15,1
TRAJ-MICRO-V1,12071,62,zero_scale,,,0-0;1-2;2-4,0-0;1-2;2-4,0-0;1-2;2-4,1-2|2-4|0-0|NULL,1-2|2-4|0-0|NULL,3,4,4,2,8,32,1,1,1,0,0.0,15,1
TRAJ-MICRO-V1,12071,63,configured_scale,,,0-2;1-4;2-0,0-2;1-4;2-0,0-2;1-4;2-0,1-4|2-0|0-2|NULL,1-4|2-0|0-2|NULL,3,4,4,2,8,32,1,1,1,0,0.0,15,1
TRAJ-MICRO-V1,12071,63,zero_scale,,,0-1;1-2;2-0,0-1;1-2;2-0,0-1;1-2;2-0,1-2|2-0|0-1|NULL,1-2|2-0|0-1|NULL,3,4,4,2,8,32,1,1,1,0,0.0,15,1
TRAJ-MICRO-V1,12071,64,configured_scale,,,0-0;1-3;2-4,0-0;1-3;2-4,0-0;1-3;2-4,1-3|2-4|0-0|NULL,1-3|2-4|0-0|NULL,3,4,4,2,8,32,1,1,1,0,0.0,15,1
TRAJ-MICRO-V1,12071,64,zero_scale,,,0-1;1-3;2-4,0-1;1-3;2-4,0-1;1-3;2-4,1-3|0-1|2-4|NULL,1-3|0-1|2-4|NULL,3,4,4,2,8,32,1,1,1,0,0.0,15,1
TRAJ-MICRO-V1,12071,65,configured_scale,,,0-0;1-2;2-4,0-0;1-2;2-4,0-0;1-2;2-4,1-2|2-4|0-0|NULL,1-2|2-4|0-0|NULL,3,4,4,2,8,32,1,1,1,0,0.0,15,1
TRAJ-MICRO-V1,12071,65,zero_scale,,,0-0;1-2;2-4,0-0;1-2;2-4,0-0;1-2;2-4,1-2|0-0|2-4|NULL,1-2|0-0|2-4|NULL,3,4,4,2,8,32,1,1,1,0,0.0,15,1
TRAJ-MICRO-V1,12071,66,configured_scale,,,0-2;1-4;2-0,0-2;1-4;2-0,0-2;1-4;2-0,1-4|2-0|0-2|NULL,1-4|2-0|0-2|NULL,3,4,4,2,8,32,1,1,1,0,0.0,15,1
TRAJ-MICRO-V1,12071,66,zero_scale,,,0-0;1-4;2-3,0-0;1-4;2-3,0-0;1-4;2-3,1-4|2-3|0-0|NULL,1-4|2-3|0-0|NULL,3,4,4,2,8,32,1,1,1,0,0.0,15,1
TRAJ-MICRO-V1,12071,67,configured_scale,,,0-0;1-3;2-4,0-0;1-3;2-4,0-0;1-3;2-4,1-3|2-4|0-0|NULL,1-3|2-4|0-0|NULL,3,4,4,2,8,32,1,1,1,0,0.0,15,1
TRAJ-MICRO-V1,12071,67,zero_scale,,,0-1;1-3;2-4,0-1;1-3;2-4,0-1;1-3;2-4,1-3|0-1|2-4|NULL,1-3|0-1|2-4|NULL,3,4,4,2,8,32,1,1,1,0,0.0,15,1
TRAJ-MICRO-V1,12071,68,configured_scale,,,0-0;1-2;2-4,0-0;1-2;2-4,0-0;1-2;2-4,0-0|2-4|1-2|NULL,0-0|2-4|1-2|NULL,3,4,4,2,8,32,1,1,1,0,0.0,15,1
TRAJ-MICRO-V1,12071,68,zero_scale,,,0-0;1-2;2-4,0-0;1-2;2-4,0-0;1-2;2-4,0-0|2-4|1-2|NULL,0-0|2-4|1-2|NULL,3,4,4,2,8,32,1,1,1,0,0.0,15,1
TRAJ-MICRO-V1,12071,69,configured_scale,,,0-0;1-1;2-4,0-0;1-1;2-4,0-0;1-1;2-4,0-0|2-4|1-1|NULL,0-0|2-4|1-1|NULL,3,4,4,2,8,32,1,1,1,0,0.0,15,1
TRAJ-MICRO-V1,12071,69,zero_scale,,,0-0;1-1;2-4,0-0;1-1;2-4,0-0;1-1;2-4,0-0|1-1|2-4|NULL,0-0|1-1|2-4|NULL,3,4,4,2,8,32,1,1,1,0,0.0,15,1
TRAJ-MICRO-V1,12071,70,configured_scale,,,0-1;1-0;2-4,0-1;1-0;2-4,0-1;1-0;2-4,0-1|1-0|2-4|NULL,0-1|1-0|2-4|NULL,3,4,4,2,8,32,1,1,1,0,0.0,15,1
TRAJ-MICRO-V1,12071,70,zero_scale,,,0-1;1-0;2-4,0-1;1-0;2-4,0-1;1-0;2-4,0-1|1-0|2-4|NULL,0-1|1-0|2-4|NULL,3,4,4,2,8,32,1,1,1,0,0.0,15,1
TRAJ-MICRO-V1,12071,71,configured_scale,,,0-0;1-2;2-4,0-0;1-2;2-4,0-0;1-2;2-4,0-0|1-2|2-4|NULL,0-0|1-2|2-4|NULL,3,4,4,2,8,32,1,1,1,0,0.0,15,1
TRAJ-MICRO-V1,12071,71,zero_scale,,,0-0;1-2;2-4,0-0;1-2;2-4,0-0;1-2;2-4,0-0|1-2|2-4|NULL,0-0|1-2|2-4|NULL,3,4,4,2,8,32,1,1,1,0,0.0,15,1
TRAJ-MICRO-V1,12071,72,configured_scale,,,0-0;1-1;2-3,0-0;1-1;2-3,0-0;1-1;2-3,0-0|1-1|2-3|NULL,0-0|1-1|2-3|NULL,3,4,4,2,8,32,1,1,1,0,0.0,15,1
TRAJ-MICRO-V1,12071,72,zero_scale,,,0-0;1-1;2-3,0-0;1-1;2-3,0-0;1-1;2-3,0-0|1-1|2-3|NULL,0-0|1-1|2-3|NULL,3,4,4,2,8,32,1,1,1,0,0.0,15,1
TRAJ-MICRO-V1,12071,73,configured_scale,,,0-1;1-0;2-2,0-1;1-0;2-2,0-1;1-0;2-2,0-1|1-0|2-2|NULL,0-1|1-0|2-2|NULL,3,4,4,2,8,32,1,1,1,0,0.0,15,1
TRAJ-MICRO-V1,12071,73,zero_scale,,,0-1;1-0;2-2,0-1;1-0;2-2,0-1;1-0;2-2,0-1|1-0|2-2|NULL,0-1|1-0|2-2|NULL,3,4,4,2,8,32,1,1,1,0,0.0,15,1
TRAJ-MICRO-V1,12071,74,configured_scale,,,0-1;1-2;2-4,0-1;1-2;2-4,0-1;1-2;2-4,0-1|1-2|2-4|NULL,0-1|1-2|2-4|NULL,3,4,4,2,8,32,1,1,1,0,0.0,15,1
TRAJ-MICRO-V1,12071,74,zero_scale,,,0-1;1-2;2-4,0-1;1-2;2-4,0-1;1-2;2-4,0-1|1-2|2-4|NULL,0-1|1-2|2-4|NULL,3,4,4,2,8,32,1,1,1,0,0.0,15,1
TRAJ-MICRO-V1,12071,75,configured_scale,,,0-1;1-2;2-0,0-1;1-2;2-0,0-1;1-2;2-0,1-2|0-1|2-0|NULL,1-2|0-1|2-0|NULL,3,4,4,2,8,32,1,1,1,0,0.0,15,1
TRAJ-MICRO-V1,12071,75,zero_scale,,,0-2;1-1;2-3,0-2;1-1;2-3,0-2;1-1;2-3,0-2|1-1|2-3|NULL,0-2|1-1|2-3|NULL,3,4,4,2,8,32,1,1,1,0,0.0,15,1
TRAJ-MICRO-V1,12071,76,configured_scale,,,0-1;1-2;2-3,0-1;1-2;2-3,0-1;1-2;2-3,1-2|0-1|2-3|NULL,1-2|0-1|2-3|NULL,3,4,4,2,8,32,1,1,1,0,0.0,15,1
TRAJ-MICRO-V1,12071,76,zero_scale,,,0-1;1-2;2-3,0-1;1-2;2-3,0-1;1-2;2-3,1-2|0-1|2-3|NULL,1-2|0-1|2-3|NULL,3,4,4,2,8,32,1,1,1,0,0.0,15,1
TRAJ-MICRO-V1,12071,77,configured_scale,,,0-3;1-2;2-1,0-3;1-2;2-1,0-3;1-2;2-1,1-2|0-3|2-1|NULL,1-2|0-3|2-1|NULL,3,4,4,2,8,32,1,1,1,0,0.0,15,1
TRAJ-MICRO-V1,12071,77,zero_scale,,,0-3;1-2;2-1,0-3;1-2;2-1,0-3;1-2;2-1,1-2|0-3|2-1|NULL,1-2|0-3|2-1|NULL,3,4,4,2,8,32,1,1,1,0,0.0,15,1
TRAJ-MICRO-V1,12071,78,configured_scale,,,0-1;1-2;2-3,0-1;1-2;2-3,0-1;1-2;2-3,2-3|1-2|0-1|NULL,2-3|1-2|0-1|NULL,3,4,4,2,8,32,1,1,1,0,0.0,15,1
TRAJ-MICRO-V1,12071,78,zero_scale,,,0-1;1-2;2-3,0-1;1-2;2-3,0-1;1-2;2-3,1-2|2-3|0-1|NULL,1-2|2-3|0-1|NULL,3,4,4,2,8,32,1,1,1,0,0.0,15,1
TRAJ-MICRO-V1,12071,79,configured_scale,,,0-4;1-2;2-3,0-4;1-2;2-3,0-4;1-2;2-3,2-3|1-2|0-4|NULL,2-3|1-2|0-4|NULL,3,4,4,2,8,32,1,1,1,0,0.0,15,1
TRAJ-MICRO-V1,12071,79,zero_scale,,,0-1;1-3;2-2,0-1;1-3;2-2,0-1;1-3;2-2,1-3|2-2|0-1|NULL,1-3|2-2|0-1|NULL,3,4,4,2,8,32,1,1,1,0,0.0,15,1
TRAJ-MICRO-V1,12071,80,configured_scale,,,0-1;1-3;2-4,0-1;1-3;2-4,0-1;1-3;2-4,2-4|1-3|0-1|NULL,2-4|1-3|0-1|NULL,3,4,4,2,8,32,1,1,1,0,0.0,15,1
TRAJ-MICRO-V1,12071,80,zero_scale,,,0-3;1-2;2-4,0-3;1-2;2-4,0-3;1-2;2-4,1-2|2-4|0-3|NULL,1-2|2-4|0-3|NULL,3,4,4,2,8,32,1,1,1,0,0.0,15,1
TRAJ-MICRO-V1,12071,81,configured_scale,,,0-1;1-2;2-3,0-1;1-2;2-3,0-1;1-2;2-3,2-3|1-2|0-1|NULL,2-3|1-2|0-1|NULL,3,4,4,2,8,32,1,1,1,0,0.0,15,1
TRAJ-MICRO-V1,12071,81,zero_scale,,,0-1;1-2;2-3,0-1;1-2;2-3,0-1;1-2;2-3,2-3|0-1|1-2|NULL,2-3|0-1|1-2|NULL,3,4,4,2,8,32,1,1,1,0,0.0,15,1
TRAJ-MICRO-V1,12071,82,configured_scale,,,0-1;1-3;2-4,0-1;1-3;2-4,0-1;1-3;2-4,2-4|0-1|1-3|NULL,2-4|0-1|1-3|NULL,3,4,4,2,8,32,1,1,1,0,0.0,15,1
TRAJ-MICRO-V1,12071,82,zero_scale,,,0-1;1-3;2-4,0-1;1-3;2-4,0-1;1-3;2-4,0-1|2-4|1-3|NULL,0-1|2-4|1-3|NULL,3,4,4,2,8,32,1,1,1,0,0.0,15,1
TRAJ-MICRO-V1,12071,83,configured_scale,,,0-0;1-3;2-4,0-0;1-3;2-4,0-0;1-3;2-4,2-4|0-0|1-3|NULL,2-4|0-0|1-3|NULL,3,4,4,2,8,32,1,1,1,0,0.0,15,1
TRAJ-MICRO-V1,12071,83,zero_scale,,,0-0;1-2;2-4,0-0;1-2;2-4,0-0;1-2;2-4,2-4|0-0|1-2|NULL,2-4|0-0|1-2|NULL,3,4,4,2,8,32,1,1,1,0,0.0,15,1
TRAJ-MICRO-V1,12071,84,configured_scale,,,0-0;1-3;2-4,0-0;1-3;2-4,0-0;1-3;2-4,2-4|1-3|0-0|NULL,2-4|1-3|0-0|NULL,3,4,4,2,8,32,1,1,1,0,0.0,15,1
TRAJ-MICRO-V1,12071,84,zero_scale,,,0-2;1-3;2-4,0-2;1-3;2-4,0-2;1-3;2-4,2-4|0-2|1-3|NULL,2-4|0-2|1-3|NULL,3,4,4,2,8,32,1,1,1,0,0.0,15,1
TRAJ-MICRO-V1,12071,85,configured_scale,,,0-1;1-3;2-4,0-1;1-3;2-4,0-1;1-3;2-4,2-4|1-3|0-1|NULL,2-4|1-3|0-1|NULL,3,4,4,2,8,32,1,1,1,0,0.0,15,1
TRAJ-MICRO-V1,12071,85,zero_scale,,,0-1;1-3;2-4,0-1;1-3;2-4,0-1;1-3;2-4,2-4|1-3|0-1|NULL,2-4|1-3|0-1|NULL,3,4,4,2,8,32,1,1,1,0,0.0,15,1
TRAJ-MICRO-V1,12071,86,configured_scale,,,0-3;1-2;2-4,0-3;1-2;2-4,0-3;1-2;2-4,2-4|0-3|1-2|NULL,2-4|0-3|1-2|NULL,3,4,4,2,8,32,1,1,1,0,0.0,15,1
TRAJ-MICRO-V1,12071,86,zero_scale,,,0-3;1-2;2-4,0-3;1-2;2-4,0-3;1-2;2-4,2-4|0-3|1-2|NULL,2-4|0-3|1-2|NULL,3,4,4,2,8,32,1,1,1,0,0.0,15,1
TRAJ-MICRO-V1,12071,87,configured_scale,,,0-2;1-3;2-4,0-2;1-3;2-4,0-2;1-3;2-4,2-4|0-2|1-3|NULL,2-4|0-2|1-3|NULL,3,4,4,2,8,32,1,1,1,0,0.0,15,1
TRAJ-MICRO-V1,12071,87,zero_scale,,,0-2;1-3;2-4,0-2;1-3;2-4,0-2;1-3;2-4,2-4|1-3|0-2|NULL,2-4|1-3|0-2|NULL,3,4,4,2,8,32,1,1,1,0,0.0,15,1
TRAJ-MICRO-V1,12071,88,configured_scale,,,0-1;1-3;2-4,0-1;1-3;2-4,0-1;1-3;2-4,2-4|1-3|0-1|NULL,2-4|1-3|0-1|NULL,3,4,4,2,8,32,1,1,1,0,0.0,15,1
TRAJ-MICRO-V1,12071,88,zero_scale,,,0-1;1-3;2-4,0-1;1-3;2-4,0-1;1-3;2-4,2-4|1-3|0-1|NULL,2-4|1-3|0-1|NULL,3,4,4,2,8,32,1,1,1,0,0.0,15,1
TRAJ-MICRO-V1,12071,89,configured_scale,,,0-0;1-3;2-4,0-0;1-3;2-4,0-0;1-3;2-4,1-3|2-4|0-0|NULL,1-3|2-4|0-0|NULL,3,4,4,2,8,32,1,1,1,0,0.0,15,1
TRAJ-MICRO-V1,12071,89,zero_scale,,,0-0;1-3;2-4,0-0;1-3;2-4,0-0;1-3;2-4,1-3|2-4|0-0|NULL,1-3|2-4|0-0|NULL,3,4,4,2,8,32,1,1,1,0,0.0,15,1
TRAJ-MICRO-V1,12071,90,configured_scale,,,0-3;1-2;2-4,0-3;1-2;2-4,0-3;1-2;2-4,0-3|1-2|2-4|NULL,0-3|1-2|2-4|NULL,3,4,4,2,8,32,1,1,1,0,0.0,15,1
TRAJ-MICRO-V1,12071,90,zero_scale,,,0-2;1-3;2-4,0-2;1-3;2-4,0-2;1-3;2-4,0-2|1-3|2-4|NULL,0-2|1-3|2-4|NULL,3,4,4,2,8,32,1,1,1,0,0.0,15,1
TRAJ-MICRO-V1,12071,91,configured_scale,,,0-4;1-2;2-3,0-4;1-2;2-3,0-4;1-2;2-3,0-4|1-2|2-3|NULL,0-4|1-2|2-3|NULL,3,4,4,2,8,32,1,1,1,0,0.0,15,1
TRAJ-MICRO-V1,12071,91,zero_scale,,,0-1;1-3;2-2,0-1;1-3;2-2,0-1;1-3;2-2,0-1|1-3|2-2|NULL,0-1|1-3|2-2|NULL,3,4,4,2,8,32,1,1,1,0,0.0,15,1
TRAJ-MICRO-V1,12071,92,configured_scale,,,0-3;1-2;2-1,0-3;1-2;2-1,0-3;1-2;2-1,1-2|0-3|2-1|NULL,1-2|0-3|2-1|NULL,3,4,4,2,8,32,1,1,1,0,0.0,15,1
TRAJ-MICRO-V1,12071,92,zero_scale,,,0-3;1-2;2-1,0-3;1-2;2-1,0-3;1-2;2-1,1-2|0-3|2-1|NULL,1-2|0-3|2-1|NULL,3,4,4,2,8,32,1,1,1,0,0.0,15,1
TRAJ-MICRO-V1,12071,93,configured_scale,,,0-1;1-2;2-0,0-1;1-2;2-0,0-1;1-2;2-0,1-2|0-1|2-0|NULL,1-2|0-1|2-0|NULL,3,4,4,2,8,32,1,1,1,0,0.0,15,1
TRAJ-MICRO-V1,12071,93,zero_scale,,,0-1;1-2;2-3,0-1;1-2;2-3,0-1;1-2;2-3,1-2|0-1|2-3|NULL,1-2|0-1|2-3|NULL,3,4,4,2,8,32,1,1,1,0,0.0,15,1
TRAJ-MICRO-V1,12071,94,configured_scale,,,0-1;1-3;2-2,0-1;1-3;2-2,0-1;1-3;2-2,1-3|0-1|2-2|NULL,1-3|0-1|2-2|NULL,3,4,4,2,8,32,1,1,1,0,0.0,15,1
TRAJ-MICRO-V1,12071,94,zero_scale,,,0-1;1-3;2-2,0-1;1-3;2-2,0-1;1-3;2-2,1-3|0-1|2-2|NULL,1-3|0-1|2-2|NULL,3,4,4,2,8,32,1,1,1,0,0.0,15,1
TRAJ-MICRO-V1,12071,95,configured_scale,,,0-1;1-2;2-4,0-1;1-2;2-4,0-1;1-2;2-4,1-2|2-4|0-1|NULL,1-2|2-4|0-1|NULL,3,4,4,2,8,32,1,1,1,0,0.0,15,1
TRAJ-MICRO-V1,12071,95,zero_scale,,,0-1;1-2;2-4,0-1;1-2;2-4,0-1;1-2;2-4,1-2|2-4|0-1|NULL,1-2|2-4|0-1|NULL,3,4,4,2,8,32,1,1,1,0,0.0,15,1
TRAJ-MICRO-V1,12071,96,configured_scale,,,0-1;1-4;2-3,0-1;1-4;2-3,0-1;1-4;2-3,1-4|2-3|0-1|NULL,1-4|2-3|0-1|NULL,3,4,4,2,8,32,1,1,1,0,0.0,15,1
TRAJ-MICRO-V1,12071,96,zero_scale,,,0-1;1-4;2-3,0-1;1-4;2-3,0-1;1-4;2-3,1-4|2-3|0-1|NULL,1-4|2-3|0-1|NULL,3,4,4,2,8,32,1,1,1,0,0.0,15,1
TRAJ-MICRO-V1,12071,97,configured_scale,,,0-1;1-0;2-4,0-1;1-0;2-4,0-1;1-0;2-4,1-0|2-4|0-1|NULL,1-0|2-4|0-1|NULL,3,4,4,2,8,32,1,1,1,0,0.0,15,1
TRAJ-MICRO-V1,12071,97,zero_scale,,,0-1;1-3;2-4,0-1;1-3;2-4,0-1;1-3;2-4,1-3|2-4|0-1|NULL,1-3|2-4|0-1|NULL,3,4,4,2,8,32,1,1,1,0,0.0,15,1
TRAJ-MICRO-V1,12071,98,configured_scale,,,0-0;1-2;2-4,0-0;1-2;2-4,0-0;1-2;2-4,2-4|0-0|1-2|NULL,2-4|0-0|1-2|NULL,3,4,4,2,8,32,1,1,1,0,0.0,15,1
TRAJ-MICRO-V1,12071,98,zero_scale,,,0-0;1-2;2-4,0-0;1-2;2-4,0-0;1-2;2-4,2-4|0-0|1-2|NULL,2-4|0-0|1-2|NULL,3,4,4,2,8,32,1,1,1,0,0.0,15,1
TRAJ-MICRO-V1,12071,99,configured_scale,,,0-2;1-1;2-0,0-2;1-1;2-0,0-2;1-1;2-0,2-0|1-1|0-2|NULL,2-0|1-1|0-2|NULL,3,4,4,2,8,32,1,1,1,0,0.0,15,1
TRAJ-MICRO-V1,12071,99,zero_scale,,,0-0;1-1;2-4,0-0;1-1;2-4,0-0;1-1;2-4,1-1|0-0|2-4|NULL,1-1|0-0|2-4|NULL,3,4,4,2,8,32,1,1,1,0,0.0,15,1
TRAJ-MICRO-V1,12071,100,configured_scale,,,0-1;1-0;2-4,0-1;1-0;2-4,0-1;1-0;2-4,1-0|2-4|0-1|NULL,1-0|2-4|0-1|NULL,3,4,4,2,8,32,1,1,1,0,0.0,15,1
TRAJ-MICRO-V1,12071,100,zero_scale,,,0-1;1-0;2-4,0-1;1-0;2-4,0-1;1-0;2-4,1-0|0-1|2-4|NULL,1-0|0-1|2-4|NULL,3,4,4,2,8,32,1,1,1,0,0.0,15,1
TRAJ-MICRO-V1,12071,101,configured_scale,,,0-0;1-2;2-4,0-0;1-2;2-4,0-0;1-2;2-4,2-4|0-0|1-2|NULL,2-4|0-0|1-2|NULL,3,4,4,2,8,32,1,1,1,0,0.0,15,1
TRAJ-MICRO-V1,12071,101,zero_scale,,,0-0;1-2;2-4,0-0;1-2;2-4,0-0;1-2;2-4,0-0|2-4|1-2|NULL,0-0|2-4|1-2|NULL,3,4,4,2,8,32,1,1,1,0,0.0,15,1
TRAJ-MICRO-V1,12071,102,configured_scale,,,0-1;1-2;2-0,0-1;1-2;2-0,0-1;1-2;2-0,2-0|0-1|1-2|NULL,2-0|0-1|1-2|NULL,3,4,4,2,8,32,1,1,1,0,0.0,15,1
TRAJ-MICRO-V1,12071,102,zero_scale,,,0-0;1-1;2-3,0-0;1-1;2-3,0-0;1-1;2-3,0-0|1-1|2-3|NULL,0-0|1-1|2-3|NULL,3,4,4,2,8,32,1,1,1,0,0.0,15,1
TRAJ-MICRO-V1,12071,103,configured_scale,,,0-1;1-2;2-0,0-1;1-2;2-0,0-1;1-2;2-0,2-0|0-1|1-2|NULL,2-0|0-1|1-2|NULL,3,4,4,2,8,32,1,1,1,0,0.0,15,1
TRAJ-MICRO-V1,12071,103,zero_scale,,,0-1;1-0;2-2,0-1;1-0;2-2,0-1;1-0;2-2,1-0|0-1|2-2|NULL,1-0|0-1|2-2|NULL,3,4,4,2,8,32,1,1,1,0,0.0,15,1
TRAJ-MICRO-V1,12071,104,configured_scale,,,0-0;1-2;2-4,0-0;1-2;2-4,0-0;1-2;2-4,2-4|1-2|0-0|NULL,2-4|1-2|0-0|NULL,3,4,4,2,8,32,1,1,1,0,0.0,15,1
TRAJ-MICRO-V1,12071,104,zero_scale,,,0-0;1-2;2-1,0-0;1-2;2-1,0-0;1-2;2-1,1-2|2-1|0-0|NULL,1-2|2-1|0-0|NULL,3,4,4,2,8,32,1,1,1,0,0.0,15,1
TRAJ-MICRO-V1,12071,105,configured_scale,,,0-1;1-2;2-0,0-1;1-2;2-0,0-1;1-2;2-0,2-0|1-2|0-1|NULL,2-0|1-2|0-1|NULL,3,4,4,2,8,32,1,1,1,0,0.0,15,1
TRAJ-MICRO-V1,12071,105,zero_scale,,,0-1;1-2;2-0,0-1;1-2;2-0,0-1;1-2;2-0,2-0|1-2|0-1|NULL,2-0|1-2|0-1|NULL,3,4,4,2,8,32,1,1,1,0,0.0,15,1
TRAJ-MICRO-V1,12071,106,configured_scale,,,0-1;1-3;2-4,0-1;1-3;2-4,0-1;1-3;2-4,2-4|1-3|0-1|NULL,2-4|1-3|0-1|NULL,3,4,4,2,8,32,1,1,1,0,0.0,15,1
TRAJ-MICRO-V1,12071,106,zero_scale,,,0-1;1-3;2-2,0-1;1-3;2-2,0-1;1-3;2-2,2-2|1-3|0-1|NULL,2-2|1-3|0-1|NULL,3,4,4,2,8,32,1,1,1,0,0.0,15,1
TRAJ-MICRO-V1,12071,107,configured_scale,,,0-0;1-2;2-4,0-0;1-2;2-4,0-0;1-2;2-4,2-4|1-2|0-0|NULL,2-4|1-2|0-0|NULL,3,4,4,2,8,32,1,1,1,0,0.0,15,1
TRAJ-MICRO-V1,12071,107,zero_scale,,,0-0;1-2;2-4,0-0;1-2;2-4,0-0;1-2;2-4,2-4|1-2|0-0|NULL,2-4|1-2|0-0|NULL,3,4,4,2,8,32,1,1,1,0,0.0,15,1
TRAJ-MICRO-V1,12071,108,configured_scale,,,0-1;1-2;2-0,0-1;1-2;2-0,0-1;1-2;2-0,2-0|1-2|0-1|NULL,2-0|1-2|0-1|NULL,3,4,4,2,8,32,1,1,1,0,0.0,15,1
TRAJ-MICRO-V1,12071,108,zero_scale,,,0-1;1-2;2-0,0-1;1-2;2-0,0-1;1-2;2-0,2-0|1-2|0-1|NULL,2-0|1-2|0-1|NULL,3,4,4,2,8,32,1,1,1,0,0.0,15,1
TRAJ-MICRO-V1,12071,109,configured_scale,,,0-1;1-2;2-0,0-1;1-2;2-0,0-1;1-2;2-0,2-0|0-1|1-2|NULL,2-0|0-1|1-2|NULL,3,4,4,2,8,32,1,1,1,0,0.0,15,1
TRAJ-MICRO-V1,12071,109,zero_scale,,,0-1;1-2;2-4,0-1;1-2;2-4,0-1;1-2;2-4,0-1|1-2|2-4|NULL,0-1|1-2|2-4|NULL,3,4,4,2,8,32,1,1,1,0,0.0,15,1
TRAJ-MICRO-V1,12071,110,configured_scale,,,0-0;1-2;2-1,0-0;1-2;2-1,0-0;1-2;2-1,2-1|0-0|1-2|NULL,2-1|0-0|1-2|NULL,3,4,4,2,8,32,1,1,1,0,0.0,15,1
TRAJ-MICRO-V1,12071,110,zero_scale,,,0-1;1-2;2-4,0-1;1-2;2-4,0-1;1-2;2-4,0-1|1-2|2-4|NULL,0-1|1-2|2-4|NULL,3,4,4,2,8,32,1,1,1,0,0.0,15,1
TRAJ-MICRO-V1,12071,111,configured_scale,,,0-1;1-2;2-0,0-1;1-2;2-0,0-1;1-2;2-0,0-1|2-0|1-2|NULL,0-1|2-0|1-2|NULL,3,4,4,2,8,32,1,1,1,0,0.0,15,1
TRAJ-MICRO-V1,12071,111,zero_scale,,,0-1;1-2;2-3,0-1;1-2;2-3,0-1;1-2;2-3,0-1|2-3|1-2|NULL,0-1|2-3|1-2|NULL,3,4,4,2,8,32,1,1,1,0,0.0,15,1
TRAJ-MICRO-V1,12071,112,configured_scale,,,0-1;1-3;2-2,0-1;1-3;2-2,0-1;1-3;2-2,2-2|0-1|1-3|NULL,2-2|0-1|1-3|NULL,3,4,4,2,8,32,1,1,1,0,0.0,15,1
TRAJ-MICRO-V1,12071,112,zero_scale,,,0-1;1-3;2-2,0-1;1-3;2-2,0-1;1-3;2-2,0-1|2-2|1-3|NULL,0-1|2-2|1-3|NULL,3,4,4,2,8,32,1,1,1,0,0.0,15,1
TRAJ-MICRO-V1,12071,113,configured_scale,,,0-0;1-2;2-4,0-0;1-2;2-4,0-0;1-2;2-4,1-2|2-4|0-0|NULL,1-2|2-4|0-0|NULL,3,4,4,2,8,32,1,1,1,0,0.0,15,1
TRAJ-MICRO-V1,12071,113,zero_scale,,,0-0;1-2;2-4,0-0;1-2;2-4,0-0;1-2;2-4,1-2|2-4|0-0|NULL,1-2|2-4|0-0|NULL,3,4,4,2,8,32,1,1,1,0,0.0,15,1
TRAJ-MICRO-V1,12071,114,configured_scale,,,0-1;1-2;2-4,0-1;1-2;2-4,0-1;1-2;2-4,1-2|2-4|0-1|NULL,1-2|2-4|0-1|NULL,3,4,4,2,8,32,1,1,1,0,0.0,15,1
TRAJ-MICRO-V1,12071,114,zero_scale,,,0-1;1-2;2-3,0-1;1-2;2-3,0-1;1-2;2-3,2-3|1-2|0-1|NULL,2-3|1-2|0-1|NULL,3,4,4,2,8,32,1,1,1,0,0.0,15,1
TRAJ-MICRO-V1,12071,115,configured_scale,,,0-1;1-3;2-4,0-1;1-3;2-4,0-1;1-3;2-4,1-3|2-4|0-1|NULL,1-3|2-4|0-1|NULL,3,4,4,2,8,32,1,1,1,0,0.0,15,1
TRAJ-MICRO-V1,12071,115,zero_scale,,,0-1;1-3;2-4,0-1;1-3;2-4,0-1;1-3;2-4,2-4|1-3|0-1|NULL,2-4|1-3|0-1|NULL,3,4,4,2,8,32,1,1,1,0,0.0,15,1
TRAJ-MICRO-V1,12071,116,configured_scale,,,0-0;1-3;2-4,0-0;1-3;2-4,0-0;1-3;2-4,1-3|2-4|0-0|NULL,1-3|2-4|0-0|NULL,3,4,4,2,8,32,1,1,1,0,0.0,15,1
TRAJ-MICRO-V1,12071,116,zero_scale,,,0-0;1-3;2-4,0-0;1-3;2-4,0-0;1-3;2-4,2-4|1-3|0-0|NULL,2-4|1-3|0-0|NULL,3,4,4,2,8,32,1,1,1,0,0.0,15,1
TRAJ-MICRO-V1,12071,117,configured_scale,,,0-3;1-2;2-4,0-3;1-2;2-4,0-3;1-2;2-4,2-4|1-2|0-3|NULL,2-4|1-2|0-3|NULL,3,4,4,2,8,32,1,1,1,0,0.0,15,1
TRAJ-MICRO-V1,12071,117,zero_scale,,,0-2;1-3;2-4,0-2;1-3;2-4,0-2;1-3;2-4,1-3|2-4|0-2|NULL,1-3|2-4|0-2|NULL,3,4,4,2,8,32,1,1,1,0,0.0,15,1
TRAJ-MICRO-V1,12071,118,configured_scale,,,0-1;1-4;2-3,0-1;1-4;2-3,0-1;1-4;2-3,1-4|2-3|0-1|NULL,1-4|2-3|0-1|NULL,3,4,4,2,8,32,1,1,1,0,0.0,15,1
TRAJ-MICRO-V1,12071,118,zero_scale,,,0-1;1-3;2-4,0-1;1-3;2-4,0-1;1-3;2-4,1-3|2-4|0-1|NULL,1-3|2-4|0-1|NULL,3,4,4,2,8,32,1,1,1,0,0.0,15,1
TRAJ-MICRO-V1,12071,119,configured_scale,,,0-0;1-3;2-4,0-0;1-3;2-4,0-0;1-3;2-4,1-3|2-4|0-0|NULL,1-3|2-4|0-0|NULL,3,4,4,2,8,32,1,1,1,0,0.0,15,1
TRAJ-MICRO-V1,12071,119,zero_scale,,,0-3;1-2;2-4,0-3;1-2;2-4,0-3;1-2;2-4,1-2|2-4|0-3|NULL,1-2|2-4|0-3|NULL,3,4,4,2,8,32,1,1,1,0,0.0,15,1
TRAJ-MICRO-V1,12071,120,configured_scale,,,0-3;1-2;2-4,0-3;1-2;2-4,0-3;1-2;2-4,1-2|2-4|0-3|NULL,1-2|2-4|0-3|NULL,3,4,4,2,8,32,1,1,1,0,0.0,15,1
TRAJ-MICRO-V1,12071,120,zero_scale,,,0-2;1-4;2-3,0-2;1-4;2-3,0-2;1-4;2-3,1-4|2-3|0-2|NULL,1-4|2-3|0-2|NULL,3,4,4,2,8,32,1,1,1,0,0.0,15,1
TRAJ-MICRO-V1,12071,121,configured_scale,,,0-4;1-2;2-3,0-4;1-2;2-3,0-4;1-2;2-3,0-4|1-2|2-3|NULL,0-4|1-2|2-3|NULL,3,4,4,2,8,32,1,1,1,0,0.0,15,1
TRAJ-MICRO-V1,12071,121,zero_scale,,,0-4;1-3;2-2,0-4;1-3;2-2,0-4;1-3;2-2,0-4|1-3|2-2|NULL,0-4|1-3|2-2|NULL,3,4,4,2,8,32,1,1,1,0,0.0,15,1
TRAJ-MICRO-V1,12071,122,configured_scale,,,0-3;1-2;2-4,0-3;1-2;2-4,0-3;1-2;2-4,2-4|0-3|1-2|NULL,2-4|0-3|1-2|NULL,3,4,4,2,8,32,1,1,1,0,0.0,15,1
TRAJ-MICRO-V1,12071,122,zero_scale,,,0-3;1-2;2-4,0-3;1-2;2-4,0-3;1-2;2-4,2-4|1-2|0-3|NULL,2-4|1-2|0-3|NULL,3,4,4,2,8,32,1,1,1,0,0.0,15,1
TRAJ-MICRO-V1,12071,123,configured_scale,,,0-4;1-2;2-3,0-4;1-2;2-3,0-4;1-2;2-3,0-4|1-2|2-3|NULL,0-4|1-2|2-3|NULL,3,4,4,2,8,32,1,1,1,0,0.0,15,1
TRAJ-MICRO-V1,12071,123,zero_scale,,,0-2;1-4;2-3,0-2;1-4;2-3,0-2;1-4;2-3,1-4|0-2|2-3|NULL,1-4|0-2|2-3|NULL,3,4,4,2,8,32,1,1,1,0,0.0,15,1
TRAJ-MICRO-V1,12071,124,configured_scale,,,0-4;1-2;2-3,0-4;1-2;2-3,0-4;1-2;2-3,0-4|2-3|1-2|NULL,0-4|2-3|1-2|NULL,3,4,4,2,8,32,1,1,1,0,0.0,15,1
TRAJ-MICRO-V1,12071,124,zero_scale,,,0-1;1-3;2-4,0-1;1-3;2-4,0-1;1-3;2-4,2-4|1-3|0-1|NULL,2-4|1-3|0-1|NULL,3,4,4,2,8,32,1,1,1,0,0.0,15,1
TRAJ-MICRO-V1,12071,125,configured_scale,,,0-3;1-2;2-4,0-3;1-2;2-4,0-3;1-2;2-4,2-4|0-3|1-2|NULL,2-4|0-3|1-2|NULL,3,4,4,2,8,32,1,1,1,0,0.0,15,1
TRAJ-MICRO-V1,12071,125,zero_scale,,,0-3;1-2;2-4,0-3;1-2;2-4,0-3;1-2;2-4,2-4|0-3|1-2|NULL,2-4|0-3|1-2|NULL,3,4,4,2,8,32,1,1,1,0,0.0,15,1
TRAJ-MICRO-V1,12071,126,configured_scale,,,0-2;1-4;2-3,0-2;1-4;2-3,0-2;1-4;2-3,2-3|0-2|1-4|NULL,2-3|0-2|1-4|NULL,3,4,4,2,8,32,1,1,1,0,0.0,15,1
TRAJ-MICRO-V1,12071,126,zero_scale,,,0-2;1-4;2-3,0-2;1-4;2-3,0-2;1-4;2-3,2-3|0-2|1-4|NULL,2-3|0-2|1-4|NULL,3,4,4,2,8,32,1,1,1,0,0.0,15,1
TRAJ-MICRO-V1,12071,127,configured_scale,,,0-1;1-3;2-4,0-1;1-3;2-4,0-1;1-3;2-4,2-4|1-3|0-1|NULL,2-4|1-3|0-1|NULL,3,4,4,2,8,32,1,1,1,0,0.0,15,1
TRAJ-MICRO-V1,12071,127,zero_scale,,,0-1;1-3;2-4,0-1;1-3;2-4,0-1;1-3;2-4,2-4|1-3|0-1|NULL,2-4|1-3|0-1|NULL,3,4,4,2,8,32,1,1,1,0,0.0,15,1
TRAJ-MICRO-V1,12071,128,configured_scale,,,0-3;1-2;2-4,0-3;1-2;2-4,0-3;1-2;2-4,2-4|0-3|1-2|NULL,2-4|0-3|1-2|NULL,3,4,4,2,8,32,1,1,1,0,0.0,15,1
TRAJ-MICRO-V1,12071,128,zero_scale,,,0-0;1-2;2-4,0-0;1-2;2-4,0-0;1-2;2-4,2-4|1-2|0-0|NULL,2-4|1-2|0-0|NULL,3,4,4,2,8,32,1,1,1,0,0.0,15,1
TRAJ-MICRO-V1,12071,129,configured_scale,,,0-2;1-1;2-3,0-2;1-1;2-3,0-2;1-1;2-3,0-2|2-3|1-1|NULL,0-2|2-3|1-1|NULL,3,4,4,2,8,32,1,1,1,0,0.0,15,1
TRAJ-MICRO-V1,12071,129,zero_scale,,,0-2;1-1;2-3,0-2;1-1;2-3,0-2;1-1;2-3,0-2|1-1|2-3|NULL,0-2|1-1|2-3|NULL,3,4,4,2,8,32,1,1,1,0,0.0,15,1
TRAJ-MICRO-V1,12071,130,configured_scale,,,0-1;1-2;2-4,0-1;1-2;2-4,0-1;1-2;2-4,0-1|1-2|2-4|NULL,0-1|1-2|2-4|NULL,3,4,4,2,8,32,1,1,1,0,0.0,15,1
TRAJ-MICRO-V1,12071,130,zero_scale,,,0-1;1-2;2-4,0-1;1-2;2-4,0-1;1-2;2-4,0-1|1-2|2-4|NULL,0-1|1-2|2-4|NULL,3,4,4,2,8,32,1,1,1,0,0.0,15,1
TRAJ-MICRO-V1,12071,131,configured_scale,,,0-1;1-2;2-4,0-1;1-2;2-4,0-1;1-2;2-4,0-1|1-2|2-4|NULL,0-1|1-2|2-4|NULL,3,4,4,2,8,32,1,1,1,0,0.0,15,1
TRAJ-MICRO-V1,12071,131,zero_scale,,,0-1;1-2;2-4,0-1;1-2;2-4,0-1;1-2;2-4,0-1|1-2|2-4|NULL,0-1|1-2|2-4|NULL,3,4,4,2,8,32,1,1,1,0,0.0,15,1
TRAJ-MICRO-V1,12071,132,configured_scale,,,0-1;1-2;2-0,0-1;1-2;2-0,0-1;1-2;2-0,0-1|1-2|2-0|NULL,0-1|1-2|2-0|NULL,3,4,4,2,8,32,1,1,1,0,0.0,15,1
TRAJ-MICRO-V1,12071,132,zero_scale,,,0-1;1-2;2-0,0-1;1-2;2-0,0-1;1-2;2-0,0-1|1-2|2-0|NULL,0-1|1-2|2-0|NULL,3,4,4,2,8,32,1,1,1,0,0.0,15,1
TRAJ-MICRO-V1,12071,133,configured_scale,,,0-1;1-2;2-4,0-1;1-2;2-4,0-1;1-2;2-4,0-1|1-2|2-4|NULL,0-1|1-2|2-4|NULL,3,4,4,2,8,32,1,1,1,0,0.0,15,1
TRAJ-MICRO-V1,12071,133,zero_scale,,,0-1;1-2;2-4,0-1;1-2;2-4,0-1;1-2;2-4,0-1|1-2|2-4|NULL,0-1|1-2|2-4|NULL,3,4,4,2,8,32,1,1,1,0,0.0,15,1
TRAJ-MICRO-V1,12071,134,configured_scale,,,0-1;1-2;2-4,0-1;1-2;2-4,0-1;1-2;2-4,1-2|0-1|2-4|NULL,1-2|0-1|2-4|NULL,3,4,4,2,8,32,1,1,1,0,0.0,15,1
TRAJ-MICRO-V1,12071,134,zero_scale,,,0-0;1-2;2-1,0-0;1-2;2-1,0-0;1-2;2-1,0-0|1-2|2-1|NULL,0-0|1-2|2-1|NULL,3,4,4,2,8,32,1,1,1,0,0.0,15,1
TRAJ-MICRO-V1,12071,135,configured_scale,,,0-1;1-2;2-0,0-1;1-2;2-0,0-1;1-2;2-0,2-0|1-2|0-1|NULL,2-0|1-2|0-1|NULL,3,4,4,2,8,32,1,1,1,0,0.0,15,1
TRAJ-MICRO-V1,12071,135,zero_scale,,,0-0;1-1;2-3,0-0;1-1;2-3,0-0;1-1;2-3,0-0|1-1|2-3|NULL,0-0|1-1|2-3|NULL,3,4,4,2,8,32,1,1,1,0,0.0,15,1
TRAJ-MICRO-V1,12071,136,configured_scale,,,0-0;1-3;2-2,0-0;1-3;2-2,0-0;1-3;2-2,1-3|0-0|2-2|NULL,1-3|0-0|2-2|NULL,3,4,4,2,8,32,1,1,1,0,0.0,15,1
TRAJ-MICRO-V1,12071,136,zero_scale,,,0-1;1-2;2-4,0-1;1-2;2-4,0-1;1-2;2-4,0-1|1-2|2-4|NULL,0-1|1-2|2-4|NULL,3,4,4,2,8,32,1,1,1,0,0.0,15,1
TRAJ-MICRO-V1,12071,137,configured_scale,,,0-1;1-2;2-4,0-1;1-2;2-4,0-1;1-2;2-4,1-2|0-1|2-4|NULL,1-2|0-1|2-4|NULL,3,4,4,2,8,32,1,1,1,0,0.0,15,1
TRAJ-MICRO-V1,12071,137,zero_scale,,,0-0;1-2;2-1,0-0;1-2;2-1,0-0;1-2;2-1,0-0|1-2|2-1|NULL,0-0|1-2|2-1|NULL,3,4,4,2,8,32,1,1,1,0,0.0,15,1
TRAJ-MICRO-V1,12071,138,configured_scale,,,0-0;1-1;2-3,0-0;1-1;2-3,0-0;1-1;2-3,0-0|1-1|2-3|NULL,0-0|1-1|2-3|NULL,3,4,4,2,8,32,1,1,1,0,0.0,15,1
TRAJ-MICRO-V1,12071,138,zero_scale,,,0-1;1-2;2-0,0-1;1-2;2-0,0-1;1-2;2-0,0-1|1-2|2-0|NULL,0-1|1-2|2-0|NULL,3,4,4,2,8,32,1,1,1,0,0.0,15,1
TRAJ-MICRO-V1,12071,139,configured_scale,,,0-1;1-0;2-2,0-1;1-0;2-2,0-1;1-0;2-2,0-1|1-0|2-2|NULL,0-1|1-0|2-2|NULL,3,4,4,2,8,32,1,1,1,0,0.0,15,1
TRAJ-MICRO-V1,12071,139,zero_scale,,,0-1;1-0;2-2,0-1;1-0;2-2,0-1;1-0;2-2,0-1|1-0|2-2|NULL,0-1|1-0|2-2|NULL,3,4,4,2,8,32,1,1,1,0,0.0,15,1
TRAJ-MICRO-V1,12071,140,configured_scale,,,0-1;1-0;2-4,0-1;1-0;2-4,0-1;1-0;2-4,0-1|1-0|2-4|NULL,0-1|1-0|2-4|NULL,3,4,4,2,8,32,1,1,1,0,0.0,15,1
TRAJ-MICRO-V1,12071,140,zero_scale,,,0-0;1-2;2-1,0-0;1-2;2-1,0-0;1-2;2-1,0-0|1-2|2-1|NULL,0-0|1-2|2-1|NULL,3,4,4,2,8,32,1,1,1,0,0.0,15,1
TRAJ-MICRO-V1,12071,141,configured_scale,,,0-0;1-1;2-3,0-0;1-1;2-3,0-0;1-1;2-3,0-0|1-1|2-3|NULL,0-0|1-1|2-3|NULL,3,4,4,2,8,32,1,1,1,0,0.0,15,1
TRAJ-MICRO-V1,12071,141,zero_scale,,,0-0;1-1;2-3,0-0;1-1;2-3,0-0;1-1;2-3,0-0|1-1|2-3|NULL,0-0|1-1|2-3|NULL,3,4,4,2,8,32,1,1,1,0,0.0,15,1
TRAJ-MICRO-V1,12071,142,configured_scale,,,0-0;1-3;2-4,0-0;1-3;2-4,0-0;1-3;2-4,0-0|1-3|2-4|NULL,0-0|1-3|2-4|NULL,3,4,4,2,8,32,1,1,1,0,0.0,15,1
TRAJ-MICRO-V1,12071,142,zero_scale,,,0-0;1-2;2-4,0-0;1-2;2-4,0-0;1-2;2-4,0-0|1-2|2-4|NULL,0-0|1-2|2-4|NULL,3,4,4,2,8,32,1,1,1,0,0.0,15,1
TRAJ-MICRO-V1,12071,143,configured_scale,,,0-0;1-2;2-4,0-0;1-2;2-4,0-0;1-2;2-4,0-0|2-4|1-2|NULL,0-0|2-4|1-2|NULL,3,4,4,2,8,32,1,1,1,0,0.0,15,1
TRAJ-MICRO-V1,12071,143,zero_scale,,,0-0;1-2;2-4,0-0;1-2;2-4,0-0;1-2;2-4,0-0|1-2|2-4|NULL,0-0|1-2|2-4|NULL,3,4,4,2,8,32,1,1,1,0,0.0,15,1
TRAJ-MICRO-V1,12071,144,configured_scale,,,0-0;1-1;2-4,0-0;1-1;2-4,0-0;1-1;2-4,0-0|2-4|1-1|NULL,0-0|2-4|1-1|NULL,3,4,4,2,8,32,1,1,1,0,0.0,15,1
TRAJ-MICRO-V1,12071,144,zero_scale,,,0-0;1-1;2-4,0-0;1-1;2-4,0-0;1-1;2-4,0-0|1-1|2-4|NULL,0-0|1-1|2-4|NULL,3,4,4,2,8,32,1,1,1,0,0.0,15,1
TRAJ-MICRO-V1,12071,145,configured_scale,,,0-0;1-3;2-4,0-0;1-3;2-4,0-0;1-3;2-4,0-0|2-4|1-3|NULL,0-0|2-4|1-3|NULL,3,4,4,2,8,32,1,1,1,0,0.0,15,1
TRAJ-MICRO-V1,12071,145,zero_scale,,,0-1;1-3;2-4,0-1;1-3;2-4,0-1;1-3;2-4,0-1|2-4|1-3|NULL,0-1|2-4|1-3|NULL,3,4,4,2,8,32,1,1,1,0,0.0,15,1
TRAJ-MICRO-V1,12071,146,configured_scale,,,0-0;1-3;2-4,0-0;1-3;2-4,0-0;1-3;2-4,0-0|2-4|1-3|NULL,0-0|2-4|1-3|NULL,3,4,4,2,8,32,1,1,1,0,0.0,15,1
TRAJ-MICRO-V1,12071,146,zero_scale,,,0-0;1-2;2-4,0-0;1-2;2-4,0-0;1-2;2-4,0-0|2-4|1-2|NULL,0-0|2-4|1-2|NULL,3,4,4,2,8,32,1,1,1,0,0.0,15,1
TRAJ-MICRO-V1,12071,147,configured_scale,,,0-1;1-4;2-3,0-1;1-4;2-3,0-1;1-4;2-3,1-4|0-1|2-3|NULL,1-4|0-1|2-3|NULL,3,4,4,2,8,32,1,1,1,0,0.0,15,1
TRAJ-MICRO-V1,12071,147,zero_scale,,,0-1;1-3;2-4,0-1;1-3;2-4,0-1;1-3;2-4,1-3|0-1|2-4|NULL,1-3|0-1|2-4|NULL,3,4,4,2,8,32,1,1,1,0,0.0,15,1
TRAJ-MICRO-V1,12071,148,configured_scale,,,0-1;1-3;2-2,0-1;1-3;2-2,0-1;1-3;2-2,1-3|0-1|2-2|NULL,1-3|0-1|2-2|NULL,3,4,4,2,8,32,1,1,1,0,0.0,15,1
TRAJ-MICRO-V1,12071,148,zero_scale,,,0-1;1-3;2-2,0-1;1-3;2-2,0-1;1-3;2-2,1-3|0-1|2-2|NULL,1-3|0-1|2-2|NULL,3,4,4,2,8,32,1,1,1,0,0.0,15,1
TRAJ-MICRO-V1,12071,149,configured_scale,,,0-3;1-2;2-1,0-3;1-2;2-1,0-3;1-2;2-1,1-2|2-1|0-3|NULL,1-2|2-1|0-3|NULL,3,4,4,2,8,32,1,1,1,0,0.0,15,1
TRAJ-MICRO-V1,12071,149,zero_scale,,,0-1;1-2;2-4,0-1;1-2;2-4,0-1;1-2;2-4,1-2|0-1|2-4|NULL,1-2|0-1|2-4|NULL,3,4,4,2,8,32,1,1,1,0,0.0,15,1
TRAJ-MICRO-V1,12071,150,configured_scale,,,0-1;1-2;2-0,0-1;1-2;2-0,0-1;1-2;2-0,1-2|2-0|0-1|NULL,1-2|2-0|0-1|NULL,3,4,4,2,8,32,1,1,1,0,0.0,15,1
TRAJ-MICRO-V1,12071,150,zero_scale,,,0-1;1-2;2-3,0-1;1-2;2-3,0-1;1-2;2-3,1-2|2-3|0-1|NULL,1-2|2-3|0-1|NULL,3,4,4,2,8,32,1,1,1,0,0.0,15,1
TRAJ-MICRO-V1,12071,151,configured_scale,,,0-1;1-2;2-3,0-1;1-2;2-3,0-1;1-2;2-3,1-2|2-3|0-1|NULL,1-2|2-3|0-1|NULL,3,4,4,2,8,32,1,1,1,0,0.0,15,1
TRAJ-MICRO-V1,12071,151,zero_scale,,,0-1;1-2;2-4,0-1;1-2;2-4,0-1;1-2;2-4,1-2|0-1|2-4|NULL,1-2|0-1|2-4|NULL,3,4,4,2,8,32,1,1,1,0,0.0,15,1
TRAJ-MICRO-V1,12071,152,configured_scale,,,0-2;1-3;2-1,0-2;1-3;2-1,0-2;1-3;2-1,1-3|2-1|0-2|NULL,1-3|2-1|0-2|NULL,3,4,4,2,8,32,1,1,1,0,0.0,15,1
TRAJ-MICRO-V1,12071,152,zero_scale,,,0-3;1-2;2-4,0-3;1-2;2-4,0-3;1-2;2-4,1-2|2-4|0-3|NULL,1-2|2-4|0-3|NULL,3,4,4,2,8,32,1,1,1,0,0.0,15,1
TRAJ-MICRO-V1,12071,153,configured_scale,,,0-4;1-2;2-3,0-4;1-2;2-3,0-4;1-2;2-3,2-3|1-2|0-4|NULL,2-3|1-2|0-4|NULL,3,4,4,2,8,32,1,1,1,0,0.0,15,1
TRAJ-MICRO-V1,12071,153,zero_scale,,,0-1;1-2;2-3,0-1;1-2;2-3,0-1;1-2;2-3,2-3|1-2|0-1|NULL,2-3|1-2|0-1|NULL,3,4,4,2,8,32,1,1,1,0,0.0,15,1
TRAJ-MICRO-V1,12071,154,configured_scale,,,0-1;1-4;2-3,0-1;1-4;2-3,0-1;1-4;2-3,2-3|1-4|0-1|NULL,2-3|1-4|0-1|NULL,3,4,4,2,8,32,1,1,1,0,0.0,15,1
TRAJ-MICRO-V1,12071,154,zero_scale,,,0-1;1-3;2-4,0-1;1-3;2-4,0-1;1-3;2-4,2-4|1-3|0-1|NULL,2-4|1-3|0-1|NULL,3,4,4,2,8,32,1,1,1,0,0.0,15,1
TRAJ-MICRO-V1,12071,155,configured_scale,,,0-0;1-3;2-4,0-0;1-3;2-4,0-0;1-3;2-4,2-4|1-3|0-0|NULL,2-4|1-3|0-0|NULL,3,4,4,2,8,32,1,1,1,0,0.0,15,1
TRAJ-MICRO-V1,12071,155,zero_scale,,,0-0;1-3;2-4,0-0;1-3;2-4,0-0;1-3;2-4,2-4|1-3|0-0|NULL,2-4|1-3|0-0|NULL,3,4,4,2,8,32,1,1,1,0,0.0,15,1
TRAJ-MICRO-V1,12071,156,configured_scale,,,0-2;1-3;2-4,0-2;1-3;2-4,0-2;1-3;2-4,2-4|1-3|0-2|NULL,2-4|1-3|0-2|NULL,3,4,4,2,8,32,1,1,1,0,0.0,15,1
TRAJ-MICRO-V1,12071,156,zero_scale,,,0-2;1-3;2-4,0-2;1-3;2-4,0-2;1-3;2-4,2-4|1-3|0-2|NULL,2-4|1-3|0-2|NULL,3,4,4,2,8,32,1,1,1,0,0.0,15,1
TRAJ-MICRO-V1,12071,157,configured_scale,,,0-1;1-3;2-4,0-1;1-3;2-4,0-1;1-3;2-4,2-4|1-3|0-1|NULL,2-4|1-3|0-1|NULL,3,4,4,2,8,32,1,1,1,0,0.0,15,1
TRAJ-MICRO-V1,12071,157,zero_scale,,,0-1;1-3;2-4,0-1;1-3;2-4,0-1;1-3;2-4,2-4|1-3|0-1|NULL,2-4|1-3|0-1|NULL,3,4,4,2,8,32,1,1,1,0,0.0,15,1
TRAJ-MICRO-V1,12071,158,configured_scale,,,0-0;1-3;2-4,0-0;1-3;2-4,0-0;1-3;2-4,2-4|1-3|0-0|NULL,2-4|1-3|0-0|NULL,3,4,4,2,8,32,1,1,1,0,0.0,15,1
TRAJ-MICRO-V1,12071,158,zero_scale,,,0-0;1-2;2-4,0-0;1-2;2-4,0-0;1-2;2-4,2-4|1-2|0-0|NULL,2-4|1-2|0-0|NULL,3,4,4,2,8,32,1,1,1,0,0.0,15,1
TRAJ-MICRO-V1,12071,159,configured_scale,,,0-0;1-3;2-4,0-0;1-3;2-4,0-0;1-3;2-4,2-4|1-3|0-0|NULL,2-4|1-3|0-0|NULL,3,4,4,2,8,32,1,1,1,0,0.0,15,1
TRAJ-MICRO-V1,12071,159,zero_scale,,,0-1;1-3;2-4,0-1;1-3;2-4,0-1;1-3;2-4,2-4|1-3|0-1|NULL,2-4|1-3|0-1|NULL,3,4,4,2,8,32,1,1,1,0,0.0,15,1
TRAJ-MICRO-V1,12071,160,configured_scale,,,0-1;1-3;2-4,0-1;1-3;2-4,0-1;1-3;2-4,2-4|0-1|1-3|NULL,2-4|0-1|1-3|NULL,3,4,4,2,8,32,1,1,1,0,0.0,15,1
TRAJ-MICRO-V1,12071,160,zero_scale,,,0-1;1-3;2-4,0-1;1-3;2-4,0-1;1-3;2-4,2-4|0-1|1-3|NULL,2-4|0-1|1-3|NULL,3,4,4,2,8,32,1,1,1,0,0.0,15,1
TRAJ-MICRO-V1,12071,161,configured_scale,,,0-1;1-3;2-4,0-1;1-3;2-4,0-1;1-3;2-4,2-4|0-1|1-3|NULL,2-4|0-1|1-3|NULL,3,4,4,2,8,32,1,1,1,0,0.0,15,1
TRAJ-MICRO-V1,12071,161,zero_scale,,,0-0;1-2;2-4,0-0;1-2;2-4,0-0;1-2;2-4,2-4|1-2|0-0|NULL,2-4|1-2|0-0|NULL,3,4,4,2,8,32,1,1,1,0,0.0,15,1
TRAJ-MICRO-V1,12071,162,configured_scale,,,0-1;1-2;2-0,0-1;1-2;2-0,0-1;1-2;2-0,2-0|1-2|0-1|NULL,2-0|1-2|0-1|NULL,3,4,4,2,8,32,1,1,1,0,0.0,15,1
TRAJ-MICRO-V1,12071,162,zero_scale,,,0-1;1-2;2-3,0-1;1-2;2-3,0-1;1-2;2-3,2-3|1-2|0-1|NULL,2-3|1-2|0-1|NULL,3,4,4,2,8,32,1,1,1,0,0.0,15,1
TRAJ-MICRO-V1,12071,163,configured_scale,,,0-1;1-2;2-3,0-1;1-2;2-3,0-1;1-2;2-3,2-3|1-2|0-1|NULL,2-3|1-2|0-1|NULL,3,4,4,2,8,32,1,1,1,0,0.0,15,1
TRAJ-MICRO-V1,12071,163,zero_scale,,,0-1;1-3;2-2,0-1;1-3;2-2,0-1;1-3;2-2,2-2|1-3|0-1|NULL,2-2|1-3|0-1|NULL,3,4,4,2,8,32,1,1,1,0,0.0,15,1
TRAJ-MICRO-V1,12071,164,configured_scale,,,0-2;1-3;2-1,0-2;1-3;2-1,0-2;1-3;2-1,2-1|1-3|0-2|NULL,2-1|1-3|0-2|NULL,3,4,4,2,8,32,1,1,1,0,0.0,15,1
TRAJ-MICRO-V1,12071,164,zero_scale,,,0-1;1-2;2-3,0-1;1-2;2-3,0-1;1-2;2-3,1-2|2-3|0-1|NULL,1-2|2-3|0-1|NULL,3,4,4,2,8,32,1,1,1,0,0.0,15,1
TRAJ-MICRO-V1,12071,165,configured_scale,,,0-1;1-2;2-0,0-1;1-2;2-0,0-1;1-2;2-0,2-0|1-2|0-1|NULL,2-0|1-2|0-1|NULL,3,4,4,2,8,32,1,1,1,0,0.0,15,1
TRAJ-MICRO-V1,12071,165,zero_scale,,,0-1;1-2;2-3,0-1;1-2;2-3,0-1;1-2;2-3,1-2|2-3|0-1|NULL,1-2|2-3|0-1|NULL,3,4,4,2,8,32,1,1,1,0,0.0,15,1
TRAJ-MICRO-V1,12071,166,configured_scale,,,0-1;1-2;2-4,0-1;1-2;2-4,0-1;1-2;2-4,1-2|2-4|0-1|NULL,1-2|2-4|0-1|NULL,3,4,4,2,8,32,1,1,1,0,0.0,15,1
TRAJ-MICRO-V1,12071,166,zero_scale,,,0-1;1-2;2-4,0-1;1-2;2-4,0-1;1-2;2-4,1-2|0-1|2-4|NULL,1-2|0-1|2-4|NULL,3,4,4,2,8,32,1,1,1,0,0.0,15,1
TRAJ-MICRO-V1,12071,167,configured_scale,,,0-3;1-2;2-1,0-3;1-2;2-1,0-3;1-2;2-1,1-2|2-1|0-3|NULL,1-2|2-1|0-3|NULL,3,4,4,2,8,32,1,1,1,0,0.0,15,1
TRAJ-MICRO-V1,12071,167,zero_scale,,,0-0;1-2;2-1,0-0;1-2;2-1,0-0;1-2;2-1,1-2|2-1|0-0|NULL,1-2|2-1|0-0|NULL,3,4,4,2,8,32,1,1,1,0,0.0,15,1
TRAJ-MICRO-V1,12071,168,configured_scale,,,0-1;1-2;2-0,0-1;1-2;2-0,0-1;1-2;2-0,1-2|0-1|2-0|NULL,1-2|0-1|2-0|NULL,3,4,4,2,8,32,1,1,1,0,0.0,15,1
TRAJ-MICRO-V1,12071,168,zero_scale,,,0-2;1-1;2-0,0-2;1-1;2-0,0-2;1-1;2-0,1-1|0-2|2-0|NULL,1-1|0-2|2-0|NULL,3,4,4,2,8,32,1,1,1,0,0.0,15,1
TRAJ-MICRO-V1,12071,169,configured_scale,,,0-1;1-0;2-4,0-1;1-0;2-4,0-1;1-0;2-4,0-1|1-0|2-4|NULL,0-1|1-0|2-4|NULL,3,4,4,2,8,32,1,1,1,0,0.0,15,1
TRAJ-MICRO-V1,12071,169,zero_scale,,,0-1;1-0;2-2,0-1;1-0;2-2,0-1;1-0;2-2,0-1|1-0|2-2|NULL,0-1|1-0|2-2|NULL,3,4,4,2,8,32,1,1,1,0,0.0,15,1
TRAJ-MICRO-V1,12071,170,configured_scale,,,0-1;1-2;2-4,0-1;1-2;2-4,0-1;1-2;2-4,1-2|0-1|2-4|NULL,1-2|0-1|2-4|NULL,3,4,4,2,8,32,1,1,1,0,0.0,15,1
TRAJ-MICRO-V1,12071,170,zero_scale,,,0-0;1-2;2-4,0-0;1-2;2-4,0-0;1-2;2-4,0-0|1-2|2-4|NULL,0-0|1-2|2-4|NULL,3,4,4,2,8,32,1,1,1,0,0.0,15,1
TRAJ-MICRO-V1,12071,171,configured_scale,,,0-0;1-1;2-4,0-0;1-1;2-4,0-0;1-1;2-4,1-1|0-0|2-4|NULL,1-1|0-0|2-4|NULL,3,4,4,2,8,32,1,1,1,0,0.0,15,1
TRAJ-MICRO-V1,12071,171,zero_scale,,,0-0;1-1;2-4,0-0;1-1;2-4,0-0;1-1;2-4,0-0|1-1|2-4|NULL,0-0|1-1|2-4|NULL,3,4,4,2,8,32,1,1,1,0,0.0,15,1
TRAJ-MICRO-V1,12071,172,configured_scale,,,0-1;1-0;2-4,0-1;1-0;2-4,0-1;1-0;2-4,1-0|0-1|2-4|NULL,1-0|0-1|2-4|NULL,3,4,4,2,8,32,1,1,1,0,0.0,15,1
TRAJ-MICRO-V1,12071,172,zero_scale,,,0-0;1-3;2-4,0-0;1-3;2-4,0-0;1-3;2-4,0-0|1-3|2-4|NULL,0-0|1-3|2-4|NULL,3,4,4,2,8,32,1,1,1,0,0.0,15,1
TRAJ-MICRO-V1,12071,173,configured_scale,,,0-0;1-2;2-4,0-0;1-2;2-4,0-0;1-2;2-4,2-4|0-0|1-2|NULL,2-4|0-0|1-2|NULL,3,4,4,2,8,32,1,1,1,0,0.0,15,1
TRAJ-MICRO-V1,12071,173,zero_scale,,,0-0;1-2;2-4,0-0;1-2;2-4,0-0;1-2;2-4,0-0|2-4|1-2|NULL,0-0|2-4|1-2|NULL,3,4,4,2,8,32,1,1,1,0,0.0,15,1
TRAJ-MICRO-V1,12071,174,configured_scale,,,0-0;1-1;2-4,0-0;1-1;2-4,0-0;1-1;2-4,2-4|0-0|1-1|NULL,2-4|0-0|1-1|NULL,3,4,4,2,8,32,1,1,1,0,0.0,15,1
TRAJ-MICRO-V1,12071,174,zero_scale,,,0-0;1-1;2-4,0-0;1-1;2-4,0-0;1-1;2-4,0-0|2-4|1-1|NULL,0-0|2-4|1-1|NULL,3,4,4,2,8,32,1,1,1,0,0.0,15,1
TRAJ-MICRO-V1,12071,175,configured_scale,,,0-0;1-3;2-4,0-0;1-3;2-4,0-0;1-3;2-4,0-0|2-4|1-3|NULL,0-0|2-4|1-3|NULL,3,4,4,2,8,32,1,1,1,0,0.0,15,1
TRAJ-MICRO-V1,12071,175,zero_scale,,,0-1;1-3;2-4,0-1;1-3;2-4,0-1;1-3;2-4,0-1|1-3|2-4|NULL,0-1|1-3|2-4|NULL,3,4,4,2,8,32,1,1,1,0,0.0,15,1
TRAJ-MICRO-V1,12071,176,configured_scale,,,0-0;1-2;2-4,0-0;1-2;2-4,0-0;1-2;2-4,0-0|2-4|1-2|NULL,0-0|2-4|1-2|NULL,3,4,4,2,8,32,1,1,1,0,0.0,15,1
TRAJ-MICRO-V1,12071,176,zero_scale,,,0-0;1-2;2-4,0-0;1-2;2-4,0-0;1-2;2-4,0-0|1-2|2-4|NULL,0-0|1-2|2-4|NULL,3,4,4,2,8,32,1,1,1,0,0.0,15,1
TRAJ-MICRO-V1,12071,177,configured_scale,,,0-0;1-2;2-3,0-0;1-2;2-3,0-0;1-2;2-3,0-0|1-2|2-3|NULL,0-0|1-2|2-3|NULL,3,4,4,2,8,32,1,1,1,0,0.0,15,1
TRAJ-MICRO-V1,12071,177,zero_scale,,,0-0;1-2;2-3,0-0;1-2;2-3,0-0;1-2;2-3,0-0|1-2|2-3|NULL,0-0|1-2|2-3|NULL,3,4,4,2,8,32,1,1,1,0,0.0,15,1
TRAJ-MICRO-V1,12071,178,configured_scale,,,0-4;1-3;2-2,0-4;1-3;2-2,0-4;1-3;2-2,0-4|1-3|2-2|NULL,0-4|1-3|2-2|NULL,3,4,4,2,8,32,1,1,1,0,0.0,15,1
TRAJ-MICRO-V1,12071,178,zero_scale,,,0-1;1-2;2-4,0-1;1-2;2-4,0-1;1-2;2-4,0-1|1-2|2-4|NULL,0-1|1-2|2-4|NULL,3,4,4,2,8,32,1,1,1,0,0.0,15,1
TRAJ-MICRO-V1,12071,179,configured_scale,,,0-0;1-2;2-1,0-0;1-2;2-1,0-0;1-2;2-1,0-0|1-2|2-1|NULL,0-0|1-2|2-1|NULL,3,4,4,2,8,32,1,1,1,0,0.0,15,1
TRAJ-MICRO-V1,12071,179,zero_scale,,,0-0;1-2;2-1,0-0;1-2;2-1,0-0;1-2;2-1,0-0|1-2|2-1|NULL,0-0|1-2|2-1|NULL,3,4,4,2,8,32,1,1,1,0,0.0,15,1
TRAJ-MICRO-V1,12071,180,configured_scale,,,0-0;1-2;2-3,0-0;1-2;2-3,0-0;1-2;2-3,0-0|1-2|2-3|NULL,0-0|1-2|2-3|NULL,3,4,4,2,8,32,1,1,1,0,0.0,15,1
TRAJ-MICRO-V1,12071,180,zero_scale,,,0-2;1-1;2-0,0-2;1-1;2-0,0-2;1-1;2-0,0-2|1-1|2-0|NULL,0-2|1-1|2-0|NULL,3,4,4,2,8,32,1,1,1,0,0.0,15,1
TRAJ-MICRO-V1,12071,181,configured_scale,,,0-0;1-3;2-4,0-0;1-3;2-4,0-0;1-3;2-4,1-3|0-0|2-4|NULL,1-3|0-0|2-4|NULL,3,4,4,2,8,32,1,1,1,0,0.0,15,1
TRAJ-MICRO-V1,12071,181,zero_scale,,,0-1;1-3;2-2,0-1;1-3;2-2,0-1;1-3;2-2,0-1|1-3|2-2|NULL,0-1|1-3|2-2|NULL,3,4,4,2,8,32,1,1,1,0,0.0,15,1
TRAJ-MICRO-V1,12071,182,configured_scale,,,0-0;1-2;2-4,0-0;1-2;2-4,0-0;1-2;2-4,0-0|2-4|1-2|NULL,0-0|2-4|1-2|NULL,3,4,4,2,8,32,1,1,1,0,0.0,15,1
TRAJ-MICRO-V1,12071,182,zero_scale,,,0-0;1-2;2-4,0-0;1-2;2-4,0-0;1-2;2-4,0-0|1-2|2-4|NULL,0-0|1-2|2-4|NULL,3,4,4,2,8,32,1,1,1,0,0.0,15,1
TRAJ-MICRO-V1,12071,183,configured_scale,,,0-0;1-2;2-4,0-0;1-2;2-4,0-0;1-2;2-4,2-4|0-0|1-2|NULL,2-4|0-0|1-2|NULL,3,4,4,2,8,32,1,1,1,0,0.0,15,1
TRAJ-MICRO-V1,12071,183,zero_scale,,,0-1;1-4;2-3,0-1;1-4;2-3,0-1;1-4;2-3,0-1|2-3|1-4|NULL,0-1|2-3|1-4|NULL,3,4,4,2,8,32,1,1,1,0,0.0,15,1
TRAJ-MICRO-V1,12071,184,configured_scale,,,0-1;1-3;2-4,0-1;1-3;2-4,0-1;1-3;2-4,2-4|0-1|1-3|NULL,2-4|0-1|1-3|NULL,3,4,4,2,8,32,1,1,1,0,0.0,15,1
TRAJ-MICRO-V1,12071,184,zero_scale,,,0-1;1-3;2-4,0-1;1-3;2-4,0-1;1-3;2-4,0-1|2-4|1-3|NULL,0-1|2-4|1-3|NULL,3,4,4,2,8,32,1,1,1,0,0.0,15,1
TRAJ-MICRO-V1,12071,185,configured_scale,,,0-1;1-2;2-4,0-1;1-2;2-4,0-1;1-2;2-4,2-4|0-1|1-2|NULL,2-4|0-1|1-2|NULL,3,4,4,2,8,32,1,1,1,0,0.0,15,1
TRAJ-MICRO-V1,12071,185,zero_scale,,,0-1;1-2;2-4,0-1;1-2;2-4,0-1;1-2;2-4,2-4|0-1|1-2|NULL,2-4|0-1|1-2|NULL,3,4,4,2,8,32,1,1,1,0,0.0,15,1
TRAJ-MICRO-V1,12071,186,configured_scale,,,0-2;1-1;2-4,0-2;1-1;2-4,0-2;1-1;2-4,0-2|1-1|2-4|NULL,0-2|1-1|2-4|NULL,3,4,4,2,8,32,1,1,1,0,0.0,15,1
TRAJ-MICRO-V1,12071,186,zero_scale,,,0-1;1-2;2-3,0-1;1-2;2-3,0-1;1-2;2-3,0-1|1-2|2-3|NULL,0-1|1-2|2-3|NULL,3,4,4,2,8,32,1,1,1,0,0.0,15,1
TRAJ-MICRO-V1,12071,187,configured_scale,,,0-1;1-3;2-2,0-1;1-3;2-2,0-1;1-3;2-2,0-1|2-2|1-3|NULL,0-1|2-2|1-3|NULL,3,4,4,2,8,32,1,1,1,0,0.0,15,1
TRAJ-MICRO-V1,12071,187,zero_scale,,,0-1;1-2;2-4,0-1;1-2;2-4,0-1;1-2;2-4,0-1|1-2|2-4|NULL,0-1|1-2|2-4|NULL,3,4,4,2,8,32,1,1,1,0,0.0,15,1
TRAJ-MICRO-V1,12071,188,configured_scale,,,0-0;1-2;2-4,0-0;1-2;2-4,0-0;1-2;2-4,0-0|1-2|2-4|NULL,0-0|1-2|2-4|NULL,3,4,4,2,8,32,1,1,1,0,0.0,15,1
TRAJ-MICRO-V1,12071,188,zero_scale,,,0-0;1-2;2-4,0-0;1-2;2-4,0-0;1-2;2-4,0-0|1-2|2-4|NULL,0-0|1-2|2-4|NULL,3,4,4,2,8,32,1,1,1,0,0.0,15,1
TRAJ-MICRO-V1,12071,189,configured_scale,,,0-1;1-2;2-3,0-1;1-2;2-3,0-1;1-2;2-3,0-1|2-3|1-2|NULL,0-1|2-3|1-2|NULL,3,4,4,2,8,32,1,1,1,0,0.0,15,1
TRAJ-MICRO-V1,12071,189,zero_scale,,,0-1;1-2;2-3,0-1;1-2;2-3,0-1;1-2;2-3,0-1|1-2|2-3|NULL,0-1|1-2|2-3|NULL,3,4,4,2,8,32,1,1,1,0,0.0,15,1
TRAJ-MICRO-V1,12071,190,configured_scale,,,0-1;1-3;2-2,0-1;1-3;2-2,0-1;1-3;2-2,0-1|1-3|2-2|NULL,0-1|1-3|2-2|NULL,3,4,4,2,8,32,1,1,1,0,0.0,15,1
TRAJ-MICRO-V1,12071,190,zero_scale,,,0-1;1-3;2-2,0-1;1-3;2-2,0-1;1-3;2-2,0-1|1-3|2-2|NULL,0-1|1-3|2-2|NULL,3,4,4,2,8,32,1,1,1,0,0.0,15,1
TRAJ-MICRO-V1,12071,191,configured_scale,,,0-3;1-2;2-4,0-3;1-2;2-4,0-3;1-2;2-4,1-2|2-4|0-3|NULL,1-2|2-4|0-3|NULL,3,4,4,2,8,32,1,1,1,0,0.0,15,1
TRAJ-MICRO-V1,12071,191,zero_scale,,,0-3;1-2;2-4,0-3;1-2;2-4,0-3;1-2;2-4,1-2|0-3|2-4|NULL,1-2|0-3|2-4|NULL,3,4,4,2,8,32,1,1,1,0,0.0,15,1
TRAJ-MICRO-V1,12071,192,configured_scale,,,0-4;1-2;2-3,0-4;1-2;2-3,0-4;1-2;2-3,2-3|1-2|0-4|NULL,2-3|1-2|0-4|NULL,3,4,4,2,8,32,1,1,1,0,0.0,15,1
TRAJ-MICRO-V1,12071,192,zero_scale,,,0-2;1-3;2-4,0-2;1-3;2-4,0-2;1-3;2-4,0-2|1-3|2-4|NULL,0-2|1-3|2-4|NULL,3,4,4,2,8,32,1,1,1,0,0.0,15,1
TRAJ-MICRO-V1,12071,193,configured_scale,,,0-4;1-3;2-2,0-4;1-3;2-2,0-4;1-3;2-2,0-4|1-3|2-2|NULL,0-4|1-3|2-2|NULL,3,4,4,2,8,32,1,1,1,0,0.0,15,1
TRAJ-MICRO-V1,12071,193,zero_scale,,,0-4;1-3;2-2,0-4;1-3;2-2,0-4;1-3;2-2,1-3|0-4|2-2|NULL,1-3|0-4|2-2|NULL,3,4,4,2,8,32,1,1,1,0,0.0,15,1
TRAJ-MICRO-V1,12071,194,configured_scale,,,0-3;1-2;2-4,0-3;1-2;2-4,0-3;1-2;2-4,2-4|0-3|1-2|NULL,2-4|0-3|1-2|NULL,3,4,4,2,8,32,1,1,1,0,0.0,15,1
TRAJ-MICRO-V1,12071,194,zero_scale,,,0-3;1-2;2-4,0-3;1-2;2-4,0-3;1-2;2-4,2-4|1-2|0-3|NULL,2-4|1-2|0-3|NULL,3,4,4,2,8,32,1,1,1,0,0.0,15,1
TRAJ-MICRO-V1,12071,195,configured_scale,,,0-4;1-2;2-3,0-4;1-2;2-3,0-4;1-2;2-3,0-4|1-2|2-3|NULL,0-4|1-2|2-3|NULL,3,4,4,2,8,32,1,1,1,0,0.0,15,1
TRAJ-MICRO-V1,12071,195,zero_scale,,,0-2;1-4;2-3,0-2;1-4;2-3,0-2;1-4;2-3,0-2|1-4|2-3|NULL,0-2|1-4|2-3|NULL,3,4,4,2,8,32,1,1,1,0,0.0,15,1
TRAJ-MICRO-V1,12071,196,configured_scale,,,0-4;1-2;2-3,0-4;1-2;2-3,0-4;1-2;2-3,0-4|1-2|2-3|NULL,0-4|1-2|2-3|NULL,3,4,4,2,8,32,1,1,1,0,0.0,15,1
TRAJ-MICRO-V1,12071,196,zero_scale,,,0-1;1-3;2-4,0-1;1-3;2-4,0-1;1-3;2-4,0-1|1-3|2-4|NULL,0-1|1-3|2-4|NULL,3,4,4,2,8,32,1,1,1,0,0.0,15,1
TRAJ-MICRO-V1,12071,197,configured_scale,,,0-0;1-2;2-4,0-0;1-2;2-4,0-0;1-2;2-4,0-0|2-4|1-2|NULL,0-0|2-4|1-2|NULL,3,4,4,2,8,32,1,1,1,0,0.0,15,1
TRAJ-MICRO-V1,12071,197,zero_scale,,,0-0;1-2;2-4,0-0;1-2;2-4,0-0;1-2;2-4,0-0|2-4|1-2|NULL,0-0|2-4|1-2|NULL,3,4,4,2,8,32,1,1,1,0,0.0,15,1
TRAJ-MICRO-V1,12071,198,configured_scale,,,0-0;1-4;2-3,0-0;1-4;2-3,0-0;1-4;2-3,0-0|1-4|2-3|NULL,0-0|1-4|2-3|NULL,3,4,4,2,8,32,1,1,1,0,0.0,15,1
TRAJ-MICRO-V1,12071,198,zero_scale,,,0-1;1-4;2-3,0-1;1-4;2-3,0-1;1-4;2-3,0-1|1-4|2-3|NULL,0-1|1-4|2-3|NULL,3,4,4,2,8,32,1,1,1,0,0.0,15,1
TRAJ-MICRO-V1,12071,199,configured_scale,,,0-0;1-3;2-4,0-0;1-3;2-4,0-0;1-3;2-4,0-0|1-3|2-4|NULL,0-0|1-3|2-4|NULL,3,4,4,2,8,32,1,1,1,0,0.0,15,1
TRAJ-MICRO-V1,12071,199,zero_scale,,,0-1;1-3;2-4,0-1;1-3;2-4,0-1;1-3;2-4,0-1|1-3|2-4|NULL,0-1|1-3|2-4|NULL,3,4,4,2,8,32,1,1,1,0,0.0,15,1
TRAJ-MICRO-V1,12071,200,configured_scale,,,0-0;1-2;2-3,0-0;1-2;2-3,0-0;1-2;2-3,1-2|0-0|2-3|NULL,1-2|0-0|2-3|NULL,3,4,4,2,8,32,1,1,1,0,0.0,15,1
TRAJ-MICRO-V1,12071,200,zero_scale,,,0-0;1-2;2-4,0-0;1-2;2-4,0-0;1-2;2-4,0-0|1-2|2-4|NULL,0-0|1-2|2-4|NULL,3,4,4,2,8,32,1,1,1,0,0.0,15,1
TRAJ-MICRO-V1,12071,201,configured_scale,,,0-2;1-3;2-4,0-2;1-3;2-4,0-2;1-3;2-4,1-3|0-2|2-4|NULL,1-3|0-2|2-4|NULL,3,4,4,2,8,32,1,1,1,0,0.0,15,1
TRAJ-MICRO-V1,12071,201,zero_scale,,,0-2;1-3;2-4,0-2;1-3;2-4,0-2;1-3;2-4,1-3|2-4|0-2|NULL,1-3|2-4|0-2|NULL,3,4,4,2,8,32,1,1,1,0,0.0,15,1
TRAJ-MICRO-V1,12071,202,configured_scale,,,0-1;1-3;2-4,0-1;1-3;2-4,0-1;1-3;2-4,1-3|2-4|0-1|NULL,1-3|2-4|0-1|NULL,3,4,4,2,8,32,1,1,1,0,0.0,15,1
TRAJ-MICRO-V1,12071,202,zero_scale,,,0-1;1-3;2-4,0-1;1-3;2-4,0-1;1-3;2-4,1-3|2-4|0-1|NULL,1-3|2-4|0-1|NULL,3,4,4,2,8,32,1,1,1,0,0.0,15,1
TRAJ-MICRO-V1,12071,203,configured_scale,,,0-3;1-2;2-4,0-3;1-2;2-4,0-3;1-2;2-4,2-4|1-2|0-3|NULL,2-4|1-2|0-3|NULL,3,4,4,2,8,32,1,1,1,0,0.0,15,1
TRAJ-MICRO-V1,12071,203,zero_scale,,,0-0;1-2;2-4,0-0;1-2;2-4,0-0;1-2;2-4,1-2|2-4|0-0|NULL,1-2|2-4|0-0|NULL,3,4,4,2,8,32,1,1,1,0,0.0,15,1
TRAJ-MICRO-V1,12071,204,configured_scale,,,0-1;1-2;2-4,0-1;1-2;2-4,0-1;1-2;2-4,1-2|2-4|0-1|NULL,1-2|2-4|0-1|NULL,3,4,4,2,8,32,1,1,1,0,0.0,15,1
TRAJ-MICRO-V1,12071,204,zero_scale,,,0-1;1-2;2-3,0-1;1-2;2-3,0-1;1-2;2-3,1-2|2-3|0-1|NULL,1-2|2-3|0-1|NULL,3,4,4,2,8,32,1,1,1,0,0.0,15,1
TRAJ-MICRO-V1,12071,205,configured_scale,,,0-1;1-3;2-4,0-1;1-3;2-4,0-1;1-3;2-4,1-3|2-4|0-1|NULL,1-3|2-4|0-1|NULL,3,4,4,2,8,32,1,1,1,0,0.0,15,1
TRAJ-MICRO-V1,12071,205,zero_scale,,,0-1;1-3;2-2,0-1;1-3;2-2,0-1;1-3;2-2,1-3|2-2|0-1|NULL,1-3|2-2|0-1|NULL,3,4,4,2,8,32,1,1,1,0,0.0,15,1
TRAJ-MICRO-V1,12071,206,configured_scale,,,0-1;1-2;2-4,0-1;1-2;2-4,0-1;1-2;2-4,1-2|2-4|0-1|NULL,1-2|2-4|0-1|NULL,3,4,4,2,8,32,1,1,1,0,0.0,15,1
TRAJ-MICRO-V1,12071,206,zero_scale,,,0-1;1-2;2-4,0-1;1-2;2-4,0-1;1-2;2-4,1-2|2-4|0-1|NULL,1-2|2-4|0-1|NULL,3,4,4,2,8,32,1,1,1,0,0.0,15,1
TRAJ-MICRO-V1,12071,207,configured_scale,,,0-1;1-2;2-0,0-1;1-2;2-0,0-1;1-2;2-0,2-0|1-2|0-1|NULL,2-0|1-2|0-1|NULL,3,4,4,2,8,32,1,1,1,0,0.0,15,1
TRAJ-MICRO-V1,12071,207,zero_scale,,,0-1;1-2;2-3,0-1;1-2;2-3,0-1;1-2;2-3,1-2|2-3|0-1|NULL,1-2|2-3|0-1|NULL,3,4,4,2,8,32,1,1,1,0,0.0,15,1
TRAJ-MICRO-V1,12071,208,configured_scale,,,0-1;1-3;2-4,0-1;1-3;2-4,0-1;1-3;2-4,1-3|2-4|0-1|NULL,1-3|2-4|0-1|NULL,3,4,4,2,8,32,1,1,1,0,0.0,15,1
TRAJ-MICRO-V1,12071,208,zero_scale,,,0-1;1-3;2-2,0-1;1-3;2-2,0-1;1-3;2-2,1-3|0-1|2-2|NULL,1-3|0-1|2-2|NULL,3,4,4,2,8,32,1,1,1,0,0.0,15,1
TRAJ-MICRO-V1,12071,209,configured_scale,,,0-0;1-2;2-4,0-0;1-2;2-4,0-0;1-2;2-4,2-4|1-2|0-0|NULL,2-4|1-2|0-0|NULL,3,4,4,2,8,32,1,1,1,0,0.0,15,1
TRAJ-MICRO-V1,12071,209,zero_scale,,,0-0;1-2;2-4,0-0;1-2;2-4,0-0;1-2;2-4,1-2|2-4|0-0|NULL,1-2|2-4|0-0|NULL,3,4,4,2,8,32,1,1,1,0,0.0,15,1
TRAJ-MICRO-V1,12071,210,configured_scale,,,0-1;1-2;2-0,0-1;1-2;2-0,0-1;1-2;2-0,2-0|1-2|0-1|NULL,2-0|1-2|0-1|NULL,3,4,4,2,8,32,1,1,1,0,0.0,15,1
TRAJ-MICRO-V1,12071,210,zero_scale,,,0-1;1-2;2-3,0-1;1-2;2-3,0-1;1-2;2-3,2-3|1-2|0-1|NULL,2-3|1-2|0-1|NULL,3,4,4,2,8,32,1,1,1,0,0.0,15,1
TRAJ-MICRO-V1,12071,211,configured_scale,,,0-0;1-3;2-4,0-0;1-3;2-4,0-0;1-3;2-4,2-4|1-3|0-0|NULL,2-4|1-3|0-0|NULL,3,4,4,2,8,32,1,1,1,0,0.0,15,1
TRAJ-MICRO-V1,12071,211,zero_scale,,,0-1;1-3;2-4,0-1;1-3;2-4,0-1;1-3;2-4,2-4|1-3|0-1|NULL,2-4|1-3|0-1|NULL,3,4,4,2,8,32,1,1,1,0,0.0,15,1
TRAJ-MICRO-V1,12071,212,configured_scale,,,0-0;1-2;2-4,0-0;1-2;2-4,0-0;1-2;2-4,2-4|0-0|1-2|NULL,2-4|0-0|1-2|NULL,3,4,4,2,8,32,1,1,1,0,0.0,15,1
TRAJ-MICRO-V1,12071,212,zero_scale,,,0-0;1-2;2-4,0-0;1-2;2-4,0-0;1-2;2-4,2-4|1-2|0-0|NULL,2-4|1-2|0-0|NULL,3,4,4,2,8,32,1,1,1,0,0.0,15,1
TRAJ-MICRO-V1,12071,213,configured_scale,,,0-1;1-0;2-4,0-1;1-0;2-4,0-1;1-0;2-4,2-4|1-0|0-1|NULL,2-4|1-0|0-1|NULL,3,4,4,2,8,32,1,1,1,0,0.0,15,1
TRAJ-MICRO-V1,12071,213,zero_scale,,,0-0;1-1;2-3,0-0;1-1;2-3,0-0;1-1;2-3,2-3|1-1|0-0|NULL,2-3|1-1|0-0|NULL,3,4,4,2,8,32,1,1,1,0,0.0,15,1
TRAJ-MICRO-V1,12071,214,configured_scale,,,0-1;1-0;2-4,0-1;1-0;2-4,0-1;1-0;2-4,2-4|1-0|0-1|NULL,2-4|1-0|0-1|NULL,3,4,4,2,8,32,1,1,1,0,0.0,15,1
TRAJ-MICRO-V1,12071,214,zero_scale,,,0-1;1-0;2-4,0-1;1-0;2-4,0-1;1-0;2-4,2-4|1-0|0-1|NULL,2-4|1-0|0-1|NULL,3,4,4,2,8,32,1,1,1,0,0.0,15,1
TRAJ-MICRO-V1,12071,215,configured_scale,,,0-0;1-2;2-4,0-0;1-2;2-4,0-0;1-2;2-4,2-4|0-0|1-2|NULL,2-4|0-0|1-2|NULL,3,4,4,2,8,32,1,1,1,0,0.0,15,1
TRAJ-MICRO-V1,12071,215,zero_scale,,,0-0;1-2;2-4,0-0;1-2;2-4,0-0;1-2;2-4,2-4|0-0|1-2|NULL,2-4|0-0|1-2|NULL,3,4,4,2,8,32,1,1,1,0,0.0,15,1
TRAJ-MICRO-V1,12071,216,configured_scale,,,0-2;1-1;2-0,0-2;1-1;2-0,0-2;1-1;2-0,2-0|1-1|0-2|NULL,2-0|1-1|0-2|NULL,3,4,4,2,8,32,1,1,1,0,0.0,15,1
TRAJ-MICRO-V1,12071,216,zero_scale,,,0-0;1-1;2-3,0-0;1-1;2-3,0-0;1-1;2-3,0-0|2-3|1-1|NULL,0-0|2-3|1-1|NULL,3,4,4,2,8,32,1,1,1,0,0.0,15,1
TRAJ-MICRO-V1,12071,217,configured_scale,,,0-0;1-3;2-4,0-0;1-3;2-4,0-0;1-3;2-4,0-0|2-4|1-3|NULL,0-0|2-4|1-3|NULL,3,4,4,2,8,32,1,1,1,0,0.0,15,1
TRAJ-MICRO-V1,12071,217,zero_scale,,,0-0;1-2;2-4,0-0;1-2;2-4,0-0;1-2;2-4,0-0|2-4|1-2|NULL,0-0|2-4|1-2|NULL,3,4,4,2,8,32,1,1,1,0,0.0,15,1
TRAJ-MICRO-V1,12071,218,configured_scale,,,0-0;1-2;2-4,0-0;1-2;2-4,0-0;1-2;2-4,0-0|2-4|1-2|NULL,0-0|2-4|1-2|NULL,3,4,4,2,8,32,1,1,1,0,0.0,15,1
TRAJ-MICRO-V1,12071,218,zero_scale,,,0-0;1-2;2-4,0-0;1-2;2-4,0-0;1-2;2-4,0-0|1-2|2-4|NULL,0-0|1-2|2-4|NULL,3,4,4,2,8,32,1,1,1,0,0.0,15,1
TRAJ-MICRO-V1,12071,219,configured_scale,,,0-1;1-2;2-0,0-1;1-2;2-0,0-1;1-2;2-0,2-0|0-1|1-2|NULL,2-0|0-1|1-2|NULL,3,4,4,2,8,32,1,1,1,0,0.0,15,1
TRAJ-MICRO-V1,12071,219,zero_scale,,,0-0;1-1;2-3,0-0;1-1;2-3,0-0;1-1;2-3,1-1|0-0|2-3|NULL,1-1|0-0|2-3|NULL,3,4,4,2,8,32,1,1,1,0,0.0,15,1
TRAJ-MICRO-V1,12071,220,configured_scale,,,0-1;1-0;2-4,0-1;1-0;2-4,0-1;1-0;2-4,1-0|0-1|2-4|NULL,1-0|0-1|2-4|NULL,3,4,4,2,8,32,1,1,1,0,0.0,15,1
TRAJ-MICRO-V1,12071,220,zero_scale,,,0-1;1-2;2-4,0-1;1-2;2-4,0-1;1-2;2-4,0-1|1-2|2-4|NULL,0-1|1-2|2-4|NULL,3,4,4,2,8,32,1,1,1,0,0.0,15,1
TRAJ-MICRO-V1,12071,221,configured_scale,,,0-3;1-2;2-1,0-3;1-2;2-1,0-3;1-2;2-1,1-2|2-1|0-3|NULL,1-2|2-1|0-3|NULL,3,4,4,2,8,32,1,1,1,0,0.0,15,1
TRAJ-MICRO-V1,12071,221,zero_scale,,,0-0;1-2;2-1,0-0;1-2;2-1,0-0;1-2;2-1,1-2|2-1|0-0|NULL,1-2|2-1|0-0|NULL,3,4,4,2,8,32,1,1,1,0,0.0,15,1
TRAJ-MICRO-V1,12071,222,configured_scale,,,0-1;1-2;2-0,0-1;1-2;2-0,0-1;1-2;2-0,1-2|2-0|0-1|NULL,1-2|2-0|0-1|NULL,3,4,4,2,8,32,1,1,1,0,0.0,15,1
TRAJ-MICRO-V1,12071,222,zero_scale,,,0-2;1-1;2-3,0-2;1-1;2-3,0-2;1-1;2-3,1-1|0-2|2-3|NULL,1-1|0-2|2-3|NULL,3,4,4,2,8,32,1,1,1,0,0.0,15,1
TRAJ-MICRO-V1,12071,223,configured_scale,,,0-1;1-2;2-4,0-1;1-2;2-4,0-1;1-2;2-4,1-2|0-1|2-4|NULL,1-2|0-1|2-4|NULL,3,4,4,2,8,32,1,1,1,0,0.0,15,1
TRAJ-MICRO-V1,12071,223,zero_scale,,,0-1;1-2;2-4,0-1;1-2;2-4,0-1;1-2;2-4,1-2|0-1|2-4|NULL,1-2|0-1|2-4|NULL,3,4,4,2,8,32,1,1,1,0,0.0,15,1
TRAJ-MICRO-V1,12071,224,configured_scale,,,0-1;1-2;2-4,0-1;1-2;2-4,0-1;1-2;2-4,1-2|0-1|2-4|NULL,1-2|0-1|2-4|NULL,3,4,4,2,8,32,1,1,1,0,0.0,15,1
TRAJ-MICRO-V1,12071,224,zero_scale,,,0-3;1-2;2-1,0-3;1-2;2-1,0-3;1-2;2-1,1-2|0-3|2-1|NULL,1-2|0-3|2-1|NULL,3,4,4,2,8,32,1,1,1,0,0.0,15,1
TRAJ-MICRO-V1,12071,225,configured_scale,,,0-1;1-2;2-0,0-1;1-2;2-0,0-1;1-2;2-0,1-2|0-1|2-0|NULL,1-2|0-1|2-0|NULL,3,4,4,2,8,32,1,1,1,0,0.0,15,1
TRAJ-MICRO-V1,12071,225,zero_scale,,,0-1;1-2;2-3,0-1;1-2;2-3,0-1;1-2;2-3,1-2|0-1|2-3|NULL,1-2|0-1|2-3|NULL,3,4,4,2,8,32,1,1,1,0,0.0,15,1
TRAJ-MICRO-V1,12071,226,configured_scale,,,0-1;1-0;2-2,0-1;1-0;2-2,0-1;1-0;2-2,0-1|1-0|2-2|NULL,0-1|1-0|2-2|NULL,3,4,4,2,8,32,1,1,1,0,0.0,15,1
TRAJ-MICRO-V1,12071,226,zero_scale,,,0-1;1-2;2-3,0-1;1-2;2-3,0-1;1-2;2-3,0-1|1-2|2-3|NULL,0-1|1-2|2-3|NULL,3,4,4,2,8,32,1,1,1,0,0.0,15,1
TRAJ-MICRO-V1,12071,227,configured_scale,,,0-0;1-3;2-4,0-0;1-3;2-4,0-0;1-3;2-4,0-0|1-3|2-4|NULL,0-0|1-3|2-4|NULL,3,4,4,2,8,32,1,1,1,0,0.0,15,1
TRAJ-MICRO-V1,12071,227,zero_scale,,,0-0;1-2;2-4,0-0;1-2;2-4,0-0;1-2;2-4,0-0|1-2|2-4|NULL,0-0|1-2|2-4|NULL,3,4,4,2,8,32,1,1,1,0,0.0,15,1
TRAJ-MICRO-V1,12071,228,configured_scale,,,0-0;1-4;2-3,0-0;1-4;2-3,0-0;1-4;2-3,0-0|2-3|1-4|NULL,0-0|2-3|1-4|NULL,3,4,4,2,8,32,1,1,1,0,0.0,15,1
TRAJ-MICRO-V1,12071,228,zero_scale,,,0-1;1-2;2-3,0-1;1-2;2-3,0-1;1-2;2-3,0-1|2-3|1-2|NULL,0-1|2-3|1-2|NULL,3,4,4,2,8,32,1,1,1,0,0.0,15,1
TRAJ-MICRO-V1,12071,229,configured_scale,,,0-4;1-3;2-2,0-4;1-3;2-2,0-4;1-3;2-2,0-4|1-3|2-2|NULL,0-4|1-3|2-2|NULL,3,4,4,2,8,32,1,1,1,0,0.0,15,1
TRAJ-MICRO-V1,12071,229,zero_scale,,,0-1;1-3;2-4,0-1;1-3;2-4,0-1;1-3;2-4,0-1|1-3|2-4|NULL,0-1|1-3|2-4|NULL,3,4,4,2,8,32,1,1,1,0,0.0,15,1
TRAJ-MICRO-V1,12071,230,configured_scale,,,0-3;1-2;2-4,0-3;1-2;2-4,0-3;1-2;2-4,2-4|0-3|1-2|NULL,2-4|0-3|1-2|NULL,3,4,4,2,8,32,1,1,1,0,0.0,15,1
TRAJ-MICRO-V1,12071,230,zero_scale,,,0-0;1-2;2-4,0-0;1-2;2-4,0-0;1-2;2-4,2-4|0-0|1-2|NULL,2-4|0-0|1-2|NULL,3,4,4,2,8,32,1,1,1,0,0.0,15,1
TRAJ-MICRO-V1,12071,231,configured_scale,,,0-2;1-3;2-4,0-2;1-3;2-4,0-2;1-3;2-4,2-4|0-2|1-3|NULL,2-4|0-2|1-3|NULL,3,4,4,2,8,32,1,1,1,0,0.0,15,1
TRAJ-MICRO-V1,12071,231,zero_scale,,,0-2;1-3;2-4,0-2;1-3;2-4,0-2;1-3;2-4,2-4|0-2|1-3|NULL,2-4|0-2|1-3|NULL,3,4,4,2,8,32,1,1,1,0,0.0,15,1
TRAJ-MICRO-V1,12071,232,configured_scale,,,0-1;1-3;2-4,0-1;1-3;2-4,0-1;1-3;2-4,2-4|1-3|0-1|NULL,2-4|1-3|0-1|NULL,3,4,4,2,8,32,1,1,1,0,0.0,15,1
TRAJ-MICRO-V1,12071,232,zero_scale,,,0-1;1-3;2-4,0-1;1-3;2-4,0-1;1-3;2-4,2-4|1-3|0-1|NULL,2-4|1-3|0-1|NULL,3,4,4,2,8,32,1,1,1,0,0.0,15,1
TRAJ-MICRO-V1,12071,233,configured_scale,,,0-0;1-3;2-4,0-0;1-3;2-4,0-0;1-3;2-4,2-4|1-3|0-0|NULL,2-4|1-3|0-0|NULL,3,4,4,2,8,32,1,1,1,0,0.0,15,1
TRAJ-MICRO-V1,12071,233,zero_scale,,,0-0;1-3;2-4,0-0;1-3;2-4,0-0;1-3;2-4,2-4|1-3|0-0|NULL,2-4|1-3|0-0|NULL,3,4,4,2,8,32,1,1,1,0,0.0,15,1
TRAJ-MICRO-V1,12071,234,configured_scale,,,0-2;1-3;2-4,0-2;1-3;2-4,0-2;1-3;2-4,2-4|1-3|0-2|NULL,2-4|1-3|0-2|NULL,3,4,4,2,8,32,1,1,1,0,0.0,15,1
TRAJ-MICRO-V1,12071,234,zero_scale,,,0-2;1-4;2-3,0-2;1-4;2-3,0-2;1-4;2-3,1-4|2-3|0-2|NULL,1-4|2-3|0-2|NULL,3,4,4,2,8,32,1,1,1,0,0.0,15,1
TRAJ-MICRO-V1,12071,235,configured_scale,,,0-1;1-3;2-4,0-1;1-3;2-4,0-1;1-3;2-4,2-4|1-3|0-1|NULL,2-4|1-3|0-1|NULL,3,4,4,2,8,32,1,1,1,0,0.0,15,1
TRAJ-MICRO-V1,12071,235,zero_scale,,,0-1;1-3;2-4,0-1;1-3;2-4,0-1;1-3;2-4,1-3|2-4|0-1|NULL,1-3|2-4|0-1|NULL,3,4,4,2,8,32,1,1,1,0,0.0,15,1
TRAJ-MICRO-V1,12071,236,configured_scale,,,0-3;1-2;2-4,0-3;1-2;2-4,0-3;1-2;2-4,2-4|1-2|0-3|NULL,2-4|1-2|0-3|NULL,3,4,4,2,8,32,1,1,1,0,0.0,15,1
TRAJ-MICRO-V1,12071,236,zero_scale,,,0-3;1-2;2-4,0-3;1-2;2-4,0-3;1-2;2-4,1-2|2-4|0-3|NULL,1-2|2-4|0-3|NULL,3,4,4,2,8,32,1,1,1,0,0.0,15,1
TRAJ-MICRO-V1,12071,237,configured_scale,,,0-1;1-2;2-3,0-1;1-2;2-3,0-1;1-2;2-3,2-3|1-2|0-1|NULL,2-3|1-2|0-1|NULL,3,4,4,2,8,32,1,1,1,0,0.0,15,1
TRAJ-MICRO-V1,12071,237,zero_scale,,,0-2;1-3;2-4,0-2;1-3;2-4,0-2;1-3;2-4,1-3|0-2|2-4|NULL,1-3|0-2|2-4|NULL,3,4,4,2,8,32,1,1,1,0,0.0,15,1
TRAJ-MICRO-V1,12071,238,configured_scale,,,0-4;1-3;2-2,0-4;1-3;2-2,0-4;1-3;2-2,1-3|2-2|0-4|NULL,1-3|2-2|0-4|NULL,3,4,4,2,8,32,1,1,1,0,0.0,15,1
TRAJ-MICRO-V1,12071,238,zero_scale,,,0-1;1-3;2-2,0-1;1-3;2-2,0-1;1-3;2-2,1-3|0-1|2-2|NULL,1-3|0-1|2-2|NULL,3,4,4,2,8,32,1,1,1,0,0.0,15,1
TRAJ-MICRO-V1,12071,239,configured_scale,,,0-3;1-2;2-4,0-3;1-2;2-4,0-3;1-2;2-4,1-2|2-4|0-3|NULL,1-2|2-4|0-3|NULL,3,4,4,2,8,32,1,1,1,0,0.0,15,1
TRAJ-MICRO-V1,12071,239,zero_scale,,,0-3;1-2;2-4,0-3;1-2;2-4,0-3;1-2;2-4,1-2|0-3|2-4|NULL,1-2|0-3|2-4|NULL,3,4,4,2,8,32,1,1,1,0,0.0,15,1
TRAJ-MICRO-V1,12071,240,configured_scale,,,0-1;1-2;2-3,0-1;1-2;2-3,0-1;1-2;2-3,1-2|2-3|0-1|NULL,1-2|2-3|0-1|NULL,3,4,4,2,8,32,1,1,1,0,0.0,15,1
TRAJ-MICRO-V1,12071,240,zero_scale,,,0-1;1-2;2-3,0-1;1-2;2-3,0-1;1-2;2-3,1-2|2-3|0-1|NULL,1-2|2-3|0-1|NULL,3,4,4,2,8,32,1,1,1,0,0.0,15,1
TRAJ-MICRO-V1,12073,1,exploration_public_assignment,3,4,0-0;1-2;2-1,0-0;1-2;2-1,0-0;1-2;2-1,PUBLIC:0-0;1-2;2-1,PUBLIC:0-0;1-2;2-1,3,0,0,0,0,0,1,1,1,0,0.0,15,1
TRAJ-MICRO-V1,12073,2,exploration_public_assignment,10,11,0-0;1-4;2-2,0-0;1-4;2-2,0-0;1-4;2-2,PUBLIC:0-0;1-4;2-2,PUBLIC:0-0;1-4;2-2,3,0,0,0,0,0,1,1,1,0,0.0,15,1
TRAJ-MICRO-V1,12073,3,exploration_public_assignment,17,18,0-1;1-2;2-4,0-1;1-2;2-4,0-1;1-2;2-4,PUBLIC:0-1;1-2;2-4,PUBLIC:0-1;1-2;2-4,3,0,0,0,0,0,1,1,1,0,0.0,15,1
TRAJ-MICRO-V1,12073,4,exploration_public_assignment,24,25,0-2;1-0;2-1,0-2;1-0;2-1,0-2;1-0;2-1,PUBLIC:0-2;1-0;2-1,PUBLIC:0-2;1-0;2-1,3,0,0,0,0,0,1,1,1,0,0.0,15,1
TRAJ-MICRO-V1,12073,5,exploration_public_assignment,31,32,0-2;1-3;2-1,0-2;1-3;2-1,0-2;1-3;2-1,PUBLIC:0-2;1-3;2-1,PUBLIC:0-2;1-3;2-1,3,0,0,0,0,0,1,1,1,0,0.0,15,1
TRAJ-MICRO-V1,12073,6,exploration_public_assignment,38,39,0-3;1-0;2-4,0-3;1-0;2-4,0-3;1-0;2-4,PUBLIC:0-3;1-0;2-4,PUBLIC:0-3;1-0;2-4,3,0,0,0,0,0,1,1,1,0,0.0,15,1
TRAJ-MICRO-V1,12073,7,exploration_public_assignment,45,46,0-3;1-4;2-0,0-3;1-4;2-0,0-3;1-4;2-0,PUBLIC:0-3;1-4;2-0,PUBLIC:0-3;1-4;2-0,3,0,0,0,0,0,1,1,1,0,0.0,15,1
TRAJ-MICRO-V1,12073,8,exploration_public_assignment,52,53,0-4;1-1;2-2,0-4;1-1;2-2,0-4;1-1;2-2,PUBLIC:0-4;1-1;2-2,PUBLIC:0-4;1-1;2-2,3,0,0,0,0,0,1,1,1,0,0.0,15,1
TRAJ-MICRO-V1,12073,9,exploration_public_assignment,59,60,0-4;1-3;2-2,0-4;1-3;2-2,0-4;1-3;2-2,PUBLIC:0-4;1-3;2-2,PUBLIC:0-4;1-3;2-2,3,0,0,0,0,0,1,1,1,0,0.0,15,1
TRAJ-MICRO-V1,12073,10,exploration_public_assignment,6,7,0-0;1-3;2-1,0-0;1-3;2-1,0-0;1-3;2-1,PUBLIC:0-0;1-3;2-1,PUBLIC:0-0;1-3;2-1,3,0,0,0,0,0,1,1,1,0,0.0,15,1
TRAJ-MICRO-V1,12073,11,exploration_public_assignment,13,14,0-1;1-0;2-3,0-1;1-0;2-3,0-1;1-0;2-3,PUBLIC:0-1;1-0;2-3,PUBLIC:0-1;1-0;2-3,3,0,0,0,0,0,1,1,1,0,0.0,15,1
TRAJ-MICRO-V1,12073,12,exploration_public_assignment,20,21,0-1;1-3;2-4,0-1;1-3;2-4,0-1;1-3;2-4,PUBLIC:0-1;1-3;2-4,PUBLIC:0-1;1-3;2-4,3,0,0,0,0,0,1,1,1,0,0.0,15,1
TRAJ-MICRO-V1,12073,13,exploration_public_assignment,27,28,0-2;1-1;2-0,0-2;1-1;2-0,0-2;1-1;2-0,PUBLIC:0-2;1-1;2-0,PUBLIC:0-2;1-1;2-0,3,0,0,0,0,0,1,1,1,0,0.0,15,1
TRAJ-MICRO-V1,12073,14,exploration_public_assignment,34,35,0-2;1-4;2-1,0-2;1-4;2-1,0-2;1-4;2-1,PUBLIC:0-2;1-4;2-1,PUBLIC:0-2;1-4;2-1,3,0,0,0,0,0,1,1,1,0,0.0,15,1
TRAJ-MICRO-V1,12073,15,exploration_public_assignment,41,42,0-3;1-1;2-4,0-3;1-1;2-4,0-3;1-1;2-4,PUBLIC:0-3;1-1;2-4,PUBLIC:0-3;1-1;2-4,3,0,0,0,0,0,1,1,1,0,0.0,15,1
TRAJ-MICRO-V1,12073,16,exploration_public_assignment,48,49,0-4;1-0;2-1,0-4;1-0;2-1,0-4;1-0;2-1,PUBLIC:0-4;1-0;2-1,PUBLIC:0-4;1-0;2-1,3,0,0,0,0,0,1,1,1,0,0.0,15,1
TRAJ-MICRO-V1,12073,17,exploration_public_assignment,55,56,0-4;1-2;2-1,0-4;1-2;2-1,0-4;1-2;2-1,PUBLIC:0-4;1-2;2-1,PUBLIC:0-4;1-2;2-1,3,0,0,0,0,0,1,1,1,0,0.0,15,1
TRAJ-MICRO-V1,12073,18,exploration_public_assignment,2,3,0-0;1-1;2-4,0-0;1-1;2-4,0-0;1-1;2-4,PUBLIC:0-0;1-1;2-4,PUBLIC:0-0;1-1;2-4,3,0,0,0,0,0,1,1,1,0,0.0,15,1
TRAJ-MICRO-V1,12073,19,configured_scale,,,0-1;1-3;2-2,0-1;1-3;2-2,0-1;1-3;2-2,0-1|2-2|1-3|NULL,0-1|2-2|1-3|NULL,3,4,4,2,8,32,1,1,1,0,0.0,15,1
TRAJ-MICRO-V1,12073,19,zero_scale,,,0-1;1-3;2-2,0-1;1-3;2-2,0-1;1-3;2-2,0-1|1-3|2-2|NULL,0-1|1-3|2-2|NULL,3,4,4,2,8,32,1,1,1,0,0.0,15,1
TRAJ-MICRO-V1,12073,20,configured_scale,,,0-0;1-2;2-1,0-0;1-2;2-1,0-0;1-2;2-1,1-2|2-1|0-0|NULL,1-2|2-1|0-0|NULL,3,4,4,2,8,32,1,1,1,0,0.0,15,1
TRAJ-MICRO-V1,12073,20,zero_scale,,,0-0;1-2;2-1,0-0;1-2;2-1,0-0;1-2;2-1,1-2|0-0|2-1|NULL,1-2|0-0|2-1|NULL,3,4,4,2,8,32,1,1,1,0,0.0,15,1
TRAJ-MICRO-V1,12073,21,configured_scale,,,0-2;1-1;2-0,0-2;1-1;2-0,0-2;1-1;2-0,1-1|2-0|0-2|NULL,1-1|2-0|0-2|NULL,3,4,4,2,8,32,1,1,1,0,0.0,15,1
TRAJ-MICRO-V1,12073,21,zero_scale,,,0-2;1-1;2-3,0-2;1-1;2-3,0-2;1-1;2-3,1-1|0-2|2-3|NULL,1-1|0-2|2-3|NULL,3,4,4,2,8,32,1,1,1,0,0.0,15,1
TRAJ-MICRO-V1,12073,22,configured_scale,,,0-4;1-3;2-2,0-4;1-3;2-2,0-4;1-3;2-2,0-4|1-3|2-2|NULL,0-4|1-3|2-2|NULL,3,4,4,2,8,32,1,1,1,0,0.0,15,1
TRAJ-MICRO-V1,12073,22,zero_scale,,,0-1;1-3;2-2,0-1;1-3;2-2,0-1;1-3;2-2,0-1|1-3|2-2|NULL,0-1|1-3|2-2|NULL,3,4,4,2,8,32,1,1,1,0,0.0,15,1
TRAJ-MICRO-V1,12073,23,configured_scale,,,0-1;1-2;2-4,0-1;1-2;2-4,0-1;1-2;2-4,2-4|1-2|0-1|NULL,2-4|1-2|0-1|NULL,3,4,4,2,8,32,1,1,1,0,0.0,15,1
TRAJ-MICRO-V1,12073,23,zero_scale,,,0-0;1-2;2-4,0-0;1-2;2-4,0-0;1-2;2-4,0-0|1-2|2-4|NULL,0-0|1-2|2-4|NULL,3,4,4,2,8,32,1,1,1,0,0.0,15,1
TRAJ-MICRO-V1,12073,24,configured_scale,,,0-0;1-4;2-3,0-0;1-4;2-3,0-0;1-4;2-3,0-0|2-3|1-4|NULL,0-0|2-3|1-4|NULL,3,4,4,2,8,32,1,1,1,0,0.0,15,1
TRAJ-MICRO-V1,12073,24,zero_scale,,,0-0;1-1;2-3,0-0;1-1;2-3,0-0;1-1;2-3,0-0|1-1|2-3|NULL,0-0|1-1|2-3|NULL,3,4,4,2,8,32,1,1,1,0,0.0,15,1
TRAJ-MICRO-V1,12073,25,configured_scale,,,0-1;1-3;2-4,0-1;1-3;2-4,0-1;1-3;2-4,0-1|1-3|2-4|NULL,0-1|1-3|2-4|NULL,3,4,4,2,8,32,1,1,1,0,0.0,15,1
TRAJ-MICRO-V1,12073,25,zero_scale,,,0-1;1-0;2-4,0-1;1-0;2-4,0-1;1-0;2-4,0-1|1-0|2-4|NULL,0-1|1-0|2-4|NULL,3,4,4,2,8,32,1,1,1,0,0.0,15,1
TRAJ-MICRO-V1,12073,26,configured_scale,,,0-0;1-2;2-4,0-0;1-2;2-4,0-0;1-2;2-4,2-4|1-2|0-0|NULL,2-4|1-2|0-0|NULL,3,4,4,2,8,32,1,1,1,0,0.0,15,1
TRAJ-MICRO-V1,12073,26,zero_scale,,,0-0;1-2;2-4,0-0;1-2;2-4,0-0;1-2;2-4,0-0|1-2|2-4|NULL,0-0|1-2|2-4|NULL,3,4,4,2,8,32,1,1,1,0,0.0,15,1
TRAJ-MICRO-V1,12073,27,configured_scale,,,0-2;1-1;2-0,0-2;1-1;2-0,0-2;1-1;2-0,2-0|1-1|0-2|NULL,2-0|1-1|0-2|NULL,3,4,4,2,8,32,1,1,1,0,0.0,15,1
TRAJ-MICRO-V1,12073,27,zero_scale,,,0-0;1-1;2-3,0-0;1-1;2-3,0-0;1-1;2-3,0-0|1-1|2-3|NULL,0-0|1-1|2-3|NULL,3,4,4,2,8,32,1,1,1,0,0.0,15,1
TRAJ-MICRO-V1,12073,28,configured_scale,,,0-1;1-0;2-4,0-1;1-0;2-4,0-1;1-0;2-4,2-4|0-1|1-0|NULL,2-4|0-1|1-0|NULL,3,4,4,2,8,32,1,1,1,0,0.0,15,1
TRAJ-MICRO-V1,12073,28,zero_scale,,,0-1;1-0;2-4,0-1;1-0;2-4,0-1;1-0;2-4,2-4|0-1|1-0|NULL,2-4|0-1|1-0|NULL,3,4,4,2,8,32,1,1,1,0,0.0,15,1
TRAJ-MICRO-V1,12073,29,configured_scale,,,0-0;1-2;2-4,0-0;1-2;2-4,0-0;1-2;2-4,2-4|0-0|1-2|NULL,2-4|0-0|1-2|NULL,3,4,4,2,8,32,1,1,1,0,0.0,15,1
TRAJ-MICRO-V1,12073,29,zero_scale,,,0-0;1-2;2-4,0-0;1-2;2-4,0-0;1-2;2-4,2-4|0-0|1-2|NULL,2-4|0-0|1-2|NULL,3,4,4,2,8,32,1,1,1,0,0.0,15,1
TRAJ-MICRO-V1,12073,30,configured_scale,,,0-0;1-3;2-4,0-0;1-3;2-4,0-0;1-3;2-4,2-4|1-3|0-0|NULL,2-4|1-3|0-0|NULL,3,4,4,2,8,32,1,1,1,0,0.0,15,1
TRAJ-MICRO-V1,12073,30,zero_scale,,,0-0;1-4;2-3,0-0;1-4;2-3,0-0;1-4;2-3,2-3|1-4|0-0|NULL,2-3|1-4|0-0|NULL,3,4,4,2,8,32,1,1,1,0,0.0,15,1
TRAJ-MICRO-V1,12073,31,configured_scale,,,0-4;1-3;2-2,0-4;1-3;2-2,0-4;1-3;2-2,0-4|1-3|2-2|NULL,0-4|1-3|2-2|NULL,3,4,4,2,8,32,1,1,1,0,0.0,15,1
TRAJ-MICRO-V1,12073,31,zero_scale,,,0-4;1-3;2-2,0-4;1-3;2-2,0-4;1-3;2-2,1-3|0-4|2-2|NULL,1-3|0-4|2-2|NULL,3,4,4,2,8,32,1,1,1,0,0.0,15,1
TRAJ-MICRO-V1,12073,32,configured_scale,,,0-3;1-2;2-1,0-3;1-2;2-1,0-3;1-2;2-1,0-3|2-1|1-2|NULL,0-3|2-1|1-2|NULL,3,4,4,2,8,32,1,1,1,0,0.0,15,1
TRAJ-MICRO-V1,12073,32,zero_scale,,,0-0;1-2;2-1,0-0;1-2;2-1,0-0;1-2;2-1,1-2|0-0|2-1|NULL,1-2|0-0|2-1|NULL,3,4,4,2,8,32,1,1,1,0,0.0,15,1
TRAJ-MICRO-V1,12073,33,configured_scale,,,0-4;1-2;2-0,0-4;1-2;2-0,0-4;1-2;2-0,2-0|1-2|0-4|NULL,2-0|1-2|0-4|NULL,3,4,4,2,8,32,1,1,1,0,0.0,15,1
TRAJ-MICRO-V1,12073,33,zero_scale,,,0-2;1-1;2-0,0-2;1-1;2-0,0-2;1-1;2-0,0-2|1-1|2-0|NULL,0-2|1-1|2-0|NULL,3,4,4,2,8,32,1,1,1,0,0.0,15,1
TRAJ-MICRO-V1,12073,34,configured_scale,,,0-4;1-3;2-0,0-4;1-3;2-0,0-4;1-3;2-0,0-4|2-0|1-3|NULL,0-4|2-0|1-3|NULL,3,4,4,2,8,32,1,1,1,0,0.0,15,1
TRAJ-MICRO-V1,12073,34,zero_scale,,,0-4;1-3;2-2,0-4;1-3;2-2,0-4;1-3;2-2,0-4|1-3|2-2|NULL,0-4|1-3|2-2|NULL,3,4,4,2,8,32,1,1,1,0,0.0,15,1
TRAJ-MICRO-V1,12073,35,configured_scale,,,0-3;1-2;2-1,0-3;1-2;2-1,0-3;1-2;2-1,0-3|1-2|2-1|NULL,0-3|1-2|2-1|NULL,3,4,4,2,8,32,1,1,1,0,0.0,15,1
TRAJ-MICRO-V1,12073,35,zero_scale,,,0-0;1-2;2-1,0-0;1-2;2-1,0-0;1-2;2-1,0-0|1-2|2-1|NULL,0-0|1-2|2-1|NULL,3,4,4,2,8,32,1,1,1,0,0.0,15,1
TRAJ-MICRO-V1,12073,36,configured_scale,,,0-4;1-2;2-0,0-4;1-2;2-0,0-4;1-2;2-0,0-4|1-2|2-0|NULL,0-4|1-2|2-0|NULL,3,4,4,2,8,32,1,1,1,0,0.0,15,1
TRAJ-MICRO-V1,12073,36,zero_scale,,,0-1;1-2;2-3,0-1;1-2;2-3,0-1;1-2;2-3,0-1|1-2|2-3|NULL,0-1|1-2|2-3|NULL,3,4,4,2,8,32,1,1,1,0,0.0,15,1
TRAJ-MICRO-V1,12073,37,configured_scale,,,0-1;1-3;2-2,0-1;1-3;2-2,0-1;1-3;2-2,0-1|1-3|2-2|NULL,0-1|1-3|2-2|NULL,3,4,4,2,8,32,1,1,1,0,0.0,15,1
TRAJ-MICRO-V1,12073,37,zero_scale,,,0-1;1-3;2-2,0-1;1-3;2-2,0-1;1-3;2-2,0-1|1-3|2-2|NULL,0-1|1-3|2-2|NULL,3,4,4,2,8,32,1,1,1,0,0.0,15,1
TRAJ-MICRO-V1,12073,38,configured_scale,,,0-0;1-2;2-4,0-0;1-2;2-4,0-0;1-2;2-4,0-0|1-2|2-4|NULL,0-0|1-2|2-4|NULL,3,4,4,2,8,32,1,1,1,0,0.0,15,1
TRAJ-MICRO-V1,12073,38,zero_scale,,,0-0;1-2;2-4,0-0;1-2;2-4,0-0;1-2;2-4,0-0|1-2|2-4|NULL,0-0|1-2|2-4|NULL,3,4,4,2,8,32,1,1,1,0,0.0,15,1
TRAJ-MICRO-V1,12073,39,configured_scale,,,0-2;1-1;2-4,0-2;1-1;2-4,0-2;1-1;2-4,0-2|2-4|1-1|NULL,0-2|2-4|1-1|NULL,3,4,4,2,8,32,1,1,1,0,0.0,15,1
TRAJ-MICRO-V1,12073,39,zero_scale,,,0-2;1-4;2-3,0-2;1-4;2-3,0-2;1-4;2-3,0-2|2-3|1-4|NULL,0-2|2-3|1-4|NULL,3,4,4,2,8,32,1,1,1,0,0.0,15,1
TRAJ-MICRO-V1,12073,40,configured_scale,,,0-1;1-3;2-4,0-1;1-3;2-4,0-1;1-3;2-4,0-1|1-3|2-4|NULL,0-1|1-3|2-4|NULL,3,4,4,2,8,32,1,1,1,0,0.0,15,1
TRAJ-MICRO-V1,12073,40,zero_scale,,,0-1;1-3;2-4,0-1;1-3;2-4,0-1;1-3;2-4,0-1|1-3|2-4|NULL,0-1|1-3|2-4|NULL,3,4,4,2,8,32,1,1,1,0,0.0,15,1
TRAJ-MICRO-V1,12073,41,configured_scale,,,0-3;1-2;2-4,0-3;1-2;2-4,0-3;1-2;2-4,1-2|0-3|2-4|NULL,1-2|0-3|2-4|NULL,3,4,4,2,8,32,1,1,1,0,0.0,15,1
TRAJ-MICRO-V1,12073,41,zero_scale,,,0-3;1-2;2-4,0-3;1-2;2-4,0-3;1-2;2-4,1-2|0-3|2-4|NULL,1-2|0-3|2-4|NULL,3,4,4,2,8,32,1,1,1,0,0.0,15,1
TRAJ-MICRO-V1,12073,42,configured_scale,,,0-0;1-3;2-4,0-0;1-3;2-4,0-0;1-3;2-4,1-3|0-0|2-4|NULL,1-3|0-0|2-4|NULL,3,4,4,2,8,32,1,1,1,0,0.0,15,1
TRAJ-MICRO-V1,12073,42,zero_scale,,,0-2;1-1;2-3,0-2;1-1;2-3,0-2;1-1;2-3,2-3|1-1|0-2|NULL,2-3|1-1|0-2|NULL,3,4,4,2,8,32,1,1,1,0,0.0,15,1
TRAJ-MICRO-V1,12073,43,configured_scale,,,0-1;1-0;2-3,0-1;1-0;2-3,0-1;1-0;2-3,1-0|2-3|0-1|NULL,1-0|2-3|0-1|NULL,3,4,4,2,8,32,1,1,1,0,0.0,15,1
TRAJ-MICRO-V1,12073,43,zero_scale,,,0-1;1-3;2-4,0-1;1-3;2-4,0-1;1-3;2-4,1-3|0-1|2-4|NULL,1-3|0-1|2-4|NULL,3,4,4,2,8,32,1,1,1,0,0.0,15,1
TRAJ-MICRO-V1,12073,44,configured_scale,,,0-0;1-2;2-4,0-0;1-2;2-4,0-0;1-2;2-4,2-4|0-0|1-2|NULL,2-4|0-0|1-2|NULL,3,4,4,2,8,32,1,1,1,0,0.0,15,1
TRAJ-MICRO-V1,12073,44,zero_scale,,,0-0;1-2;2-4,0-0;1-2;2-4,0-0;1-2;2-4,1-2|2-4|0-0|NULL,1-2|2-4|0-0|NULL,3,4,4,2,8,32,1,1,1,0,0.0,15,1
TRAJ-MICRO-V1,12073,45,configured_scale,,,0-0;1-1;2-4,0-0;1-1;2-4,0-0;1-1;2-4,1-1|2-4|0-0|NULL,1-1|2-4|0-0|NULL,3,4,4,2,8,32,1,1,1,0,0.0,15,1
TRAJ-MICRO-V1,12073,45,zero_scale,,,0-2;1-1;2-4,0-2;1-1;2-4,0-2;1-1;2-4,1-1|2-4|0-2|NULL,1-1|2-4|0-2|NULL,3,4,4,2,8,32,1,1,1,0,0.0,15,1
TRAJ-MICRO-V1,12073,46,configured_scale,,,0-1;1-0;2-4,0-1;1-0;2-4,0-1;1-0;2-4,1-0|2-4|0-1|NULL,1-0|2-4|0-1|NULL,3,4,4,2,8,32,1,1,1,0,0.0,15,1
TRAJ-MICRO-V1,12073,46,zero_scale,,,0-1;1-2;2-4,0-1;1-2;2-4,0-1;1-2;2-4,2-4|1-2|0-1|NULL,2-4|1-2|0-1|NULL,3,4,4,2,8,32,1,1,1,0,0.0,15,1
TRAJ-MICRO-V1,12073,47,configured_scale,,,0-1;1-3;2-4,0-1;1-3;2-4,0-1;1-3;2-4,2-4|1-3|0-1|NULL,2-4|1-3|0-1|NULL,3,4,4,2,8,32,1,1,1,0,0.0,15,1
TRAJ-MICRO-V1,12073,47,zero_scale,,,0-3;1-2;2-4,0-3;1-2;2-4,0-3;1-2;2-4,2-4|1-2|0-3|NULL,2-4|1-2|0-3|NULL,3,4,4,2,8,32,1,1,1,0,0.0,15,1
TRAJ-MICRO-V1,12073,48,configured_scale,,,0-3;1-2;2-4,0-3;1-2;2-4,0-3;1-2;2-4,2-4|1-2|0-3|NULL,2-4|1-2|0-3|NULL,3,4,4,2,8,32,1,1,1,0,0.0,15,1
TRAJ-MICRO-V1,12073,48,zero_scale,,,0-3;1-2;2-4,0-3;1-2;2-4,0-3;1-2;2-4,2-4|1-2|0-3|NULL,2-4|1-2|0-3|NULL,3,4,4,2,8,32,1,1,1,0,0.0,15,1
TRAJ-MICRO-V1,12073,49,configured_scale,,,0-3;1-0;2-4,0-3;1-0;2-4,0-3;1-0;2-4,2-4|1-0|0-3|NULL,2-4|1-0|0-3|NULL,3,4,4,2,8,32,1,1,1,0,0.0,15,1
TRAJ-MICRO-V1,12073,49,zero_scale,,,0-1;1-3;2-4,0-1;1-3;2-4,0-1;1-3;2-4,2-4|1-3|0-1|NULL,2-4|1-3|0-1|NULL,3,4,4,2,8,32,1,1,1,0,0.0,15,1
TRAJ-MICRO-V1,12073,50,configured_scale,,,0-4;1-3;2-1,0-4;1-3;2-1,0-4;1-3;2-1,2-1|1-3|0-4|NULL,2-1|1-3|0-4|NULL,3,4,4,2,8,32,1,1,1,0,0.0,15,1
TRAJ-MICRO-V1,12073,50,zero_scale,,,0-3;1-2;2-4,0-3;1-2;2-4,0-3;1-2;2-4,2-4|1-2|0-3|NULL,2-4|1-2|0-3|NULL,3,4,4,2,8,32,1,1,1,0,0.0,15,1
TRAJ-MICRO-V1,12073,51,configured_scale,,,0-3;1-2;2-0,0-3;1-2;2-0,0-3;1-2;2-0,2-0|1-2|0-3|NULL,2-0|1-2|0-3|NULL,3,4,4,2,8,32,1,1,1,0,0.0,15,1
TRAJ-MICRO-V1,12073,51,zero_scale,,,0-1;1-2;2-3,0-1;1-2;2-3,0-1;1-2;2-3,2-3|1-2|0-1|NULL,2-3|1-2|0-1|NULL,3,4,4,2,8,32,1,1,1,0,0.0,15,1
TRAJ-MICRO-V1,12073,52,configured_scale,,,0-1;1-0;2-2,0-1;1-0;2-2,0-1;1-0;2-2,2-2|1-0|0-1|NULL,2-2|1-0|0-1|NULL,3,4,4,2,8,32,1,1,1,0,0.0,15,1
TRAJ-MICRO-V1,12073,52,zero_scale,,,0-1;1-3;2-2,0-1;1-3;2-2,0-1;1-3;2-2,2-2|1-3|0-1|NULL,2-2|1-3|0-1|NULL,3,4,4,2,8,32,1,1,1,0,0.0,15,1
TRAJ-MICRO-V1,12073,53,configured_scale,,,0-1;1-3;2-4,0-1;1-3;2-4,0-1;1-3;2-4,2-4|0-1|1-3|NULL,2-4|0-1|1-3|NULL,3,4,4,2,8,32,1,1,1,0,0.0,15,1
TRAJ-MICRO-V1,12073,53,zero_scale,,,0-0;1-2;2-4,0-0;1-2;2-4,0-0;1-2;2-4,2-4|1-2|0-0|NULL,2-4|1-2|0-0|NULL,3,4,4,2,8,32,1,1,1,0,0.0,15,1
TRAJ-MICRO-V1,12073,54,configured_scale,,,0-2;1-4;2-3,0-2;1-4;2-3,0-2;1-4;2-3,2-3|0-2|1-4|NULL,2-3|0-2|1-4|NULL,3,4,4,2,8,32,1,1,1,0,0.0,15,1
TRAJ-MICRO-V1,12073,54,zero_scale,,,0-2;1-1;2-3,0-2;1-1;2-3,0-2;1-1;2-3,2-3|0-2|1-1|NULL,2-3|0-2|1-1|NULL,3,4,4,2,8,32,1,1,1,0,0.0,15,1
TRAJ-MICRO-V1,12073,55,configured_scale,,,0-1;1-3;2-2,0-1;1-3;2-2,0-1;1-3;2-2,2-2|1-3|0-1|NULL,2-2|1-3|0-1|NULL,3,4,4,2,8,32,1,1,1,0,0.0,15,1
TRAJ-MICRO-V1,12073,55,zero_scale,,,0-1;1-3;2-2,0-1;1-3;2-2,0-1;1-3;2-2,2-2|0-1|1-3|NULL,2-2|0-1|1-3|NULL,3,4,4,2,8,32,1,1,1,0,0.0,15,1
TRAJ-MICRO-V1,12073,56,configured_scale,,,0-1;1-2;2-4,0-1;1-2;2-4,0-1;1-2;2-4,2-4|1-2|0-1|NULL,2-4|1-2|0-1|NULL,3,4,4,2,8,32,1,1,1,0,0.0,15,1
TRAJ-MICRO-V1,12073,56,zero_scale,,,0-0;1-2;2-4,0-0;1-2;2-4,0-0;1-2;2-4,2-4|1-2|0-0|NULL,2-4|1-2|0-0|NULL,3,4,4,2,8,32,1,1,1,0,0.0,15,1
TRAJ-MICRO-V1,12073,57,configured_scale,,,0-2;1-1;2-4,0-2;1-1;2-4,0-2;1-1;2-4,2-4|1-1|0-2|NULL,2-4|1-1|0-2|NULL,3,4,4,2,8,32,1,1,1,0,0.0,15,1
TRAJ-MICRO-V1,12073,57,zero_scale,,,0-2;1-1;2-4,0-2;1-1;2-4,0-2;1-1;2-4,2-4|1-1|0-2|NULL,2-4|1-1|0-2|NULL,3,4,4,2,8,32,1,1,1,0,0.0,15,1
TRAJ-MICRO-V1,12073,58,configured_scale,,,0-1;1-3;2-4,0-1;1-3;2-4,0-1;1-3;2-4,2-4|0-1|1-3|NULL,2-4|0-1|1-3|NULL,3,4,4,2,8,32,1,1,1,0,0.0,15,1
TRAJ-MICRO-V1,12073,58,zero_scale,,,0-1;1-3;2-4,0-1;1-3;2-4,0-1;1-3;2-4,2-4|0-1|1-3|NULL,2-4|0-1|1-3|NULL,3,4,4,2,8,32,1,1,1,0,0.0,15,1
TRAJ-MICRO-V1,12073,59,configured_scale,,,0-0;1-3;2-4,0-0;1-3;2-4,0-0;1-3;2-4,2-4|1-3|0-0|NULL,2-4|1-3|0-0|NULL,3,4,4,2,8,32,1,1,1,0,0.0,15,1
TRAJ-MICRO-V1,12073,59,zero_scale,,,0-0;1-2;2-4,0-0;1-2;2-4,0-0;1-2;2-4,2-4|1-2|0-0|NULL,2-4|1-2|0-0|NULL,3,4,4,2,8,32,1,1,1,0,0.0,15,1
TRAJ-MICRO-V1,12073,60,configured_scale,,,0-0;1-3;2-4,0-0;1-3;2-4,0-0;1-3;2-4,2-4|1-3|0-0|NULL,2-4|1-3|0-0|NULL,3,4,4,2,8,32,1,1,1,0,0.0,15,1
TRAJ-MICRO-V1,12073,60,zero_scale,,,0-1;1-4;2-3,0-1;1-4;2-3,0-1;1-4;2-3,2-3|1-4|0-1|NULL,2-3|1-4|0-1|NULL,3,4,4,2,8,32,1,1,1,0,0.0,15,1
TRAJ-MICRO-V1,12073,61,configured_scale,,,0-0;1-3;2-4,0-0;1-3;2-4,0-0;1-3;2-4,1-3|2-4|0-0|NULL,1-3|2-4|0-0|NULL,3,4,4,2,8,32,1,1,1,0,0.0,15,1
TRAJ-MICRO-V1,12073,61,zero_scale,,,0-1;1-3;2-4,0-1;1-3;2-4,0-1;1-3;2-4,1-3|2-4|0-1|NULL,1-3|2-4|0-1|NULL,3,4,4,2,8,32,1,1,1,0,0.0,15,1
TRAJ-MICRO-V1,12073,62,configured_scale,,,0-0;1-2;2-4,0-0;1-2;2-4,0-0;1-2;2-4,2-4|1-2|0-0|NULL,2-4|1-2|0-0|NULL,3,4,4,2,8,32,1,1,1,0,0.0,15,1
TRAJ-MICRO-V1,12073,62,zero_scale,,,0-0;1-2;2-4,0-0;1-2;2-4,0-0;1-2;2-4,1-2|2-4|0-0|NULL,1-2|2-4|0-0|NULL,3,4,4,2,8,32,1,1,1,0,0.0,15,1
TRAJ-MICRO-V1,12073,63,configured_scale,,,0-2;1-4;2-0,0-2;1-4;2-0,0-2;1-4;2-0,1-4|2-0|0-2|NULL,1-4|2-0|0-2|NULL,3,4,4,2,8,32,1,1,1,0,0.0,15,1
TRAJ-MICRO-V1,12073,63,zero_scale,,,0-2;1-1;2-0,0-2;1-1;2-0,0-2;1-1;2-0,1-1|2-0|0-2|NULL,1-1|2-0|0-2|NULL,3,4,4,2,8,32,1,1,1,0,0.0,15,1
TRAJ-MICRO-V1,12073,64,configured_scale,,,0-0;1-3;2-4,0-0;1-3;2-4,0-0;1-3;2-4,1-3|2-4|0-0|NULL,1-3|2-4|0-0|NULL,3,4,4,2,8,32,1,1,1,0,0.0,15,1
TRAJ-MICRO-V1,12073,64,zero_scale,,,0-1;1-3;2-2,0-1;1-3;2-2,0-1;1-3;2-2,1-3|0-1|2-2|NULL,1-3|0-1|2-2|NULL,3,4,4,2,8,32,1,1,1,0,0.0,15,1
TRAJ-MICRO-V1,12073,65,configured_scale,,,0-0;1-2;2-4,0-0;1-2;2-4,0-0;1-2;2-4,1-2|2-4|0-0|NULL,1-2|2-4|0-0|NULL,3,4,4,2,8,32,1,1,1,0,0.0,15,1
TRAJ-MICRO-V1,12073,65,zero_scale,,,0-0;1-2;2-4,0-0;1-2;2-4,0-0;1-2;2-4,1-2|0-0|2-4|NULL,1-2|0-0|2-4|NULL,3,4,4,2,8,32,1,1,1,0,0.0,15,1
TRAJ-MICRO-V1,12073,66,configured_scale,,,0-2;1-4;2-0,0-2;1-4;2-0,0-2;1-4;2-0,1-4|2-0|0-2|NULL,1-4|2-0|0-2|NULL,3,4,4,2,8,32,1,1,1,0,0.0,15,1
TRAJ-MICRO-V1,12073,66,zero_scale,,,0-0;1-4;2-3,0-0;1-4;2-3,0-0;1-4;2-3,1-4|2-3|0-0|NULL,1-4|2-3|0-0|NULL,3,4,4,2,8,32,1,1,1,0,0.0,15,1
TRAJ-MICRO-V1,12073,67,configured_scale,,,0-0;1-3;2-4,0-0;1-3;2-4,0-0;1-3;2-4,1-3|2-4|0-0|NULL,1-3|2-4|0-0|NULL,3,4,4,2,8,32,1,1,1,0,0.0,15,1
TRAJ-MICRO-V1,12073,67,zero_scale,,,0-1;1-3;2-4,0-1;1-3;2-4,0-1;1-3;2-4,1-3|0-1|2-4|NULL,1-3|0-1|2-4|NULL,3,4,4,2,8,32,1,1,1,0,0.0,15,1
TRAJ-MICRO-V1,12073,68,configured_scale,,,0-0;1-2;2-4,0-0;1-2;2-4,0-0;1-2;2-4,2-4|0-0|1-2|NULL,2-4|0-0|1-2|NULL,3,4,4,2,8,32,1,1,1,0,0.0,15,1
TRAJ-MICRO-V1,12073,68,zero_scale,,,0-0;1-2;2-4,0-0;1-2;2-4,0-0;1-2;2-4,0-0|2-4|1-2|NULL,0-0|2-4|1-2|NULL,3,4,4,2,8,32,1,1,1,0,0.0,15,1
TRAJ-MICRO-V1,12073,69,configured_scale,,,0-0;1-1;2-4,0-0;1-1;2-4,0-0;1-1;2-4,0-0|2-4|1-1|NULL,0-0|2-4|1-1|NULL,3,4,4,2,8,32,1,1,1,0,0.0,15,1
TRAJ-MICRO-V1,12073,69,zero_scale,,,0-0;1-1;2-4,0-0;1-1;2-4,0-0;1-1;2-4,0-0|1-1|2-4|NULL,0-0|1-1|2-4|NULL,3,4,4,2,8,32,1,1,1,0,0.0,15,1
TRAJ-MICRO-V1,12073,70,configured_scale,,,0-1;1-0;2-4,0-1;1-0;2-4,0-1;1-0;2-4,0-1|1-0|2-4|NULL,0-1|1-0|2-4|NULL,3,4,4,2,8,32,1,1,1,0,0.0,15,1
TRAJ-MICRO-V1,12073,70,zero_scale,,,0-1;1-0;2-4,0-1;1-0;2-4,0-1;1-0;2-4,0-1|1-0|2-4|NULL,0-1|1-0|2-4|NULL,3,4,4,2,8,32,1,1,1,0,0.0,15,1
TRAJ-MICRO-V1,12073,71,configured_scale,,,0-0;1-2;2-4,0-0;1-2;2-4,0-0;1-2;2-4,0-0|1-2|2-4|NULL,0-0|1-2|2-4|NULL,3,4,4,2,8,32,1,1,1,0,0.0,15,1
TRAJ-MICRO-V1,12073,71,zero_scale,,,0-0;1-2;2-4,0-0;1-2;2-4,0-0;1-2;2-4,0-0|1-2|2-4|NULL,0-0|1-2|2-4|NULL,3,4,4,2,8,32,1,1,1,0,0.0,15,1
TRAJ-MICRO-V1,12073,72,configured_scale,,,0-0;1-1;2-3,0-0;1-1;2-3,0-0;1-1;2-3,0-0|1-1|2-3|NULL,0-0|1-1|2-3|NULL,3,4,4,2,8,32,1,1,1,0,0.0,15,1
TRAJ-MICRO-V1,12073,72,zero_scale,,,0-0;1-1;2-3,0-0;1-1;2-3,0-0;1-1;2-3,0-0|1-1|2-3|NULL,0-0|1-1|2-3|NULL,3,4,4,2,8,32,1,1,1,0,0.0,15,1
TRAJ-MICRO-V1,12073,73,configured_scale,,,0-1;1-0;2-2,0-1;1-0;2-2,0-1;1-0;2-2,0-1|1-0|2-2|NULL,0-1|1-0|2-2|NULL,3,4,4,2,8,32,1,1,1,0,0.0,15,1
TRAJ-MICRO-V1,12073,73,zero_scale,,,0-1;1-0;2-2,0-1;1-0;2-2,0-1;1-0;2-2,0-1|1-0|2-2|NULL,0-1|1-0|2-2|NULL,3,4,4,2,8,32,1,1,1,0,0.0,15,1
TRAJ-MICRO-V1,12073,74,configured_scale,,,0-1;1-2;2-4,0-1;1-2;2-4,0-1;1-2;2-4,0-1|1-2|2-4|NULL,0-1|1-2|2-4|NULL,3,4,4,2,8,32,1,1,1,0,0.0,15,1
TRAJ-MICRO-V1,12073,74,zero_scale,,,0-1;1-2;2-4,0-1;1-2;2-4,0-1;1-2;2-4,0-1|1-2|2-4|NULL,0-1|1-2|2-4|NULL,3,4,4,2,8,32,1,1,1,0,0.0,15,1
TRAJ-MICRO-V1,12073,75,configured_scale,,,0-1;1-2;2-0,0-1;1-2;2-0,0-1;1-2;2-0,1-2|0-1|2-0|NULL,1-2|0-1|2-0|NULL,3,4,4,2,8,32,1,1,1,0,0.0,15,1
TRAJ-MICRO-V1,12073,75,zero_scale,,,0-2;1-1;2-3,0-2;1-1;2-3,0-2;1-1;2-3,0-2|1-1|2-3|NULL,0-2|1-1|2-3|NULL,3,4,4,2,8,32,1,1,1,0,0.0,15,1
TRAJ-MICRO-V1,12073,76,configured_scale,,,0-1;1-2;2-3,0-1;1-2;2-3,0-1;1-2;2-3,1-2|0-1|2-3|NULL,1-2|0-1|2-3|NULL,3,4,4,2,8,32,1,1,1,0,0.0,15,1
TRAJ-MICRO-V1,12073,76,zero_scale,,,0-1;1-2;2-3,0-1;1-2;2-3,0-1;1-2;2-3,1-2|0-1|2-3|NULL,1-2|0-1|2-3|NULL,3,4,4,2,8,32,1,1,1,0,0.0,15,1
TRAJ-MICRO-V1,12073,77,configured_scale,,,0-3;1-2;2-1,0-3;1-2;2-1,0-3;1-2;2-1,1-2|2-1|0-3|NULL,1-2|2-1|0-3|NULL,3,4,4,2,8,32,1,1,1,0,0.0,15,1
TRAJ-MICRO-V1,12073,77,zero_scale,,,0-3;1-2;2-1,0-3;1-2;2-1,0-3;1-2;2-1,1-2|0-3|2-1|NULL,1-2|0-3|2-1|NULL,3,4,4,2,8,32,1,1,1,0,0.0,15,1
TRAJ-MICRO-V1,12073,78,configured_scale,,,0-1;1-2;2-3,0-1;1-2;2-3,0-1;1-2;2-3,2-3|1-2|0-1|NULL,2-3|1-2|0-1|NULL,3,4,4,2,8,32,1,1,1,0,0.0,15,1
TRAJ-MICRO-V1,12073,78,zero_scale,,,0-1;1-2;2-3,0-1;1-2;2-3,0-1;1-2;2-3,2-3|1-2|0-1|NULL,2-3|1-2|0-1|NULL,3,4,4,2,8,32,1,1,1,0,0.0,15,1
TRAJ-MICRO-V1,12073,79,configured_scale,,,0-4;1-2;2-3,0-4;1-2;2-3,0-4;1-2;2-3,2-3|1-2|0-4|NULL,2-3|1-2|0-4|NULL,3,4,4,2,8,32,1,1,1,0,0.0,15,1
TRAJ-MICRO-V1,12073,79,zero_scale,,,0-1;1-3;2-2,0-1;1-3;2-2,0-1;1-3;2-2,1-3|2-2|0-1|NULL,1-3|2-2|0-1|NULL,3,4,4,2,8,32,1,1,1,0,0.0,15,1
TRAJ-MICRO-V1,12073,80,configured_scale,,,0-3;1-2;2-4,0-3;1-2;2-4,0-3;1-2;2-4,2-4|1-2|0-3|NULL,2-4|1-2|0-3|NULL,3,4,4,2,8,32,1,1,1,0,0.0,15,1
TRAJ-MICRO-V1,12073,80,zero_scale,,,0-3;1-2;2-4,0-3;1-2;2-4,0-3;1-2;2-4,1-2|2-4|0-3|NULL,1-2|2-4|0-3|NULL,3,4,4,2,8,32,1,1,1,0,0.0,15,1
TRAJ-MICRO-V1,12073,81,configured_scale,,,0-1;1-2;2-3,0-1;1-2;2-3,0-1;1-2;2-3,2-3|1-2|0-1|NULL,2-3|1-2|0-1|NULL,3,4,4,2,8,32,1,1,1,0,0.0,15,1
TRAJ-MICRO-V1,12073,81,zero_scale,,,0-1;1-2;2-3,0-1;1-2;2-3,0-1;1-2;2-3,2-3|0-1|1-2|NULL,2-3|0-1|1-2|NULL,3,4,4,2,8,32,1,1,1,0,0.0,15,1
TRAJ-MICRO-V1,12073,82,configured_scale,,,0-1;1-3;2-4,0-1;1-3;2-4,0-1;1-3;2-4,2-4|0-1|1-3|NULL,2-4|0-1|1-3|NULL,3,4,4,2,8,32,1,1,1,0,0.0,15,1
TRAJ-MICRO-V1,12073,82,zero_scale,,,0-1;1-3;2-4,0-1;1-3;2-4,0-1;1-3;2-4,0-1|2-4|1-3|NULL,0-1|2-4|1-3|NULL,3,4,4,2,8,32,1,1,1,0,0.0,15,1
TRAJ-MICRO-V1,12073,83,configured_scale,,,0-0;1-3;2-4,0-0;1-3;2-4,0-0;1-3;2-4,2-4|0-0|1-3|NULL,2-4|0-0|1-3|NULL,3,4,4,2,8,32,1,1,1,0,0.0,15,1
TRAJ-MICRO-V1,12073,83,zero_scale,,,0-0;1-2;2-4,0-0;1-2;2-4,0-0;1-2;2-4,2-4|0-0|1-2|NULL,2-4|0-0|1-2|NULL,3,4,4,2,8,32,1,1,1,0,0.0,15,1
TRAJ-MICRO-V1,12073,84,configured_scale,,,0-0;1-3;2-4,0-0;1-3;2-4,0-0;1-3;2-4,2-4|0-0|1-3|NULL,2-4|0-0|1-3|NULL,3,4,4,2,8,32,1,1,1,0,0.0,15,1
TRAJ-MICRO-V1,12073,84,zero_scale,,,0-2;1-3;2-4,0-2;1-3;2-4,0-2;1-3;2-4,2-4|0-2|1-3|NULL,2-4|0-2|1-3|NULL,3,4,4,2,8,32,1,1,1,0,0.0,15,1
TRAJ-MICRO-V1,12073,85,configured_scale,,,0-1;1-3;2-4,0-1;1-3;2-4,0-1;1-3;2-4,2-4|1-3|0-1|NULL,2-4|1-3|0-1|NULL,3,4,4,2,8,32,1,1,1,0,0.0,15,1
TRAJ-MICRO-V1,12073,85,zero_scale,,,0-1;1-3;2-4,0-1;1-3;2-4,0-1;1-3;2-4,2-4|1-3|0-1|NULL,2-4|1-3|0-1|NULL,3,4,4,2,8,32,1,1,1,0,0.0,15,1
TRAJ-MICRO-V1,12073,86,configured_scale,,,0-3;1-2;2-4,0-3;1-2;2-4,0-3;1-2;2-4,2-4|0-3|1-2|NULL,2-4|0-3|1-2|NULL,3,4,4,2,8,32,1,1,1,0,0.0,15,1
TRAJ-MICRO-V1,12073,86,zero_scale,,,0-3;1-2;2-4,0-3;1-2;2-4,0-3;1-2;2-4,2-4|0-3|1-2|NULL,2-4|0-3|1-2|NULL,3,4,4,2,8,32,1,1,1,0,0.0,15,1
TRAJ-MICRO-V1,12073,87,configured_scale,,,0-2;1-3;2-4,0-2;1-3;2-4,0-2;1-3;2-4,2-4|0-2|1-3|NULL,2-4|0-2|1-3|NULL,3,4,4,2,8,32,1,1,1,0,0.0,15,1
TRAJ-MICRO-V1,12073,87,zero_scale,,,0-2;1-3;2-4,0-2;1-3;2-4,0-2;1-3;2-4,2-4|1-3|0-2|NULL,2-4|1-3|0-2|NULL,3,4,4,2,8,32,1,1,1,0,0.0,15,1
TRAJ-MICRO-V1,12073,88,configured_scale,,,0-1;1-3;2-4,0-1;1-3;2-4,0-1;1-3;2-4,2-4|1-3|0-1|NULL,2-4|1-3|0-1|NULL,3,4,4,2,8,32,1,1,1,0,0.0,15,1
TRAJ-MICRO-V1,12073,88,zero_scale,,,0-1;1-3;2-4,0-1;1-3;2-4,0-1;1-3;2-4,2-4|1-3|0-1|NULL,2-4|1-3|0-1|NULL,3,4,4,2,8,32,1,1,1,0,0.0,15,1
TRAJ-MICRO-V1,12073,89,configured_scale,,,0-0;1-3;2-4,0-0;1-3;2-4,0-0;1-3;2-4,1-3|2-4|0-0|NULL,1-3|2-4|0-0|NULL,3,4,4,2,8,32,1,1,1,0,0.0,15,1
TRAJ-MICRO-V1,12073,89,zero_scale,,,0-3;1-2;2-4,0-3;1-2;2-4,0-3;1-2;2-4,0-3|2-4|1-2|NULL,0-3|2-4|1-2|NULL,3,4,4,2,8,32,1,1,1,0,0.0,15,1
TRAJ-MICRO-V1,12073,90,configured_scale,,,0-3;1-2;2-4,0-3;1-2;2-4,0-3;1-2;2-4,0-3|1-2|2-4|NULL,0-3|1-2|2-4|NULL,3,4,4,2,8,32,1,1,1,0,0.0,15,1
TRAJ-MICRO-V1,12073,90,zero_scale,,,0-2;1-3;2-4,0-2;1-3;2-4,0-2;1-3;2-4,0-2|1-3|2-4|NULL,0-2|1-3|2-4|NULL,3,4,4,2,8,32,1,1,1,0,0.0,15,1
TRAJ-MICRO-V1,12073,91,configured_scale,,,0-4;1-3;2-2,0-4;1-3;2-2,0-4;1-3;2-2,0-4|1-3|2-2|NULL,0-4|1-3|2-2|NULL,3,4,4,2,8,32,1,1,1,0,0.0,15,1
TRAJ-MICRO-V1,12073,91,zero_scale,,,0-1;1-3;2-2,0-1;1-3;2-2,0-1;1-3;2-2,0-1|1-3|2-2|NULL,0-1|1-3|2-2|NULL,3,4,4,2,8,32,1,1,1,0,0.0,15,1
TRAJ-MICRO-V1,12073,92,configured_scale,,,0-3;1-2;2-1,0-3;1-2;2-1,0-3;1-2;2-1,1-2|0-3|2-1|NULL,1-2|0-3|2-1|NULL,3,4,4,2,8,32,1,1,1,0,0.0,15,1
TRAJ-MICRO-V1,12073,92,zero_scale,,,0-3;1-2;2-1,0-3;1-2;2-1,0-3;1-2;2-1,1-2|0-3|2-1|NULL,1-2|0-3|2-1|NULL,3,4,4,2,8,32,1,1,1,0,0.0,15,1
TRAJ-MICRO-V1,12073,93,configured_scale,,,0-1;1-2;2-0,0-1;1-2;2-0,0-1;1-2;2-0,1-2|0-1|2-0|NULL,1-2|0-1|2-0|NULL,3,4,4,2,8,32,1,1,1,0,0.0,15,1
TRAJ-MICRO-V1,12073,93,zero_scale,,,0-1;1-2;2-3,0-1;1-2;2-3,0-1;1-2;2-3,1-2|0-1|2-3|NULL,1-2|0-1|2-3|NULL,3,4,4,2,8,32,1,1,1,0,0.0,15,1
TRAJ-MICRO-V1,12073,94,configured_scale,,,0-1;1-3;2-2,0-1;1-3;2-2,0-1;1-3;2-2,1-3|0-1|2-2|NULL,1-3|0-1|2-2|NULL,3,4,4,2,8,32,1,1,1,0,0.0,15,1
TRAJ-MICRO-V1,12073,94,zero_scale,,,0-1;1-3;2-2,0-1;1-3;2-2,0-1;1-3;2-2,1-3|0-1|2-2|NULL,1-3|0-1|2-2|NULL,3,4,4,2,8,32,1,1,1,0,0.0,15,1
TRAJ-MICRO-V1,12073,95,configured_scale,,,0-1;1-2;2-4,0-1;1-2;2-4,0-1;1-2;2-4,1-2|2-4|0-1|NULL,1-2|2-4|0-1|NULL,3,4,4,2,8,32,1,1,1,0,0.0,15,1
TRAJ-MICRO-V1,12073,95,zero_scale,,,0-1;1-2;2-4,0-1;1-2;2-4,0-1;1-2;2-4,1-2|2-4|0-1|NULL,1-2|2-4|0-1|NULL,3,4,4,2,8,32,1,1,1,0,0.0,15,1
TRAJ-MICRO-V1,12073,96,configured_scale,,,0-1;1-4;2-3,0-1;1-4;2-3,0-1;1-4;2-3,1-4|2-3|0-1|NULL,1-4|2-3|0-1|NULL,3,4,4,2,8,32,1,1,1,0,0.0,15,1
TRAJ-MICRO-V1,12073,96,zero_scale,,,0-1;1-4;2-3,0-1;1-4;2-3,0-1;1-4;2-3,1-4|2-3|0-1|NULL,1-4|2-3|0-1|NULL,3,4,4,2,8,32,1,1,1,0,0.0,15,1
TRAJ-MICRO-V1,12073,97,configured_scale,,,0-1;1-0;2-4,0-1;1-0;2-4,0-1;1-0;2-4,1-0|2-4|0-1|NULL,1-0|2-4|0-1|NULL,3,4,4,2,8,32,1,1,1,0,0.0,15,1
TRAJ-MICRO-V1,12073,97,zero_scale,,,0-1;1-3;2-4,0-1;1-3;2-4,0-1;1-3;2-4,1-3|2-4|0-1|NULL,1-3|2-4|0-1|NULL,3,4,4,2,8,32,1,1,1,0,0.0,15,1
TRAJ-MICRO-V1,12073,98,configured_scale,,,0-0;1-2;2-4,0-0;1-2;2-4,0-0;1-2;2-4,2-4|0-0|1-2|NULL,2-4|0-0|1-2|NULL,3,4,4,2,8,32,1,1,1,0,0.0,15,1
TRAJ-MICRO-V1,12073,98,zero_scale,,,0-0;1-2;2-4,0-0;1-2;2-4,0-0;1-2;2-4,2-4|1-2|0-0|NULL,2-4|1-2|0-0|NULL,3,4,4,2,8,32,1,1,1,0,0.0,15,1
TRAJ-MICRO-V1,12073,99,configured_scale,,,0-2;1-1;2-0,0-2;1-1;2-0,0-2;1-1;2-0,2-0|1-1|0-2|NULL,2-0|1-1|0-2|NULL,3,4,4,2,8,32,1,1,1,0,0.0,15,1
TRAJ-MICRO-V1,12073,99,zero_scale,,,0-0;1-1;2-4,0-0;1-1;2-4,0-0;1-1;2-4,1-1|2-4|0-0|NULL,1-1|2-4|0-0|NULL,3,4,4,2,8,32,1,1,1,0,0.0,15,1
TRAJ-MICRO-V1,12073,100,configured_scale,,,0-1;1-0;2-4,0-1;1-0;2-4,0-1;1-0;2-4,1-0|2-4|0-1|NULL,1-0|2-4|0-1|NULL,3,4,4,2,8,32,1,1,1,0,0.0,15,1
TRAJ-MICRO-V1,12073,100,zero_scale,,,0-1;1-0;2-4,0-1;1-0;2-4,0-1;1-0;2-4,1-0|0-1|2-4|NULL,1-0|0-1|2-4|NULL,3,4,4,2,8,32,1,1,1,0,0.0,15,1
TRAJ-MICRO-V1,12073,101,configured_scale,,,0-0;1-2;2-4,0-0;1-2;2-4,0-0;1-2;2-4,0-0|2-4|1-2|NULL,0-0|2-4|1-2|NULL,3,4,4,2,8,32,1,1,1,0,0.0,15,1
TRAJ-MICRO-V1,12073,101,zero_scale,,,0-0;1-2;2-4,0-0;1-2;2-4,0-0;1-2;2-4,0-0|2-4|1-2|NULL,0-0|2-4|1-2|NULL,3,4,4,2,8,32,1,1,1,0,0.0,15,1
TRAJ-MICRO-V1,12073,102,configured_scale,,,0-1;1-2;2-0,0-1;1-2;2-0,0-1;1-2;2-0,2-0|0-1|1-2|NULL,2-0|0-1|1-2|NULL,3,4,4,2,8,32,1,1,1,0,0.0,15,1
TRAJ-MICRO-V1,12073,102,zero_scale,,,0-1;1-2;2-0,0-1;1-2;2-0,0-1;1-2;2-0,2-0|0-1|1-2|NULL,2-0|0-1|1-2|NULL,3,4,4,2,8,32,1,1,1,0,0.0,15,1
TRAJ-MICRO-V1,12073,103,configured_scale,,,0-1;1-3;2-0,0-1;1-3;2-0,0-1;1-3;2-0,2-0|0-1|1-3|NULL,2-0|0-1|1-3|NULL,3,4,4,2,8,32,1,1,1,0,0.0,15,1
TRAJ-MICRO-V1,12073,103,zero_scale,,,0-1;1-0;2-2,0-1;1-0;2-2,0-1;1-0;2-2,1-0|0-1|2-2|NULL,1-0|0-1|2-2|NULL,3,4,4,2,8,32,1,1,1,0,0.0,15,1
TRAJ-MICRO-V1,12073,104,configured_scale,,,0-0;1-2;2-4,0-0;1-2;2-4,0-0;1-2;2-4,2-4|1-2|0-0|NULL,2-4|1-2|0-0|NULL,3,4,4,2,8,32,1,1,1,0,0.0,15,1
TRAJ-MICRO-V1,12073,104,zero_scale,,,0-0;1-2;2-1,0-0;1-2;2-1,0-0;1-2;2-1,1-2|2-1|0-0|NULL,1-2|2-1|0-0|NULL,3,4,4,2,8,32,1,1,1,0,0.0,15,1
TRAJ-MICRO-V1,12073,105,configured_scale,,,0-1;1-2;2-0,0-1;1-2;2-0,0-1;1-2;2-0,2-0|1-2|0-1|NULL,2-0|1-2|0-1|NULL,3,4,4,2,8,32,1,1,1,0,0.0,15,1
TRAJ-MICRO-V1,12073,105,zero_scale,,,0-2;1-1;2-0,0-2;1-1;2-0,0-2;1-1;2-0,2-0|1-1|0-2|NULL,2-0|1-1|0-2|NULL,3,4,4,2,8,32,1,1,1,0,0.0,15,1
TRAJ-MICRO-V1,12073,106,configured_scale,,,0-1;1-3;2-0,0-1;1-3;2-0,0-1;1-3;2-0,2-0|1-3|0-1|NULL,2-0|1-3|0-1|NULL,3,4,4,2,8,32,1,1,1,0,0.0,15,1
TRAJ-MICRO-V1,12073,106,zero_scale,,,0-1;1-3;2-2,0-1;1-3;2-2,0-1;1-3;2-2,2-2|1-3|0-1|NULL,2-2|1-3|0-1|NULL,3,4,4,2,8,32,1,1,1,0,0.0,15,1
TRAJ-MICRO-V1,12073,107,configured_scale,,,0-0;1-2;2-4,0-0;1-2;2-4,0-0;1-2;2-4,2-4|1-2|0-0|NULL,2-4|1-2|0-0|NULL,3,4,4,2,8,32,1,1,1,0,0.0,15,1
TRAJ-MICRO-V1,12073,107,zero_scale,,,0-0;1-2;2-4,0-0;1-2;2-4,0-0;1-2;2-4,2-4|1-2|0-0|NULL,2-4|1-2|0-0|NULL,3,4,4,2,8,32,1,1,1,0,0.0,15,1
TRAJ-MICRO-V1,12073,108,configured_scale,,,0-1;1-2;2-0,0-1;1-2;2-0,0-1;1-2;2-0,2-0|1-2|0-1|NULL,2-0|1-2|0-1|NULL,3,4,4,2,8,32,1,1,1,0,0.0,15,1
TRAJ-MICRO-V1,12073,108,zero_scale,,,0-1;1-2;2-0,0-1;1-2;2-0,0-1;1-2;2-0,2-0|1-2|0-1|NULL,2-0|1-2|0-1|NULL,3,4,4,2,8,32,1,1,1,0,0.0,15,1
TRAJ-MICRO-V1,12073,109,configured_scale,,,0-1;1-2;2-0,0-1;1-2;2-0,0-1;1-2;2-0,2-0|0-1|1-2|NULL,2-0|0-1|1-2|NULL,3,4,4,2,8,32,1,1,1,0,0.0,15,1
TRAJ-MICRO-V1,12073,109,zero_scale,,,0-1;1-0;2-2,0-1;1-0;2-2,0-1;1-0;2-2,0-1|1-0|2-2|NULL,0-1|1-0|2-2|NULL,3,4,4,2,8,32,1,1,1,0,0.0,15,1
TRAJ-MICRO-V1,12073,110,configured_scale,,,0-0;1-2;2-1,0-0;1-2;2-1,0-0;1-2;2-1,2-1|0-0|1-2|NULL,2-1|0-0|1-2|NULL,3,4,4,2,8,32,1,1,1,0,0.0,15,1
TRAJ-MICRO-V1,12073,110,zero_scale,,,0-0;1-2;2-1,0-0;1-2;2-1,0-0;1-2;2-1,2-1|1-2|0-0|NULL,2-1|1-2|0-0|NULL,3,4,4,2,8,32,1,1,1,0,0.0,15,1
TRAJ-MICRO-V1,12073,111,configured_scale,,,0-1;1-2;2-0,0-1;1-2;2-0,0-1;1-2;2-0,0-1|2-0|1-2|NULL,0-1|2-0|1-2|NULL,3,4,4,2,8,32,1,1,1,0,0.0,15,1
TRAJ-MICRO-V1,12073,111,zero_scale,,,0-1;1-2;2-0,0-1;1-2;2-0,0-1;1-2;2-0,0-1|2-0|1-2|NULL,0-1|2-0|1-2|NULL,3,4,4,2,8,32,1,1,1,0,0.0,15,1
TRAJ-MICRO-V1,12073,112,configured_scale,,,0-1;1-3;2-2,0-1;1-3;2-2,0-1;1-3;2-2,2-2|0-1|1-3|NULL,2-2|0-1|1-3|NULL,3,4,4,2,8,32,1,1,1,0,0.0,15,1
TRAJ-MICRO-V1,12073,112,zero_scale,,,0-1;1-0;2-2,0-1;1-0;2-2,0-1;1-0;2-2,0-1|2-2|1-0|NULL,0-1|2-2|1-0|NULL,3,4,4,2,8,32,1,1,1,0,0.0,15,1
TRAJ-MICRO-V1,12073,113,configured_scale,,,0-0;1-2;2-4,0-0;1-2;2-4,0-0;1-2;2-4,1-2|2-4|0-0|NULL,1-2|2-4|0-0|NULL,3,4,4,2,8,32,1,1,1,0,0.0,15,1
TRAJ-MICRO-V1,12073,113,zero_scale,,,0-0;1-2;2-4,0-0;1-2;2-4,0-0;1-2;2-4,1-2|2-4|0-0|NULL,1-2|2-4|0-0|NULL,3,4,4,2,8,32,1,1,1,0,0.0,15,1
TRAJ-MICRO-V1,12073,114,configured_scale,,,0-1;1-2;2-4,0-1;1-2;2-4,0-1;1-2;2-4,2-4|1-2|0-1|NULL,2-4|1-2|0-1|NULL,3,4,4,2,8,32,1,1,1,0,0.0,15,1
TRAJ-MICRO-V1,12073,114,zero_scale,,,0-1;1-2;2-3,0-1;1-2;2-3,0-1;1-2;2-3,2-3|1-2|0-1|NULL,2-3|1-2|0-1|NULL,3,4,4,2,8,32,1,1,1,0,0.0,15,1
TRAJ-MICRO-V1,12073,115,configured_scale,,,0-1;1-3;2-4,0-1;1-3;2-4,0-1;1-3;2-4,1-3|2-4|0-1|NULL,1-3|2-4|0-1|NULL,3,4,4,2,8,32,1,1,1,0,0.0,15,1
TRAJ-MICRO-V1,12073,115,zero_scale,,,0-1;1-3;2-4,0-1;1-3;2-4,0-1;1-3;2-4,2-4|1-3|0-1|NULL,2-4|1-3|0-1|NULL,3,4,4,2,8,32,1,1,1,0,0.0,15,1
TRAJ-MICRO-V1,12073,116,configured_scale,,,0-0;1-3;2-4,0-0;1-3;2-4,0-0;1-3;2-4,1-3|2-4|0-0|NULL,1-3|2-4|0-0|NULL,3,4,4,2,8,32,1,1,1,0,0.0,15,1
TRAJ-MICRO-V1,12073,116,zero_scale,,,0-0;1-3;2-4,0-0;1-3;2-4,0-0;1-3;2-4,2-4|1-3|0-0|NULL,2-4|1-3|0-0|NULL,3,4,4,2,8,32,1,1,1,0,0.0,15,1
TRAJ-MICRO-V1,12073,117,configured_scale,,,0-3;1-2;2-4,0-3;1-2;2-4,0-3;1-2;2-4,2-4|1-2|0-3|NULL,2-4|1-2|0-3|NULL,3,4,4,2,8,32,1,1,1,0,0.0,15,1
TRAJ-MICRO-V1,12073,117,zero_scale,,,0-2;1-4;2-3,0-2;1-4;2-3,0-2;1-4;2-3,1-4|2-3|0-2|NULL,1-4|2-3|0-2|NULL,3,4,4,2,8,32,1,1,1,0,0.0,15,1
TRAJ-MICRO-V1,12073,118,configured_scale,,,0-1;1-4;2-3,0-1;1-4;2-3,0-1;1-4;2-3,1-4|2-3|0-1|NULL,1-4|2-3|0-1|NULL,3,4,4,2,8,32,1,1,1,0,0.0,15,1
TRAJ-MICRO-V1,12073,118,zero_scale,,,0-1;1-3;2-4,0-1;1-3;2-4,0-1;1-3;2-4,1-3|2-4|0-1|NULL,1-3|2-4|0-1|NULL,3,4,4,2,8,32,1,1,1,0,0.0,15,1
TRAJ-MICRO-V1,12073,119,configured_scale,,,0-0;1-3;2-4,0-0;1-3;2-4,0-0;1-3;2-4,1-3|2-4|0-0|NULL,1-3|2-4|0-0|NULL,3,4,4,2,8,32,1,1,1,0,0.0,15,1
TRAJ-MICRO-V1,12073,119,zero_scale,,,0-3;1-2;2-4,0-3;1-2;2-4,0-3;1-2;2-4,1-2|2-4|0-3|NULL,1-2|2-4|0-3|NULL,3,4,4,2,8,32,1,1,1,0,0.0,15,1
TRAJ-MICRO-V1,12073,120,configured_scale,,,0-3;1-2;2-4,0-3;1-2;2-4,0-3;1-2;2-4,1-2|2-4|0-3|NULL,1-2|2-4|0-3|NULL,3,4,4,2,8,32,1,1,1,0,0.0,15,1
TRAJ-MICRO-V1,12073,120,zero_scale,,,0-2;1-4;2-3,0-2;1-4;2-3,0-2;1-4;2-3,1-4|2-3|0-2|NULL,1-4|2-3|0-2|NULL,3,4,4,2,8,32,1,1,1,0,0.0,15,1
TRAJ-MICRO-V1,12073,121,configured_scale,,,0-4;1-2;2-3,0-4;1-2;2-3,0-4;1-2;2-3,0-4|1-2|2-3|NULL,0-4|1-2|2-3|NULL,3,4,4,2,8,32,1,1,1,0,0.0,15,1
TRAJ-MICRO-V1,12073,121,zero_scale,,,0-4;1-3;2-2,0-4;1-3;2-2,0-4;1-3;2-2,0-4|1-3|2-2|NULL,0-4|1-3|2-2|NULL,3,4,4,2,8,32,1,1,1,0,0.0,15,1
TRAJ-MICRO-V1,12073,122,configured_scale,,,0-3;1-2;2-4,0-3;1-2;2-4,0-3;1-2;2-4,2-4|0-3|1-2|NULL,2-4|0-3|1-2|NULL,3,4,4,2,8,32,1,1,1,0,0.0,15,1
TRAJ-MICRO-V1,12073,122,zero_scale,,,0-3;1-2;2-4,0-3;1-2;2-4,0-3;1-2;2-4,2-4|0-3|1-2|NULL,2-4|0-3|1-2|NULL,3,4,4,2,8,32,1,1,1,0,0.0,15,1
TRAJ-MICRO-V1,12073,123,configured_scale,,,0-4;1-2;2-3,0-4;1-2;2-3,0-4;1-2;2-3,0-4|1-2|2-3|NULL,0-4|1-2|2-3|NULL,3,4,4,2,8,32,1,1,1,0,0.0,15,1
TRAJ-MICRO-V1,12073,123,zero_scale,,,0-4;1-3;2-2,0-4;1-3;2-2,0-4;1-3;2-2,0-4|1-3|2-2|NULL,0-4|1-3|2-2|NULL,3,4,4,2,8,32,1,1,1,0,0.0,15,1
TRAJ-MICRO-V1,12073,124,configured_scale,,,0-4;1-2;2-3,0-4;1-2;2-3,0-4;1-2;2-3,0-4|2-3|1-2|NULL,0-4|2-3|1-2|NULL,3,4,4,2,8,32,1,1,1,0,0.0,15,1
TRAJ-MICRO-V1,12073,124,zero_scale,,,0-4;1-3;2-2,0-4;1-3;2-2,0-4;1-3;2-2,0-4|1-3|2-2|NULL,0-4|1-3|2-2|NULL,3,4,4,2,8,32,1,1,1,0,0.0,15,1
TRAJ-MICRO-V1,12073,125,configured_scale,,,0-3;1-2;2-4,0-3;1-2;2-4,0-3;1-2;2-4,2-4|0-3|1-2|NULL,2-4|0-3|1-2|NULL,3,4,4,2,8,32,1,1,1,0,0.0,15,1
TRAJ-MICRO-V1,12073,125,zero_scale,,,0-3;1-2;2-4,0-3;1-2;2-4,0-3;1-2;2-4,2-4|0-3|1-2|NULL,2-4|0-3|1-2|NULL,3,4,4,2,8,32,1,1,1,0,0.0,15,1
TRAJ-MICRO-V1,12073,126,configured_scale,,,0-2;1-4;2-3,0-2;1-4;2-3,0-2;1-4;2-3,2-3|0-2|1-4|NULL,2-3|0-2|1-4|NULL,3,4,4,2,8,32,1,1,1,0,0.0,15,1
TRAJ-MICRO-V1,12073,126,zero_scale,,,0-2;1-4;2-3,0-2;1-4;2-3,0-2;1-4;2-3,2-3|0-2|1-4|NULL,2-3|0-2|1-4|NULL,3,4,4,2,8,32,1,1,1,0,0.0,15,1
TRAJ-MICRO-V1,12073,127,configured_scale,,,0-1;1-3;2-4,0-1;1-3;2-4,0-1;1-3;2-4,2-4|1-3|0-1|NULL,2-4|1-3|0-1|NULL,3,4,4,2,8,32,1,1,1,0,0.0,15,1
TRAJ-MICRO-V1,12073,127,zero_scale,,,0-1;1-3;2-4,0-1;1-3;2-4,0-1;1-3;2-4,2-4|1-3|0-1|NULL,2-4|1-3|0-1|NULL,3,4,4,2,8,32,1,1,1,0,0.0,15,1
TRAJ-MICRO-V1,12073,128,configured_scale,,,0-3;1-2;2-4,0-3;1-2;2-4,0-3;1-2;2-4,2-4|0-3|1-2|NULL,2-4|0-3|1-2|NULL,3,4,4,2,8,32,1,1,1,0,0.0,15,1
TRAJ-MICRO-V1,12073,128,zero_scale,,,0-0;1-2;2-4,0-0;1-2;2-4,0-0;1-2;2-4,2-4|0-0|1-2|NULL,2-4|0-0|1-2|NULL,3,4,4,2,8,32,1,1,1,0,0.0,15,1
TRAJ-MICRO-V1,12073,129,configured_scale,,,0-2;1-1;2-3,0-2;1-1;2-3,0-2;1-1;2-3,0-2|2-3|1-1|NULL,0-2|2-3|1-1|NULL,3,4,4,2,8,32,1,1,1,0,0.0,15,1
TRAJ-MICRO-V1,12073,129,zero_scale,,,0-2;1-1;2-3,0-2;1-1;2-3,0-2;1-1;2-3,0-2|1-1|2-3|NULL,0-2|1-1|2-3|NULL,3,4,4,2,8,32,1,1,1,0,0.0,15,1
TRAJ-MICRO-V1,12073,130,configured_scale,,,0-1;1-2;2-4,0-1;1-2;2-4,0-1;1-2;2-4,0-1|1-2|2-4|NULL,0-1|1-2|2-4|NULL,3,4,4,2,8,32,1,1,1,0,0.0,15,1
TRAJ-MICRO-V1,12073,130,zero_scale,,,0-1;1-2;2-4,0-1;1-2;2-4,0-1;1-2;2-4,0-1|1-2|2-4|NULL,0-1|1-2|2-4|NULL,3,4,4,2,8,32,1,1,1,0,0.0,15,1
TRAJ-MICRO-V1,12073,131,configured_scale,,,0-1;1-2;2-4,0-1;1-2;2-4,0-1;1-2;2-4,0-1|1-2|2-4|NULL,0-1|1-2|2-4|NULL,3,4,4,2,8,32,1,1,1,0,0.0,15,1
TRAJ-MICRO-V1,12073,131,zero_scale,,,0-0;1-2;2-1,0-0;1-2;2-1,0-0;1-2;2-1,0-0|1-2|2-1|NULL,0-0|1-2|2-1|NULL,3,4,4,2,8,32,1,1,1,0,0.0,15,1
TRAJ-MICRO-V1,12073,132,configured_scale,,,0-1;1-2;2-0,0-1;1-2;2-0,0-1;1-2;2-0,0-1|1-2|2-0|NULL,0-1|1-2|2-0|NULL,3,4,4,2,8,32,1,1,1,0,0.0,15,1
TRAJ-MICRO-V1,12073,132,zero_scale,,,0-1;1-2;2-0,0-1;1-2;2-0,0-1;1-2;2-0,0-1|1-2|2-0|NULL,0-1|1-2|2-0|NULL,3,4,4,2,8,32,1,1,1,0,0.0,15,1
TRAJ-MICRO-V1,12073,133,configured_scale,,,0-1;1-2;2-4,0-1;1-2;2-4,0-1;1-2;2-4,0-1|1-2|2-4|NULL,0-1|1-2|2-4|NULL,3,4,4,2,8,32,1,1,1,0,0.0,15,1
TRAJ-MICRO-V1,12073,133,zero_scale,,,0-1;1-2;2-4,0-1;1-2;2-4,0-1;1-2;2-4,0-1|1-2|2-4|NULL,0-1|1-2|2-4|NULL,3,4,4,2,8,32,1,1,1,0,0.0,15,1
TRAJ-MICRO-V1,12073,134,configured_scale,,,0-1;1-2;2-4,0-1;1-2;2-4,0-1;1-2;2-4,1-2|0-1|2-4|NULL,1-2|0-1|2-4|NULL,3,4,4,2,8,32,1,1,1,0,0.0,15,1
TRAJ-MICRO-V1,12073,134,zero_scale,,,0-0;1-2;2-1,0-0;1-2;2-1,0-0;1-2;2-1,1-2|0-0|2-1|NULL,1-2|0-0|2-1|NULL,3,4,4,2,8,32,1,1,1,0,0.0,15,1
TRAJ-MICRO-V1,12073,135,configured_scale,,,0-1;1-2;2-0,0-1;1-2;2-0,0-1;1-2;2-0,2-0|1-2|0-1|NULL,2-0|1-2|0-1|NULL,3,4,4,2,8,32,1,1,1,0,0.0,15,1
TRAJ-MICRO-V1,12073,135,zero_scale,,,0-2;1-1;2-0,0-2;1-1;2-0,0-2;1-1;2-0,0-2|1-1|2-0|NULL,0-2|1-1|2-0|NULL,3,4,4,2,8,32,1,1,1,0,0.0,15,1
TRAJ-MICRO-V1,12073,136,configured_scale,,,0-4;1-3;2-2,0-4;1-3;2-2,0-4;1-3;2-2,1-3|0-4|2-2|NULL,1-3|0-4|2-2|NULL,3,4,4,2,8,32,1,1,1,0,0.0,15,1
TRAJ-MICRO-V1,12073,136,zero_scale,,,0-1;1-3;2-2,0-1;1-3;2-2,0-1;1-3;2-2,0-1|1-3|2-2|NULL,0-1|1-3|2-2|NULL,3,4,4,2,8,32,1,1,1,0,0.0,15,1
TRAJ-MICRO-V1,12073,137,configured_scale,,,0-0;1-2;2-1,0-0;1-2;2-1,0-0;1-2;2-1,1-2|0-0|2-1|NULL,1-2|0-0|2-1|NULL,3,4,4,2,8,32,1,1,1,0,0.0,15,1
TRAJ-MICRO-V1,12073,137,zero_scale,,,0-0;1-2;2-1,0-0;1-2;2-1,0-0;1-2;2-1,0-0|1-2|2-1|NULL,0-0|1-2|2-1|NULL,3,4,4,2,8,32,1,1,1,0,0.0,15,1
TRAJ-MICRO-V1,12073,138,configured_scale,,,0-2;1-1;2-0,0-2;1-1;2-0,0-2;1-1;2-0,2-0|0-2|1-1|NULL,2-0|0-2|1-1|NULL,3,4,4,2,8,32,1,1,1,0,0.0,15,1
TRAJ-MICRO-V1,12073,138,zero_scale,,,0-1;1-0;2-3,0-1;1-0;2-3,0-1;1-0;2-3,0-1|1-0|2-3|NULL,0-1|1-0|2-3|NULL,3,4,4,2,8,32,1,1,1,0,0.0,15,1
TRAJ-MICRO-V1,12073,139,configured_scale,,,0-1;1-0;2-2,0-1;1-0;2-2,0-1;1-0;2-2,0-1|1-0|2-2|NULL,0-1|1-0|2-2|NULL,3,4,4,2,8,32,1,1,1,0,0.0,15,1
TRAJ-MICRO-V1,12073,139,zero_scale,,,0-1;1-0;2-2,0-1;1-0;2-2,0-1;1-0;2-2,0-1|1-0|2-2|NULL,0-1|1-0|2-2|NULL,3,4,4,2,8,32,1,1,1,0,0.0,15,1
TRAJ-MICRO-V1,12073,140,configured_scale,,,0-1;1-0;2-4,0-1;1-0;2-4,0-1;1-0;2-4,0-1|1-0|2-4|NULL,0-1|1-0|2-4|NULL,3,4,4,2,8,32,1,1,1,0,0.0,15,1
TRAJ-MICRO-V1,12073,140,zero_scale,,,0-0;1-2;2-1,0-0;1-2;2-1,0-0;1-2;2-1,0-0|1-2|2-1|NULL,0-0|1-2|2-1|NULL,3,4,4,2,8,32,1,1,1,0,0.0,15,1
TRAJ-MICRO-V1,12073,141,configured_scale,,,0-0;1-1;2-3,0-0;1-1;2-3,0-0;1-1;2-3,0-0|1-1|2-3|NULL,0-0|1-1|2-3|NULL,3,4,4,2,8,32,1,1,1,0,0.0,15,1
TRAJ-MICRO-V1,12073,141,zero_scale,,,0-0;1-1;2-3,0-0;1-1;2-3,0-0;1-1;2-3,0-0|1-1|2-3|NULL,0-0|1-1|2-3|NULL,3,4,4,2,8,32,1,1,1,0,0.0,15,1
TRAJ-MICRO-V1,12073,142,configured_scale,,,0-0;1-3;2-4,0-0;1-3;2-4,0-0;1-3;2-4,0-0|1-3|2-4|NULL,0-0|1-3|2-4|NULL,3,4,4,2,8,32,1,1,1,0,0.0,15,1
TRAJ-MICRO-V1,12073,142,zero_scale,,,0-0;1-3;2-4,0-0;1-3;2-4,0-0;1-3;2-4,0-0|1-3|2-4|NULL,0-0|1-3|2-4|NULL,3,4,4,2,8,32,1,1,1,0,0.0,15,1
TRAJ-MICRO-V1,12073,143,configured_scale,,,0-0;1-2;2-4,0-0;1-2;2-4,0-0;1-2;2-4,0-0|2-4|1-2|NULL,0-0|2-4|1-2|NULL,3,4,4,2,8,32,1,1,1,0,0.0,15,1
TRAJ-MICRO-V1,12073,143,zero_scale,,,0-0;1-2;2-4,0-0;1-2;2-4,0-0;1-2;2-4,0-0|2-4|1-2|NULL,0-0|2-4|1-2|NULL,3,4,4,2,8,32,1,1,1,0,0.0,15,1
TRAJ-MICRO-V1,12073,144,configured_scale,,,0-0;1-1;2-4,0-0;1-1;2-4,0-0;1-1;2-4,0-0|2-4|1-1|NULL,0-0|2-4|1-1|NULL,3,4,4,2,8,32,1,1,1,0,0.0,15,1
TRAJ-MICRO-V1,12073,144,zero_scale,,,0-0;1-1;2-4,0-0;1-1;2-4,0-0;1-1;2-4,0-0|1-1|2-4|NULL,0-0|1-1|2-4|NULL,3,4,4,2,8,32,1,1,1,0,0.0,15,1
TRAJ-MICRO-V1,12073,145,configured_scale,,,0-0;1-3;2-4,0-0;1-3;2-4,0-0;1-3;2-4,0-0|2-4|1-3|NULL,0-0|2-4|1-3|NULL,3,4,4,2,8,32,1,1,1,0,0.0,15,1
TRAJ-MICRO-V1,12073,145,zero_scale,,,0-1;1-3;2-4,0-1;1-3;2-4,0-1;1-3;2-4,0-1|2-4|1-3|NULL,0-1|2-4|1-3|NULL,3,4,4,2,8,32,1,1,1,0,0.0,15,1
TRAJ-MICRO-V1,12073,146,configured_scale,,,0-0;1-3;2-4,0-0;1-3;2-4,0-0;1-3;2-4,2-4|0-0|1-3|NULL,2-4|0-0|1-3|NULL,3,4,4,2,8,32,1,1,1,0,0.0,15,1
TRAJ-MICRO-V1,12073,146,zero_scale,,,0-0;1-2;2-4,0-0;1-2;2-4,0-0;1-2;2-4,2-4|0-0|1-2|NULL,2-4|0-0|1-2|NULL,3,4,4,2,8,32,1,1,1,0,0.0,15,1
TRAJ-MICRO-V1,12073,147,configured_scale,,,0-1;1-4;2-3,0-1;1-4;2-3,0-1;1-4;2-3,1-4|0-1|2-3|NULL,1-4|0-1|2-3|NULL,3,4,4,2,8,32,1,1,1,0,0.0,15,1
TRAJ-MICRO-V1,12073,147,zero_scale,,,0-1;1-4;2-3,0-1;1-4;2-3,0-1;1-4;2-3,1-4|0-1|2-3|NULL,1-4|0-1|2-3|NULL,3,4,4,2,8,32,1,1,1,0,0.0,15,1
TRAJ-MICRO-V1,12073,148,configured_scale,,,0-1;1-3;2-2,0-1;1-3;2-2,0-1;1-3;2-2,1-3|0-1|2-2|NULL,1-3|0-1|2-2|NULL,3,4,4,2,8,32,1,1,1,0,0.0,15,1
TRAJ-MICRO-V1,12073,148,zero_scale,,,0-1;1-3;2-2,0-1;1-3;2-2,0-1;1-3;2-2,1-3|0-1|2-2|NULL,1-3|0-1|2-2|NULL,3,4,4,2,8,32,1,1,1,0,0.0,15,1
TRAJ-MICRO-V1,12073,149,configured_scale,,,0-3;1-2;2-1,0-3;1-2;2-1,0-3;1-2;2-1,1-2|2-1|0-3|NULL,1-2|2-1|0-3|NULL,3,4,4,2,8,32,1,1,1,0,0.0,15,1
TRAJ-MICRO-V1,12073,149,zero_scale,,,0-3;1-2;2-1,0-3;1-2;2-1,0-3;1-2;2-1,1-2|2-1|0-3|NULL,1-2|2-1|0-3|NULL,3,4,4,2,8,32,1,1,1,0,0.0,15,1
TRAJ-MICRO-V1,12073,150,configured_scale,,,0-1;1-2;2-0,0-1;1-2;2-0,0-1;1-2;2-0,1-2|2-0|0-1|NULL,1-2|2-0|0-1|NULL,3,4,4,2,8,32,1,1,1,0,0.0,15,1
TRAJ-MICRO-V1,12073,150,zero_scale,,,0-1;1-2;2-3,0-1;1-2;2-3,0-1;1-2;2-3,1-2|2-3|0-1|NULL,1-2|2-3|0-1|NULL,3,4,4,2,8,32,1,1,1,0,0.0,15,1
TRAJ-MICRO-V1,12073,151,configured_scale,,,0-1;1-2;2-3,0-1;1-2;2-3,0-1;1-2;2-3,1-2|2-3|0-1|NULL,1-2|2-3|0-1|NULL,3,4,4,2,8,32,1,1,1,0,0.0,15,1
TRAJ-MICRO-V1,12073,151,zero_scale,,,0-1;1-2;2-3,0-1;1-2;2-3,0-1;1-2;2-3,1-2|0-1|2-3|NULL,1-2|0-1|2-3|NULL,3,4,4,2,8,32,1,1,1,0,0.0,15,1
TRAJ-MICRO-V1,12073,152,configured_scale,,,0-2;1-3;2-1,0-2;1-3;2-1,0-2;1-3;2-1,1-3|2-1|0-2|NULL,1-3|2-1|0-2|NULL,3,4,4,2,8,32,1,1,1,0,0.0,15,1
TRAJ-MICRO-V1,12073,152,zero_scale,,,0-3;1-2;2-1,0-3;1-2;2-1,0-3;1-2;2-1,1-2|2-1|0-3|NULL,1-2|2-1|0-3|NULL,3,4,4,2,8,32,1,1,1,0,0.0,15,1
TRAJ-MICRO-V1,12073,153,configured_scale,,,0-4;1-2;2-3,0-4;1-2;2-3,0-4;1-2;2-3,2-3|1-2|0-4|NULL,2-3|1-2|0-4|NULL,3,4,4,2,8,32,1,1,1,0,0.0,15,1
TRAJ-MICRO-V1,12073,153,zero_scale,,,0-1;1-2;2-3,0-1;1-2;2-3,0-1;1-2;2-3,2-3|1-2|0-1|NULL,2-3|1-2|0-1|NULL,3,4,4,2,8,32,1,1,1,0,0.0,15,1
TRAJ-MICRO-V1,12073,154,configured_scale,,,0-1;1-4;2-3,0-1;1-4;2-3,0-1;1-4;2-3,2-3|1-4|0-1|NULL,2-3|1-4|0-1|NULL,3,4,4,2,8,32,1,1,1,0,0.0,15,1
TRAJ-MICRO-V1,12073,154,zero_scale,,,0-1;1-3;2-4,0-1;1-3;2-4,0-1;1-3;2-4,2-4|1-3|0-1|NULL,2-4|1-3|0-1|NULL,3,4,4,2,8,32,1,1,1,0,0.0,15,1
TRAJ-MICRO-V1,12073,155,configured_scale,,,0-0;1-3;2-4,0-0;1-3;2-4,0-0;1-3;2-4,2-4|1-3|0-0|NULL,2-4|1-3|0-0|NULL,3,4,4,2,8,32,1,1,1,0,0.0,15,1
TRAJ-MICRO-V1,12073,155,zero_scale,,,0-0;1-3;2-4,0-0;1-3;2-4,0-0;1-3;2-4,2-4|1-3|0-0|NULL,2-4|1-3|0-0|NULL,3,4,4,2,8,32,1,1,1,0,0.0,15,1
TRAJ-MICRO-V1,12073,156,configured_scale,,,0-2;1-3;2-4,0-2;1-3;2-4,0-2;1-3;2-4,2-4|1-3|0-2|NULL,2-4|1-3|0-2|NULL,3,4,4,2,8,32,1,1,1,0,0.0,15,1
TRAJ-MICRO-V1,12073,156,zero_scale,,,0-2;1-3;2-4,0-2;1-3;2-4,0-2;1-3;2-4,2-4|1-3|0-2|NULL,2-4|1-3|0-2|NULL,3,4,4,2,8,32,1,1,1,0,0.0,15,1
TRAJ-MICRO-V1,12073,157,configured_scale,,,0-1;1-3;2-4,0-1;1-3;2-4,0-1;1-3;2-4,2-4|1-3|0-1|NULL,2-4|1-3|0-1|NULL,3,4,4,2,8,32,1,1,1,0,0.0,15,1
TRAJ-MICRO-V1,12073,157,zero_scale,,,0-1;1-3;2-4,0-1;1-3;2-4,0-1;1-3;2-4,2-4|1-3|0-1|NULL,2-4|1-3|0-1|NULL,3,4,4,2,8,32,1,1,1,0,0.0,15,1
TRAJ-MICRO-V1,12073,158,configured_scale,,,0-0;1-2;2-4,0-0;1-2;2-4,0-0;1-2;2-4,2-4|1-2|0-0|NULL,2-4|1-2|0-0|NULL,3,4,4,2,8,32,1,1,1,0,0.0,15,1
TRAJ-MICRO-V1,12073,158,zero_scale,,,0-0;1-2;2-4,0-0;1-2;2-4,0-0;1-2;2-4,2-4|1-2|0-0|NULL,2-4|1-2|0-0|NULL,3,4,4,2,8,32,1,1,1,0,0.0,15,1
TRAJ-MICRO-V1,12073,159,configured_scale,,,0-0;1-3;2-4,0-0;1-3;2-4,0-0;1-3;2-4,2-4|0-0|1-3|NULL,2-4|0-0|1-3|NULL,3,4,4,2,8,32,1,1,1,0,0.0,15,1
TRAJ-MICRO-V1,12073,159,zero_scale,,,0-1;1-3;2-4,0-1;1-3;2-4,0-1;1-3;2-4,2-4|1-3|0-1|NULL,2-4|1-3|0-1|NULL,3,4,4,2,8,32,1,1,1,0,0.0,15,1
TRAJ-MICRO-V1,12073,160,configured_scale,,,0-1;1-3;2-4,0-1;1-3;2-4,0-1;1-3;2-4,2-4|0-1|1-3|NULL,2-4|0-1|1-3|NULL,3,4,4,2,8,32,1,1,1,0,0.0,15,1
TRAJ-MICRO-V1,12073,160,zero_scale,,,0-1;1-3;2-4,0-1;1-3;2-4,0-1;1-3;2-4,2-4|0-1|1-3|NULL,2-4|0-1|1-3|NULL,3,4,4,2,8,32,1,1,1,0,0.0,15,1
TRAJ-MICRO-V1,12073,161,configured_scale,,,0-1;1-2;2-4,0-1;1-2;2-4,0-1;1-2;2-4,2-4|0-1|1-2|NULL,2-4|0-1|1-2|NULL,3,4,4,2,8,32,1,1,1,0,0.0,15,1
TRAJ-MICRO-V1,12073,161,zero_scale,,,0-0;1-2;2-4,0-0;1-2;2-4,0-0;1-2;2-4,2-4|1-2|0-0|NULL,2-4|1-2|0-0|NULL,3,4,4,2,8,32,1,1,1,0,0.0,15,1
TRAJ-MICRO-V1,12073,162,configured_scale,,,0-1;1-2;2-0,0-1;1-2;2-0,0-1;1-2;2-0,2-0|1-2|0-1|NULL,2-0|1-2|0-1|NULL,3,4,4,2,8,32,1,1,1,0,0.0,15,1
TRAJ-MICRO-V1,12073,162,zero_scale,,,0-1;1-2;2-3,0-1;1-2;2-3,0-1;1-2;2-3,2-3|1-2|0-1|NULL,2-3|1-2|0-1|NULL,3,4,4,2,8,32,1,1,1,0,0.0,15,1
TRAJ-MICRO-V1,12073,163,configured_scale,,,0-1;1-3;2-2,0-1;1-3;2-2,0-1;1-3;2-2,2-2|1-3|0-1|NULL,2-2|1-3|0-1|NULL,3,4,4,2,8,32,1,1,1,0,0.0,15,1
TRAJ-MICRO-V1,12073,163,zero_scale,,,0-1;1-3;2-2,0-1;1-3;2-2,0-1;1-3;2-2,2-2|1-3|0-1|NULL,2-2|1-3|0-1|NULL,3,4,4,2,8,32,1,1,1,0,0.0,15,1
TRAJ-MICRO-V1,12073,164,configured_scale,,,0-2;1-3;2-1,0-2;1-3;2-1,0-2;1-3;2-1,2-1|1-3|0-2|NULL,2-1|1-3|0-2|NULL,3,4,4,2,8,32,1,1,1,0,0.0,15,1
TRAJ-MICRO-V1,12073,164,zero_scale,,,0-3;1-2;2-1,0-3;1-2;2-1,0-3;1-2;2-1,1-2|2-1|0-3|NULL,1-2|2-1|0-3|NULL,3,4,4,2,8,32,1,1,1,0,0.0,15,1
TRAJ-MICRO-V1,12073,165,configured_scale,,,0-1;1-2;2-0,0-1;1-2;2-0,0-1;1-2;2-0,2-0|1-2|0-1|NULL,2-0|1-2|0-1|NULL,3,4,4,2,8,32,1,1,1,0,0.0,15,1
TRAJ-MICRO-V1,12073,165,zero_scale,,,0-1;1-2;2-3,0-1;1-2;2-3,0-1;1-2;2-3,2-3|1-2|0-1|NULL,2-3|1-2|0-1|NULL,3,4,4,2,8,32,1,1,1,0,0.0,15,1
TRAJ-MICRO-V1,12073,166,configured_scale,,,0-4;1-2;2-1,0-4;1-2;2-1,0-4;1-2;2-1,1-2|2-1|0-4|NULL,1-2|2-1|0-4|NULL,3,4,4,2,8,32,1,1,1,0,0.0,15,1
TRAJ-MICRO-V1,12073,166,zero_scale,,,0-1;1-2;2-4,0-1;1-2;2-4,0-1;1-2;2-4,1-2|0-1|2-4|NULL,1-2|0-1|2-4|NULL,3,4,4,2,8,32,1,1,1,0,0.0,15,1
TRAJ-MICRO-V1,12073,167,configured_scale,,,0-0;1-2;2-1,0-0;1-2;2-1,0-0;1-2;2-1,1-2|2-1|0-0|NULL,1-2|2-1|0-0|NULL,3,4,4,2,8,32,1,1,1,0,0.0,15,1
TRAJ-MICRO-V1,12073,167,zero_scale,,,0-0;1-2;2-1,0-0;1-2;2-1,0-0;1-2;2-1,1-2|2-1|0-0|NULL,1-2|2-1|0-0|NULL,3,4,4,2,8,32,1,1,1,0,0.0,15,1
TRAJ-MICRO-V1,12073,168,configured_scale,,,0-2;1-1;2-0,0-2;1-1;2-0,0-2;1-1;2-0,1-1|2-0|0-2|NULL,1-1|2-0|0-2|NULL,3,4,4,2,8,32,1,1,1,0,0.0,15,1
TRAJ-MICRO-V1,12073,168,zero_scale,,,0-2;1-1;2-0,0-2;1-1;2-0,0-2;1-1;2-0,1-1|0-2|2-0|NULL,1-1|0-2|2-0|NULL,3,4,4,2,8,32,1,1,1,0,0.0,15,1
TRAJ-MICRO-V1,12073,169,configured_scale,,,0-1;1-0;2-2,0-1;1-0;2-2,0-1;1-0;2-2,0-1|1-0|2-2|NULL,0-1|1-0|2-2|NULL,3,4,4,2,8,32,1,1,1,0,0.0,15,1
TRAJ-MICRO-V1,12073,169,zero_scale,,,0-1;1-0;2-2,0-1;1-0;2-2,0-1;1-0;2-2,0-1|1-0|2-2|NULL,0-1|1-0|2-2|NULL,3,4,4,2,8,32,1,1,1,0,0.0,15,1
TRAJ-MICRO-V1,12073,170,configured_scale,,,0-1;1-2;2-4,0-1;1-2;2-4,0-1;1-2;2-4,1-2|0-1|2-4|NULL,1-2|0-1|2-4|NULL,3,4,4,2,8,32,1,1,1,0,0.0,15,1
TRAJ-MICRO-V1,12073,170,zero_scale,,,0-0;1-2;2-4,0-0;1-2;2-4,0-0;1-2;2-4,0-0|1-2|2-4|NULL,0-0|1-2|2-4|NULL,3,4,4,2,8,32,1,1,1,0,0.0,15,1
TRAJ-MICRO-V1,12073,171,configured_scale,,,0-0;1-1;2-4,0-0;1-1;2-4,0-0;1-1;2-4,1-1|0-0|2-4|NULL,1-1|0-0|2-4|NULL,3,4,4,2,8,32,1,1,1,0,0.0,15,1
TRAJ-MICRO-V1,12073,171,zero_scale,,,0-0;1-1;2-3,0-0;1-1;2-3,0-0;1-1;2-3,0-0|1-1|2-3|NULL,0-0|1-1|2-3|NULL,3,4,4,2,8,32,1,1,1,0,0.0,15,1
TRAJ-MICRO-V1,12073,172,configured_scale,,,0-1;1-0;2-4,0-1;1-0;2-4,0-1;1-0;2-4,1-0|0-1|2-4|NULL,1-0|0-1|2-4|NULL,3,4,4,2,8,32,1,1,1,0,0.0,15,1
TRAJ-MICRO-V1,12073,172,zero_scale,,,0-1;1-0;2-4,0-1;1-0;2-4,0-1;1-0;2-4,1-0|0-1|2-4|NULL,1-0|0-1|2-4|NULL,3,4,4,2,8,32,1,1,1,0,0.0,15,1
TRAJ-MICRO-V1,12073,173,configured_scale,,,0-0;1-2;2-4,0-0;1-2;2-4,0-0;1-2;2-4,2-4|0-0|1-2|NULL,2-4|0-0|1-2|NULL,3,4,4,2,8,32,1,1,1,0,0.0,15,1
TRAJ-MICRO-V1,12073,173,zero_scale,,,0-0;1-2;2-4,0-0;1-2;2-4,0-0;1-2;2-4,0-0|2-4|1-2|NULL,0-0|2-4|1-2|NULL,3,4,4,2,8,32,1,1,1,0,0.0,15,1
TRAJ-MICRO-V1,12073,174,configured_scale,,,0-0;1-1;2-4,0-0;1-1;2-4,0-0;1-1;2-4,2-4|0-0|1-1|NULL,2-4|0-0|1-1|NULL,3,4,4,2,8,32,1,1,1,0,0.0,15,1
TRAJ-MICRO-V1,12073,174,zero_scale,,,0-0;1-4;2-3,0-0;1-4;2-3,0-0;1-4;2-3,0-0|1-4|2-3|NULL,0-0|1-4|2-3|NULL,3,4,4,2,8,32,1,1,1,0,0.0,15,1
TRAJ-MICRO-V1,12073,175,configured_scale,,,0-0;1-3;2-4,0-0;1-3;2-4,0-0;1-3;2-4,2-4|1-3|0-0|NULL,2-4|1-3|0-0|NULL,3,4,4,2,8,32,1,1,1,0,0.0,15,1
TRAJ-MICRO-V1,12073,175,zero_scale,,,0-1;1-3;2-4,0-1;1-3;2-4,0-1;1-3;2-4,0-1|1-3|2-4|NULL,0-1|1-3|2-4|NULL,3,4,4,2,8,32,1,1,1,0,0.0,15,1
TRAJ-MICRO-V1,12073,176,configured_scale,,,0-0;1-2;2-4,0-0;1-2;2-4,0-0;1-2;2-4,0-0|2-4|1-2|NULL,0-0|2-4|1-2|NULL,3,4,4,2,8,32,1,1,1,0,0.0,15,1
TRAJ-MICRO-V1,12073,176,zero_scale,,,0-0;1-2;2-4,0-0;1-2;2-4,0-0;1-2;2-4,0-0|1-2|2-4|NULL,0-0|1-2|2-4|NULL,3,4,4,2,8,32,1,1,1,0,0.0,15,1
TRAJ-MICRO-V1,12073,177,configured_scale,,,0-0;1-2;2-3,0-0;1-2;2-3,0-0;1-2;2-3,0-0|1-2|2-3|NULL,0-0|1-2|2-3|NULL,3,4,4,2,8,32,1,1,1,0,0.0,15,1
TRAJ-MICRO-V1,12073,177,zero_scale,,,0-2;1-1;2-0,0-2;1-1;2-0,0-2;1-1;2-0,0-2|1-1|2-0|NULL,0-2|1-1|2-0|NULL,3,4,4,2,8,32,1,1,1,0,0.0,15,1
TRAJ-MICRO-V1,12073,178,configured_scale,,,0-4;1-3;2-0,0-4;1-3;2-0,0-4;1-3;2-0,0-4|1-3|2-0|NULL,0-4|1-3|2-0|NULL,3,4,4,2,8,32,1,1,1,0,0.0,15,1
TRAJ-MICRO-V1,12073,178,zero_scale,,,0-1;1-3;2-2,0-1;1-3;2-2,0-1;1-3;2-2,0-1|1-3|2-2|NULL,0-1|1-3|2-2|NULL,3,4,4,2,8,32,1,1,1,0,0.0,15,1
TRAJ-MICRO-V1,12073,179,configured_scale,,,0-0;1-2;2-1,0-0;1-2;2-1,0-0;1-2;2-1,1-2|0-0|2-1|NULL,1-2|0-0|2-1|NULL,3,4,4,2,8,32,1,1,1,0,0.0,15,1
TRAJ-MICRO-V1,12073,179,zero_scale,,,0-0;1-2;2-1,0-0;1-2;2-1,0-0;1-2;2-1,0-0|1-2|2-1|NULL,0-0|1-2|2-1|NULL,3,4,4,2,8,32,1,1,1,0,0.0,15,1
TRAJ-MICRO-V1,12073,180,configured_scale,,,0-0;1-2;2-3,0-0;1-2;2-3,0-0;1-2;2-3,0-0|1-2|2-3|NULL,0-0|1-2|2-3|NULL,3,4,4,2,8,32,1,1,1,0,0.0,15,1
TRAJ-MICRO-V1,12073,180,zero_scale,,,0-2;1-1;2-0,0-2;1-1;2-0,0-2;1-1;2-0,0-2|1-1|2-0|NULL,0-2|1-1|2-0|NULL,3,4,4,2,8,32,1,1,1,0,0.0,15,1
TRAJ-MICRO-V1,12073,181,configured_scale,,,0-4;1-3;2-2,0-4;1-3;2-2,0-4;1-3;2-2,1-3|0-4|2-2|NULL,1-3|0-4|2-2|NULL,3,4,4,2,8,32,1,1,1,0,0.0,15,1
TRAJ-MICRO-V1,12073,181,zero_scale,,,0-1;1-3;2-2,0-1;1-3;2-2,0-1;1-3;2-2,0-1|1-3|2-2|NULL,0-1|1-3|2-2|NULL,3,4,4,2,8,32,1,1,1,0,0.0,15,1
TRAJ-MICRO-V1,12073,182,configured_scale,,,0-0;1-2;2-4,0-0;1-2;2-4,0-0;1-2;2-4,0-0|2-4|1-2|NULL,0-0|2-4|1-2|NULL,3,4,4,2,8,32,1,1,1,0,0.0,15,1
TRAJ-MICRO-V1,12073,182,zero_scale,,,0-0;1-2;2-4,0-0;1-2;2-4,0-0;1-2;2-4,0-0|1-2|2-4|NULL,0-0|1-2|2-4|NULL,3,4,4,2,8,32,1,1,1,0,0.0,15,1
TRAJ-MICRO-V1,12073,183,configured_scale,,,0-0;1-2;2-4,0-0;1-2;2-4,0-0;1-2;2-4,2-4|0-0|1-2|NULL,2-4|0-0|1-2|NULL,3,4,4,2,8,32,1,1,1,0,0.0,15,1
TRAJ-MICRO-V1,12073,183,zero_scale,,,0-1;1-4;2-3,0-1;1-4;2-3,0-1;1-4;2-3,0-1|2-3|1-4|NULL,0-1|2-3|1-4|NULL,3,4,4,2,8,32,1,1,1,0,0.0,15,1
TRAJ-MICRO-V1,12073,184,configured_scale,,,0-1;1-3;2-4,0-1;1-3;2-4,0-1;1-3;2-4,2-4|0-1|1-3|NULL,2-4|0-1|1-3|NULL,3,4,4,2,8,32,1,1,1,0,0.0,15,1
TRAJ-MICRO-V1,12073,184,zero_scale,,,0-1;1-3;2-4,0-1;1-3;2-4,0-1;1-3;2-4,0-1|2-4|1-3|NULL,0-1|2-4|1-3|NULL,3,4,4,2,8,32,1,1,1,0,0.0,15,1
TRAJ-MICRO-V1,12073,185,configured_scale,,,0-1;1-2;2-4,0-1;1-2;2-4,0-1;1-2;2-4,2-4|0-1|1-2|NULL,2-4|0-1|1-2|NULL,3,4,4,2,8,32,1,1,1,0,0.0,15,1
TRAJ-MICRO-V1,12073,185,zero_scale,,,0-1;1-2;2-4,0-1;1-2;2-4,0-1;1-2;2-4,2-4|0-1|1-2|NULL,2-4|0-1|1-2|NULL,3,4,4,2,8,32,1,1,1,0,0.0,15,1
TRAJ-MICRO-V1,12073,186,configured_scale,,,0-2;1-1;2-4,0-2;1-1;2-4,0-2;1-1;2-4,0-2|1-1|2-4|NULL,0-2|1-1|2-4|NULL,3,4,4,2,8,32,1,1,1,0,0.0,15,1
TRAJ-MICRO-V1,12073,186,zero_scale,,,0-2;1-1;2-3,0-2;1-1;2-3,0-2;1-1;2-3,0-2|1-1|2-3|NULL,0-2|1-1|2-3|NULL,3,4,4,2,8,32,1,1,1,0,0.0,15,1
TRAJ-MICRO-V1,12073,187,configured_scale,,,0-1;1-3;2-2,0-1;1-3;2-2,0-1;1-3;2-2,0-1|2-2|1-3|NULL,0-1|2-2|1-3|NULL,3,4,4,2,8,32,1,1,1,0,0.0,15,1
TRAJ-MICRO-V1,12073,187,zero_scale,,,0-1;1-2;2-4,0-1;1-2;2-4,0-1;1-2;2-4,0-1|1-2|2-4|NULL,0-1|1-2|2-4|NULL,3,4,4,2,8,32,1,1,1,0,0.0,15,1
TRAJ-MICRO-V1,12073,188,configured_scale,,,0-0;1-2;2-4,0-0;1-2;2-4,0-0;1-2;2-4,0-0|1-2|2-4|NULL,0-0|1-2|2-4|NULL,3,4,4,2,8,32,1,1,1,0,0.0,15,1
TRAJ-MICRO-V1,12073,188,zero_scale,,,0-0;1-2;2-4,0-0;1-2;2-4,0-0;1-2;2-4,0-0|1-2|2-4|NULL,0-0|1-2|2-4|NULL,3,4,4,2,8,32,1,1,1,0,0.0,15,1
TRAJ-MICRO-V1,12073,189,configured_scale,,,0-1;1-2;2-3,0-1;1-2;2-3,0-1;1-2;2-3,0-1|2-3|1-2|NULL,0-1|2-3|1-2|NULL,3,4,4,2,8,32,1,1,1,0,0.0,15,1
TRAJ-MICRO-V1,12073,189,zero_scale,,,0-1;1-2;2-3,0-1;1-2;2-3,0-1;1-2;2-3,0-1|1-2|2-3|NULL,0-1|1-2|2-3|NULL,3,4,4,2,8,32,1,1,1,0,0.0,15,1
TRAJ-MICRO-V1,12073,190,configured_scale,,,0-1;1-3;2-2,0-1;1-3;2-2,0-1;1-3;2-2,0-1|1-3|2-2|NULL,0-1|1-3|2-2|NULL,3,4,4,2,8,32,1,1,1,0,0.0,15,1
TRAJ-MICRO-V1,12073,190,zero_scale,,,0-1;1-3;2-2,0-1;1-3;2-2,0-1;1-3;2-2,0-1|1-3|2-2|NULL,0-1|1-3|2-2|NULL,3,4,4,2,8,32,1,1,1,0,0.0,15,1
TRAJ-MICRO-V1,12073,191,configured_scale,,,0-3;1-2;2-4,0-3;1-2;2-4,0-3;1-2;2-4,1-2|2-4|0-3|NULL,1-2|2-4|0-3|NULL,3,4,4,2,8,32,1,1,1,0,0.0,15,1
TRAJ-MICRO-V1,12073,191,zero_scale,,,0-3;1-2;2-4,0-3;1-2;2-4,0-3;1-2;2-4,1-2|0-3|2-4|NULL,1-2|0-3|2-4|NULL,3,4,4,2,8,32,1,1,1,0,0.0,15,1
TRAJ-MICRO-V1,12073,192,configured_scale,,,0-4;1-2;2-3,0-4;1-2;2-3,0-4;1-2;2-3,2-3|1-2|0-4|NULL,2-3|1-2|0-4|NULL,3,4,4,2,8,32,1,1,1,0,0.0,15,1
TRAJ-MICRO-V1,12073,192,zero_scale,,,0-2;1-3;2-4,0-2;1-3;2-4,0-2;1-3;2-4,1-3|0-2|2-4|NULL,1-3|0-2|2-4|NULL,3,4,4,2,8,32,1,1,1,0,0.0,15,1
TRAJ-MICRO-V1,12073,193,configured_scale,,,0-4;1-3;2-2,0-4;1-3;2-2,0-4;1-3;2-2,0-4|1-3|2-2|NULL,0-4|1-3|2-2|NULL,3,4,4,2,8,32,1,1,1,0,0.0,15,1
TRAJ-MICRO-V1,12073,193,zero_scale,,,0-4;1-3;2-2,0-4;1-3;2-2,0-4;1-3;2-2,1-3|0-4|2-2|NULL,1-3|0-4|2-2|NULL,3,4,4,2,8,32,1,1,1,0,0.0,15,1
TRAJ-MICRO-V1,12073,194,configured_scale,,,0-3;1-2;2-4,0-3;1-2;2-4,0-3;1-2;2-4,2-4|0-3|1-2|NULL,2-4|0-3|1-2|NULL,3,4,4,2,8,32,1,1,1,0,0.0,15,1
TRAJ-MICRO-V1,12073,194,zero_scale,,,0-3;1-2;2-4,0-3;1-2;2-4,0-3;1-2;2-4,2-4|0-3|1-2|NULL,2-4|0-3|1-2|NULL,3,4,4,2,8,32,1,1,1,0,0.0,15,1
TRAJ-MICRO-V1,12073,195,configured_scale,,,0-4;1-2;2-3,0-4;1-2;2-3,0-4;1-2;2-3,0-4|1-2|2-3|NULL,0-4|1-2|2-3|NULL,3,4,4,2,8,32,1,1,1,0,0.0,15,1
TRAJ-MICRO-V1,12073,195,zero_scale,,,0-2;1-4;2-3,0-2;1-4;2-3,0-2;1-4;2-3,0-2|1-4|2-3|NULL,0-2|1-4|2-3|NULL,3,4,4,2,8,32,1,1,1,0,0.0,15,1
TRAJ-MICRO-V1,12073,196,configured_scale,,,0-4;1-2;2-3,0-4;1-2;2-3,0-4;1-2;2-3,0-4|1-2|2-3|NULL,0-4|1-2|2-3|NULL,3,4,4,2,8,32,1,1,1,0,0.0,15,1
TRAJ-MICRO-V1,12073,196,zero_scale,,,0-1;1-3;2-4,0-1;1-3;2-4,0-1;1-3;2-4,0-1|1-3|2-4|NULL,0-1|1-3|2-4|NULL,3,4,4,2,8,32,1,1,1,0,0.0,15,1
TRAJ-MICRO-V1,12073,197,configured_scale,,,0-0;1-2;2-4,0-0;1-2;2-4,0-0;1-2;2-4,0-0|2-4|1-2|NULL,0-0|2-4|1-2|NULL,3,4,4,2,8,32,1,1,1,0,0.0,15,1
TRAJ-MICRO-V1,12073,197,zero_scale,,,0-0;1-2;2-4,0-0;1-2;2-4,0-0;1-2;2-4,0-0|2-4|1-2|NULL,0-0|2-4|1-2|NULL,3,4,4,2,8,32,1,1,1,0,0.0,15,1
TRAJ-MICRO-V1,12073,198,configured_scale,,,0-1;1-4;2-3,0-1;1-4;2-3,0-1;1-4;2-3,0-1|1-4|2-3|NULL,0-1|1-4|2-3|NULL,3,4,4,2,8,32,1,1,1,0,0.0,15,1
TRAJ-MICRO-V1,12073,198,zero_scale,,,0-1;1-4;2-3,0-1;1-4;2-3,0-1;1-4;2-3,0-1|1-4|2-3|NULL,0-1|1-4|2-3|NULL,3,4,4,2,8,32,1,1,1,0,0.0,15,1
TRAJ-MICRO-V1,12073,199,configured_scale,,,0-0;1-3;2-4,0-0;1-3;2-4,0-0;1-3;2-4,0-0|1-3|2-4|NULL,0-0|1-3|2-4|NULL,3,4,4,2,8,32,1,1,1,0,0.0,15,1
TRAJ-MICRO-V1,12073,199,zero_scale,,,0-1;1-3;2-4,0-1;1-3;2-4,0-1;1-3;2-4,0-1|1-3|2-4|NULL,0-1|1-3|2-4|NULL,3,4,4,2,8,32,1,1,1,0,0.0,15,1
TRAJ-MICRO-V1,12073,200,configured_scale,,,0-0;1-2;2-3,0-0;1-2;2-3,0-0;1-2;2-3,0-0|1-2|2-3|NULL,0-0|1-2|2-3|NULL,3,4,4,2,8,32,1,1,1,0,0.0,15,1
TRAJ-MICRO-V1,12073,200,zero_scale,,,0-0;1-2;2-4,0-0;1-2;2-4,0-0;1-2;2-4,0-0|1-2|2-4|NULL,0-0|1-2|2-4|NULL,3,4,4,2,8,32,1,1,1,0,0.0,15,1
TRAJ-MICRO-V1,12073,201,configured_scale,,,0-2;1-3;2-4,0-2;1-3;2-4,0-2;1-3;2-4,1-3|2-4|0-2|NULL,1-3|2-4|0-2|NULL,3,4,4,2,8,32,1,1,1,0,0.0,15,1
TRAJ-MICRO-V1,12073,201,zero_scale,,,0-2;1-1;2-3,0-2;1-1;2-3,0-2;1-1;2-3,2-3|1-1|0-2|NULL,2-3|1-1|0-2|NULL,3,4,4,2,8,32,1,1,1,0,0.0,15,1
TRAJ-MICRO-V1,12073,202,configured_scale,,,0-1;1-3;2-4,0-1;1-3;2-4,0-1;1-3;2-4,1-3|2-4|0-1|NULL,1-3|2-4|0-1|NULL,3,4,4,2,8,32,1,1,1,0,0.0,15,1
TRAJ-MICRO-V1,12073,202,zero_scale,,,0-1;1-3;2-4,0-1;1-3;2-4,0-1;1-3;2-4,1-3|2-4|0-1|NULL,1-3|2-4|0-1|NULL,3,4,4,2,8,32,1,1,1,0,0.0,15,1
TRAJ-MICRO-V1,12073,203,configured_scale,,,0-3;1-2;2-4,0-3;1-2;2-4,0-3;1-2;2-4,2-4|1-2|0-3|NULL,2-4|1-2|0-3|NULL,3,4,4,2,8,32,1,1,1,0,0.0,15,1
TRAJ-MICRO-V1,12073,203,zero_scale,,,0-3;1-2;2-4,0-3;1-2;2-4,0-3;1-2;2-4,1-2|2-4|0-3|NULL,1-2|2-4|0-3|NULL,3,4,4,2,8,32,1,1,1,0,0.0,15,1
TRAJ-MICRO-V1,12073,204,configured_scale,,,0-1;1-2;2-4,0-1;1-2;2-4,0-1;1-2;2-4,1-2|2-4|0-1|NULL,1-2|2-4|0-1|NULL,3,4,4,2,8,32,1,1,1,0,0.0,15,1
TRAJ-MICRO-V1,12073,204,zero_scale,,,0-1;1-2;2-3,0-1;1-2;2-3,0-1;1-2;2-3,1-2|2-3|0-1|NULL,1-2|2-3|0-1|NULL,3,4,4,2,8,32,1,1,1,0,0.0,15,1
TRAJ-MICRO-V1,12073,205,configured_scale,,,0-1;1-3;2-4,0-1;1-3;2-4,0-1;1-3;2-4,1-3|2-4|0-1|NULL,1-3|2-4|0-1|NULL,3,4,4,2,8,32,1,1,1,0,0.0,15,1
TRAJ-MICRO-V1,12073,205,zero_scale,,,0-1;1-3;2-2,0-1;1-3;2-2,0-1;1-3;2-2,1-3|2-2|0-1|NULL,1-3|2-2|0-1|NULL,3,4,4,2,8,32,1,1,1,0,0.0,15,1
TRAJ-MICRO-V1,12073,206,configured_scale,,,0-3;1-2;2-1,0-3;1-2;2-1,0-3;1-2;2-1,1-2|2-1|0-3|NULL,1-2|2-1|0-3|NULL,3,4,4,2,8,32,1,1,1,0,0.0,15,1
TRAJ-MICRO-V1,12073,206,zero_scale,,,0-3;1-2;2-1,0-3;1-2;2-1,0-3;1-2;2-1,1-2|2-1|0-3|NULL,1-2|2-1|0-3|NULL,3,4,4,2,8,32,1,1,1,0,0.0,15,1
TRAJ-MICRO-V1,12073,207,configured_scale,,,0-1;1-2;2-0,0-1;1-2;2-0,0-1;1-2;2-0,2-0|1-2|0-1|NULL,2-0|1-2|0-1|NULL,3,4,4,2,8,32,1,1,1,0,0.0,15,1
TRAJ-MICRO-V1,12073,207,zero_scale,,,0-2;1-1;2-3,0-2;1-1;2-3,0-2;1-1;2-3,1-1|2-3|0-2|NULL,1-1|2-3|0-2|NULL,3,4,4,2,8,32,1,1,1,0,0.0,15,1
TRAJ-MICRO-V1,12073,208,configured_scale,,,0-1;1-3;2-4,0-1;1-3;2-4,0-1;1-3;2-4,1-3|2-4|0-1|NULL,1-3|2-4|0-1|NULL,3,4,4,2,8,32,1,1,1,0,0.0,15,1
TRAJ-MICRO-V1,12073,208,zero_scale,,,0-1;1-3;2-2,0-1;1-3;2-2,0-1;1-3;2-2,1-3|0-1|2-2|NULL,1-3|0-1|2-2|NULL,3,4,4,2,8,32,1,1,1,0,0.0,15,1
TRAJ-MICRO-V1,12073,209,configured_scale,,,0-0;1-2;2-4,0-0;1-2;2-4,0-0;1-2;2-4,2-4|1-2|0-0|NULL,2-4|1-2|0-0|NULL,3,4,4,2,8,32,1,1,1,0,0.0,15,1
TRAJ-MICRO-V1,12073,209,zero_scale,,,0-0;1-2;2-4,0-0;1-2;2-4,0-0;1-2;2-4,1-2|2-4|0-0|NULL,1-2|2-4|0-0|NULL,3,4,4,2,8,32,1,1,1,0,0.0,15,1
TRAJ-MICRO-V1,12073,210,configured_scale,,,0-1;1-2;2-0,0-1;1-2;2-0,0-1;1-2;2-0,2-0|1-2|0-1|NULL,2-0|1-2|0-1|NULL,3,4,4,2,8,32,1,1,1,0,0.0,15,1
TRAJ-MICRO-V1,12073,210,zero_scale,,,0-1;1-2;2-0,0-1;1-2;2-0,0-1;1-2;2-0,2-0|1-2|0-1|NULL,2-0|1-2|0-1|NULL,3,4,4,2,8,32,1,1,1,0,0.0,15,1
TRAJ-MICRO-V1,12073,211,configured_scale,,,0-0;1-3;2-4,0-0;1-3;2-4,0-0;1-3;2-4,2-4|1-3|0-0|NULL,2-4|1-3|0-0|NULL,3,4,4,2,8,32,1,1,1,0,0.0,15,1
TRAJ-MICRO-V1,12073,211,zero_scale,,,0-1;1-3;2-2,0-1;1-3;2-2,0-1;1-3;2-2,2-2|1-3|0-1|NULL,2-2|1-3|0-1|NULL,3,4,4,2,8,32,1,1,1,0,0.0,15,1
TRAJ-MICRO-V1,12073,212,configured_scale,,,0-0;1-2;2-4,0-0;1-2;2-4,0-0;1-2;2-4,2-4|0-0|1-2|NULL,2-4|0-0|1-2|NULL,3,4,4,2,8,32,1,1,1,0,0.0,15,1
TRAJ-MICRO-V1,12073,212,zero_scale,,,0-0;1-2;2-4,0-0;1-2;2-4,0-0;1-2;2-4,2-4|1-2|0-0|NULL,2-4|1-2|0-0|NULL,3,4,4,2,8,32,1,1,1,0,0.0,15,1
TRAJ-MICRO-V1,12073,213,configured_scale,,,0-1;1-0;2-4,0-1;1-0;2-4,0-1;1-0;2-4,2-4|1-0|0-1|NULL,2-4|1-0|0-1|NULL,3,4,4,2,8,32,1,1,1,0,0.0,15,1
TRAJ-MICRO-V1,12073,213,zero_scale,,,0-0;1-1;2-3,0-0;1-1;2-3,0-0;1-1;2-3,2-3|1-1|0-0|NULL,2-3|1-1|0-0|NULL,3,4,4,2,8,32,1,1,1,0,0.0,15,1
TRAJ-MICRO-V1,12073,214,configured_scale,,,0-1;1-0;2-4,0-1;1-0;2-4,0-1;1-0;2-4,2-4|1-0|0-1|NULL,2-4|1-0|0-1|NULL,3,4,4,2,8,32,1,1,1,0,0.0,15,1
TRAJ-MICRO-V1,12073,214,zero_scale,,,0-1;1-0;2-4,0-1;1-0;2-4,0-1;1-0;2-4,2-4|1-0|0-1|NULL,2-4|1-0|0-1|NULL,3,4,4,2,8,32,1,1,1,0,0.0,15,1
TRAJ-MICRO-V1,12073,215,configured_scale,,,0-0;1-2;2-4,0-0;1-2;2-4,0-0;1-2;2-4,2-4|0-0|1-2|NULL,2-4|0-0|1-2|NULL,3,4,4,2,8,32,1,1,1,0,0.0,15,1
TRAJ-MICRO-V1,12073,215,zero_scale,,,0-0;1-2;2-4,0-0;1-2;2-4,0-0;1-2;2-4,2-4|0-0|1-2|NULL,2-4|0-0|1-2|NULL,3,4,4,2,8,32,1,1,1,0,0.0,15,1
TRAJ-MICRO-V1,12073,216,configured_scale,,,0-2;1-1;2-0,0-2;1-1;2-0,0-2;1-1;2-0,2-0|1-1|0-2|NULL,2-0|1-1|0-2|NULL,3,4,4,2,8,32,1,1,1,0,0.0,15,1
TRAJ-MICRO-V1,12073,216,zero_scale,,,0-2;1-1;2-0,0-2;1-1;2-0,0-2;1-1;2-0,2-0|1-1|0-2|NULL,2-0|1-1|0-2|NULL,3,4,4,2,8,32,1,1,1,0,0.0,15,1
TRAJ-MICRO-V1,12073,217,configured_scale,,,0-0;1-3;2-4,0-0;1-3;2-4,0-0;1-3;2-4,0-0|2-4|1-3|NULL,0-0|2-4|1-3|NULL,3,4,4,2,8,32,1,1,1,0,0.0,15,1
TRAJ-MICRO-V1,12073,217,zero_scale,,,0-0;1-1;2-2,0-0;1-1;2-2,0-0;1-1;2-2,0-0|2-2|1-1|NULL,0-0|2-2|1-1|NULL,3,4,4,2,8,32,1,1,1,0,0.0,15,1
TRAJ-MICRO-V1,12073,218,configured_scale,,,0-0;1-2;2-4,0-0;1-2;2-4,0-0;1-2;2-4,0-0|2-4|1-2|NULL,0-0|2-4|1-2|NULL,3,4,4,2,8,32,1,1,1,0,0.0,15,1
TRAJ-MICRO-V1,12073,218,zero_scale,,,0-0;1-2;2-4,0-0;1-2;2-4,0-0;1-2;2-4,0-0|1-2|2-4|NULL,0-0|1-2|2-4|NULL,3,4,4,2,8,32,1,1,1,0,0.0,15,1
TRAJ-MICRO-V1,12073,219,configured_scale,,,0-1;1-2;2-0,0-1;1-2;2-0,0-1;1-2;2-0,2-0|0-1|1-2|NULL,2-0|0-1|1-2|NULL,3,4,4,2,8,32,1,1,1,0,0.0,15,1
TRAJ-MICRO-V1,12073,219,zero_scale,,,0-0;1-1;2-3,0-0;1-1;2-3,0-0;1-1;2-3,1-1|0-0|2-3|NULL,1-1|0-0|2-3|NULL,3,4,4,2,8,32,1,1,1,0,0.0,15,1
TRAJ-MICRO-V1,12073,220,configured_scale,,,0-1;1-0;2-4,0-1;1-0;2-4,0-1;1-0;2-4,1-0|0-1|2-4|NULL,1-0|0-1|2-4|NULL,3,4,4,2,8,32,1,1,1,0,0.0,15,1
TRAJ-MICRO-V1,12073,220,zero_scale,,,0-1;1-2;2-4,0-1;1-2;2-4,0-1;1-2;2-4,0-1|1-2|2-4|NULL,0-1|1-2|2-4|NULL,3,4,4,2,8,32,1,1,1,0,0.0,15,1
TRAJ-MICRO-V1,12073,221,configured_scale,,,0-3;1-2;2-1,0-3;1-2;2-1,0-3;1-2;2-1,1-2|2-1|0-3|NULL,1-2|2-1|0-3|NULL,3,4,4,2,8,32,1,1,1,0,0.0,15,1
TRAJ-MICRO-V1,12073,221,zero_scale,,,0-0;1-2;2-1,0-0;1-2;2-1,0-0;1-2;2-1,1-2|2-1|0-0|NULL,1-2|2-1|0-0|NULL,3,4,4,2,8,32,1,1,1,0,0.0,15,1
TRAJ-MICRO-V1,12073,222,configured_scale,,,0-1;1-2;2-0,0-1;1-2;2-0,0-1;1-2;2-0,1-2|0-1|2-0|NULL,1-2|0-1|2-0|NULL,3,4,4,2,8,32,1,1,1,0,0.0,15,1
TRAJ-MICRO-V1,12073,222,zero_scale,,,0-2;1-1;2-3,0-2;1-1;2-3,0-2;1-1;2-3,1-1|0-2|2-3|NULL,1-1|0-2|2-3|NULL,3,4,4,2,8,32,1,1,1,0,0.0,15,1
TRAJ-MICRO-V1,12073,223,configured_scale,,,0-1;1-2;2-4,0-1;1-2;2-4,0-1;1-2;2-4,1-2|0-1|2-4|NULL,1-2|0-1|2-4|NULL,3,4,4,2,8,32,1,1,1,0,0.0,15,1
TRAJ-MICRO-V1,12073,223,zero_scale,,,0-1;1-2;2-4,0-1;1-2;2-4,0-1;1-2;2-4,1-2|0-1|2-4|NULL,1-2|0-1|2-4|NULL,3,4,4,2,8,32,1,1,1,0,0.0,15,1
TRAJ-MICRO-V1,12073,224,configured_scale,,,0-1;1-2;2-4,0-1;1-2;2-4,0-1;1-2;2-4,1-2|0-1|2-4|NULL,1-2|0-1|2-4|NULL,3,4,4,2,8,32,1,1,1,0,0.0,15,1
TRAJ-MICRO-V1,12073,224,zero_scale,,,0-3;1-2;2-1,0-3;1-2;2-1,0-3;1-2;2-1,1-2|0-3|2-1|NULL,1-2|0-3|2-1|NULL,3,4,4,2,8,32,1,1,1,0,0.0,15,1
TRAJ-MICRO-V1,12073,225,configured_scale,,,0-1;1-2;2-0,0-1;1-2;2-0,0-1;1-2;2-0,1-2|0-1|2-0|NULL,1-2|0-1|2-0|NULL,3,4,4,2,8,32,1,1,1,0,0.0,15,1
TRAJ-MICRO-V1,12073,225,zero_scale,,,0-1;1-2;2-3,0-1;1-2;2-3,0-1;1-2;2-3,1-2|0-1|2-3|NULL,1-2|0-1|2-3|NULL,3,4,4,2,8,32,1,1,1,0,0.0,15,1
TRAJ-MICRO-V1,12073,226,configured_scale,,,0-1;1-0;2-2,0-1;1-0;2-2,0-1;1-0;2-2,0-1|1-0|2-2|NULL,0-1|1-0|2-2|NULL,3,4,4,2,8,32,1,1,1,0,0.0,15,1
TRAJ-MICRO-V1,12073,226,zero_scale,,,0-1;1-2;2-3,0-1;1-2;2-3,0-1;1-2;2-3,0-1|1-2|2-3|NULL,0-1|1-2|2-3|NULL,3,4,4,2,8,32,1,1,1,0,0.0,15,1
TRAJ-MICRO-V1,12073,227,configured_scale,,,0-0;1-3;2-4,0-0;1-3;2-4,0-0;1-3;2-4,0-0|1-3|2-4|NULL,0-0|1-3|2-4|NULL,3,4,4,2,8,32,1,1,1,0,0.0,15,1
TRAJ-MICRO-V1,12073,227,zero_scale,,,0-0;1-2;2-4,0-0;1-2;2-4,0-0;1-2;2-4,0-0|1-2|2-4|NULL,0-0|1-2|2-4|NULL,3,4,4,2,8,32,1,1,1,0,0.0,15,1
TRAJ-MICRO-V1,12073,228,configured_scale,,,0-0;1-4;2-3,0-0;1-4;2-3,0-0;1-4;2-3,0-0|2-3|1-4|NULL,0-0|2-3|1-4|NULL,3,4,4,2,8,32,1,1,1,0,0.0,15,1
TRAJ-MICRO-V1,12073,228,zero_scale,,,0-1;1-4;2-3,0-1;1-4;2-3,0-1;1-4;2-3,0-1|2-3|1-4|NULL,0-1|2-3|1-4|NULL,3,4,4,2,8,32,1,1,1,0,0.0,15,1
TRAJ-MICRO-V1,12073,229,configured_scale,,,0-4;1-3;2-2,0-4;1-3;2-2,0-4;1-3;2-2,0-4|1-3|2-2|NULL,0-4|1-3|2-2|NULL,3,4,4,2,8,32,1,1,1,0,0.0,15,1
TRAJ-MICRO-V1,12073,229,zero_scale,,,0-1;1-3;2-4,0-1;1-3;2-4,0-1;1-3;2-4,0-1|1-3|2-4|NULL,0-1|1-3|2-4|NULL,3,4,4,2,8,32,1,1,1,0,0.0,15,1
TRAJ-MICRO-V1,12073,230,configured_scale,,,0-3;1-2;2-4,0-3;1-2;2-4,0-3;1-2;2-4,2-4|0-3|1-2|NULL,2-4|0-3|1-2|NULL,3,4,4,2,8,32,1,1,1,0,0.0,15,1
TRAJ-MICRO-V1,12073,230,zero_scale,,,0-0;1-2;2-4,0-0;1-2;2-4,0-0;1-2;2-4,2-4|0-0|1-2|NULL,2-4|0-0|1-2|NULL,3,4,4,2,8,32,1,1,1,0,0.0,15,1
TRAJ-MICRO-V1,12073,231,configured_scale,,,0-2;1-3;2-4,0-2;1-3;2-4,0-2;1-3;2-4,2-4|0-2|1-3|NULL,2-4|0-2|1-3|NULL,3,4,4,2,8,32,1,1,1,0,0.0,15,1
TRAJ-MICRO-V1,12073,231,zero_scale,,,0-2;1-3;2-4,0-2;1-3;2-4,0-2;1-3;2-4,2-4|0-2|1-3|NULL,2-4|0-2|1-3|NULL,3,4,4,2,8,32,1,1,1,0,0.0,15,1
TRAJ-MICRO-V1,12073,232,configured_scale,,,0-1;1-3;2-4,0-1;1-3;2-4,0-1;1-3;2-4,2-4|1-3|0-1|NULL,2-4|1-3|0-1|NULL,3,4,4,2,8,32,1,1,1,0,0.0,15,1
TRAJ-MICRO-V1,12073,232,zero_scale,,,0-1;1-3;2-4,0-1;1-3;2-4,0-1;1-3;2-4,2-4|1-3|0-1|NULL,2-4|1-3|0-1|NULL,3,4,4,2,8,32,1,1,1,0,0.0,15,1
TRAJ-MICRO-V1,12073,233,configured_scale,,,0-0;1-3;2-4,0-0;1-3;2-4,0-0;1-3;2-4,2-4|1-3|0-0|NULL,2-4|1-3|0-0|NULL,3,4,4,2,8,32,1,1,1,0,0.0,15,1
TRAJ-MICRO-V1,12073,233,zero_scale,,,0-0;1-3;2-4,0-0;1-3;2-4,0-0;1-3;2-4,2-4|1-3|0-0|NULL,2-4|1-3|0-0|NULL,3,4,4,2,8,32,1,1,1,0,0.0,15,1
TRAJ-MICRO-V1,12073,234,configured_scale,,,0-2;1-3;2-4,0-2;1-3;2-4,0-2;1-3;2-4,2-4|1-3|0-2|NULL,2-4|1-3|0-2|NULL,3,4,4,2,8,32,1,1,1,0,0.0,15,1
TRAJ-MICRO-V1,12073,234,zero_scale,,,0-2;1-4;2-3,0-2;1-4;2-3,0-2;1-4;2-3,1-4|2-3|0-2|NULL,1-4|2-3|0-2|NULL,3,4,4,2,8,32,1,1,1,0,0.0,15,1
TRAJ-MICRO-V1,12073,235,configured_scale,,,0-1;1-3;2-4,0-1;1-3;2-4,0-1;1-3;2-4,2-4|1-3|0-1|NULL,2-4|1-3|0-1|NULL,3,4,4,2,8,32,1,1,1,0,0.0,15,1
TRAJ-MICRO-V1,12073,235,zero_scale,,,0-1;1-3;2-4,0-1;1-3;2-4,0-1;1-3;2-4,1-3|2-4|0-1|NULL,1-3|2-4|0-1|NULL,3,4,4,2,8,32,1,1,1,0,0.0,15,1
TRAJ-MICRO-V1,12073,236,configured_scale,,,0-3;1-2;2-4,0-3;1-2;2-4,0-3;1-2;2-4,2-4|1-2|0-3|NULL,2-4|1-2|0-3|NULL,3,4,4,2,8,32,1,1,1,0,0.0,15,1
TRAJ-MICRO-V1,12073,236,zero_scale,,,0-3;1-2;2-4,0-3;1-2;2-4,0-3;1-2;2-4,1-2|2-4|0-3|NULL,1-2|2-4|0-3|NULL,3,4,4,2,8,32,1,1,1,0,0.0,15,1
TRAJ-MICRO-V1,12073,237,configured_scale,,,0-1;1-2;2-3,0-1;1-2;2-3,0-1;1-2;2-3,2-3|1-2|0-1|NULL,2-3|1-2|0-1|NULL,3,4,4,2,8,32,1,1,1,0,0.0,15,1
TRAJ-MICRO-V1,12073,237,zero_scale,,,0-1;1-2;2-3,0-1;1-2;2-3,0-1;1-2;2-3,2-3|1-2|0-1|NULL,2-3|1-2|0-1|NULL,3,4,4,2,8,32,1,1,1,0,0.0,15,1
TRAJ-MICRO-V1,12073,238,configured_scale,,,0-1;1-3;2-2,0-1;1-3;2-2,0-1;1-3;2-2,1-3|2-2|0-1|NULL,1-3|2-2|0-1|NULL,3,4,4,2,8,32,1,1,1,0,0.0,15,1
TRAJ-MICRO-V1,12073,238,zero_scale,,,0-1;1-3;2-2,0-1;1-3;2-2,0-1;1-3;2-2,1-3|0-1|2-2|NULL,1-3|0-1|2-2|NULL,3,4,4,2,8,32,1,1,1,0,0.0,15,1
TRAJ-MICRO-V1,12073,239,configured_scale,,,0-3;1-2;2-4,0-3;1-2;2-4,0-3;1-2;2-4,1-2|2-4|0-3|NULL,1-2|2-4|0-3|NULL,3,4,4,2,8,32,1,1,1,0,0.0,15,1
TRAJ-MICRO-V1,12073,239,zero_scale,,,0-3;1-2;2-4,0-3;1-2;2-4,0-3;1-2;2-4,1-2|0-3|2-4|NULL,1-2|0-3|2-4|NULL,3,4,4,2,8,32,1,1,1,0,0.0,15,1
TRAJ-MICRO-V1,12073,240,configured_scale,,,0-1;1-2;2-3,0-1;1-2;2-3,0-1;1-2;2-3,1-2|2-3|0-1|NULL,1-2|2-3|0-1|NULL,3,4,4,2,8,32,1,1,1,0,0.0,15,1
TRAJ-MICRO-V1,12073,240,zero_scale,,,0-1;1-2;2-3,0-1;1-2;2-3,0-1;1-2;2-3,1-2|2-3|0-1|NULL,1-2|2-3|0-1|NULL,3,4,4,2,8,32,1,1,1,0,0.0,15,1
TRAJ-MICRO-V1,12097,1,exploration_public_assignment,3,4,0-0;1-2;2-1,0-0;1-2;2-1,0-0;1-2;2-1,PUBLIC:0-0;1-2;2-1,PUBLIC:0-0;1-2;2-1,3,0,0,0,0,0,1,1,1,0,0.0,15,1
TRAJ-MICRO-V1,12097,2,exploration_public_assignment,10,11,0-0;1-4;2-2,0-0;1-4;2-2,0-0;1-4;2-2,PUBLIC:0-0;1-4;2-2,PUBLIC:0-0;1-4;2-2,3,0,0,0,0,0,1,1,1,0,0.0,15,1
TRAJ-MICRO-V1,12097,3,exploration_public_assignment,17,18,0-1;1-2;2-4,0-1;1-2;2-4,0-1;1-2;2-4,PUBLIC:0-1;1-2;2-4,PUBLIC:0-1;1-2;2-4,3,0,0,0,0,0,1,1,1,0,0.0,15,1
TRAJ-MICRO-V1,12097,4,exploration_public_assignment,24,25,0-2;1-0;2-1,0-2;1-0;2-1,0-2;1-0;2-1,PUBLIC:0-2;1-0;2-1,PUBLIC:0-2;1-0;2-1,3,0,0,0,0,0,1,1,1,0,0.0,15,1
TRAJ-MICRO-V1,12097,5,exploration_public_assignment,31,32,0-2;1-3;2-1,0-2;1-3;2-1,0-2;1-3;2-1,PUBLIC:0-2;1-3;2-1,PUBLIC:0-2;1-3;2-1,3,0,0,0,0,0,1,1,1,0,0.0,15,1
TRAJ-MICRO-V1,12097,6,exploration_public_assignment,38,39,0-3;1-0;2-4,0-3;1-0;2-4,0-3;1-0;2-4,PUBLIC:0-3;1-0;2-4,PUBLIC:0-3;1-0;2-4,3,0,0,0,0,0,1,1,1,0,0.0,15,1
TRAJ-MICRO-V1,12097,7,exploration_public_assignment,45,46,0-3;1-4;2-0,0-3;1-4;2-0,0-3;1-4;2-0,PUBLIC:0-3;1-4;2-0,PUBLIC:0-3;1-4;2-0,3,0,0,0,0,0,1,1,1,0,0.0,15,1
TRAJ-MICRO-V1,12097,8,exploration_public_assignment,52,53,0-4;1-1;2-2,0-4;1-1;2-2,0-4;1-1;2-2,PUBLIC:0-4;1-1;2-2,PUBLIC:0-4;1-1;2-2,3,0,0,0,0,0,1,1,1,0,0.0,15,1
TRAJ-MICRO-V1,12097,9,exploration_public_assignment,59,60,0-4;1-3;2-2,0-4;1-3;2-2,0-4;1-3;2-2,PUBLIC:0-4;1-3;2-2,PUBLIC:0-4;1-3;2-2,3,0,0,0,0,0,1,1,1,0,0.0,15,1
TRAJ-MICRO-V1,12097,10,exploration_public_assignment,6,7,0-0;1-3;2-1,0-0;1-3;2-1,0-0;1-3;2-1,PUBLIC:0-0;1-3;2-1,PUBLIC:0-0;1-3;2-1,3,0,0,0,0,0,1,1,1,0,0.0,15,1
TRAJ-MICRO-V1,12097,11,exploration_public_assignment,13,14,0-1;1-0;2-3,0-1;1-0;2-3,0-1;1-0;2-3,PUBLIC:0-1;1-0;2-3,PUBLIC:0-1;1-0;2-3,3,0,0,0,0,0,1,1,1,0,0.0,15,1
TRAJ-MICRO-V1,12097,12,exploration_public_assignment,20,21,0-1;1-3;2-4,0-1;1-3;2-4,0-1;1-3;2-4,PUBLIC:0-1;1-3;2-4,PUBLIC:0-1;1-3;2-4,3,0,0,0,0,0,1,1,1,0,0.0,15,1
TRAJ-MICRO-V1,12097,13,exploration_public_assignment,27,28,0-2;1-1;2-0,0-2;1-1;2-0,0-2;1-1;2-0,PUBLIC:0-2;1-1;2-0,PUBLIC:0-2;1-1;2-0,3,0,0,0,0,0,1,1,1,0,0.0,15,1
TRAJ-MICRO-V1,12097,14,exploration_public_assignment,34,35,0-2;1-4;2-1,0-2;1-4;2-1,0-2;1-4;2-1,PUBLIC:0-2;1-4;2-1,PUBLIC:0-2;1-4;2-1,3,0,0,0,0,0,1,1,1,0,0.0,15,1
TRAJ-MICRO-V1,12097,15,exploration_public_assignment,41,42,0-3;1-1;2-4,0-3;1-1;2-4,0-3;1-1;2-4,PUBLIC:0-3;1-1;2-4,PUBLIC:0-3;1-1;2-4,3,0,0,0,0,0,1,1,1,0,0.0,15,1
TRAJ-MICRO-V1,12097,16,exploration_public_assignment,48,49,0-4;1-0;2-1,0-4;1-0;2-1,0-4;1-0;2-1,PUBLIC:0-4;1-0;2-1,PUBLIC:0-4;1-0;2-1,3,0,0,0,0,0,1,1,1,0,0.0,15,1
TRAJ-MICRO-V1,12097,17,exploration_public_assignment,55,56,0-4;1-2;2-1,0-4;1-2;2-1,0-4;1-2;2-1,PUBLIC:0-4;1-2;2-1,PUBLIC:0-4;1-2;2-1,3,0,0,0,0,0,1,1,1,0,0.0,15,1
TRAJ-MICRO-V1,12097,18,exploration_public_assignment,2,3,0-0;1-1;2-4,0-0;1-1;2-4,0-0;1-1;2-4,PUBLIC:0-0;1-1;2-4,PUBLIC:0-0;1-1;2-4,3,0,0,0,0,0,1,1,1,0,0.0,15,1
TRAJ-MICRO-V1,12097,19,configured_scale,,,0-1;1-3;2-2,0-1;1-3;2-2,0-1;1-3;2-2,0-1|2-2|1-3|NULL,0-1|2-2|1-3|NULL,3,4,4,2,8,32,1,1,1,0,0.0,15,1
TRAJ-MICRO-V1,12097,19,zero_scale,,,0-1;1-3;2-2,0-1;1-3;2-2,0-1;1-3;2-2,0-1|1-3|2-2|NULL,0-1|1-3|2-2|NULL,3,4,4,2,8,32,1,1,1,0,0.0,15,1
TRAJ-MICRO-V1,12097,20,configured_scale,,,0-0;1-2;2-1,0-0;1-2;2-1,0-0;1-2;2-1,1-2|2-1|0-0|NULL,1-2|2-1|0-0|NULL,3,4,4,2,8,32,1,1,1,0,0.0,15,1
TRAJ-MICRO-V1,12097,20,zero_scale,,,0-3;1-2;2-1,0-3;1-2;2-1,0-3;1-2;2-1,1-2|0-3|2-1|NULL,1-2|0-3|2-1|NULL,3,4,4,2,8,32,1,1,1,0,0.0,15,1
TRAJ-MICRO-V1,12097,21,configured_scale,,,0-2;1-1;2-0,0-2;1-1;2-0,0-2;1-1;2-0,1-1|2-0|0-2|NULL,1-1|2-0|0-2|NULL,3,4,4,2,8,32,1,1,1,0,0.0,15,1
TRAJ-MICRO-V1,12097,21,zero_scale,,,0-2;1-1;2-0,0-2;1-1;2-0,0-2;1-1;2-0,1-1|0-2|2-0|NULL,1-1|0-2|2-0|NULL,3,4,4,2,8,32,1,1,1,0,0.0,15,1
TRAJ-MICRO-V1,12097,22,configured_scale,,,0-4;1-3;2-2,0-4;1-3;2-2,0-4;1-3;2-2,0-4|1-3|2-2|NULL,0-4|1-3|2-2|NULL,3,4,4,2,8,32,1,1,1,0,0.0,15,1
TRAJ-MICRO-V1,12097,22,zero_scale,,,0-4;1-3;2-2,0-4;1-3;2-2,0-4;1-3;2-2,0-4|1-3|2-2|NULL,0-4|1-3|2-2|NULL,3,4,4,2,8,32,1,1,1,0,0.0,15,1
TRAJ-MICRO-V1,12097,23,configured_scale,,,0-3;1-2;2-4,0-3;1-2;2-4,0-3;1-2;2-4,2-4|0-3|1-2|NULL,2-4|0-3|1-2|NULL,3,4,4,2,8,32,1,1,1,0,0.0,15,1
TRAJ-MICRO-V1,12097,23,zero_scale,,,0-1;1-2;2-4,0-1;1-2;2-4,0-1;1-2;2-4,0-1|1-2|2-4|NULL,0-1|1-2|2-4|NULL,3,4,4,2,8,32,1,1,1,0,0.0,15,1
TRAJ-MICRO-V1,12097,24,configured_scale,,,0-0;1-1;2-3,0-0;1-1;2-3,0-0;1-1;2-3,0-0|2-3|1-1|NULL,0-0|2-3|1-1|NULL,3,4,4,2,8,32,1,1,1,0,0.0,15,1
TRAJ-MICRO-V1,12097,24,zero_scale,,,0-0;1-1;2-3,0-0;1-1;2-3,0-0;1-1;2-3,0-0|1-1|2-3|NULL,0-0|1-1|2-3|NULL,3,4,4,2,8,32,1,1,1,0,0.0,15,1
TRAJ-MICRO-V1,12097,25,configured_scale,,,0-1;1-3;2-4,0-1;1-3;2-4,0-1;1-3;2-4,0-1|1-3|2-4|NULL,0-1|1-3|2-4|NULL,3,4,4,2,8,32,1,1,1,0,0.0,15,1
TRAJ-MICRO-V1,12097,25,zero_scale,,,0-1;1-0;2-2,0-1;1-0;2-2,0-1;1-0;2-2,0-1|1-0|2-2|NULL,0-1|1-0|2-2|NULL,3,4,4,2,8,32,1,1,1,0,0.0,15,1
TRAJ-MICRO-V1,12097,26,configured_scale,,,0-0;1-2;2-4,0-0;1-2;2-4,0-0;1-2;2-4,2-4|1-2|0-0|NULL,2-4|1-2|0-0|NULL,3,4,4,2,8,32,1,1,1,0,0.0,15,1
TRAJ-MICRO-V1,12097,26,zero_scale,,,0-0;1-2;2-4,0-0;1-2;2-4,0-0;1-2;2-4,0-0|1-2|2-4|NULL,0-0|1-2|2-4|NULL,3,4,4,2,8,32,1,1,1,0,0.0,15,1
TRAJ-MICRO-V1,12097,27,configured_scale,,,0-2;1-1;2-0,0-2;1-1;2-0,0-2;1-1;2-0,2-0|1-1|0-2|NULL,2-0|1-1|0-2|NULL,3,4,4,2,8,32,1,1,1,0,0.0,15,1
TRAJ-MICRO-V1,12097,27,zero_scale,,,0-0;1-1;2-3,0-0;1-1;2-3,0-0;1-1;2-3,0-0|1-1|2-3|NULL,0-0|1-1|2-3|NULL,3,4,4,2,8,32,1,1,1,0,0.0,15,1
TRAJ-MICRO-V1,12097,28,configured_scale,,,0-1;1-0;2-4,0-1;1-0;2-4,0-1;1-0;2-4,2-4|0-1|1-0|NULL,2-4|0-1|1-0|NULL,3,4,4,2,8,32,1,1,1,0,0.0,15,1
TRAJ-MICRO-V1,12097,28,zero_scale,,,0-1;1-0;2-4,0-1;1-0;2-4,0-1;1-0;2-4,2-4|0-1|1-0|NULL,2-4|0-1|1-0|NULL,3,4,4,2,8,32,1,1,1,0,0.0,15,1
TRAJ-MICRO-V1,12097,29,configured_scale,,,0-0;1-2;2-4,0-0;1-2;2-4,0-0;1-2;2-4,2-4|0-0|1-2|NULL,2-4|0-0|1-2|NULL,3,4,4,2,8,32,1,1,1,0,0.0,15,1
TRAJ-MICRO-V1,12097,29,zero_scale,,,0-0;1-2;2-4,0-0;1-2;2-4,0-0;1-2;2-4,2-4|0-0|1-2|NULL,2-4|0-0|1-2|NULL,3,4,4,2,8,32,1,1,1,0,0.0,15,1
TRAJ-MICRO-V1,12097,30,configured_scale,,,0-0;1-3;2-4,0-0;1-3;2-4,0-0;1-3;2-4,2-4|1-3|0-0|NULL,2-4|1-3|0-0|NULL,3,4,4,2,8,32,1,1,1,0,0.0,15,1
TRAJ-MICRO-V1,12097,30,zero_scale,,,0-0;1-4;2-3,0-0;1-4;2-3,0-0;1-4;2-3,2-3|1-4|0-0|NULL,2-3|1-4|0-0|NULL,3,4,4,2,8,32,1,1,1,0,0.0,15,1
TRAJ-MICRO-V1,12097,31,configured_scale,,,0-4;1-3;2-2,0-4;1-3;2-2,0-4;1-3;2-2,0-4|1-3|2-2|NULL,0-4|1-3|2-2|NULL,3,4,4,2,8,32,1,1,1,0,0.0,15,1
TRAJ-MICRO-V1,12097,31,zero_scale,,,0-4;1-3;2-2,0-4;1-3;2-2,0-4;1-3;2-2,1-3|2-2|0-4|NULL,1-3|2-2|0-4|NULL,3,4,4,2,8,32,1,1,1,0,0.0,15,1
TRAJ-MICRO-V1,12097,32,configured_scale,,,0-3;1-2;2-1,0-3;1-2;2-1,0-3;1-2;2-1,2-1|0-3|1-2|NULL,2-1|0-3|1-2|NULL,3,4,4,2,8,32,1,1,1,0,0.0,15,1
TRAJ-MICRO-V1,12097,32,zero_scale,,,0-0;1-2;2-1,0-0;1-2;2-1,0-0;1-2;2-1,1-2|0-0|2-1|NULL,1-2|0-0|2-1|NULL,3,4,4,2,8,32,1,1,1,0,0.0,15,1
TRAJ-MICRO-V1,12097,33,configured_scale,,,0-4;1-2;2-0,0-4;1-2;2-0,0-4;1-2;2-0,2-0|1-2|0-4|NULL,2-0|1-2|0-4|NULL,3,4,4,2,8,32,1,1,1,0,0.0,15,1
TRAJ-MICRO-V1,12097,33,zero_scale,,,0-2;1-1;2-0,0-2;1-1;2-0,0-2;1-1;2-0,0-2|2-0|1-1|NULL,0-2|2-0|1-1|NULL,3,4,4,2,8,32,1,1,1,0,0.0,15,1
TRAJ-MICRO-V1,12097,34,configured_scale,,,0-4;1-0;2-1,0-4;1-0;2-1,0-4;1-0;2-1,0-4|1-0|2-1|NULL,0-4|1-0|2-1|NULL,3,4,4,2,8,32,1,1,1,0,0.0,15,1
TRAJ-MICRO-V1,12097,34,zero_scale,,,0-4;1-3;2-2,0-4;1-3;2-2,0-4;1-3;2-2,0-4|1-3|2-2|NULL,0-4|1-3|2-2|NULL,3,4,4,2,8,32,1,1,1,0,0.0,15,1
TRAJ-MICRO-V1,12097,35,configured_scale,,,0-3;1-2;2-1,0-3;1-2;2-1,0-3;1-2;2-1,0-3|1-2|2-1|NULL,0-3|1-2|2-1|NULL,3,4,4,2,8,32,1,1,1,0,0.0,15,1
TRAJ-MICRO-V1,12097,35,zero_scale,,,0-3;1-2;2-1,0-3;1-2;2-1,0-3;1-2;2-1,0-3|1-2|2-1|NULL,0-3|1-2|2-1|NULL,3,4,4,2,8,32,1,1,1,0,0.0,15,1
TRAJ-MICRO-V1,12097,36,configured_scale,,,0-4;1-2;2-0,0-4;1-2;2-0,0-4;1-2;2-0,0-4|1-2|2-0|NULL,0-4|1-2|2-0|NULL,3,4,4,2,8,32,1,1,1,0,0.0,15,1
TRAJ-MICRO-V1,12097,36,zero_scale,,,0-2;1-1;2-0,0-2;1-1;2-0,0-2;1-1;2-0,0-2|1-1|2-0|NULL,0-2|1-1|2-0|NULL,3,4,4,2,8,32,1,1,1,0,0.0,15,1
TRAJ-MICRO-V1,12097,37,configured_scale,,,0-1;1-3;2-2,0-1;1-3;2-2,0-1;1-3;2-2,0-1|1-3|2-2|NULL,0-1|1-3|2-2|NULL,3,4,4,2,8,32,1,1,1,0,0.0,15,1
TRAJ-MICRO-V1,12097,37,zero_scale,,,0-1;1-3;2-2,0-1;1-3;2-2,0-1;1-3;2-2,0-1|1-3|2-2|NULL,0-1|1-3|2-2|NULL,3,4,4,2,8,32,1,1,1,0,0.0,15,1
TRAJ-MICRO-V1,12097,38,configured_scale,,,0-0;1-2;2-4,0-0;1-2;2-4,0-0;1-2;2-4,0-0|1-2|2-4|NULL,0-0|1-2|2-4|NULL,3,4,4,2,8,32,1,1,1,0,0.0,15,1
TRAJ-MICRO-V1,12097,38,zero_scale,,,0-0;1-2;2-4,0-0;1-2;2-4,0-0;1-2;2-4,0-0|1-2|2-4|NULL,0-0|1-2|2-4|NULL,3,4,4,2,8,32,1,1,1,0,0.0,15,1
TRAJ-MICRO-V1,12097,39,configured_scale,,,0-2;1-1;2-4,0-2;1-1;2-4,0-2;1-1;2-4,0-2|2-4|1-1|NULL,0-2|2-4|1-1|NULL,3,4,4,2,8,32,1,1,1,0,0.0,15,1
TRAJ-MICRO-V1,12097,39,zero_scale,,,0-2;1-1;2-3,0-2;1-1;2-3,0-2;1-1;2-3,0-2|2-3|1-1|NULL,0-2|2-3|1-1|NULL,3,4,4,2,8,32,1,1,1,0,0.0,15,1
TRAJ-MICRO-V1,12097,40,configured_scale,,,0-1;1-3;2-4,0-1;1-3;2-4,0-1;1-3;2-4,0-1|1-3|2-4|NULL,0-1|1-3|2-4|NULL,3,4,4,2,8,32,1,1,1,0,0.0,15,1
TRAJ-MICRO-V1,12097,40,zero_scale,,,0-1;1-3;2-4,0-1;1-3;2-4,0-1;1-3;2-4,0-1|1-3|2-4|NULL,0-1|1-3|2-4|NULL,3,4,4,2,8,32,1,1,1,0,0.0,15,1
TRAJ-MICRO-V1,12097,41,configured_scale,,,0-3;1-2;2-1,0-3;1-2;2-1,0-3;1-2;2-1,1-2|0-3|2-1|NULL,1-2|0-3|2-1|NULL,3,4,4,2,8,32,1,1,1,0,0.0,15,1
TRAJ-MICRO-V1,12097,41,zero_scale,,,0-3;1-2;2-4,0-3;1-2;2-4,0-3;1-2;2-4,1-2|0-3|2-4|NULL,1-2|0-3|2-4|NULL,3,4,4,2,8,32,1,1,1,0,0.0,15,1
TRAJ-MICRO-V1,12097,42,configured_scale,,,0-0;1-4;2-3,0-0;1-4;2-3,0-0;1-4;2-3,2-3|1-4|0-0|NULL,2-3|1-4|0-0|NULL,3,4,4,2,8,32,1,1,1,0,0.0,15,1
TRAJ-MICRO-V1,12097,42,zero_scale,,,0-2;1-1;2-3,0-2;1-1;2-3,0-2;1-1;2-3,2-3|1-1|0-2|NULL,2-3|1-1|0-2|NULL,3,4,4,2,8,32,1,1,1,0,0.0,15,1
TRAJ-MICRO-V1,12097,43,configured_scale,,,0-1;1-0;2-3,0-1;1-0;2-3,0-1;1-0;2-3,1-0|2-3|0-1|NULL,1-0|2-3|0-1|NULL,3,4,4,2,8,32,1,1,1,0,0.0,15,1
TRAJ-MICRO-V1,12097,43,zero_scale,,,0-1;1-3;2-4,0-1;1-3;2-4,0-1;1-3;2-4,1-3|0-1|2-4|NULL,1-3|0-1|2-4|NULL,3,4,4,2,8,32,1,1,1,0,0.0,15,1
TRAJ-MICRO-V1,12097,44,configured_scale,,,0-1;1-0;2-4,0-1;1-0;2-4,0-1;1-0;2-4,2-4|1-0|0-1|NULL,2-4|1-0|0-1|NULL,3,4,4,2,8,32,1,1,1,0,0.0,15,1
TRAJ-MICRO-V1,12097,44,zero_scale,,,0-0;1-2;2-4,0-0;1-2;2-4,0-0;1-2;2-4,1-2|2-4|0-0|NULL,1-2|2-4|0-0|NULL,3,4,4,2,8,32,1,1,1,0,0.0,15,1
TRAJ-MICRO-V1,12097,45,configured_scale,,,0-0;1-1;2-4,0-0;1-1;2-4,0-0;1-1;2-4,1-1|2-4|0-0|NULL,1-1|2-4|0-0|NULL,3,4,4,2,8,32,1,1,1,0,0.0,15,1
TRAJ-MICRO-V1,12097,45,zero_scale,,,0-2;1-1;2-4,0-2;1-1;2-4,0-2;1-1;2-4,1-1|2-4|0-2|NULL,1-1|2-4|0-2|NULL,3,4,4,2,8,32,1,1,1,0,0.0,15,1
TRAJ-MICRO-V1,12097,46,configured_scale,,,0-1;1-0;2-4,0-1;1-0;2-4,0-1;1-0;2-4,1-0|2-4|0-1|NULL,1-0|2-4|0-1|NULL,3,4,4,2,8,32,1,1,1,0,0.0,15,1
TRAJ-MICRO-V1,12097,46,zero_scale,,,0-1;1-0;2-4,0-1;1-0;2-4,0-1;1-0;2-4,1-0|2-4|0-1|NULL,1-0|2-4|0-1|NULL,3,4,4,2,8,32,1,1,1,0,0.0,15,1
TRAJ-MICRO-V1,12097,47,configured_scale,,,0-0;1-3;2-4,0-0;1-3;2-4,0-0;1-3;2-4,2-4|1-3|0-0|NULL,2-4|1-3|0-0|NULL,3,4,4,2,8,32,1,1,1,0,0.0,15,1
TRAJ-MICRO-V1,12097,47,zero_scale,,,0-3;1-2;2-4,0-3;1-2;2-4,0-3;1-2;2-4,2-4|1-2|0-3|NULL,2-4|1-2|0-3|NULL,3,4,4,2,8,32,1,1,1,0,0.0,15,1
TRAJ-MICRO-V1,12097,48,configured_scale,,,0-4;1-2;2-0,0-4;1-2;2-0,0-4;1-2;2-0,2-0|1-2|0-4|NULL,2-0|1-2|0-4|NULL,3,4,4,2,8,32,1,1,1,0,0.0,15,1
TRAJ-MICRO-V1,12097,48,zero_scale,,,0-3;1-2;2-4,0-3;1-2;2-4,0-3;1-2;2-4,2-4|1-2|0-3|NULL,2-4|1-2|0-3|NULL,3,4,4,2,8,32,1,1,1,0,0.0,15,1
TRAJ-MICRO-V1,12097,49,configured_scale,,,0-1;1-0;2-4,0-1;1-0;2-4,0-1;1-0;2-4,2-4|1-0|0-1|NULL,2-4|1-0|0-1|NULL,3,4,4,2,8,32,1,1,1,0,0.0,15,1
TRAJ-MICRO-V1,12097,49,zero_scale,,,0-1;1-3;2-4,0-1;1-3;2-4,0-1;1-3;2-4,2-4|1-3|0-1|NULL,2-4|1-3|0-1|NULL,3,4,4,2,8,32,1,1,1,0,0.0,15,1
TRAJ-MICRO-V1,12097,50,configured_scale,,,0-4;1-3;2-1,0-4;1-3;2-1,0-4;1-3;2-1,2-1|1-3|0-4|NULL,2-1|1-3|0-4|NULL,3,4,4,2,8,32,1,1,1,0,0.0,15,1
TRAJ-MICRO-V1,12097,50,zero_scale,,,0-3;1-2;2-4,0-3;1-2;2-4,0-3;1-2;2-4,2-4|1-2|0-3|NULL,2-4|1-2|0-3|NULL,3,4,4,2,8,32,1,1,1,0,0.0,15,1
TRAJ-MICRO-V1,12097,51,configured_scale,,,0-3;1-2;2-0,0-3;1-2;2-0,0-3;1-2;2-0,2-0|1-2|0-3|NULL,2-0|1-2|0-3|NULL,3,4,4,2,8,32,1,1,1,0,0.0,15,1
TRAJ-MICRO-V1,12097,51,zero_scale,,,0-2;1-1;2-0,0-2;1-1;2-0,0-2;1-1;2-0,2-0|1-1|0-2|NULL,2-0|1-1|0-2|NULL,3,4,4,2,8,32,1,1,1,0,0.0,15,1
TRAJ-MICRO-V1,12097,52,configured_scale,,,0-1;1-0;2-2,0-1;1-0;2-2,0-1;1-0;2-2,2-2|1-0|0-1|NULL,2-2|1-0|0-1|NULL,3,4,4,2,8,32,1,1,1,0,0.0,15,1
TRAJ-MICRO-V1,12097,52,zero_scale,,,0-1;1-3;2-2,0-1;1-3;2-2,0-1;1-3;2-2,2-2|1-3|0-1|NULL,2-2|1-3|0-1|NULL,3,4,4,2,8,32,1,1,1,0,0.0,15,1
TRAJ-MICRO-V1,12097,53,configured_scale,,,0-1;1-3;2-4,0-1;1-3;2-4,0-1;1-3;2-4,2-4|0-1|1-3|NULL,2-4|0-1|1-3|NULL,3,4,4,2,8,32,1,1,1,0,0.0,15,1
TRAJ-MICRO-V1,12097,53,zero_scale,,,0-0;1-2;2-4,0-0;1-2;2-4,0-0;1-2;2-4,2-4|1-2|0-0|NULL,2-4|1-2|0-0|NULL,3,4,4,2,8,32,1,1,1,0,0.0,15,1
TRAJ-MICRO-V1,12097,54,configured_scale,,,0-2;1-4;2-3,0-2;1-4;2-3,0-2;1-4;2-3,2-3|0-2|1-4|NULL,2-3|0-2|1-4|NULL,3,4,4,2,8,32,1,1,1,0,0.0,15,1
TRAJ-MICRO-V1,12097,54,zero_scale,,,0-2;1-1;2-3,0-2;1-1;2-3,0-2;1-1;2-3,2-3|0-2|1-1|NULL,2-3|0-2|1-1|NULL,3,4,4,2,8,32,1,1,1,0,0.0,15,1
TRAJ-MICRO-V1,12097,55,configured_scale,,,0-1;1-3;2-2,0-1;1-3;2-2,0-1;1-3;2-2,2-2|1-3|0-1|NULL,2-2|1-3|0-1|NULL,3,4,4,2,8,32,1,1,1,0,0.0,15,1
TRAJ-MICRO-V1,12097,55,zero_scale,,,0-1;1-3;2-2,0-1;1-3;2-2,0-1;1-3;2-2,2-2|0-1|1-3|NULL,2-2|0-1|1-3|NULL,3,4,4,2,8,32,1,1,1,0,0.0,15,1
TRAJ-MICRO-V1,12097,56,configured_scale,,,0-1;1-2;2-4,0-1;1-2;2-4,0-1;1-2;2-4,2-4|1-2|0-1|NULL,2-4|1-2|0-1|NULL,3,4,4,2,8,32,1,1,1,0,0.0,15,1
TRAJ-MICRO-V1,12097,56,zero_scale,,,0-0;1-2;2-4,0-0;1-2;2-4,0-0;1-2;2-4,2-4|1-2|0-0|NULL,2-4|1-2|0-0|NULL,3,4,4,2,8,32,1,1,1,0,0.0,15,1
TRAJ-MICRO-V1,12097,57,configured_scale,,,0-2;1-1;2-4,0-2;1-1;2-4,0-2;1-1;2-4,2-4|1-1|0-2|NULL,2-4|1-1|0-2|NULL,3,4,4,2,8,32,1,1,1,0,0.0,15,1
TRAJ-MICRO-V1,12097,57,zero_scale,,,0-2;1-1;2-3,0-2;1-1;2-3,0-2;1-1;2-3,2-3|1-1|0-2|NULL,2-3|1-1|0-2|NULL,3,4,4,2,8,32,1,1,1,0,0.0,15,1
TRAJ-MICRO-V1,12097,58,configured_scale,,,0-1;1-3;2-4,0-1;1-3;2-4,0-1;1-3;2-4,2-4|0-1|1-3|NULL,2-4|0-1|1-3|NULL,3,4,4,2,8,32,1,1,1,0,0.0,15,1
TRAJ-MICRO-V1,12097,58,zero_scale,,,0-1;1-3;2-4,0-1;1-3;2-4,0-1;1-3;2-4,2-4|0-1|1-3|NULL,2-4|0-1|1-3|NULL,3,4,4,2,8,32,1,1,1,0,0.0,15,1
TRAJ-MICRO-V1,12097,59,configured_scale,,,0-0;1-3;2-4,0-0;1-3;2-4,0-0;1-3;2-4,2-4|0-0|1-3|NULL,2-4|0-0|1-3|NULL,3,4,4,2,8,32,1,1,1,0,0.0,15,1
TRAJ-MICRO-V1,12097,59,zero_scale,,,0-0;1-2;2-4,0-0;1-2;2-4,0-0;1-2;2-4,2-4|1-2|0-0|NULL,2-4|1-2|0-0|NULL,3,4,4,2,8,32,1,1,1,0,0.0,15,1
TRAJ-MICRO-V1,12097,60,configured_scale,,,0-1;1-4;2-0,0-1;1-4;2-0,0-1;1-4;2-0,1-4|2-0|0-1|NULL,1-4|2-0|0-1|NULL,3,4,4,2,8,32,1,1,1,0,0.0,15,1
TRAJ-MICRO-V1,12097,60,zero_scale,,,0-1;1-4;2-3,0-1;1-4;2-3,0-1;1-4;2-3,1-4|2-3|0-1|NULL,1-4|2-3|0-1|NULL,3,4,4,2,8,32,1,1,1,0,0.0,15,1
TRAJ-MICRO-V1,12097,61,configured_scale,,,0-0;1-3;2-4,0-0;1-3;2-4,0-0;1-3;2-4,1-3|2-4|0-0|NULL,1-3|2-4|0-0|NULL,3,4,4,2,8,32,1,1,1,0,0.0,15,1
TRAJ-MICRO-V1,12097,61,zero_scale,,,0-1;1-3;2-4,0-1;1-3;2-4,0-1;1-3;2-4,1-3|2-4|0-1|NULL,1-3|2-4|0-1|NULL,3,4,4,2,8,32,1,1,1,0,0.0,15,1
TRAJ-MICRO-V1,12097,62,configured_scale,,,0-0;1-2;2-4,0-0;1-2;2-4,0-0;1-2;2-4,2-4|1-2|0-0|NULL,2-4|1-2|0-0|NULL,3,4,4,2,8,32,1,1,1,0,0.0,15,1
TRAJ-MICRO-V1,12097,62,zero_scale,,,0-0;1-2;2-4,0-0;1-2;2-4,0-0;1-2;2-4,1-2|2-4|0-0|NULL,1-2|2-4|0-0|NULL,3,4,4,2,8,32,1,1,1,0,0.0,15,1
TRAJ-MICRO-V1,12097,63,configured_scale,,,0-2;1-4;2-0,0-2;1-4;2-0,0-2;1-4;2-0,1-4|2-0|0-2|NULL,1-4|2-0|0-2|NULL,3,4,4,2,8,32,1,1,1,0,0.0,15,1
TRAJ-MICRO-V1,12097,63,zero_scale,,,0-2;1-1;2-0,0-2;1-1;2-0,0-2;1-1;2-0,1-1|2-0|0-2|NULL,1-1|2-0|0-2|NULL,3,4,4,2,8,32,1,1,1,0,0.0,15,1
TRAJ-MICRO-V1,12097,64,configured_scale,,,0-0;1-3;2-4,0-0;1-3;2-4,0-0;1-3;2-4,1-3|2-4|0-0|NULL,1-3|2-4|0-0|NULL,3,4,4,2,8,32,1,1,1,0,0.0,15,1
TRAJ-MICRO-V1,12097,64,zero_scale,,,0-1;1-3;2-2,0-1;1-3;2-2,0-1;1-3;2-2,1-3|0-1|2-2|NULL,1-3|0-1|2-2|NULL,3,4,4,2,8,32,1,1,1,0,0.0,15,1
TRAJ-MICRO-V1,12097,65,configured_scale,,,0-0;1-2;2-4,0-0;1-2;2-4,0-0;1-2;2-4,1-2|2-4|0-0|NULL,1-2|2-4|0-0|NULL,3,4,4,2,8,32,1,1,1,0,0.0,15,1
TRAJ-MICRO-V1,12097,65,zero_scale,,,0-0;1-2;2-4,0-0;1-2;2-4,0-0;1-2;2-4,1-2|0-0|2-4|NULL,1-2|0-0|2-4|NULL,3,4,4,2,8,32,1,1,1,0,0.0,15,1
TRAJ-MICRO-V1,12097,66,configured_scale,,,0-2;1-4;2-0,0-2;1-4;2-0,0-2;1-4;2-0,1-4|2-0|0-2|NULL,1-4|2-0|0-2|NULL,3,4,4,2,8,32,1,1,1,0,0.0,15,1
TRAJ-MICRO-V1,12097,66,zero_scale,,,0-0;1-4;2-3,0-0;1-4;2-3,0-0;1-4;2-3,1-4|2-3|0-0|NULL,1-4|2-3|0-0|NULL,3,4,4,2,8,32,1,1,1,0,0.0,15,1
TRAJ-MICRO-V1,12097,67,configured_scale,,,0-0;1-3;2-4,0-0;1-3;2-4,0-0;1-3;2-4,1-3|2-4|0-0|NULL,1-3|2-4|0-0|NULL,3,4,4,2,8,32,1,1,1,0,0.0,15,1
TRAJ-MICRO-V1,12097,67,zero_scale,,,0-1;1-3;2-4,0-1;1-3;2-4,0-1;1-3;2-4,1-3|0-1|2-4|NULL,1-3|0-1|2-4|NULL,3,4,4,2,8,32,1,1,1,0,0.0,15,1
TRAJ-MICRO-V1,12097,68,configured_scale,,,0-0;1-2;2-4,0-0;1-2;2-4,0-0;1-2;2-4,0-0|2-4|1-2|NULL,0-0|2-4|1-2|NULL,3,4,4,2,8,32,1,1,1,0,0.0,15,1
TRAJ-MICRO-V1,12097,68,zero_scale,,,0-0;1-2;2-4,0-0;1-2;2-4,0-0;1-2;2-4,0-0|2-4|1-2|NULL,0-0|2-4|1-2|NULL,3,4,4,2,8,32,1,1,1,0,0.0,15,1
TRAJ-MICRO-V1,12097,69,configured_scale,,,0-0;1-1;2-4,0-0;1-1;2-4,0-0;1-1;2-4,0-0|2-4|1-1|NULL,0-0|2-4|1-1|NULL,3,4,4,2,8,32,1,1,1,0,0.0,15,1
TRAJ-MICRO-V1,12097,69,zero_scale,,,0-0;1-1;2-4,0-0;1-1;2-4,0-0;1-1;2-4,0-0|1-1|2-4|NULL,0-0|1-1|2-4|NULL,3,4,4,2,8,32,1,1,1,0,0.0,15,1
TRAJ-MICRO-V1,12097,70,configured_scale,,,0-1;1-0;2-4,0-1;1-0;2-4,0-1;1-0;2-4,0-1|1-0|2-4|NULL,0-1|1-0|2-4|NULL,3,4,4,2,8,32,1,1,1,0,0.0,15,1
TRAJ-MICRO-V1,12097,70,zero_scale,,,0-1;1-0;2-4,0-1;1-0;2-4,0-1;1-0;2-4,0-1|1-0|2-4|NULL,0-1|1-0|2-4|NULL,3,4,4,2,8,32,1,1,1,0,0.0,15,1
TRAJ-MICRO-V1,12097,71,configured_scale,,,0-0;1-2;2-4,0-0;1-2;2-4,0-0;1-2;2-4,0-0|1-2|2-4|NULL,0-0|1-2|2-4|NULL,3,4,4,2,8,32,1,1,1,0,0.0,15,1
TRAJ-MICRO-V1,12097,71,zero_scale,,,0-0;1-2;2-4,0-0;1-2;2-4,0-0;1-2;2-4,0-0|1-2|2-4|NULL,0-0|1-2|2-4|NULL,3,4,4,2,8,32,1,1,1,0,0.0,15,1
TRAJ-MICRO-V1,12097,72,configured_scale,,,0-0;1-1;2-3,0-0;1-1;2-3,0-0;1-1;2-3,0-0|1-1|2-3|NULL,0-0|1-1|2-3|NULL,3,4,4,2,8,32,1,1,1,0,0.0,15,1
TRAJ-MICRO-V1,12097,72,zero_scale,,,0-0;1-1;2-3,0-0;1-1;2-3,0-0;1-1;2-3,0-0|1-1|2-3|NULL,0-0|1-1|2-3|NULL,3,4,4,2,8,32,1,1,1,0,0.0,15,1
TRAJ-MICRO-V1,12097,73,configured_scale,,,0-1;1-0;2-2,0-1;1-0;2-2,0-1;1-0;2-2,0-1|1-0|2-2|NULL,0-1|1-0|2-2|NULL,3,4,4,2,8,32,1,1,1,0,0.0,15,1
TRAJ-MICRO-V1,12097,73,zero_scale,,,0-1;1-0;2-2,0-1;1-0;2-2,0-1;1-0;2-2,0-1|1-0|2-2|NULL,0-1|1-0|2-2|NULL,3,4,4,2,8,32,1,1,1,0,0.0,15,1
TRAJ-MICRO-V1,12097,74,configured_scale,,,0-1;1-2;2-4,0-1;1-2;2-4,0-1;1-2;2-4,0-1|1-2|2-4|NULL,0-1|1-2|2-4|NULL,3,4,4,2,8,32,1,1,1,0,0.0,15,1
TRAJ-MICRO-V1,12097,74,zero_scale,,,0-1;1-2;2-4,0-1;1-2;2-4,0-1;1-2;2-4,0-1|1-2|2-4|NULL,0-1|1-2|2-4|NULL,3,4,4,2,8,32,1,1,1,0,0.0,15,1
TRAJ-MICRO-V1,12097,75,configured_scale,,,0-1;1-2;2-0,0-1;1-2;2-0,0-1;1-2;2-0,1-2|0-1|2-0|NULL,1-2|0-1|2-0|NULL,3,4,4,2,8,32,1,1,1,0,0.0,15,1
TRAJ-MICRO-V1,12097,75,zero_scale,,,0-2;1-1;2-3,0-2;1-1;2-3,0-2;1-1;2-3,0-2|1-1|2-3|NULL,0-2|1-1|2-3|NULL,3,4,4,2,8,32,1,1,1,0,0.0,15,1
TRAJ-MICRO-V1,12097,76,configured_scale,,,0-1;1-2;2-3,0-1;1-2;2-3,0-1;1-2;2-3,1-2|0-1|2-3|NULL,1-2|0-1|2-3|NULL,3,4,4,2,8,32,1,1,1,0,0.0,15,1
TRAJ-MICRO-V1,12097,76,zero_scale,,,0-1;1-2;2-3,0-1;1-2;2-3,0-1;1-2;2-3,1-2|0-1|2-3|NULL,1-2|0-1|2-3|NULL,3,4,4,2,8,32,1,1,1,0,0.0,15,1
TRAJ-MICRO-V1,12097,77,configured_scale,,,0-3;1-2;2-1,0-3;1-2;2-1,0-3;1-2;2-1,1-2|2-1|0-3|NULL,1-2|2-1|0-3|NULL,3,4,4,2,8,32,1,1,1,0,0.0,15,1
TRAJ-MICRO-V1,12097,77,zero_scale,,,0-3;1-2;2-1,0-3;1-2;2-1,0-3;1-2;2-1,1-2|0-3|2-1|NULL,1-2|0-3|2-1|NULL,3,4,4,2,8,32,1,1,1,0,0.0,15,1
TRAJ-MICRO-V1,12097,78,configured_scale,,,0-1;1-2;2-3,0-1;1-2;2-3,0-1;1-2;2-3,2-3|1-2|0-1|NULL,2-3|1-2|0-1|NULL,3,4,4,2,8,32,1,1,1,0,0.0,15,1
TRAJ-MICRO-V1,12097,78,zero_scale,,,0-1;1-2;2-3,0-1;1-2;2-3,0-1;1-2;2-3,2-3|1-2|0-1|NULL,2-3|1-2|0-1|NULL,3,4,4,2,8,32,1,1,1,0,0.0,15,1
TRAJ-MICRO-V1,12097,79,configured_scale,,,0-4;1-2;2-3,0-4;1-2;2-3,0-4;1-2;2-3,2-3|1-2|0-4|NULL,2-3|1-2|0-4|NULL,3,4,4,2,8,32,1,1,1,0,0.0,15,1
TRAJ-MICRO-V1,12097,79,zero_scale,,,0-1;1-3;2-2,0-1;1-3;2-2,0-1;1-3;2-2,1-3|2-2|0-1|NULL,1-3|2-2|0-1|NULL,3,4,4,2,8,32,1,1,1,0,0.0,15,1
TRAJ-MICRO-V1,12097,80,configured_scale,,,0-1;1-3;2-4,0-1;1-3;2-4,0-1;1-3;2-4,2-4|1-3|0-1|NULL,2-4|1-3|0-1|NULL,3,4,4,2,8,32,1,1,1,0,0.0,15,1
TRAJ-MICRO-V1,12097,80,zero_scale,,,0-3;1-2;2-4,0-3;1-2;2-4,0-3;1-2;2-4,1-2|2-4|0-3|NULL,1-2|2-4|0-3|NULL,3,4,4,2,8,32,1,1,1,0,0.0,15,1
TRAJ-MICRO-V1,12097,81,configured_scale,,,0-1;1-2;2-3,0-1;1-2;2-3,0-1;1-2;2-3,2-3|1-2|0-1|NULL,2-3|1-2|0-1|NULL,3,4,4,2,8,32,1,1,1,0,0.0,15,1
TRAJ-MICRO-V1,12097,81,zero_scale,,,0-1;1-2;2-3,0-1;1-2;2-3,0-1;1-2;2-3,2-3|0-1|1-2|NULL,2-3|0-1|1-2|NULL,3,4,4,2,8,32,1,1,1,0,0.0,15,1
TRAJ-MICRO-V1,12097,82,configured_scale,,,0-1;1-3;2-4,0-1;1-3;2-4,0-1;1-3;2-4,2-4|0-1|1-3|NULL,2-4|0-1|1-3|NULL,3,4,4,2,8,32,1,1,1,0,0.0,15,1
TRAJ-MICRO-V1,12097,82,zero_scale,,,0-1;1-3;2-4,0-1;1-3;2-4,0-1;1-3;2-4,0-1|2-4|1-3|NULL,0-1|2-4|1-3|NULL,3,4,4,2,8,32,1,1,1,0,0.0,15,1
TRAJ-MICRO-V1,12097,83,configured_scale,,,0-0;1-3;2-4,0-0;1-3;2-4,0-0;1-3;2-4,2-4|0-0|1-3|NULL,2-4|0-0|1-3|NULL,3,4,4,2,8,32,1,1,1,0,0.0,15,1
TRAJ-MICRO-V1,12097,83,zero_scale,,,0-0;1-2;2-4,0-0;1-2;2-4,0-0;1-2;2-4,2-4|0-0|1-2|NULL,2-4|0-0|1-2|NULL,3,4,4,2,8,32,1,1,1,0,0.0,15,1
TRAJ-MICRO-V1,12097,84,configured_scale,,,0-0;1-3;2-4,0-0;1-3;2-4,0-0;1-3;2-4,2-4|1-3|0-0|NULL,2-4|1-3|0-0|NULL,3,4,4,2,8,32,1,1,1,0,0.0,15,1
TRAJ-MICRO-V1,12097,84,zero_scale,,,0-2;1-3;2-4,0-2;1-3;2-4,0-2;1-3;2-4,2-4|0-2|1-3|NULL,2-4|0-2|1-3|NULL,3,4,4,2,8,32,1,1,1,0,0.0,15,1
TRAJ-MICRO-V1,12097,85,configured_scale,,,0-1;1-3;2-4,0-1;1-3;2-4,0-1;1-3;2-4,2-4|1-3|0-1|NULL,2-4|1-3|0-1|NULL,3,4,4,2,8,32,1,1,1,0,0.0,15,1
TRAJ-MICRO-V1,12097,85,zero_scale,,,0-1;1-3;2-4,0-1;1-3;2-4,0-1;1-3;2-4,2-4|1-3|0-1|NULL,2-4|1-3|0-1|NULL,3,4,4,2,8,32,1,1,1,0,0.0,15,1
TRAJ-MICRO-V1,12097,86,configured_scale,,,0-3;1-2;2-4,0-3;1-2;2-4,0-3;1-2;2-4,2-4|0-3|1-2|NULL,2-4|0-3|1-2|NULL,3,4,4,2,8,32,1,1,1,0,0.0,15,1
TRAJ-MICRO-V1,12097,86,zero_scale,,,0-3;1-2;2-4,0-3;1-2;2-4,0-3;1-2;2-4,2-4|0-3|1-2|NULL,2-4|0-3|1-2|NULL,3,4,4,2,8,32,1,1,1,0,0.0,15,1
TRAJ-MICRO-V1,12097,87,configured_scale,,,0-2;1-3;2-4,0-2;1-3;2-4,0-2;1-3;2-4,2-4|0-2|1-3|NULL,2-4|0-2|1-3|NULL,3,4,4,2,8,32,1,1,1,0,0.0,15,1
TRAJ-MICRO-V1,12097,87,zero_scale,,,0-2;1-3;2-4,0-2;1-3;2-4,0-2;1-3;2-4,2-4|1-3|0-2|NULL,2-4|1-3|0-2|NULL,3,4,4,2,8,32,1,1,1,0,0.0,15,1
TRAJ-MICRO-V1,12097,88,configured_scale,,,0-1;1-3;2-4,0-1;1-3;2-4,0-1;1-3;2-4,2-4|1-3|0-1|NULL,2-4|1-3|0-1|NULL,3,4,4,2,8,32,1,1,1,0,0.0,15,1
TRAJ-MICRO-V1,12097,88,zero_scale,,,0-1;1-3;2-4,0-1;1-3;2-4,0-1;1-3;2-4,2-4|1-3|0-1|NULL,2-4|1-3|0-1|NULL,3,4,4,2,8,32,1,1,1,0,0.0,15,1
TRAJ-MICRO-V1,12097,89,configured_scale,,,0-0;1-2;2-3,0-0;1-2;2-3,0-0;1-2;2-3,2-3|0-0|1-2|NULL,2-3|0-0|1-2|NULL,3,4,4,2,8,32,1,1,1,0,0.0,15,1
TRAJ-MICRO-V1,12097,89,zero_scale,,,0-3;1-2;2-4,0-3;1-2;2-4,0-3;1-2;2-4,2-4|0-3|1-2|NULL,2-4|0-3|1-2|NULL,3,4,4,2,8,32,1,1,1,0,0.0,15,1
TRAJ-MICRO-V1,12097,90,configured_scale,,,0-3;1-2;2-0,0-3;1-2;2-0,0-3;1-2;2-0,0-3|1-2|2-0|NULL,0-3|1-2|2-0|NULL,3,4,4,2,8,32,1,1,1,0,0.0,15,1
TRAJ-MICRO-V1,12097,90,zero_scale,,,0-2;1-1;2-3,0-2;1-1;2-3,0-2;1-1;2-3,2-3|0-2|1-1|NULL,2-3|0-2|1-1|NULL,3,4,4,2,8,32,1,1,1,0,0.0,15,1
TRAJ-MICRO-V1,12097,91,configured_scale,,,0-4;1-3;2-2,0-4;1-3;2-2,0-4;1-3;2-2,0-4|1-3|2-2|NULL,0-4|1-3|2-2|NULL,3,4,4,2,8,32,1,1,1,0,0.0,15,1
TRAJ-MICRO-V1,12097,91,zero_scale,,,0-1;1-3;2-2,0-1;1-3;2-2,0-1;1-3;2-2,0-1|1-3|2-2|NULL,0-1|1-3|2-2|NULL,3,4,4,2,8,32,1,1,1,0,0.0,15,1
TRAJ-MICRO-V1,12097,92,configured_scale,,,0-3;1-2;2-1,0-3;1-2;2-1,0-3;1-2;2-1,1-2|0-3|2-1|NULL,1-2|0-3|2-1|NULL,3,4,4,2,8,32,1,1,1,0,0.0,15,1
TRAJ-MICRO-V1,12097,92,zero_scale,,,0-3;1-2;2-1,0-3;1-2;2-1,0-3;1-2;2-1,1-2|0-3|2-1|NULL,1-2|0-3|2-1|NULL,3,4,4,2,8,32,1,1,1,0,0.0,15,1
TRAJ-MICRO-V1,12097,93,configured_scale,,,0-1;1-2;2-0,0-1;1-2;2-0,0-1;1-2;2-0,1-2|0-1|2-0|NULL,1-2|0-1|2-0|NULL,3,4,4,2,8,32,1,1,1,0,0.0,15,1
TRAJ-MICRO-V1,12097,93,zero_scale,,,0-1;1-2;2-3,0-1;1-2;2-3,0-1;1-2;2-3,1-2|0-1|2-3|NULL,1-2|0-1|2-3|NULL,3,4,4,2,8,32,1,1,1,0,0.0,15,1
TRAJ-MICRO-V1,12097,94,configured_scale,,,0-1;1-3;2-2,0-1;1-3;2-2,0-1;1-3;2-2,1-3|0-1|2-2|NULL,1-3|0-1|2-2|NULL,3,4,4,2,8,32,1,1,1,0,0.0,15,1
TRAJ-MICRO-V1,12097,94,zero_scale,,,0-1;1-3;2-2,0-1;1-3;2-2,0-1;1-3;2-2,1-3|0-1|2-2|NULL,1-3|0-1|2-2|NULL,3,4,4,2,8,32,1,1,1,0,0.0,15,1
TRAJ-MICRO-V1,12097,95,configured_scale,,,0-1;1-2;2-4,0-1;1-2;2-4,0-1;1-2;2-4,1-2|2-4|0-1|NULL,1-2|2-4|0-1|NULL,3,4,4,2,8,32,1,1,1,0,0.0,15,1
TRAJ-MICRO-V1,12097,95,zero_scale,,,0-1;1-2;2-4,0-1;1-2;2-4,0-1;1-2;2-4,1-2|2-4|0-1|NULL,1-2|2-4|0-1|NULL,3,4,4,2,8,32,1,1,1,0,0.0,15,1
TRAJ-MICRO-V1,12097,96,configured_scale,,,0-1;1-4;2-3,0-1;1-4;2-3,0-1;1-4;2-3,1-4|2-3|0-1|NULL,1-4|2-3|0-1|NULL,3,4,4,2,8,32,1,1,1,0,0.0,15,1
TRAJ-MICRO-V1,12097,96,zero_scale,,,0-1;1-4;2-3,0-1;1-4;2-3,0-1;1-4;2-3,1-4|2-3|0-1|NULL,1-4|2-3|0-1|NULL,3,4,4,2,8,32,1,1,1,0,0.0,15,1
TRAJ-MICRO-V1,12097,97,configured_scale,,,0-1;1-0;2-4,0-1;1-0;2-4,0-1;1-0;2-4,1-0|2-4|0-1|NULL,1-0|2-4|0-1|NULL,3,4,4,2,8,32,1,1,1,0,0.0,15,1
TRAJ-MICRO-V1,12097,97,zero_scale,,,0-1;1-3;2-4,0-1;1-3;2-4,0-1;1-3;2-4,1-3|2-4|0-1|NULL,1-3|2-4|0-1|NULL,3,4,4,2,8,32,1,1,1,0,0.0,15,1
TRAJ-MICRO-V1,12097,98,configured_scale,,,0-0;1-2;2-4,0-0;1-2;2-4,0-0;1-2;2-4,2-4|0-0|1-2|NULL,2-4|0-0|1-2|NULL,3,4,4,2,8,32,1,1,1,0,0.0,15,1
TRAJ-MICRO-V1,12097,98,zero_scale,,,0-0;1-2;2-4,0-0;1-2;2-4,0-0;1-2;2-4,2-4|0-0|1-2|NULL,2-4|0-0|1-2|NULL,3,4,4,2,8,32,1,1,1,0,0.0,15,1
TRAJ-MICRO-V1,12097,99,configured_scale,,,0-2;1-1;2-0,0-2;1-1;2-0,0-2;1-1;2-0,2-0|1-1|0-2|NULL,2-0|1-1|0-2|NULL,3,4,4,2,8,32,1,1,1,0,0.0,15,1
TRAJ-MICRO-V1,12097,99,zero_scale,,,0-0;1-1;2-4,0-0;1-1;2-4,0-0;1-1;2-4,1-1|0-0|2-4|NULL,1-1|0-0|2-4|NULL,3,4,4,2,8,32,1,1,1,0,0.0,15,1
TRAJ-MICRO-V1,12097,100,configured_scale,,,0-1;1-0;2-4,0-1;1-0;2-4,0-1;1-0;2-4,1-0|2-4|0-1|NULL,1-0|2-4|0-1|NULL,3,4,4,2,8,32,1,1,1,0,0.0,15,1
TRAJ-MICRO-V1,12097,100,zero_scale,,,0-1;1-0;2-4,0-1;1-0;2-4,0-1;1-0;2-4,1-0|0-1|2-4|NULL,1-0|0-1|2-4|NULL,3,4,4,2,8,32,1,1,1,0,0.0,15,1
TRAJ-MICRO-V1,12097,101,configured_scale,,,0-0;1-2;2-4,0-0;1-2;2-4,0-0;1-2;2-4,0-0|2-4|1-2|NULL,0-0|2-4|1-2|NULL,3,4,4,2,8,32,1,1,1,0,0.0,15,1
TRAJ-MICRO-V1,12097,101,zero_scale,,,0-0;1-2;2-4,0-0;1-2;2-4,0-0;1-2;2-4,0-0|2-4|1-2|NULL,0-0|2-4|1-2|NULL,3,4,4,2,8,32,1,1,1,0,0.0,15,1
TRAJ-MICRO-V1,12097,102,configured_scale,,,0-1;1-2;2-0,0-1;1-2;2-0,0-1;1-2;2-0,2-0|0-1|1-2|NULL,2-0|0-1|1-2|NULL,3,4,4,2,8,32,1,1,1,0,0.0,15,1
TRAJ-MICRO-V1,12097,102,zero_scale,,,0-0;1-1;2-3,0-0;1-1;2-3,0-0;1-1;2-3,0-0|1-1|2-3|NULL,0-0|1-1|2-3|NULL,3,4,4,2,8,32,1,1,1,0,0.0,15,1
TRAJ-MICRO-V1,12097,103,configured_scale,,,0-1;1-3;2-0,0-1;1-3;2-0,0-1;1-3;2-0,2-0|0-1|1-3|NULL,2-0|0-1|1-3|NULL,3,4,4,2,8,32,1,1,1,0,0.0,15,1
TRAJ-MICRO-V1,12097,103,zero_scale,,,0-1;1-0;2-2,0-1;1-0;2-2,0-1;1-0;2-2,1-0|0-1|2-2|NULL,1-0|0-1|2-2|NULL,3,4,4,2,8,32,1,1,1,0,0.0,15,1
TRAJ-MICRO-V1,12097,104,configured_scale,,,0-0;1-2;2-4,0-0;1-2;2-4,0-0;1-2;2-4,2-4|1-2|0-0|NULL,2-4|1-2|0-0|NULL,3,4,4,2,8,32,1,1,1,0,0.0,15,1
TRAJ-MICRO-V1,12097,104,zero_scale,,,0-0;1-2;2-1,0-0;1-2;2-1,0-0;1-2;2-1,1-2|2-1|0-0|NULL,1-2|2-1|0-0|NULL,3,4,4,2,8,32,1,1,1,0,0.0,15,1
TRAJ-MICRO-V1,12097,105,configured_scale,,,0-1;1-2;2-0,0-1;1-2;2-0,0-1;1-2;2-0,2-0|1-2|0-1|NULL,2-0|1-2|0-1|NULL,3,4,4,2,8,32,1,1,1,0,0.0,15,1
TRAJ-MICRO-V1,12097,105,zero_scale,,,0-2;1-1;2-0,0-2;1-1;2-0,0-2;1-1;2-0,2-0|1-1|0-2|NULL,2-0|1-1|0-2|NULL,3,4,4,2,8,32,1,1,1,0,0.0,15,1
TRAJ-MICRO-V1,12097,106,configured_scale,,,0-1;1-3;2-4,0-1;1-3;2-4,0-1;1-3;2-4,2-4|1-3|0-1|NULL,2-4|1-3|0-1|NULL,3,4,4,2,8,32,1,1,1,0,0.0,15,1
TRAJ-MICRO-V1,12097,106,zero_scale,,,0-1;1-3;2-2,0-1;1-3;2-2,0-1;1-3;2-2,2-2|1-3|0-1|NULL,2-2|1-3|0-1|NULL,3,4,4,2,8,32,1,1,1,0,0.0,15,1
TRAJ-MICRO-V1,12097,107,configured_scale,,,0-0;1-2;2-4,0-0;1-2;2-4,0-0;1-2;2-4,2-4|0-0|1-2|NULL,2-4|0-0|1-2|NULL,3,4,4,2,8,32,1,1,1,0,0.0,15,1
TRAJ-MICRO-V1,12097,107,zero_scale,,,0-0;1-2;2-4,0-0;1-2;2-4,0-0;1-2;2-4,2-4|1-2|0-0|NULL,2-4|1-2|0-0|NULL,3,4,4,2,8,32,1,1,1,0,0.0,15,1
TRAJ-MICRO-V1,12097,108,configured_scale,,,0-1;1-2;2-0,0-1;1-2;2-0,0-1;1-2;2-0,2-0|1-2|0-1|NULL,2-0|1-2|0-1|NULL,3,4,4,2,8,32,1,1,1,0,0.0,15,1
TRAJ-MICRO-V1,12097,108,zero_scale,,,0-1;1-2;2-0,0-1;1-2;2-0,0-1;1-2;2-0,2-0|1-2|0-1|NULL,2-0|1-2|0-1|NULL,3,4,4,2,8,32,1,1,1,0,0.0,15,1
TRAJ-MICRO-V1,12097,109,configured_scale,,,0-1;1-2;2-0,0-1;1-2;2-0,0-1;1-2;2-0,0-1|2-0|1-2|NULL,0-1|2-0|1-2|NULL,3,4,4,2,8,32,1,1,1,0,0.0,15,1
TRAJ-MICRO-V1,12097,109,zero_scale,,,0-1;1-0;2-2,0-1;1-0;2-2,0-1;1-0;2-2,0-1|1-0|2-2|NULL,0-1|1-0|2-2|NULL,3,4,4,2,8,32,1,1,1,0,0.0,15,1
TRAJ-MICRO-V1,12097,110,configured_scale,,,0-1;1-2;2-4,0-1;1-2;2-4,0-1;1-2;2-4,0-1|2-4|1-2|NULL,0-1|2-4|1-2|NULL,3,4,4,2,8,32,1,1,1,0,0.0,15,1
TRAJ-MICRO-V1,12097,110,zero_scale,,,0-1;1-2;2-4,0-1;1-2;2-4,0-1;1-2;2-4,0-1|1-2|2-4|NULL,0-1|1-2|2-4|NULL,3,4,4,2,8,32,1,1,1,0,0.0,15,1
TRAJ-MICRO-V1,12097,111,configured_scale,,,0-1;1-2;2-0,0-1;1-2;2-0,0-1;1-2;2-0,0-1|2-0|1-2|NULL,0-1|2-0|1-2|NULL,3,4,4,2,8,32,1,1,1,0,0.0,15,1
TRAJ-MICRO-V1,12097,111,zero_scale,,,0-1;1-2;2-0,0-1;1-2;2-0,0-1;1-2;2-0,0-1|2-0|1-2|NULL,0-1|2-0|1-2|NULL,3,4,4,2,8,32,1,1,1,0,0.0,15,1
TRAJ-MICRO-V1,12097,112,configured_scale,,,0-1;1-3;2-2,0-1;1-3;2-2,0-1;1-3;2-2,2-2|0-1|1-3|NULL,2-2|0-1|1-3|NULL,3,4,4,2,8,32,1,1,1,0,0.0,15,1
TRAJ-MICRO-V1,12097,112,zero_scale,,,0-1;1-3;2-2,0-1;1-3;2-2,0-1;1-3;2-2,0-1|2-2|1-3|NULL,0-1|2-2|1-3|NULL,3,4,4,2,8,32,1,1,1,0,0.0,15,1
TRAJ-MICRO-V1,12097,113,configured_scale,,,0-0;1-2;2-4,0-0;1-2;2-4,0-0;1-2;2-4,1-2|2-4|0-0|NULL,1-2|2-4|0-0|NULL,3,4,4,2,8,32,1,1,1,0,0.0,15,1
TRAJ-MICRO-V1,12097,113,zero_scale,,,0-0;1-2;2-4,0-0;1-2;2-4,0-0;1-2;2-4,1-2|2-4|0-0|NULL,1-2|2-4|0-0|NULL,3,4,4,2,8,32,1,1,1,0,0.0,15,1
TRAJ-MICRO-V1,12097,114,configured_scale,,,0-1;1-2;2-4,0-1;1-2;2-4,0-1;1-2;2-4,1-2|2-4|0-1|NULL,1-2|2-4|0-1|NULL,3,4,4,2,8,32,1,1,1,0,0.0,15,1
TRAJ-MICRO-V1,12097,114,zero_scale,,,0-1;1-2;2-3,0-1;1-2;2-3,0-1;1-2;2-3,2-3|1-2|0-1|NULL,2-3|1-2|0-1|NULL,3,4,4,2,8,32,1,1,1,0,0.0,15,1
TRAJ-MICRO-V1,12097,115,configured_scale,,,0-1;1-3;2-4,0-1;1-3;2-4,0-1;1-3;2-4,1-3|2-4|0-1|NULL,1-3|2-4|0-1|NULL,3,4,4,2,8,32,1,1,1,0,0.0,15,1
TRAJ-MICRO-V1,12097,115,zero_scale,,,0-1;1-3;2-4,0-1;1-3;2-4,0-1;1-3;2-4,2-4|1-3|0-1|NULL,2-4|1-3|0-1|NULL,3,4,4,2,8,32,1,1,1,0,0.0,15,1
TRAJ-MICRO-V1,12097,116,configured_scale,,,0-0;1-3;2-4,0-0;1-3;2-4,0-0;1-3;2-4,1-3|2-4|0-0|NULL,1-3|2-4|0-0|NULL,3,4,4,2,8,32,1,1,1,0,0.0,15,1
TRAJ-MICRO-V1,12097,116,zero_scale,,,0-0;1-3;2-4,0-0;1-3;2-4,0-0;1-3;2-4,2-4|1-3|0-0|NULL,2-4|1-3|0-0|NULL,3,4,4,2,8,32,1,1,1,0,0.0,15,1
TRAJ-MICRO-V1,12097,117,configured_scale,,,0-3;1-2;2-4,0-3;1-2;2-4,0-3;1-2;2-4,2-4|1-2|0-3|NULL,2-4|1-2|0-3|NULL,3,4,4,2,8,32,1,1,1,0,0.0,15,1
TRAJ-MICRO-V1,12097,117,zero_scale,,,0-2;1-4;2-3,0-2;1-4;2-3,0-2;1-4;2-3,2-3|1-4|0-2|NULL,2-3|1-4|0-2|NULL,3,4,4,2,8,32,1,1,1,0,0.0,15,1
TRAJ-MICRO-V1,12097,118,configured_scale,,,0-1;1-4;2-3,0-1;1-4;2-3,0-1;1-4;2-3,1-4|2-3|0-1|NULL,1-4|2-3|0-1|NULL,3,4,4,2,8,32,1,1,1,0,0.0,15,1
TRAJ-MICRO-V1,12097,118,zero_scale,,,0-1;1-3;2-4,0-1;1-3;2-4,0-1;1-3;2-4,1-3|2-4|0-1|NULL,1-3|2-4|0-1|NULL,3,4,4,2,8,32,1,1,1,0,0.0,15,1
TRAJ-MICRO-V1,12097,119,configured_scale,,,0-0;1-3;2-4,0-0;1-3;2-4,0-0;1-3;2-4,1-3|2-4|0-0|NULL,1-3|2-4|0-0|NULL,3,4,4,2,8,32,1,1,1,0,0.0,15,1
TRAJ-MICRO-V1,12097,119,zero_scale,,,0-3;1-2;2-4,0-3;1-2;2-4,0-3;1-2;2-4,1-2|2-4|0-3|NULL,1-2|2-4|0-3|NULL,3,4,4,2,8,32,1,1,1,0,0.0,15,1
TRAJ-MICRO-V1,12097,120,configured_scale,,,0-3;1-2;2-4,0-3;1-2;2-4,0-3;1-2;2-4,2-4|1-2|0-3|NULL,2-4|1-2|0-3|NULL,3,4,4,2,8,32,1,1,1,0,0.0,15,1
TRAJ-MICRO-V1,12097,120,zero_scale,,,0-2;1-4;2-3,0-2;1-4;2-3,0-2;1-4;2-3,1-4|2-3|0-2|NULL,1-4|2-3|0-2|NULL,3,4,4,2,8,32,1,1,1,0,0.0,15,1
TRAJ-MICRO-V1,12097,121,configured_scale,,,0-4;1-2;2-3,0-4;1-2;2-3,0-4;1-2;2-3,0-4|1-2|2-3|NULL,0-4|1-2|2-3|NULL,3,4,4,2,8,32,1,1,1,0,0.0,15,1
TRAJ-MICRO-V1,12097,121,zero_scale,,,0-4;1-3;2-2,0-4;1-3;2-2,0-4;1-3;2-2,0-4|1-3|2-2|NULL,0-4|1-3|2-2|NULL,3,4,4,2,8,32,1,1,1,0,0.0,15,1
TRAJ-MICRO-V1,12097,122,configured_scale,,,0-3;1-2;2-4,0-3;1-2;2-4,0-3;1-2;2-4,2-4|0-3|1-2|NULL,2-4|0-3|1-2|NULL,3,4,4,2,8,32,1,1,1,0,0.0,15,1
TRAJ-MICRO-V1,12097,122,zero_scale,,,0-3;1-2;2-4,0-3;1-2;2-4,0-3;1-2;2-4,2-4|1-2|0-3|NULL,2-4|1-2|0-3|NULL,3,4,4,2,8,32,1,1,1,0,0.0,15,1
TRAJ-MICRO-V1,12097,123,configured_scale,,,0-4;1-2;2-3,0-4;1-2;2-3,0-4;1-2;2-3,0-4|2-3|1-2|NULL,0-4|2-3|1-2|NULL,3,4,4,2,8,32,1,1,1,0,0.0,15,1
TRAJ-MICRO-V1,12097,123,zero_scale,,,0-2;1-4;2-3,0-2;1-4;2-3,0-2;1-4;2-3,1-4|0-2|2-3|NULL,1-4|0-2|2-3|NULL,3,4,4,2,8,32,1,1,1,0,0.0,15,1
TRAJ-MICRO-V1,12097,124,configured_scale,,,0-4;1-2;2-3,0-4;1-2;2-3,0-4;1-2;2-3,0-4|2-3|1-2|NULL,0-4|2-3|1-2|NULL,3,4,4,2,8,32,1,1,1,0,0.0,15,1
TRAJ-MICRO-V1,12097,124,zero_scale,,,0-1;1-3;2-4,0-1;1-3;2-4,0-1;1-3;2-4,1-3|2-4|0-1|NULL,1-3|2-4|0-1|NULL,3,4,4,2,8,32,1,1,1,0,0.0,15,1
TRAJ-MICRO-V1,12097,125,configured_scale,,,0-3;1-2;2-4,0-3;1-2;2-4,0-3;1-2;2-4,2-4|0-3|1-2|NULL,2-4|0-3|1-2|NULL,3,4,4,2,8,32,1,1,1,0,0.0,15,1
TRAJ-MICRO-V1,12097,125,zero_scale,,,0-3;1-2;2-4,0-3;1-2;2-4,0-3;1-2;2-4,2-4|0-3|1-2|NULL,2-4|0-3|1-2|NULL,3,4,4,2,8,32,1,1,1,0,0.0,15,1
TRAJ-MICRO-V1,12097,126,configured_scale,,,0-2;1-4;2-3,0-2;1-4;2-3,0-2;1-4;2-3,2-3|0-2|1-4|NULL,2-3|0-2|1-4|NULL,3,4,4,2,8,32,1,1,1,0,0.0,15,1
TRAJ-MICRO-V1,12097,126,zero_scale,,,0-2;1-4;2-3,0-2;1-4;2-3,0-2;1-4;2-3,2-3|1-4|0-2|NULL,2-3|1-4|0-2|NULL,3,4,4,2,8,32,1,1,1,0,0.0,15,1
TRAJ-MICRO-V1,12097,127,configured_scale,,,0-1;1-3;2-4,0-1;1-3;2-4,0-1;1-3;2-4,2-4|1-3|0-1|NULL,2-4|1-3|0-1|NULL,3,4,4,2,8,32,1,1,1,0,0.0,15,1
TRAJ-MICRO-V1,12097,127,zero_scale,,,0-1;1-3;2-4,0-1;1-3;2-4,0-1;1-3;2-4,2-4|1-3|0-1|NULL,2-4|1-3|0-1|NULL,3,4,4,2,8,32,1,1,1,0,0.0,15,1
TRAJ-MICRO-V1,12097,128,configured_scale,,,0-3;1-2;2-4,0-3;1-2;2-4,0-3;1-2;2-4,2-4|1-2|0-3|NULL,2-4|1-2|0-3|NULL,3,4,4,2,8,32,1,1,1,0,0.0,15,1
TRAJ-MICRO-V1,12097,128,zero_scale,,,0-0;1-2;2-4,0-0;1-2;2-4,0-0;1-2;2-4,2-4|1-2|0-0|NULL,2-4|1-2|0-0|NULL,3,4,4,2,8,32,1,1,1,0,0.0,15,1
TRAJ-MICRO-V1,12097,129,configured_scale,,,0-2;1-1;2-3,0-2;1-1;2-3,0-2;1-1;2-3,0-2|2-3|1-1|NULL,0-2|2-3|1-1|NULL,3,4,4,2,8,32,1,1,1,0,0.0,15,1
TRAJ-MICRO-V1,12097,129,zero_scale,,,0-2;1-1;2-3,0-2;1-1;2-3,0-2;1-1;2-3,0-2|2-3|1-1|NULL,0-2|2-3|1-1|NULL,3,4,4,2,8,32,1,1,1,0,0.0,15,1
TRAJ-MICRO-V1,12097,130,configured_scale,,,0-1;1-3;2-2,0-1;1-3;2-2,0-1;1-3;2-2,0-1|2-2|1-3|NULL,0-1|2-2|1-3|NULL,3,4,4,2,8,32,1,1,1,0,0.0,15,1
TRAJ-MICRO-V1,12097,130,zero_scale,,,0-1;1-2;2-4,0-1;1-2;2-4,0-1;1-2;2-4,0-1|1-2|2-4|NULL,0-1|1-2|2-4|NULL,3,4,4,2,8,32,1,1,1,0,0.0,15,1
TRAJ-MICRO-V1,12097,131,configured_scale,,,0-1;1-2;2-4,0-1;1-2;2-4,0-1;1-2;2-4,0-1|1-2|2-4|NULL,0-1|1-2|2-4|NULL,3,4,4,2,8,32,1,1,1,0,0.0,15,1
TRAJ-MICRO-V1,12097,131,zero_scale,,,0-0;1-2;2-1,0-0;1-2;2-1,0-0;1-2;2-1,0-0|1-2|2-1|NULL,0-0|1-2|2-1|NULL,3,4,4,2,8,32,1,1,1,0,0.0,15,1
TRAJ-MICRO-V1,12097,132,configured_scale,,,0-1;1-2;2-0,0-1;1-2;2-0,0-1;1-2;2-0,0-1|1-2|2-0|NULL,0-1|1-2|2-0|NULL,3,4,4,2,8,32,1,1,1,0,0.0,15,1
TRAJ-MICRO-V1,12097,132,zero_scale,,,0-1;1-2;2-0,0-1;1-2;2-0,0-1;1-2;2-0,0-1|1-2|2-0|NULL,0-1|1-2|2-0|NULL,3,4,4,2,8,32,1,1,1,0,0.0,15,1
TRAJ-MICRO-V1,12097,133,configured_scale,,,0-1;1-2;2-4,0-1;1-2;2-4,0-1;1-2;2-4,0-1|1-2|2-4|NULL,0-1|1-2|2-4|NULL,3,4,4,2,8,32,1,1,1,0,0.0,15,1
TRAJ-MICRO-V1,12097,133,zero_scale,,,0-1;1-2;2-4,0-1;1-2;2-4,0-1;1-2;2-4,0-1|1-2|2-4|NULL,0-1|1-2|2-4|NULL,3,4,4,2,8,32,1,1,1,0,0.0,15,1
TRAJ-MICRO-V1,12097,134,configured_scale,,,0-1;1-2;2-4,0-1;1-2;2-4,0-1;1-2;2-4,1-2|0-1|2-4|NULL,1-2|0-1|2-4|NULL,3,4,4,2,8,32,1,1,1,0,0.0,15,1
TRAJ-MICRO-V1,12097,134,zero_scale,,,0-0;1-2;2-1,0-0;1-2;2-1,0-0;1-2;2-1,1-2|0-0|2-1|NULL,1-2|0-0|2-1|NULL,3,4,4,2,8,32,1,1,1,0,0.0,15,1
TRAJ-MICRO-V1,12097,135,configured_scale,,,0-1;1-2;2-0,0-1;1-2;2-0,0-1;1-2;2-0,2-0|1-2|0-1|NULL,2-0|1-2|0-1|NULL,3,4,4,2,8,32,1,1,1,0,0.0,15,1
TRAJ-MICRO-V1,12097,135,zero_scale,,,0-2;1-1;2-0,0-2;1-1;2-0,0-2;1-1;2-0,0-2|1-1|2-0|NULL,0-2|1-1|2-0|NULL,3,4,4,2,8,32,1,1,1,0,0.0,15,1
TRAJ-MICRO-V1,12097,136,configured_scale,,,0-4;1-3;2-2,0-4;1-3;2-2,0-4;1-3;2-2,1-3|0-4|2-2|NULL,1-3|0-4|2-2|NULL,3,4,4,2,8,32,1,1,1,0,0.0,15,1
TRAJ-MICRO-V1,12097,136,zero_scale,,,0-1;1-3;2-2,0-1;1-3;2-2,0-1;1-3;2-2,0-1|1-3|2-2|NULL,0-1|1-3|2-2|NULL,3,4,4,2,8,32,1,1,1,0,0.0,15,1
TRAJ-MICRO-V1,12097,137,configured_scale,,,0-0;1-2;2-1,0-0;1-2;2-1,0-0;1-2;2-1,1-2|0-0|2-1|NULL,1-2|0-0|2-1|NULL,3,4,4,2,8,32,1,1,1,0,0.0,15,1
TRAJ-MICRO-V1,12097,137,zero_scale,,,0-0;1-2;2-1,0-0;1-2;2-1,0-0;1-2;2-1,0-0|1-2|2-1|NULL,0-0|1-2|2-1|NULL,3,4,4,2,8,32,1,1,1,0,0.0,15,1
TRAJ-MICRO-V1,12097,138,configured_scale,,,0-2;1-1;2-0,0-2;1-1;2-0,0-2;1-1;2-0,2-0|0-2|1-1|NULL,2-0|0-2|1-1|NULL,3,4,4,2,8,32,1,1,1,0,0.0,15,1
TRAJ-MICRO-V1,12097,138,zero_scale,,,0-1;1-0;2-3,0-1;1-0;2-3,0-1;1-0;2-3,0-1|1-0|2-3|NULL,0-1|1-0|2-3|NULL,3,4,4,2,8,32,1,1,1,0,0.0,15,1
TRAJ-MICRO-V1,12097,139,configured_scale,,,0-1;1-0;2-2,0-1;1-0;2-2,0-1;1-0;2-2,0-1|1-0|2-2|NULL,0-1|1-0|2-2|NULL,3,4,4,2,8,32,1,1,1,0,0.0,15,1
TRAJ-MICRO-V1,12097,139,zero_scale,,,0-1;1-0;2-2,0-1;1-0;2-2,0-1;1-0;2-2,0-1|1-0|2-2|NULL,0-1|1-0|2-2|NULL,3,4,4,2,8,32,1,1,1,0,0.0,15,1
TRAJ-MICRO-V1,12097,140,configured_scale,,,0-1;1-0;2-4,0-1;1-0;2-4,0-1;1-0;2-4,0-1|1-0|2-4|NULL,0-1|1-0|2-4|NULL,3,4,4,2,8,32,1,1,1,0,0.0,15,1
TRAJ-MICRO-V1,12097,140,zero_scale,,,0-0;1-2;2-1,0-0;1-2;2-1,0-0;1-2;2-1,0-0|1-2|2-1|NULL,0-0|1-2|2-1|NULL,3,4,4,2,8,32,1,1,1,0,0.0,15,1
TRAJ-MICRO-V1,12097,141,configured_scale,,,0-0;1-1;2-3,0-0;1-1;2-3,0-0;1-1;2-3,0-0|1-1|2-3|NULL,0-0|1-1|2-3|NULL,3,4,4,2,8,32,1,1,1,0,0.0,15,1
TRAJ-MICRO-V1,12097,141,zero_scale,,,0-0;1-1;2-3,0-0;1-1;2-3,0-0;1-1;2-3,0-0|1-1|2-3|NULL,0-0|1-1|2-3|NULL,3,4,4,2,8,32,1,1,1,0,0.0,15,1
TRAJ-MICRO-V1,12097,142,configured_scale,,,0-0;1-3;2-4,0-0;1-3;2-4,0-0;1-3;2-4,0-0|1-3|2-4|NULL,0-0|1-3|2-4|NULL,3,4,4,2,8,32,1,1,1,0,0.0,15,1
TRAJ-MICRO-V1,12097,142,zero_scale,,,0-0;1-3;2-4,0-0;1-3;2-4,0-0;1-3;2-4,0-0|1-3|2-4|NULL,0-0|1-3|2-4|NULL,3,4,4,2,8,32,1,1,1,0,0.0,15,1
TRAJ-MICRO-V1,12097,143,configured_scale,,,0-0;1-2;2-4,0-0;1-2;2-4,0-0;1-2;2-4,0-0|2-4|1-2|NULL,0-0|2-4|1-2|NULL,3,4,4,2,8,32,1,1,1,0,0.0,15,1
TRAJ-MICRO-V1,12097,143,zero_scale,,,0-0;1-2;2-4,0-0;1-2;2-4,0-0;1-2;2-4,0-0|2-4|1-2|NULL,0-0|2-4|1-2|NULL,3,4,4,2,8,32,1,1,1,0,0.0,15,1
TRAJ-MICRO-V1,12097,144,configured_scale,,,0-0;1-1;2-4,0-0;1-1;2-4,0-0;1-1;2-4,0-0|2-4|1-1|NULL,0-0|2-4|1-1|NULL,3,4,4,2,8,32,1,1,1,0,0.0,15,1
TRAJ-MICRO-V1,12097,144,zero_scale,,,0-0;1-1;2-4,0-0;1-1;2-4,0-0;1-1;2-4,0-0|1-1|2-4|NULL,0-0|1-1|2-4|NULL,3,4,4,2,8,32,1,1,1,0,0.0,15,1
TRAJ-MICRO-V1,12097,145,configured_scale,,,0-0;1-3;2-4,0-0;1-3;2-4,0-0;1-3;2-4,0-0|2-4|1-3|NULL,0-0|2-4|1-3|NULL,3,4,4,2,8,32,1,1,1,0,0.0,15,1
TRAJ-MICRO-V1,12097,145,zero_scale,,,0-1;1-3;2-4,0-1;1-3;2-4,0-1;1-3;2-4,0-1|2-4|1-3|NULL,0-1|2-4|1-3|NULL,3,4,4,2,8,32,1,1,1,0,0.0,15,1
TRAJ-MICRO-V1,12097,146,configured_scale,,,0-0;1-3;2-4,0-0;1-3;2-4,0-0;1-3;2-4,2-4|0-0|1-3|NULL,2-4|0-0|1-3|NULL,3,4,4,2,8,32,1,1,1,0,0.0,15,1
TRAJ-MICRO-V1,12097,146,zero_scale,,,0-0;1-2;2-4,0-0;1-2;2-4,0-0;1-2;2-4,0-0|2-4|1-2|NULL,0-0|2-4|1-2|NULL,3,4,4,2,8,32,1,1,1,0,0.0,15,1
TRAJ-MICRO-V1,12097,147,configured_scale,,,0-1;1-4;2-3,0-1;1-4;2-3,0-1;1-4;2-3,1-4|0-1|2-3|NULL,1-4|0-1|2-3|NULL,3,4,4,2,8,32,1,1,1,0,0.0,15,1
TRAJ-MICRO-V1,12097,147,zero_scale,,,0-1;1-4;2-3,0-1;1-4;2-3,0-1;1-4;2-3,1-4|0-1|2-3|NULL,1-4|0-1|2-3|NULL,3,4,4,2,8,32,1,1,1,0,0.0,15,1
TRAJ-MICRO-V1,12097,148,configured_scale,,,0-1;1-3;2-2,0-1;1-3;2-2,0-1;1-3;2-2,1-3|0-1|2-2|NULL,1-3|0-1|2-2|NULL,3,4,4,2,8,32,1,1,1,0,0.0,15,1
TRAJ-MICRO-V1,12097,148,zero_scale,,,0-1;1-3;2-2,0-1;1-3;2-2,0-1;1-3;2-2,1-3|0-1|2-2|NULL,1-3|0-1|2-2|NULL,3,4,4,2,8,32,1,1,1,0,0.0,15,1
TRAJ-MICRO-V1,12097,149,configured_scale,,,0-3;1-2;2-1,0-3;1-2;2-1,0-3;1-2;2-1,1-2|2-1|0-3|NULL,1-2|2-1|0-3|NULL,3,4,4,2,8,32,1,1,1,0,0.0,15,1
TRAJ-MICRO-V1,12097,149,zero_scale,,,0-3;1-2;2-1,0-3;1-2;2-1,0-3;1-2;2-1,1-2|2-1|0-3|NULL,1-2|2-1|0-3|NULL,3,4,4,2,8,32,1,1,1,0,0.0,15,1
TRAJ-MICRO-V1,12097,150,configured_scale,,,0-1;1-2;2-0,0-1;1-2;2-0,0-1;1-2;2-0,1-2|2-0|0-1|NULL,1-2|2-0|0-1|NULL,3,4,4,2,8,32,1,1,1,0,0.0,15,1
TRAJ-MICRO-V1,12097,150,zero_scale,,,0-1;1-2;2-3,0-1;1-2;2-3,0-1;1-2;2-3,1-2|2-3|0-1|NULL,1-2|2-3|0-1|NULL,3,4,4,2,8,32,1,1,1,0,0.0,15,1
TRAJ-MICRO-V1,12097,151,configured_scale,,,0-1;1-2;2-3,0-1;1-2;2-3,0-1;1-2;2-3,1-2|2-3|0-1|NULL,1-2|2-3|0-1|NULL,3,4,4,2,8,32,1,1,1,0,0.0,15,1
TRAJ-MICRO-V1,12097,151,zero_scale,,,0-1;1-2;2-3,0-1;1-2;2-3,0-1;1-2;2-3,1-2|0-1|2-3|NULL,1-2|0-1|2-3|NULL,3,4,4,2,8,32,1,1,1,0,0.0,15,1
TRAJ-MICRO-V1,12097,152,configured_scale,,,0-2;1-3;2-1,0-2;1-3;2-1,0-2;1-3;2-1,1-3|2-1|0-2|NULL,1-3|2-1|0-2|NULL,3,4,4,2,8,32,1,1,1,0,0.0,15,1
TRAJ-MICRO-V1,12097,152,zero_scale,,,0-3;1-2;2-1,0-3;1-2;2-1,0-3;1-2;2-1,1-2|2-1|0-3|NULL,1-2|2-1|0-3|NULL,3,4,4,2,8,32,1,1,1,0,0.0,15,1
TRAJ-MICRO-V1,12097,153,configured_scale,,,0-4;1-2;2-3,0-4;1-2;2-3,0-4;1-2;2-3,2-3|1-2|0-4|NULL,2-3|1-2|0-4|NULL,3,4,4,2,8,32,1,1,1,0,0.0,15,1
TRAJ-MICRO-V1,12097,153,zero_scale,,,0-1;1-2;2-3,0-1;1-2;2-3,0-1;1-2;2-3,2-3|1-2|0-1|NULL,2-3|1-2|0-1|NULL,3,4,4,2,8,32,1,1,1,0,0.0,15,1
TRAJ-MICRO-V1,12097,154,configured_scale,,,0-1;1-4;2-3,0-1;1-4;2-3,0-1;1-4;2-3,2-3|1-4|0-1|NULL,2-3|1-4|0-1|NULL,3,4,4,2,8,32,1,1,1,0,0.0,15,1
TRAJ-MICRO-V1,12097,154,zero_scale,,,0-1;1-3;2-4,0-1;1-3;2-4,0-1;1-3;2-4,2-4|1-3|0-1|NULL,2-4|1-3|0-1|NULL,3,4,4,2,8,32,1,1,1,0,0.0,15,1
TRAJ-MICRO-V1,12097,155,configured_scale,,,0-0;1-3;2-4,0-0;1-3;2-4,0-0;1-3;2-4,2-4|1-3|0-0|NULL,2-4|1-3|0-0|NULL,3,4,4,2,8,32,1,1,1,0,0.0,15,1
TRAJ-MICRO-V1,12097,155,zero_scale,,,0-3;1-2;2-4,0-3;1-2;2-4,0-3;1-2;2-4,2-4|1-2|0-3|NULL,2-4|1-2|0-3|NULL,3,4,4,2,8,32,1,1,1,0,0.0,15,1
TRAJ-MICRO-V1,12097,156,configured_scale,,,0-2;1-3;2-4,0-2;1-3;2-4,0-2;1-3;2-4,2-4|1-3|0-2|NULL,2-4|1-3|0-2|NULL,3,4,4,2,8,32,1,1,1,0,0.0,15,1
TRAJ-MICRO-V1,12097,156,zero_scale,,,0-2;1-3;2-4,0-2;1-3;2-4,0-2;1-3;2-4,2-4|1-3|0-2|NULL,2-4|1-3|0-2|NULL,3,4,4,2,8,32,1,1,1,0,0.0,15,1
TRAJ-MICRO-V1,12097,157,configured_scale,,,0-1;1-3;2-4,0-1;1-3;2-4,0-1;1-3;2-4,2-4|1-3|0-1|NULL,2-4|1-3|0-1|NULL,3,4,4,2,8,32,1,1,1,0,0.0,15,1
TRAJ-MICRO-V1,12097,157,zero_scale,,,0-1;1-3;2-4,0-1;1-3;2-4,0-1;1-3;2-4,2-4|1-3|0-1|NULL,2-4|1-3|0-1|NULL,3,4,4,2,8,32,1,1,1,0,0.0,15,1
TRAJ-MICRO-V1,12097,158,configured_scale,,,0-0;1-2;2-4,0-0;1-2;2-4,0-0;1-2;2-4,2-4|1-2|0-0|NULL,2-4|1-2|0-0|NULL,3,4,4,2,8,32,1,1,1,0,0.0,15,1
TRAJ-MICRO-V1,12097,158,zero_scale,,,0-0;1-2;2-4,0-0;1-2;2-4,0-0;1-2;2-4,2-4|1-2|0-0|NULL,2-4|1-2|0-0|NULL,3,4,4,2,8,32,1,1,1,0,0.0,15,1
TRAJ-MICRO-V1,12097,159,configured_scale,,,0-0;1-3;2-4,0-0;1-3;2-4,0-0;1-3;2-4,2-4|1-3|0-0|NULL,2-4|1-3|0-0|NULL,3,4,4,2,8,32,1,1,1,0,0.0,15,1
TRAJ-MICRO-V1,12097,159,zero_scale,,,0-1;1-3;2-4,0-1;1-3;2-4,0-1;1-3;2-4,2-4|1-3|0-1|NULL,2-4|1-3|0-1|NULL,3,4,4,2,8,32,1,1,1,0,0.0,15,1
TRAJ-MICRO-V1,12097,160,configured_scale,,,0-1;1-3;2-4,0-1;1-3;2-4,0-1;1-3;2-4,2-4|0-1|1-3|NULL,2-4|0-1|1-3|NULL,3,4,4,2,8,32,1,1,1,0,0.0,15,1
TRAJ-MICRO-V1,12097,160,zero_scale,,,0-1;1-3;2-4,0-1;1-3;2-4,0-1;1-3;2-4,2-4|0-1|1-3|NULL,2-4|0-1|1-3|NULL,3,4,4,2,8,32,1,1,1,0,0.0,15,1
TRAJ-MICRO-V1,12097,161,configured_scale,,,0-0;1-3;2-4,0-0;1-3;2-4,0-0;1-3;2-4,2-4|0-0|1-3|NULL,2-4|0-0|1-3|NULL,3,4,4,2,8,32,1,1,1,0,0.0,15,1
TRAJ-MICRO-V1,12097,161,zero_scale,,,0-3;1-2;2-4,0-3;1-2;2-4,0-3;1-2;2-4,2-4|1-2|0-3|NULL,2-4|1-2|0-3|NULL,3,4,4,2,8,32,1,1,1,0,0.0,15,1
TRAJ-MICRO-V1,12097,162,configured_scale,,,0-1;1-2;2-0,0-1;1-2;2-0,0-1;1-2;2-0,2-0|1-2|0-1|NULL,2-0|1-2|0-1|NULL,3,4,4,2,8,32,1,1,1,0,0.0,15,1
TRAJ-MICRO-V1,12097,162,zero_scale,,,0-1;1-2;2-3,0-1;1-2;2-3,0-1;1-2;2-3,2-3|1-2|0-1|NULL,2-3|1-2|0-1|NULL,3,4,4,2,8,32,1,1,1,0,0.0,15,1
TRAJ-MICRO-V1,12097,163,configured_scale,,,0-1;1-3;2-2,0-1;1-3;2-2,0-1;1-3;2-2,2-2|1-3|0-1|NULL,2-2|1-3|0-1|NULL,3,4,4,2,8,32,1,1,1,0,0.0,15,1
TRAJ-MICRO-V1,12097,163,zero_scale,,,0-1;1-3;2-2,0-1;1-3;2-2,0-1;1-3;2-2,2-2|1-3|0-1|NULL,2-2|1-3|0-1|NULL,3,4,4,2,8,32,1,1,1,0,0.0,15,1
TRAJ-MICRO-V1,12097,164,configured_scale,,,0-2;1-3;2-1,0-2;1-3;2-1,0-2;1-3;2-1,2-1|1-3|0-2|NULL,2-1|1-3|0-2|NULL,3,4,4,2,8,32,1,1,1,0,0.0,15,1
TRAJ-MICRO-V1,12097,164,zero_scale,,,0-3;1-2;2-1,0-3;1-2;2-1,0-3;1-2;2-1,1-2|2-1|0-3|NULL,1-2|2-1|0-3|NULL,3,4,4,2,8,32,1,1,1,0,0.0,15,1
TRAJ-MICRO-V1,12097,165,configured_scale,,,0-1;1-2;2-0,0-1;1-2;2-0,0-1;1-2;2-0,2-0|1-2|0-1|NULL,2-0|1-2|0-1|NULL,3,4,4,2,8,32,1,1,1,0,0.0,15,1
TRAJ-MICRO-V1,12097,165,zero_scale,,,0-1;1-2;2-3,0-1;1-2;2-3,0-1;1-2;2-3,2-3|1-2|0-1|NULL,2-3|1-2|0-1|NULL,3,4,4,2,8,32,1,1,1,0,0.0,15,1
TRAJ-MICRO-V1,12097,166,configured_scale,,,0-4;1-2;2-1,0-4;1-2;2-1,0-4;1-2;2-1,1-2|2-1|0-4|NULL,1-2|2-1|0-4|NULL,3,4,4,2,8,32,1,1,1,0,0.0,15,1
TRAJ-MICRO-V1,12097,166,zero_scale,,,0-1;1-2;2-4,0-1;1-2;2-4,0-1;1-2;2-4,1-2|0-1|2-4|NULL,1-2|0-1|2-4|NULL,3,4,4,2,8,32,1,1,1,0,0.0,15,1
TRAJ-MICRO-V1,12097,167,configured_scale,,,0-3;1-2;2-1,0-3;1-2;2-1,0-3;1-2;2-1,1-2|2-1|0-3|NULL,1-2|2-1|0-3|NULL,3,4,4,2,8,32,1,1,1,0,0.0,15,1
TRAJ-MICRO-V1,12097,167,zero_scale,,,0-3;1-2;2-1,0-3;1-2;2-1,0-3;1-2;2-1,1-2|2-1|0-3|NULL,1-2|2-1|0-3|NULL,3,4,4,2,8,32,1,1,1,0,0.0,15,1
TRAJ-MICRO-V1,12097,168,configured_scale,,,0-2;1-1;2-0,0-2;1-1;2-0,0-2;1-1;2-0,1-1|2-0|0-2|NULL,1-1|2-0|0-2|NULL,3,4,4,2,8,32,1,1,1,0,0.0,15,1
TRAJ-MICRO-V1,12097,168,zero_scale,,,0-2;1-1;2-0,0-2;1-1;2-0,0-2;1-1;2-0,1-1|0-2|2-0|NULL,1-1|0-2|2-0|NULL,3,4,4,2,8,32,1,1,1,0,0.0,15,1
TRAJ-MICRO-V1,12097,169,configured_scale,,,0-1;1-0;2-2,0-1;1-0;2-2,0-1;1-0;2-2,0-1|1-0|2-2|NULL,0-1|1-0|2-2|NULL,3,4,4,2,8,32,1,1,1,0,0.0,15,1
TRAJ-MICRO-V1,12097,169,zero_scale,,,0-1;1-0;2-2,0-1;1-0;2-2,0-1;1-0;2-2,0-1|1-0|2-2|NULL,0-1|1-0|2-2|NULL,3,4,4,2,8,32,1,1,1,0,0.0,15,1
TRAJ-MICRO-V1,12097,170,configured_scale,,,0-1;1-2;2-4,0-1;1-2;2-4,0-1;1-2;2-4,1-2|0-1|2-4|NULL,1-2|0-1|2-4|NULL,3,4,4,2,8,32,1,1,1,0,0.0,15,1
TRAJ-MICRO-V1,12097,170,zero_scale,,,0-0;1-2;2-4,0-0;1-2;2-4,0-0;1-2;2-4,0-0|1-2|2-4|NULL,0-0|1-2|2-4|NULL,3,4,4,2,8,32,1,1,1,0,0.0,15,1
TRAJ-MICRO-V1,12097,171,configured_scale,,,0-0;1-1;2-4,0-0;1-1;2-4,0-0;1-1;2-4,1-1|0-0|2-4|NULL,1-1|0-0|2-4|NULL,3,4,4,2,8,32,1,1,1,0,0.0,15,1
TRAJ-MICRO-V1,12097,171,zero_scale,,,0-0;1-1;2-3,0-0;1-1;2-3,0-0;1-1;2-3,0-0|1-1|2-3|NULL,0-0|1-1|2-3|NULL,3,4,4,2,8,32,1,1,1,0,0.0,15,1
TRAJ-MICRO-V1,12097,172,configured_scale,,,0-1;1-0;2-4,0-1;1-0;2-4,0-1;1-0;2-4,1-0|0-1|2-4|NULL,1-0|0-1|2-4|NULL,3,4,4,2,8,32,1,1,1,0,0.0,15,1
TRAJ-MICRO-V1,12097,172,zero_scale,,,0-1;1-0;2-4,0-1;1-0;2-4,0-1;1-0;2-4,1-0|0-1|2-4|NULL,1-0|0-1|2-4|NULL,3,4,4,2,8,32,1,1,1,0,0.0,15,1
TRAJ-MICRO-V1,12097,173,configured_scale,,,0-0;1-2;2-4,0-0;1-2;2-4,0-0;1-2;2-4,2-4|0-0|1-2|NULL,2-4|0-0|1-2|NULL,3,4,4,2,8,32,1,1,1,0,0.0,15,1
TRAJ-MICRO-V1,12097,173,zero_scale,,,0-0;1-2;2-4,0-0;1-2;2-4,0-0;1-2;2-4,0-0|2-4|1-2|NULL,0-0|2-4|1-2|NULL,3,4,4,2,8,32,1,1,1,0,0.0,15,1
TRAJ-MICRO-V1,12097,174,configured_scale,,,0-0;1-1;2-4,0-0;1-1;2-4,0-0;1-1;2-4,2-4|0-0|1-1|NULL,2-4|0-0|1-1|NULL,3,4,4,2,8,32,1,1,1,0,0.0,15,1
TRAJ-MICRO-V1,12097,174,zero_scale,,,0-0;1-4;2-3,0-0;1-4;2-3,0-0;1-4;2-3,0-0|1-4|2-3|NULL,0-0|1-4|2-3|NULL,3,4,4,2,8,32,1,1,1,0,0.0,15,1
TRAJ-MICRO-V1,12097,175,configured_scale,,,0-0;1-3;2-4,0-0;1-3;2-4,0-0;1-3;2-4,0-0|1-3|2-4|NULL,0-0|1-3|2-4|NULL,3,4,4,2,8,32,1,1,1,0,0.0,15,1
TRAJ-MICRO-V1,12097,175,zero_scale,,,0-1;1-3;2-4,0-1;1-3;2-4,0-1;1-3;2-4,0-1|1-3|2-4|NULL,0-1|1-3|2-4|NULL,3,4,4,2,8,32,1,1,1,0,0.0,15,1
TRAJ-MICRO-V1,12097,176,configured_scale,,,0-0;1-2;2-4,0-0;1-2;2-4,0-0;1-2;2-4,0-0|2-4|1-2|NULL,0-0|2-4|1-2|NULL,3,4,4,2,8,32,1,1,1,0,0.0,15,1
TRAJ-MICRO-V1,12097,176,zero_scale,,,0-0;1-2;2-4,0-0;1-2;2-4,0-0;1-2;2-4,0-0|1-2|2-4|NULL,0-0|1-2|2-4|NULL,3,4,4,2,8,32,1,1,1,0,0.0,15,1
TRAJ-MICRO-V1,12097,177,configured_scale,,,0-0;1-2;2-3,0-0;1-2;2-3,0-0;1-2;2-3,0-0|1-2|2-3|NULL,0-0|1-2|2-3|NULL,3,4,4,2,8,32,1,1,1,0,0.0,15,1
TRAJ-MICRO-V1,12097,177,zero_scale,,,0-2;1-1;2-0,0-2;1-1;2-0,0-2;1-1;2-0,0-2|1-1|2-0|NULL,0-2|1-1|2-0|NULL,3,4,4,2,8,32,1,1,1,0,0.0,15,1
TRAJ-MICRO-V1,12097,178,configured_scale,,,0-4;1-3;2-2,0-4;1-3;2-2,0-4;1-3;2-2,0-4|1-3|2-2|NULL,0-4|1-3|2-2|NULL,3,4,4,2,8,32,1,1,1,0,0.0,15,1
TRAJ-MICRO-V1,12097,178,zero_scale,,,0-1;1-3;2-2,0-1;1-3;2-2,0-1;1-3;2-2,0-1|1-3|2-2|NULL,0-1|1-3|2-2|NULL,3,4,4,2,8,32,1,1,1,0,0.0,15,1
TRAJ-MICRO-V1,12097,179,configured_scale,,,0-0;1-2;2-1,0-0;1-2;2-1,0-0;1-2;2-1,0-0|1-2|2-1|NULL,0-0|1-2|2-1|NULL,3,4,4,2,8,32,1,1,1,0,0.0,15,1
TRAJ-MICRO-V1,12097,179,zero_scale,,,0-0;1-2;2-1,0-0;1-2;2-1,0-0;1-2;2-1,0-0|1-2|2-1|NULL,0-0|1-2|2-1|NULL,3,4,4,2,8,32,1,1,1,0,0.0,15,1
TRAJ-MICRO-V1,12097,180,configured_scale,,,0-0;1-2;2-3,0-0;1-2;2-3,0-0;1-2;2-3,0-0|1-2|2-3|NULL,0-0|1-2|2-3|NULL,3,4,4,2,8,32,1,1,1,0,0.0,15,1
TRAJ-MICRO-V1,12097,180,zero_scale,,,0-2;1-1;2-0,0-2;1-1;2-0,0-2;1-1;2-0,0-2|1-1|2-0|NULL,0-2|1-1|2-0|NULL,3,4,4,2,8,32,1,1,1,0,0.0,15,1
TRAJ-MICRO-V1,12097,181,configured_scale,,,0-4;1-3;2-2,0-4;1-3;2-2,0-4;1-3;2-2,1-3|0-4|2-2|NULL,1-3|0-4|2-2|NULL,3,4,4,2,8,32,1,1,1,0,0.0,15,1
TRAJ-MICRO-V1,12097,181,zero_scale,,,0-1;1-3;2-2,0-1;1-3;2-2,0-1;1-3;2-2,0-1|1-3|2-2|NULL,0-1|1-3|2-2|NULL,3,4,4,2,8,32,1,1,1,0,0.0,15,1
TRAJ-MICRO-V1,12097,182,configured_scale,,,0-0;1-2;2-4,0-0;1-2;2-4,0-0;1-2;2-4,0-0|2-4|1-2|NULL,0-0|2-4|1-2|NULL,3,4,4,2,8,32,1,1,1,0,0.0,15,1
TRAJ-MICRO-V1,12097,182,zero_scale,,,0-0;1-2;2-4,0-0;1-2;2-4,0-0;1-2;2-4,0-0|1-2|2-4|NULL,0-0|1-2|2-4|NULL,3,4,4,2,8,32,1,1,1,0,0.0,15,1
TRAJ-MICRO-V1,12097,183,configured_scale,,,0-0;1-4;2-3,0-0;1-4;2-3,0-0;1-4;2-3,2-3|1-4|0-0|NULL,2-3|1-4|0-0|NULL,3,4,4,2,8,32,1,1,1,0,0.0,15,1
TRAJ-MICRO-V1,12097,183,zero_scale,,,0-1;1-4;2-3,0-1;1-4;2-3,0-1;1-4;2-3,0-1|2-3|1-4|NULL,0-1|2-3|1-4|NULL,3,4,4,2,8,32,1,1,1,0,0.0,15,1
TRAJ-MICRO-V1,12097,184,configured_scale,,,0-1;1-3;2-4,0-1;1-3;2-4,0-1;1-3;2-4,2-4|0-1|1-3|NULL,2-4|0-1|1-3|NULL,3,4,4,2,8,32,1,1,1,0,0.0,15,1
TRAJ-MICRO-V1,12097,184,zero_scale,,,0-1;1-3;2-4,0-1;1-3;2-4,0-1;1-3;2-4,0-1|2-4|1-3|NULL,0-1|2-4|1-3|NULL,3,4,4,2,8,32,1,1,1,0,0.0,15,1
TRAJ-MICRO-V1,12097,185,configured_scale,,,0-1;1-2;2-4,0-1;1-2;2-4,0-1;1-2;2-4,2-4|0-1|1-2|NULL,2-4|0-1|1-2|NULL,3,4,4,2,8,32,1,1,1,0,0.0,15,1
TRAJ-MICRO-V1,12097,185,zero_scale,,,0-0;1-2;2-4,0-0;1-2;2-4,0-0;1-2;2-4,2-4|0-0|1-2|NULL,2-4|0-0|1-2|NULL,3,4,4,2,8,32,1,1,1,0,0.0,15,1
TRAJ-MICRO-V1,12097,186,configured_scale,,,0-2;1-1;2-4,0-2;1-1;2-4,0-2;1-1;2-4,0-2|1-1|2-4|NULL,0-2|1-1|2-4|NULL,3,4,4,2,8,32,1,1,1,0,0.0,15,1
TRAJ-MICRO-V1,12097,186,zero_scale,,,0-2;1-1;2-3,0-2;1-1;2-3,0-2;1-1;2-3,0-2|1-1|2-3|NULL,0-2|1-1|2-3|NULL,3,4,4,2,8,32,1,1,1,0,0.0,15,1
TRAJ-MICRO-V1,12097,187,configured_scale,,,0-1;1-3;2-2,0-1;1-3;2-2,0-1;1-3;2-2,0-1|2-2|1-3|NULL,0-1|2-2|1-3|NULL,3,4,4,2,8,32,1,1,1,0,0.0,15,1
TRAJ-MICRO-V1,12097,187,zero_scale,,,0-1;1-2;2-4,0-1;1-2;2-4,0-1;1-2;2-4,0-1|1-2|2-4|NULL,0-1|1-2|2-4|NULL,3,4,4,2,8,32,1,1,1,0,0.0,15,1
TRAJ-MICRO-V1,12097,188,configured_scale,,,0-0;1-2;2-4,0-0;1-2;2-4,0-0;1-2;2-4,0-0|1-2|2-4|NULL,0-0|1-2|2-4|NULL,3,4,4,2,8,32,1,1,1,0,0.0,15,1
TRAJ-MICRO-V1,12097,188,zero_scale,,,0-0;1-2;2-4,0-0;1-2;2-4,0-0;1-2;2-4,0-0|1-2|2-4|NULL,0-0|1-2|2-4|NULL,3,4,4,2,8,32,1,1,1,0,0.0,15,1
TRAJ-MICRO-V1,12097,189,configured_scale,,,0-1;1-2;2-3,0-1;1-2;2-3,0-1;1-2;2-3,0-1|2-3|1-2|NULL,0-1|2-3|1-2|NULL,3,4,4,2,8,32,1,1,1,0,0.0,15,1
TRAJ-MICRO-V1,12097,189,zero_scale,,,0-1;1-2;2-3,0-1;1-2;2-3,0-1;1-2;2-3,0-1|2-3|1-2|NULL,0-1|2-3|1-2|NULL,3,4,4,2,8,32,1,1,1,0,0.0,15,1
TRAJ-MICRO-V1,12097,190,configured_scale,,,0-1;1-3;2-2,0-1;1-3;2-2,0-1;1-3;2-2,0-1|1-3|2-2|NULL,0-1|1-3|2-2|NULL,3,4,4,2,8,32,1,1,1,0,0.0,15,1
TRAJ-MICRO-V1,12097,190,zero_scale,,,0-1;1-3;2-2,0-1;1-3;2-2,0-1;1-3;2-2,0-1|1-3|2-2|NULL,0-1|1-3|2-2|NULL,3,4,4,2,8,32,1,1,1,0,0.0,15,1
TRAJ-MICRO-V1,12097,191,configured_scale,,,0-3;1-2;2-4,0-3;1-2;2-4,0-3;1-2;2-4,2-4|1-2|0-3|NULL,2-4|1-2|0-3|NULL,3,4,4,2,8,32,1,1,1,0,0.0,15,1
TRAJ-MICRO-V1,12097,191,zero_scale,,,0-3;1-2;2-4,0-3;1-2;2-4,0-3;1-2;2-4,1-2|0-3|2-4|NULL,1-2|0-3|2-4|NULL,3,4,4,2,8,32,1,1,1,0,0.0,15,1
TRAJ-MICRO-V1,12097,192,configured_scale,,,0-4;1-2;2-3,0-4;1-2;2-3,0-4;1-2;2-3,2-3|1-2|0-4|NULL,2-3|1-2|0-4|NULL,3,4,4,2,8,32,1,1,1,0,0.0,15,1
TRAJ-MICRO-V1,12097,192,zero_scale,,,0-2;1-4;2-3,0-2;1-4;2-3,0-2;1-4;2-3,2-3|0-2|1-4|NULL,2-3|0-2|1-4|NULL,3,4,4,2,8,32,1,1,1,0,0.0,15,1
TRAJ-MICRO-V1,12097,193,configured_scale,,,0-4;1-3;2-2,0-4;1-3;2-2,0-4;1-3;2-2,0-4|1-3|2-2|NULL,0-4|1-3|2-2|NULL,3,4,4,2,8,32,1,1,1,0,0.0,15,1
TRAJ-MICRO-V1,12097,193,zero_scale,,,0-4;1-3;2-2,0-4;1-3;2-2,0-4;1-3;2-2,1-3|0-4|2-2|NULL,1-3|0-4|2-2|NULL,3,4,4,2,8,32,1,1,1,0,0.0,15,1
TRAJ-MICRO-V1,12097,194,configured_scale,,,0-3;1-2;2-4,0-3;1-2;2-4,0-3;1-2;2-4,2-4|0-3|1-2|NULL,2-4|0-3|1-2|NULL,3,4,4,2,8,32,1,1,1,0,0.0,15,1
TRAJ-MICRO-V1,12097,194,zero_scale,,,0-3;1-2;2-4,0-3;1-2;2-4,0-3;1-2;2-4,2-4|0-3|1-2|NULL,2-4|0-3|1-2|NULL,3,4,4,2,8,32,1,1,1,0,0.0,15,1
TRAJ-MICRO-V1,12097,195,configured_scale,,,0-4;1-2;2-3,0-4;1-2;2-3,0-4;1-2;2-3,0-4|1-2|2-3|NULL,0-4|1-2|2-3|NULL,3,4,4,2,8,32,1,1,1,0,0.0,15,1
TRAJ-MICRO-V1,12097,195,zero_scale,,,0-2;1-4;2-3,0-2;1-4;2-3,0-2;1-4;2-3,0-2|1-4|2-3|NULL,0-2|1-4|2-3|NULL,3,4,4,2,8,32,1,1,1,0,0.0,15,1
TRAJ-MICRO-V1,12097,196,configured_scale,,,0-4;1-2;2-3,0-4;1-2;2-3,0-4;1-2;2-3,0-4|1-2|2-3|NULL,0-4|1-2|2-3|NULL,3,4,4,2,8,32,1,1,1,0,0.0,15,1
TRAJ-MICRO-V1,12097,196,zero_scale,,,0-4;1-3;2-2,0-4;1-3;2-2,0-4;1-3;2-2,0-4|1-3|2-2|NULL,0-4|1-3|2-2|NULL,3,4,4,2,8,32,1,1,1,0,0.0,15,1
TRAJ-MICRO-V1,12097,197,configured_scale,,,0-0;1-2;2-4,0-0;1-2;2-4,0-0;1-2;2-4,0-0|2-4|1-2|NULL,0-0|2-4|1-2|NULL,3,4,4,2,8,32,1,1,1,0,0.0,15,1
TRAJ-MICRO-V1,12097,197,zero_scale,,,0-0;1-2;2-4,0-0;1-2;2-4,0-0;1-2;2-4,0-0|2-4|1-2|NULL,0-0|2-4|1-2|NULL,3,4,4,2,8,32,1,1,1,0,0.0,15,1
TRAJ-MICRO-V1,12097,198,configured_scale,,,0-1;1-4;2-3,0-1;1-4;2-3,0-1;1-4;2-3,0-1|1-4|2-3|NULL,0-1|1-4|2-3|NULL,3,4,4,2,8,32,1,1,1,0,0.0,15,1
TRAJ-MICRO-V1,12097,198,zero_scale,,,0-1;1-4;2-3,0-1;1-4;2-3,0-1;1-4;2-3,0-1|1-4|2-3|NULL,0-1|1-4|2-3|NULL,3,4,4,2,8,32,1,1,1,0,0.0,15,1
TRAJ-MICRO-V1,12097,199,configured_scale,,,0-0;1-3;2-4,0-0;1-3;2-4,0-0;1-3;2-4,0-0|1-3|2-4|NULL,0-0|1-3|2-4|NULL,3,4,4,2,8,32,1,1,1,0,0.0,15,1
TRAJ-MICRO-V1,12097,199,zero_scale,,,0-1;1-3;2-4,0-1;1-3;2-4,0-1;1-3;2-4,0-1|1-3|2-4|NULL,0-1|1-3|2-4|NULL,3,4,4,2,8,32,1,1,1,0,0.0,15,1
TRAJ-MICRO-V1,12097,200,configured_scale,,,0-0;1-2;2-3,0-0;1-2;2-3,0-0;1-2;2-3,0-0|1-2|2-3|NULL,0-0|1-2|2-3|NULL,3,4,4,2,8,32,1,1,1,0,0.0,15,1
TRAJ-MICRO-V1,12097,200,zero_scale,,,0-0;1-2;2-4,0-0;1-2;2-4,0-0;1-2;2-4,0-0|1-2|2-4|NULL,0-0|1-2|2-4|NULL,3,4,4,2,8,32,1,1,1,0,0.0,15,1
TRAJ-MICRO-V1,12097,201,configured_scale,,,0-2;1-3;2-4,0-2;1-3;2-4,0-2;1-3;2-4,1-3|2-4|0-2|NULL,1-3|2-4|0-2|NULL,3,4,4,2,8,32,1,1,1,0,0.0,15,1
TRAJ-MICRO-V1,12097,201,zero_scale,,,0-2;1-1;2-3,0-2;1-1;2-3,0-2;1-1;2-3,2-3|1-1|0-2|NULL,2-3|1-1|0-2|NULL,3,4,4,2,8,32,1,1,1,0,0.0,15,1
TRAJ-MICRO-V1,12097,202,configured_scale,,,0-1;1-3;2-4,0-1;1-3;2-4,0-1;1-3;2-4,1-3|2-4|0-1|NULL,1-3|2-4|0-1|NULL,3,4,4,2,8,32,1,1,1,0,0.0,15,1
TRAJ-MICRO-V1,12097,202,zero_scale,,,0-1;1-3;2-4,0-1;1-3;2-4,0-1;1-3;2-4,1-3|2-4|0-1|NULL,1-3|2-4|0-1|NULL,3,4,4,2,8,32,1,1,1,0,0.0,15,1
TRAJ-MICRO-V1,12097,203,configured_scale,,,0-3;1-2;2-4,0-3;1-2;2-4,0-3;1-2;2-4,2-4|1-2|0-3|NULL,2-4|1-2|0-3|NULL,3,4,4,2,8,32,1,1,1,0,0.0,15,1
TRAJ-MICRO-V1,12097,203,zero_scale,,,0-3;1-2;2-4,0-3;1-2;2-4,0-3;1-2;2-4,1-2|2-4|0-3|NULL,1-2|2-4|0-3|NULL,3,4,4,2,8,32,1,1,1,0,0.0,15,1
TRAJ-MICRO-V1,12097,204,configured_scale,,,0-1;1-2;2-4,0-1;1-2;2-4,0-1;1-2;2-4,1-2|2-4|0-1|NULL,1-2|2-4|0-1|NULL,3,4,4,2,8,32,1,1,1,0,0.0,15,1
TRAJ-MICRO-V1,12097,204,zero_scale,,,0-1;1-2;2-3,0-1;1-2;2-3,0-1;1-2;2-3,1-2|2-3|0-1|NULL,1-2|2-3|0-1|NULL,3,4,4,2,8,32,1,1,1,0,0.0,15,1
TRAJ-MICRO-V1,12097,205,configured_scale,,,0-1;1-3;2-4,0-1;1-3;2-4,0-1;1-3;2-4,1-3|2-4|0-1|NULL,1-3|2-4|0-1|NULL,3,4,4,2,8,32,1,1,1,0,0.0,15,1
TRAJ-MICRO-V1,12097,205,zero_scale,,,0-1;1-3;2-2,0-1;1-3;2-2,0-1;1-3;2-2,1-3|2-2|0-1|NULL,1-3|2-2|0-1|NULL,3,4,4,2,8,32,1,1,1,0,0.0,15,1
TRAJ-MICRO-V1,12097,206,configured_scale,,,0-3;1-2;2-1,0-3;1-2;2-1,0-3;1-2;2-1,1-2|2-1|0-3|NULL,1-2|2-1|0-3|NULL,3,4,4,2,8,32,1,1,1,0,0.0,15,1
TRAJ-MICRO-V1,12097,206,zero_scale,,,0-3;1-2;2-1,0-3;1-2;2-1,0-3;1-2;2-1,1-2|2-1|0-3|NULL,1-2|2-1|0-3|NULL,3,4,4,2,8,32,1,1,1,0,0.0,15,1
TRAJ-MICRO-V1,12097,207,configured_scale,,,0-1;1-2;2-0,0-1;1-2;2-0,0-1;1-2;2-0,2-0|1-2|0-1|NULL,2-0|1-2|0-1|NULL,3,4,4,2,8,32,1,1,1,0,0.0,15,1
TRAJ-MICRO-V1,12097,207,zero_scale,,,0-2;1-1;2-0,0-2;1-1;2-0,0-2;1-1;2-0,1-1|2-0|0-2|NULL,1-1|2-0|0-2|NULL,3,4,4,2,8,32,1,1,1,0,0.0,15,1
TRAJ-MICRO-V1,12097,208,configured_scale,,,0-1;1-3;2-4,0-1;1-3;2-4,0-1;1-3;2-4,1-3|2-4|0-1|NULL,1-3|2-4|0-1|NULL,3,4,4,2,8,32,1,1,1,0,0.0,15,1
TRAJ-MICRO-V1,12097,208,zero_scale,,,0-1;1-3;2-2,0-1;1-3;2-2,0-1;1-3;2-2,1-3|0-1|2-2|NULL,1-3|0-1|2-2|NULL,3,4,4,2,8,32,1,1,1,0,0.0,15,1
TRAJ-MICRO-V1,12097,209,configured_scale,,,0-0;1-2;2-4,0-0;1-2;2-4,0-0;1-2;2-4,2-4|1-2|0-0|NULL,2-4|1-2|0-0|NULL,3,4,4,2,8,32,1,1,1,0,0.0,15,1
TRAJ-MICRO-V1,12097,209,zero_scale,,,0-0;1-2;2-4,0-0;1-2;2-4,0-0;1-2;2-4,1-2|2-4|0-0|NULL,1-2|2-4|0-0|NULL,3,4,4,2,8,32,1,1,1,0,0.0,15,1
TRAJ-MICRO-V1,12097,210,configured_scale,,,0-1;1-2;2-0,0-1;1-2;2-0,0-1;1-2;2-0,2-0|1-2|0-1|NULL,2-0|1-2|0-1|NULL,3,4,4,2,8,32,1,1,1,0,0.0,15,1
TRAJ-MICRO-V1,12097,210,zero_scale,,,0-1;1-2;2-0,0-1;1-2;2-0,0-1;1-2;2-0,2-0|1-2|0-1|NULL,2-0|1-2|0-1|NULL,3,4,4,2,8,32,1,1,1,0,0.0,15,1
TRAJ-MICRO-V1,12097,211,configured_scale,,,0-0;1-3;2-4,0-0;1-3;2-4,0-0;1-3;2-4,2-4|1-3|0-0|NULL,2-4|1-3|0-0|NULL,3,4,4,2,8,32,1,1,1,0,0.0,15,1
TRAJ-MICRO-V1,12097,211,zero_scale,,,0-1;1-3;2-2,0-1;1-3;2-2,0-1;1-3;2-2,2-2|1-3|0-1|NULL,2-2|1-3|0-1|NULL,3,4,4,2,8,32,1,1,1,0,0.0,15,1
TRAJ-MICRO-V1,12097,212,configured_scale,,,0-0;1-2;2-4,0-0;1-2;2-4,0-0;1-2;2-4,2-4|0-0|1-2|NULL,2-4|0-0|1-2|NULL,3,4,4,2,8,32,1,1,1,0,0.0,15,1
TRAJ-MICRO-V1,12097,212,zero_scale,,,0-0;1-2;2-4,0-0;1-2;2-4,0-0;1-2;2-4,2-4|1-2|0-0|NULL,2-4|1-2|0-0|NULL,3,4,4,2,8,32,1,1,1,0,0.0,15,1
TRAJ-MICRO-V1,12097,213,configured_scale,,,0-1;1-0;2-4,0-1;1-0;2-4,0-1;1-0;2-4,2-4|1-0|0-1|NULL,2-4|1-0|0-1|NULL,3,4,4,2,8,32,1,1,1,0,0.0,15,1
TRAJ-MICRO-V1,12097,213,zero_scale,,,0-0;1-1;2-3,0-0;1-1;2-3,0-0;1-1;2-3,2-3|1-1|0-0|NULL,2-3|1-1|0-0|NULL,3,4,4,2,8,32,1,1,1,0,0.0,15,1
TRAJ-MICRO-V1,12097,214,configured_scale,,,0-1;1-0;2-4,0-1;1-0;2-4,0-1;1-0;2-4,2-4|1-0|0-1|NULL,2-4|1-0|0-1|NULL,3,4,4,2,8,32,1,1,1,0,0.0,15,1
TRAJ-MICRO-V1,12097,214,zero_scale,,,0-1;1-0;2-4,0-1;1-0;2-4,0-1;1-0;2-4,2-4|1-0|0-1|NULL,2-4|1-0|0-1|NULL,3,4,4,2,8,32,1,1,1,0,0.0,15,1
TRAJ-MICRO-V1,12097,215,configured_scale,,,0-0;1-2;2-4,0-0;1-2;2-4,0-0;1-2;2-4,2-4|0-0|1-2|NULL,2-4|0-0|1-2|NULL,3,4,4,2,8,32,1,1,1,0,0.0,15,1
TRAJ-MICRO-V1,12097,215,zero_scale,,,0-0;1-2;2-4,0-0;1-2;2-4,0-0;1-2;2-4,2-4|0-0|1-2|NULL,2-4|0-0|1-2|NULL,3,4,4,2,8,32,1,1,1,0,0.0,15,1
TRAJ-MICRO-V1,12097,216,configured_scale,,,0-2;1-1;2-0,0-2;1-1;2-0,0-2;1-1;2-0,2-0|1-1|0-2|NULL,2-0|1-1|0-2|NULL,3,4,4,2,8,32,1,1,1,0,0.0,15,1
TRAJ-MICRO-V1,12097,216,zero_scale,,,0-2;1-1;2-0,0-2;1-1;2-0,0-2;1-1;2-0,2-0|1-1|0-2|NULL,2-0|1-1|0-2|NULL,3,4,4,2,8,32,1,1,1,0,0.0,15,1
TRAJ-MICRO-V1,12097,217,configured_scale,,,0-0;1-3;2-2,0-0;1-3;2-2,0-0;1-3;2-2,0-0|2-2|1-3|NULL,0-0|2-2|1-3|NULL,3,4,4,2,8,32,1,1,1,0,0.0,15,1
TRAJ-MICRO-V1,12097,217,zero_scale,,,0-0;1-3;2-2,0-0;1-3;2-2,0-0;1-3;2-2,0-0|2-2|1-3|NULL,0-0|2-2|1-3|NULL,3,4,4,2,8,32,1,1,1,0,0.0,15,1
TRAJ-MICRO-V1,12097,218,configured_scale,,,0-0;1-2;2-4,0-0;1-2;2-4,0-0;1-2;2-4,0-0|2-4|1-2|NULL,0-0|2-4|1-2|NULL,3,4,4,2,8,32,1,1,1,0,0.0,15,1
TRAJ-MICRO-V1,12097,218,zero_scale,,,0-0;1-2;2-4,0-0;1-2;2-4,0-0;1-2;2-4,0-0|1-2|2-4|NULL,0-0|1-2|2-4|NULL,3,4,4,2,8,32,1,1,1,0,0.0,15,1
TRAJ-MICRO-V1,12097,219,configured_scale,,,0-1;1-2;2-0,0-1;1-2;2-0,0-1;1-2;2-0,2-0|0-1|1-2|NULL,2-0|0-1|1-2|NULL,3,4,4,2,8,32,1,1,1,0,0.0,15,1
TRAJ-MICRO-V1,12097,219,zero_scale,,,0-2;1-1;2-0,0-2;1-1;2-0,0-2;1-1;2-0,1-1|2-0|0-2|NULL,1-1|2-0|0-2|NULL,3,4,4,2,8,32,1,1,1,0,0.0,15,1
TRAJ-MICRO-V1,12097,220,configured_scale,,,0-1;1-0;2-4,0-1;1-0;2-4,0-1;1-0;2-4,1-0|0-1|2-4|NULL,1-0|0-1|2-4|NULL,3,4,4,2,8,32,1,1,1,0,0.0,15,1
TRAJ-MICRO-V1,12097,220,zero_scale,,,0-1;1-2;2-4,0-1;1-2;2-4,0-1;1-2;2-4,0-1|1-2|2-4|NULL,0-1|1-2|2-4|NULL,3,4,4,2,8,32,1,1,1,0,0.0,15,1
TRAJ-MICRO-V1,12097,221,configured_scale,,,0-3;1-2;2-1,0-3;1-2;2-1,0-3;1-2;2-1,1-2|2-1|0-3|NULL,1-2|2-1|0-3|NULL,3,4,4,2,8,32,1,1,1,0,0.0,15,1
TRAJ-MICRO-V1,12097,221,zero_scale,,,0-0;1-2;2-1,0-0;1-2;2-1,0-0;1-2;2-1,1-2|2-1|0-0|NULL,1-2|2-1|0-0|NULL,3,4,4,2,8,32,1,1,1,0,0.0,15,1
TRAJ-MICRO-V1,12097,222,configured_scale,,,0-1;1-2;2-0,0-1;1-2;2-0,0-1;1-2;2-0,1-2|2-0|0-1|NULL,1-2|2-0|0-1|NULL,3,4,4,2,8,32,1,1,1,0,0.0,15,1
TRAJ-MICRO-V1,12097,222,zero_scale,,,0-2;1-1;2-3,0-2;1-1;2-3,0-2;1-1;2-3,1-1|0-2|2-3|NULL,1-1|0-2|2-3|NULL,3,4,4,2,8,32,1,1,1,0,0.0,15,1
TRAJ-MICRO-V1,12097,223,configured_scale,,,0-1;1-2;2-4,0-1;1-2;2-4,0-1;1-2;2-4,1-2|0-1|2-4|NULL,1-2|0-1|2-4|NULL,3,4,4,2,8,32,1,1,1,0,0.0,15,1
TRAJ-MICRO-V1,12097,223,zero_scale,,,0-1;1-2;2-4,0-1;1-2;2-4,0-1;1-2;2-4,1-2|0-1|2-4|NULL,1-2|0-1|2-4|NULL,3,4,4,2,8,32,1,1,1,0,0.0,15,1
TRAJ-MICRO-V1,12097,224,configured_scale,,,0-1;1-2;2-4,0-1;1-2;2-4,0-1;1-2;2-4,1-2|0-1|2-4|NULL,1-2|0-1|2-4|NULL,3,4,4,2,8,32,1,1,1,0,0.0,15,1
TRAJ-MICRO-V1,12097,224,zero_scale,,,0-3;1-2;2-1,0-3;1-2;2-1,0-3;1-2;2-1,1-2|0-3|2-1|NULL,1-2|0-3|2-1|NULL,3,4,4,2,8,32,1,1,1,0,0.0,15,1
TRAJ-MICRO-V1,12097,225,configured_scale,,,0-1;1-2;2-0,0-1;1-2;2-0,0-1;1-2;2-0,1-2|0-1|2-0|NULL,1-2|0-1|2-0|NULL,3,4,4,2,8,32,1,1,1,0,0.0,15,1
TRAJ-MICRO-V1,12097,225,zero_scale,,,0-1;1-2;2-3,0-1;1-2;2-3,0-1;1-2;2-3,1-2|0-1|2-3|NULL,1-2|0-1|2-3|NULL,3,4,4,2,8,32,1,1,1,0,0.0,15,1
TRAJ-MICRO-V1,12097,226,configured_scale,,,0-1;1-0;2-2,0-1;1-0;2-2,0-1;1-0;2-2,0-1|1-0|2-2|NULL,0-1|1-0|2-2|NULL,3,4,4,2,8,32,1,1,1,0,0.0,15,1
TRAJ-MICRO-V1,12097,226,zero_scale,,,0-1;1-2;2-3,0-1;1-2;2-3,0-1;1-2;2-3,0-1|1-2|2-3|NULL,0-1|1-2|2-3|NULL,3,4,4,2,8,32,1,1,1,0,0.0,15,1
TRAJ-MICRO-V1,12097,227,configured_scale,,,0-0;1-3;2-4,0-0;1-3;2-4,0-0;1-3;2-4,0-0|1-3|2-4|NULL,0-0|1-3|2-4|NULL,3,4,4,2,8,32,1,1,1,0,0.0,15,1
TRAJ-MICRO-V1,12097,227,zero_scale,,,0-0;1-2;2-4,0-0;1-2;2-4,0-0;1-2;2-4,0-0|1-2|2-4|NULL,0-0|1-2|2-4|NULL,3,4,4,2,8,32,1,1,1,0,0.0,15,1
TRAJ-MICRO-V1,12097,228,configured_scale,,,0-0;1-4;2-3,0-0;1-4;2-3,0-0;1-4;2-3,0-0|2-3|1-4|NULL,0-0|2-3|1-4|NULL,3,4,4,2,8,32,1,1,1,0,0.0,15,1
TRAJ-MICRO-V1,12097,228,zero_scale,,,0-1;1-4;2-3,0-1;1-4;2-3,0-1;1-4;2-3,0-1|2-3|1-4|NULL,0-1|2-3|1-4|NULL,3,4,4,2,8,32,1,1,1,0,0.0,15,1
TRAJ-MICRO-V1,12097,229,configured_scale,,,0-4;1-3;2-2,0-4;1-3;2-2,0-4;1-3;2-2,0-4|1-3|2-2|NULL,0-4|1-3|2-2|NULL,3,4,4,2,8,32,1,1,1,0,0.0,15,1
TRAJ-MICRO-V1,12097,229,zero_scale,,,0-1;1-3;2-4,0-1;1-3;2-4,0-1;1-3;2-4,0-1|1-3|2-4|NULL,0-1|1-3|2-4|NULL,3,4,4,2,8,32,1,1,1,0,0.0,15,1
TRAJ-MICRO-V1,12097,230,configured_scale,,,0-3;1-2;2-4,0-3;1-2;2-4,0-3;1-2;2-4,2-4|0-3|1-2|NULL,2-4|0-3|1-2|NULL,3,4,4,2,8,32,1,1,1,0,0.0,15,1
TRAJ-MICRO-V1,12097,230,zero_scale,,,0-0;1-2;2-4,0-0;1-2;2-4,0-0;1-2;2-4,2-4|0-0|1-2|NULL,2-4|0-0|1-2|NULL,3,4,4,2,8,32,1,1,1,0,0.0,15,1
TRAJ-MICRO-V1,12097,231,configured_scale,,,0-2;1-3;2-4,0-2;1-3;2-4,0-2;1-3;2-4,2-4|0-2|1-3|NULL,2-4|0-2|1-3|NULL,3,4,4,2,8,32,1,1,1,0,0.0,15,1
TRAJ-MICRO-V1,12097,231,zero_scale,,,0-2;1-3;2-4,0-2;1-3;2-4,0-2;1-3;2-4,2-4|0-2|1-3|NULL,2-4|0-2|1-3|NULL,3,4,4,2,8,32,1,1,1,0,0.0,15,1
TRAJ-MICRO-V1,12097,232,configured_scale,,,0-1;1-3;2-4,0-1;1-3;2-4,0-1;1-3;2-4,2-4|1-3|0-1|NULL,2-4|1-3|0-1|NULL,3,4,4,2,8,32,1,1,1,0,0.0,15,1
TRAJ-MICRO-V1,12097,232,zero_scale,,,0-1;1-3;2-4,0-1;1-3;2-4,0-1;1-3;2-4,2-4|1-3|0-1|NULL,2-4|1-3|0-1|NULL,3,4,4,2,8,32,1,1,1,0,0.0,15,1
TRAJ-MICRO-V1,12097,233,configured_scale,,,0-0;1-3;2-4,0-0;1-3;2-4,0-0;1-3;2-4,2-4|1-3|0-0|NULL,2-4|1-3|0-0|NULL,3,4,4,2,8,32,1,1,1,0,0.0,15,1
TRAJ-MICRO-V1,12097,233,zero_scale,,,0-0;1-3;2-4,0-0;1-3;2-4,0-0;1-3;2-4,2-4|1-3|0-0|NULL,2-4|1-3|0-0|NULL,3,4,4,2,8,32,1,1,1,0,0.0,15,1
TRAJ-MICRO-V1,12097,234,configured_scale,,,0-2;1-3;2-4,0-2;1-3;2-4,0-2;1-3;2-4,2-4|1-3|0-2|NULL,2-4|1-3|0-2|NULL,3,4,4,2,8,32,1,1,1,0,0.0,15,1
TRAJ-MICRO-V1,12097,234,zero_scale,,,0-2;1-4;2-3,0-2;1-4;2-3,0-2;1-4;2-3,1-4|2-3|0-2|NULL,1-4|2-3|0-2|NULL,3,4,4,2,8,32,1,1,1,0,0.0,15,1
TRAJ-MICRO-V1,12097,235,configured_scale,,,0-1;1-3;2-4,0-1;1-3;2-4,0-1;1-3;2-4,2-4|1-3|0-1|NULL,2-4|1-3|0-1|NULL,3,4,4,2,8,32,1,1,1,0,0.0,15,1
TRAJ-MICRO-V1,12097,235,zero_scale,,,0-1;1-3;2-4,0-1;1-3;2-4,0-1;1-3;2-4,1-3|2-4|0-1|NULL,1-3|2-4|0-1|NULL,3,4,4,2,8,32,1,1,1,0,0.0,15,1
TRAJ-MICRO-V1,12097,236,configured_scale,,,0-3;1-2;2-4,0-3;1-2;2-4,0-3;1-2;2-4,2-4|1-2|0-3|NULL,2-4|1-2|0-3|NULL,3,4,4,2,8,32,1,1,1,0,0.0,15,1
TRAJ-MICRO-V1,12097,236,zero_scale,,,0-3;1-2;2-4,0-3;1-2;2-4,0-3;1-2;2-4,1-2|2-4|0-3|NULL,1-2|2-4|0-3|NULL,3,4,4,2,8,32,1,1,1,0,0.0,15,1
TRAJ-MICRO-V1,12097,237,configured_scale,,,0-1;1-2;2-3,0-1;1-2;2-3,0-1;1-2;2-3,2-3|1-2|0-1|NULL,2-3|1-2|0-1|NULL,3,4,4,2,8,32,1,1,1,0,0.0,15,1
TRAJ-MICRO-V1,12097,237,zero_scale,,,0-1;1-2;2-3,0-1;1-2;2-3,0-1;1-2;2-3,2-3|1-2|0-1|NULL,2-3|1-2|0-1|NULL,3,4,4,2,8,32,1,1,1,0,0.0,15,1
TRAJ-MICRO-V1,12097,238,configured_scale,,,0-4;1-3;2-2,0-4;1-3;2-2,0-4;1-3;2-2,1-3|2-2|0-4|NULL,1-3|2-2|0-4|NULL,3,4,4,2,8,32,1,1,1,0,0.0,15,1
TRAJ-MICRO-V1,12097,238,zero_scale,,,0-1;1-3;2-2,0-1;1-3;2-2,0-1;1-3;2-2,1-3|0-1|2-2|NULL,1-3|0-1|2-2|NULL,3,4,4,2,8,32,1,1,1,0,0.0,15,1
TRAJ-MICRO-V1,12097,239,configured_scale,,,0-3;1-2;2-4,0-3;1-2;2-4,0-3;1-2;2-4,1-2|2-4|0-3|NULL,1-2|2-4|0-3|NULL,3,4,4,2,8,32,1,1,1,0,0.0,15,1
TRAJ-MICRO-V1,12097,239,zero_scale,,,0-3;1-2;2-4,0-3;1-2;2-4,0-3;1-2;2-4,1-2|0-3|2-4|NULL,1-2|0-3|2-4|NULL,3,4,4,2,8,32,1,1,1,0,0.0,15,1
TRAJ-MICRO-V1,12097,240,configured_scale,,,0-1;1-2;2-3,0-1;1-2;2-3,0-1;1-2;2-3,1-2|2-3|0-1|NULL,1-2|2-3|0-1|NULL,3,4,4,2,8,32,1,1,1,0,0.0,15,1
TRAJ-MICRO-V1,12097,240,zero_scale,,,0-1;1-2;2-3,0-1;1-2;2-3,0-1;1-2;2-3,1-2|2-3|0-1|NULL,1-2|2-3|0-1|NULL,3,4,4,2,8,32,1,1,1,0,0.0,15,1
TRAJ-MICRO-V1,12101,1,exploration_public_assignment,3,4,0-0;1-2;2-1,0-0;1-2;2-1,0-0;1-2;2-1,PUBLIC:0-0;1-2;2-1,PUBLIC:0-0;1-2;2-1,3,0,0,0,0,0,1,1,1,0,0.0,15,1
TRAJ-MICRO-V1,12101,2,exploration_public_assignment,10,11,0-0;1-4;2-2,0-0;1-4;2-2,0-0;1-4;2-2,PUBLIC:0-0;1-4;2-2,PUBLIC:0-0;1-4;2-2,3,0,0,0,0,0,1,1,1,0,0.0,15,1
TRAJ-MICRO-V1,12101,3,exploration_public_assignment,17,18,0-1;1-2;2-4,0-1;1-2;2-4,0-1;1-2;2-4,PUBLIC:0-1;1-2;2-4,PUBLIC:0-1;1-2;2-4,3,0,0,0,0,0,1,1,1,0,0.0,15,1
TRAJ-MICRO-V1,12101,4,exploration_public_assignment,24,25,0-2;1-0;2-1,0-2;1-0;2-1,0-2;1-0;2-1,PUBLIC:0-2;1-0;2-1,PUBLIC:0-2;1-0;2-1,3,0,0,0,0,0,1,1,1,0,0.0,15,1
TRAJ-MICRO-V1,12101,5,exploration_public_assignment,31,32,0-2;1-3;2-1,0-2;1-3;2-1,0-2;1-3;2-1,PUBLIC:0-2;1-3;2-1,PUBLIC:0-2;1-3;2-1,3,0,0,0,0,0,1,1,1,0,0.0,15,1
TRAJ-MICRO-V1,12101,6,exploration_public_assignment,38,39,0-3;1-0;2-4,0-3;1-0;2-4,0-3;1-0;2-4,PUBLIC:0-3;1-0;2-4,PUBLIC:0-3;1-0;2-4,3,0,0,0,0,0,1,1,1,0,0.0,15,1
TRAJ-MICRO-V1,12101,7,exploration_public_assignment,45,46,0-3;1-4;2-0,0-3;1-4;2-0,0-3;1-4;2-0,PUBLIC:0-3;1-4;2-0,PUBLIC:0-3;1-4;2-0,3,0,0,0,0,0,1,1,1,0,0.0,15,1
TRAJ-MICRO-V1,12101,8,exploration_public_assignment,52,53,0-4;1-1;2-2,0-4;1-1;2-2,0-4;1-1;2-2,PUBLIC:0-4;1-1;2-2,PUBLIC:0-4;1-1;2-2,3,0,0,0,0,0,1,1,1,0,0.0,15,1
TRAJ-MICRO-V1,12101,9,exploration_public_assignment,59,60,0-4;1-3;2-2,0-4;1-3;2-2,0-4;1-3;2-2,PUBLIC:0-4;1-3;2-2,PUBLIC:0-4;1-3;2-2,3,0,0,0,0,0,1,1,1,0,0.0,15,1
TRAJ-MICRO-V1,12101,10,exploration_public_assignment,6,7,0-0;1-3;2-1,0-0;1-3;2-1,0-0;1-3;2-1,PUBLIC:0-0;1-3;2-1,PUBLIC:0-0;1-3;2-1,3,0,0,0,0,0,1,1,1,0,0.0,15,1
TRAJ-MICRO-V1,12101,11,exploration_public_assignment,13,14,0-1;1-0;2-3,0-1;1-0;2-3,0-1;1-0;2-3,PUBLIC:0-1;1-0;2-3,PUBLIC:0-1;1-0;2-3,3,0,0,0,0,0,1,1,1,0,0.0,15,1
TRAJ-MICRO-V1,12101,12,exploration_public_assignment,20,21,0-1;1-3;2-4,0-1;1-3;2-4,0-1;1-3;2-4,PUBLIC:0-1;1-3;2-4,PUBLIC:0-1;1-3;2-4,3,0,0,0,0,0,1,1,1,0,0.0,15,1
TRAJ-MICRO-V1,12101,13,exploration_public_assignment,27,28,0-2;1-1;2-0,0-2;1-1;2-0,0-2;1-1;2-0,PUBLIC:0-2;1-1;2-0,PUBLIC:0-2;1-1;2-0,3,0,0,0,0,0,1,1,1,0,0.0,15,1
TRAJ-MICRO-V1,12101,14,exploration_public_assignment,34,35,0-2;1-4;2-1,0-2;1-4;2-1,0-2;1-4;2-1,PUBLIC:0-2;1-4;2-1,PUBLIC:0-2;1-4;2-1,3,0,0,0,0,0,1,1,1,0,0.0,15,1
TRAJ-MICRO-V1,12101,15,exploration_public_assignment,41,42,0-3;1-1;2-4,0-3;1-1;2-4,0-3;1-1;2-4,PUBLIC:0-3;1-1;2-4,PUBLIC:0-3;1-1;2-4,3,0,0,0,0,0,1,1,1,0,0.0,15,1
TRAJ-MICRO-V1,12101,16,exploration_public_assignment,48,49,0-4;1-0;2-1,0-4;1-0;2-1,0-4;1-0;2-1,PUBLIC:0-4;1-0;2-1,PUBLIC:0-4;1-0;2-1,3,0,0,0,0,0,1,1,1,0,0.0,15,1
TRAJ-MICRO-V1,12101,17,exploration_public_assignment,55,56,0-4;1-2;2-1,0-4;1-2;2-1,0-4;1-2;2-1,PUBLIC:0-4;1-2;2-1,PUBLIC:0-4;1-2;2-1,3,0,0,0,0,0,1,1,1,0,0.0,15,1
TRAJ-MICRO-V1,12101,18,exploration_public_assignment,2,3,0-0;1-1;2-4,0-0;1-1;2-4,0-0;1-1;2-4,PUBLIC:0-0;1-1;2-4,PUBLIC:0-0;1-1;2-4,3,0,0,0,0,0,1,1,1,0,0.0,15,1
TRAJ-MICRO-V1,12101,19,configured_scale,,,0-1;1-3;2-2,0-1;1-3;2-2,0-1;1-3;2-2,0-1|2-2|1-3|NULL,0-1|2-2|1-3|NULL,3,4,4,2,8,32,1,1,1,0,0.0,15,1
TRAJ-MICRO-V1,12101,19,zero_scale,,,0-1;1-3;2-2,0-1;1-3;2-2,0-1;1-3;2-2,0-1|1-3|2-2|NULL,0-1|1-3|2-2|NULL,3,4,4,2,8,32,1,1,1,0,0.0,15,1
TRAJ-MICRO-V1,12101,20,configured_scale,,,0-0;1-2;2-1,0-0;1-2;2-1,0-0;1-2;2-1,1-2|2-1|0-0|NULL,1-2|2-1|0-0|NULL,3,4,4,2,8,32,1,1,1,0,0.0,15,1
TRAJ-MICRO-V1,12101,20,zero_scale,,,0-3;1-2;2-1,0-3;1-2;2-1,0-3;1-2;2-1,1-2|0-3|2-1|NULL,1-2|0-3|2-1|NULL,3,4,4,2,8,32,1,1,1,0,0.0,15,1
TRAJ-MICRO-V1,12101,21,configured_scale,,,0-4;1-1;2-0,0-4;1-1;2-0,0-4;1-1;2-0,1-1|2-0|0-4|NULL,1-1|2-0|0-4|NULL,3,4,4,2,8,32,1,1,1,0,0.0,15,1
TRAJ-MICRO-V1,12101,21,zero_scale,,,0-2;1-1;2-3,0-2;1-1;2-3,0-2;1-1;2-3,0-2|1-1|2-3|NULL,0-2|1-1|2-3|NULL,3,4,4,2,8,32,1,1,1,0,0.0,15,1
TRAJ-MICRO-V1,12101,22,configured_scale,,,0-4;1-3;2-2,0-4;1-3;2-2,0-4;1-3;2-2,0-4|1-3|2-2|NULL,0-4|1-3|2-2|NULL,3,4,4,2,8,32,1,1,1,0,0.0,15,1
TRAJ-MICRO-V1,12101,22,zero_scale,,,0-4;1-3;2-2,0-4;1-3;2-2,0-4;1-3;2-2,0-4|1-3|2-2|NULL,0-4|1-3|2-2|NULL,3,4,4,2,8,32,1,1,1,0,0.0,15,1
TRAJ-MICRO-V1,12101,23,configured_scale,,,0-1;1-2;2-4,0-1;1-2;2-4,0-1;1-2;2-4,2-4|0-1|1-2|NULL,2-4|0-1|1-2|NULL,3,4,4,2,8,32,1,1,1,0,0.0,15,1
TRAJ-MICRO-V1,12101,23,zero_scale,,,0-1;1-2;2-4,0-1;1-2;2-4,0-1;1-2;2-4,0-1|1-2|2-4|NULL,0-1|1-2|2-4|NULL,3,4,4,2,8,32,1,1,1,0,0.0,15,1
TRAJ-MICRO-V1,12101,24,configured_scale,,,0-0;1-4;2-3,0-0;1-4;2-3,0-0;1-4;2-3,0-0|2-3|1-4|NULL,0-0|2-3|1-4|NULL,3,4,4,2,8,32,1,1,1,0,0.0,15,1
TRAJ-MICRO-V1,12101,24,zero_scale,,,0-0;1-1;2-3,0-0;1-1;2-3,0-0;1-1;2-3,0-0|1-1|2-3|NULL,0-0|1-1|2-3|NULL,3,4,4,2,8,32,1,1,1,0,0.0,15,1
TRAJ-MICRO-V1,12101,25,configured_scale,,,0-1;1-3;2-4,0-1;1-3;2-4,0-1;1-3;2-4,0-1|1-3|2-4|NULL,0-1|1-3|2-4|NULL,3,4,4,2,8,32,1,1,1,0,0.0,15,1
TRAJ-MICRO-V1,12101,25,zero_scale,,,0-1;1-0;2-4,0-1;1-0;2-4,0-1;1-0;2-4,0-1|1-0|2-4|NULL,0-1|1-0|2-4|NULL,3,4,4,2,8,32,1,1,1,0,0.0,15,1
TRAJ-MICRO-V1,12101,26,configured_scale,,,0-0;1-2;2-4,0-0;1-2;2-4,0-0;1-2;2-4,2-4|1-2|0-0|NULL,2-4|1-2|0-0|NULL,3,4,4,2,8,32,1,1,1,0,0.0,15,1
TRAJ-MICRO-V1,12101,26,zero_scale,,,0-0;1-2;2-4,0-0;1-2;2-4,0-0;1-2;2-4,0-0|1-2|2-4|NULL,0-0|1-2|2-4|NULL,3,4,4,2,8,32,1,1,1,0,0.0,15,1
TRAJ-MICRO-V1,12101,27,configured_scale,,,0-2;1-1;2-0,0-2;1-1;2-0,0-2;1-1;2-0,2-0|1-1|0-2|NULL,2-0|1-1|0-2|NULL,3,4,4,2,8,32,1,1,1,0,0.0,15,1
TRAJ-MICRO-V1,12101,27,zero_scale,,,0-0;1-1;2-4,0-0;1-1;2-4,0-0;1-1;2-4,0-0|1-1|2-4|NULL,0-0|1-1|2-4|NULL,3,4,4,2,8,32,1,1,1,0,0.0,15,1
TRAJ-MICRO-V1,12101,28,configured_scale,,,0-1;1-0;2-4,0-1;1-0;2-4,0-1;1-0;2-4,2-4|0-1|1-0|NULL,2-4|0-1|1-0|NULL,3,4,4,2,8,32,1,1,1,0,0.0,15,1
TRAJ-MICRO-V1,12101,28,zero_scale,,,0-1;1-0;2-4,0-1;1-0;2-4,0-1;1-0;2-4,2-4|0-1|1-0|NULL,2-4|0-1|1-0|NULL,3,4,4,2,8,32,1,1,1,0,0.0,15,1
TRAJ-MICRO-V1,12101,29,configured_scale,,,0-0;1-2;2-4,0-0;1-2;2-4,0-0;1-2;2-4,2-4|0-0|1-2|NULL,2-4|0-0|1-2|NULL,3,4,4,2,8,32,1,1,1,0,0.0,15,1
TRAJ-MICRO-V1,12101,29,zero_scale,,,0-0;1-2;2-4,0-0;1-2;2-4,0-0;1-2;2-4,2-4|0-0|1-2|NULL,2-4|0-0|1-2|NULL,3,4,4,2,8,32,1,1,1,0,0.0,15,1
TRAJ-MICRO-V1,12101,30,configured_scale,,,0-0;1-3;2-4,0-0;1-3;2-4,0-0;1-3;2-4,2-4|0-0|1-3|NULL,2-4|0-0|1-3|NULL,3,4,4,2,8,32,1,1,1,0,0.0,15,1
TRAJ-MICRO-V1,12101,30,zero_scale,,,0-0;1-4;2-3,0-0;1-4;2-3,0-0;1-4;2-3,2-3|1-4|0-0|NULL,2-3|1-4|0-0|NULL,3,4,4,2,8,32,1,1,1,0,0.0,15,1
TRAJ-MICRO-V1,12101,31,configured_scale,,,0-4;1-3;2-2,0-4;1-3;2-2,0-4;1-3;2-2,0-4|1-3|2-2|NULL,0-4|1-3|2-2|NULL,3,4,4,2,8,32,1,1,1,0,0.0,15,1
TRAJ-MICRO-V1,12101,31,zero_scale,,,0-4;1-3;2-2,0-4;1-3;2-2,0-4;1-3;2-2,1-3|0-4|2-2|NULL,1-3|0-4|2-2|NULL,3,4,4,2,8,32,1,1,1,0,0.0,15,1
TRAJ-MICRO-V1,12101,32,configured_scale,,,0-3;1-2;2-1,0-3;1-2;2-1,0-3;1-2;2-1,0-3|1-2|2-1|NULL,0-3|1-2|2-1|NULL,3,4,4,2,8,32,1,1,1,0,0.0,15,1
TRAJ-MICRO-V1,12101,32,zero_scale,,,0-0;1-2;2-1,0-0;1-2;2-1,0-0;1-2;2-1,0-0|1-2|2-1|NULL,0-0|1-2|2-1|NULL,3,4,4,2,8,32,1,1,1,0,0.0,15,1
TRAJ-MICRO-V1,12101,33,configured_scale,,,0-4;1-2;2-0,0-4;1-2;2-0,0-4;1-2;2-0,2-0|1-2|0-4|NULL,2-0|1-2|0-4|NULL,3,4,4,2,8,32,1,1,1,0,0.0,15,1
TRAJ-MICRO-V1,12101,33,zero_scale,,,0-2;1-1;2-0,0-2;1-1;2-0,0-2;1-1;2-0,0-2|1-1|2-0|NULL,0-2|1-1|2-0|NULL,3,4,4,2,8,32,1,1,1,0,0.0,15,1
TRAJ-MICRO-V1,12101,34,configured_scale,,,0-4;1-3;2-0,0-4;1-3;2-0,0-4;1-3;2-0,0-4|1-3|2-0|NULL,0-4|1-3|2-0|NULL,3,4,4,2,8,32,1,1,1,0,0.0,15,1
TRAJ-MICRO-V1,12101,34,zero_scale,,,0-4;1-3;2-2,0-4;1-3;2-2,0-4;1-3;2-2,0-4|1-3|2-2|NULL,0-4|1-3|2-2|NULL,3,4,4,2,8,32,1,1,1,0,0.0,15,1
TRAJ-MICRO-V1,12101,35,configured_scale,,,0-3;1-2;2-1,0-3;1-2;2-1,0-3;1-2;2-1,0-3|1-2|2-1|NULL,0-3|1-2|2-1|NULL,3,4,4,2,8,32,1,1,1,0,0.0,15,1
TRAJ-MICRO-V1,12101,35,zero_scale,,,0-3;1-2;2-1,0-3;1-2;2-1,0-3;1-2;2-1,0-3|1-2|2-1|NULL,0-3|1-2|2-1|NULL,3,4,4,2,8,32,1,1,1,0,0.0,15,1
TRAJ-MICRO-V1,12101,36,configured_scale,,,0-4;1-2;2-0,0-4;1-2;2-0,0-4;1-2;2-0,0-4|1-2|2-0|NULL,0-4|1-2|2-0|NULL,3,4,4,2,8,32,1,1,1,0,0.0,15,1
TRAJ-MICRO-V1,12101,36,zero_scale,,,0-2;1-1;2-3,0-2;1-1;2-3,0-2;1-1;2-3,0-2|1-1|2-3|NULL,0-2|1-1|2-3|NULL,3,4,4,2,8,32,1,1,1,0,0.0,15,1
TRAJ-MICRO-V1,12101,37,configured_scale,,,0-1;1-3;2-2,0-1;1-3;2-2,0-1;1-3;2-2,0-1|1-3|2-2|NULL,0-1|1-3|2-2|NULL,3,4,4,2,8,32,1,1,1,0,0.0,15,1
TRAJ-MICRO-V1,12101,37,zero_scale,,,0-1;1-3;2-2,0-1;1-3;2-2,0-1;1-3;2-2,0-1|1-3|2-2|NULL,0-1|1-3|2-2|NULL,3,4,4,2,8,32,1,1,1,0,0.0,15,1
TRAJ-MICRO-V1,12101,38,configured_scale,,,0-0;1-2;2-4,0-0;1-2;2-4,0-0;1-2;2-4,0-0|1-2|2-4|NULL,0-0|1-2|2-4|NULL,3,4,4,2,8,32,1,1,1,0,0.0,15,1
TRAJ-MICRO-V1,12101,38,zero_scale,,,0-0;1-2;2-4,0-0;1-2;2-4,0-0;1-2;2-4,0-0|1-2|2-4|NULL,0-0|1-2|2-4|NULL,3,4,4,2,8,32,1,1,1,0,0.0,15,1
TRAJ-MICRO-V1,12101,39,configured_scale,,,0-2;1-1;2-4,0-2;1-1;2-4,0-2;1-1;2-4,0-2|2-4|1-1|NULL,0-2|2-4|1-1|NULL,3,4,4,2,8,32,1,1,1,0,0.0,15,1
TRAJ-MICRO-V1,12101,39,zero_scale,,,0-2;1-1;2-3,0-2;1-1;2-3,0-2;1-1;2-3,0-2|1-1|2-3|NULL,0-2|1-1|2-3|NULL,3,4,4,2,8,32,1,1,1,0,0.0,15,1
TRAJ-MICRO-V1,12101,40,configured_scale,,,0-1;1-3;2-4,0-1;1-3;2-4,0-1;1-3;2-4,0-1|1-3|2-4|NULL,0-1|1-3|2-4|NULL,3,4,4,2,8,32,1,1,1,0,0.0,15,1
TRAJ-MICRO-V1,12101,40,zero_scale,,,0-1;1-3;2-4,0-1;1-3;2-4,0-1;1-3;2-4,0-1|1-3|2-4|NULL,0-1|1-3|2-4|NULL,3,4,4,2,8,32,1,1,1,0,0.0,15,1
TRAJ-MICRO-V1,12101,41,configured_scale,,,0-3;1-2;2-4,0-3;1-2;2-4,0-3;1-2;2-4,1-2|0-3|2-4|NULL,1-2|0-3|2-4|NULL,3,4,4,2,8,32,1,1,1,0,0.0,15,1
TRAJ-MICRO-V1,12101,41,zero_scale,,,0-0;1-2;2-4,0-0;1-2;2-4,0-0;1-2;2-4,1-2|0-0|2-4|NULL,1-2|0-0|2-4|NULL,3,4,4,2,8,32,1,1,1,0,0.0,15,1
TRAJ-MICRO-V1,12101,42,configured_scale,,,0-0;1-3;2-4,0-0;1-3;2-4,0-0;1-3;2-4,1-3|0-0|2-4|NULL,1-3|0-0|2-4|NULL,3,4,4,2,8,32,1,1,1,0,0.0,15,1
TRAJ-MICRO-V1,12101,42,zero_scale,,,0-0;1-3;2-4,0-0;1-3;2-4,0-0;1-3;2-4,1-3|0-0|2-4|NULL,1-3|0-0|2-4|NULL,3,4,4,2,8,32,1,1,1,0,0.0,15,1
TRAJ-MICRO-V1,12101,43,configured_scale,,,0-1;1-0;2-3,0-1;1-0;2-3,0-1;1-0;2-3,1-0|2-3|0-1|NULL,1-0|2-3|0-1|NULL,3,4,4,2,8,32,1,1,1,0,0.0,15,1
TRAJ-MICRO-V1,12101,43,zero_scale,,,0-1;1-3;2-4,0-1;1-3;2-4,0-1;1-3;2-4,1-3|0-1|2-4|NULL,1-3|0-1|2-4|NULL,3,4,4,2,8,32,1,1,1,0,0.0,15,1
TRAJ-MICRO-V1,12101,44,configured_scale,,,0-1;1-0;2-4,0-1;1-0;2-4,0-1;1-0;2-4,2-4|1-0|0-1|NULL,2-4|1-0|0-1|NULL,3,4,4,2,8,32,1,1,1,0,0.0,15,1
TRAJ-MICRO-V1,12101,44,zero_scale,,,0-0;1-2;2-4,0-0;1-2;2-4,0-0;1-2;2-4,1-2|2-4|0-0|NULL,1-2|2-4|0-0|NULL,3,4,4,2,8,32,1,1,1,0,0.0,15,1
TRAJ-MICRO-V1,12101,45,configured_scale,,,0-0;1-1;2-4,0-0;1-1;2-4,0-0;1-1;2-4,1-1|2-4|0-0|NULL,1-1|2-4|0-0|NULL,3,4,4,2,8,32,1,1,1,0,0.0,15,1
TRAJ-MICRO-V1,12101,45,zero_scale,,,0-2;1-1;2-4,0-2;1-1;2-4,0-2;1-1;2-4,1-1|2-4|0-2|NULL,1-1|2-4|0-2|NULL,3,4,4,2,8,32,1,1,1,0,0.0,15,1
TRAJ-MICRO-V1,12101,46,configured_scale,,,0-1;1-0;2-4,0-1;1-0;2-4,0-1;1-0;2-4,1-0|2-4|0-1|NULL,1-0|2-4|0-1|NULL,3,4,4,2,8,32,1,1,1,0,0.0,15,1
TRAJ-MICRO-V1,12101,46,zero_scale,,,0-1;1-0;2-4,0-1;1-0;2-4,0-1;1-0;2-4,1-0|2-4|0-1|NULL,1-0|2-4|0-1|NULL,3,4,4,2,8,32,1,1,1,0,0.0,15,1
TRAJ-MICRO-V1,12101,47,configured_scale,,,0-0;1-3;2-4,0-0;1-3;2-4,0-0;1-3;2-4,2-4|1-3|0-0|NULL,2-4|1-3|0-0|NULL,3,4,4,2,8,32,1,1,1,0,0.0,15,1
TRAJ-MICRO-V1,12101,47,zero_scale,,,0-3;1-2;2-4,0-3;1-2;2-4,0-3;1-2;2-4,2-4|1-2|0-3|NULL,2-4|1-2|0-3|NULL,3,4,4,2,8,32,1,1,1,0,0.0,15,1
TRAJ-MICRO-V1,12101,48,configured_scale,,,0-4;1-2;2-0,0-4;1-2;2-0,0-4;1-2;2-0,2-0|1-2|0-4|NULL,2-0|1-2|0-4|NULL,3,4,4,2,8,32,1,1,1,0,0.0,15,1
TRAJ-MICRO-V1,12101,48,zero_scale,,,0-3;1-2;2-4,0-3;1-2;2-4,0-3;1-2;2-4,2-4|1-2|0-3|NULL,2-4|1-2|0-3|NULL,3,4,4,2,8,32,1,1,1,0,0.0,15,1
TRAJ-MICRO-V1,12101,49,configured_scale,,,0-1;1-0;2-4,0-1;1-0;2-4,0-1;1-0;2-4,2-4|1-0|0-1|NULL,2-4|1-0|0-1|NULL,3,4,4,2,8,32,1,1,1,0,0.0,15,1
TRAJ-MICRO-V1,12101,49,zero_scale,,,0-1;1-3;2-4,0-1;1-3;2-4,0-1;1-3;2-4,2-4|1-3|0-1|NULL,2-4|1-3|0-1|NULL,3,4,4,2,8,32,1,1,1,0,0.0,15,1
TRAJ-MICRO-V1,12101,50,configured_scale,,,0-4;1-3;2-1,0-4;1-3;2-1,0-4;1-3;2-1,2-1|1-3|0-4|NULL,2-1|1-3|0-4|NULL,3,4,4,2,8,32,1,1,1,0,0.0,15,1
TRAJ-MICRO-V1,12101,50,zero_scale,,,0-3;1-2;2-4,0-3;1-2;2-4,0-3;1-2;2-4,2-4|1-2|0-3|NULL,2-4|1-2|0-3|NULL,3,4,4,2,8,32,1,1,1,0,0.0,15,1
TRAJ-MICRO-V1,12101,51,configured_scale,,,0-3;1-2;2-0,0-3;1-2;2-0,0-3;1-2;2-0,2-0|1-2|0-3|NULL,2-0|1-2|0-3|NULL,3,4,4,2,8,32,1,1,1,0,0.0,15,1
TRAJ-MICRO-V1,12101,51,zero_scale,,,0-1;1-2;2-0,0-1;1-2;2-0,0-1;1-2;2-0,2-0|1-2|0-1|NULL,2-0|1-2|0-1|NULL,3,4,4,2,8,32,1,1,1,0,0.0,15,1
TRAJ-MICRO-V1,12101,52,configured_scale,,,0-1;1-0;2-2,0-1;1-0;2-2,0-1;1-0;2-2,2-2|1-0|0-1|NULL,2-2|1-0|0-1|NULL,3,4,4,2,8,32,1,1,1,0,0.0,15,1
TRAJ-MICRO-V1,12101,52,zero_scale,,,0-1;1-3;2-2,0-1;1-3;2-2,0-1;1-3;2-2,2-2|1-3|0-1|NULL,2-2|1-3|0-1|NULL,3,4,4,2,8,32,1,1,1,0,0.0,15,1
TRAJ-MICRO-V1,12101,53,configured_scale,,,0-1;1-3;2-4,0-1;1-3;2-4,0-1;1-3;2-4,2-4|0-1|1-3|NULL,2-4|0-1|1-3|NULL,3,4,4,2,8,32,1,1,1,0,0.0,15,1
TRAJ-MICRO-V1,12101,53,zero_scale,,,0-0;1-2;2-4,0-0;1-2;2-4,0-0;1-2;2-4,2-4|1-2|0-0|NULL,2-4|1-2|0-0|NULL,3,4,4,2,8,32,1,1,1,0,0.0,15,1
TRAJ-MICRO-V1,12101,54,configured_scale,,,0-2;1-4;2-3,0-2;1-4;2-3,0-2;1-4;2-3,2-3|0-2|1-4|NULL,2-3|0-2|1-4|NULL,3,4,4,2,8,32,1,1,1,0,0.0,15,1
TRAJ-MICRO-V1,12101,54,zero_scale,,,0-2;1-1;2-3,0-2;1-1;2-3,0-2;1-1;2-3,2-3|0-2|1-1|NULL,2-3|0-2|1-1|NULL,3,4,4,2,8,32,1,1,1,0,0.0,15,1
TRAJ-MICRO-V1,12101,55,configured_scale,,,0-1;1-3;2-2,0-1;1-3;2-2,0-1;1-3;2-2,2-2|1-3|0-1|NULL,2-2|1-3|0-1|NULL,3,4,4,2,8,32,1,1,1,0,0.0,15,1
TRAJ-MICRO-V1,12101,55,zero_scale,,,0-1;1-3;2-2,0-1;1-3;2-2,0-1;1-3;2-2,2-2|1-3|0-1|NULL,2-2|1-3|0-1|NULL,3,4,4,2,8,32,1,1,1,0,0.0,15,1
TRAJ-MICRO-V1,12101,56,configured_scale,,,0-1;1-2;2-4,0-1;1-2;2-4,0-1;1-2;2-4,2-4|1-2|0-1|NULL,2-4|1-2|0-1|NULL,3,4,4,2,8,32,1,1,1,0,0.0,15,1
TRAJ-MICRO-V1,12101,56,zero_scale,,,0-0;1-2;2-4,0-0;1-2;2-4,0-0;1-2;2-4,2-4|1-2|0-0|NULL,2-4|1-2|0-0|NULL,3,4,4,2,8,32,1,1,1,0,0.0,15,1
TRAJ-MICRO-V1,12101,57,configured_scale,,,0-2;1-1;2-4,0-2;1-1;2-4,0-2;1-1;2-4,2-4|1-1|0-2|NULL,2-4|1-1|0-2|NULL,3,4,4,2,8,32,1,1,1,0,0.0,15,1
TRAJ-MICRO-V1,12101,57,zero_scale,,,0-2;1-1;2-4,0-2;1-1;2-4,0-2;1-1;2-4,2-4|1-1|0-2|NULL,2-4|1-1|0-2|NULL,3,4,4,2,8,32,1,1,1,0,0.0,15,1
TRAJ-MICRO-V1,12101,58,configured_scale,,,0-1;1-3;2-4,0-1;1-3;2-4,0-1;1-3;2-4,2-4|0-1|1-3|NULL,2-4|0-1|1-3|NULL,3,4,4,2,8,32,1,1,1,0,0.0,15,1
TRAJ-MICRO-V1,12101,58,zero_scale,,,0-1;1-3;2-4,0-1;1-3;2-4,0-1;1-3;2-4,2-4|1-3|0-1|NULL,2-4|1-3|0-1|NULL,3,4,4,2,8,32,1,1,1,0,0.0,15,1
TRAJ-MICRO-V1,12101,59,configured_scale,,,0-0;1-3;2-4,0-0;1-3;2-4,0-0;1-3;2-4,2-4|1-3|0-0|NULL,2-4|1-3|0-0|NULL,3,4,4,2,8,32,1,1,1,0,0.0,15,1
TRAJ-MICRO-V1,12101,59,zero_scale,,,0-0;1-2;2-4,0-0;1-2;2-4,0-0;1-2;2-4,2-4|1-2|0-0|NULL,2-4|1-2|0-0|NULL,3,4,4,2,8,32,1,1,1,0,0.0,15,1
TRAJ-MICRO-V1,12101,60,configured_scale,,,0-0;1-3;2-4,0-0;1-3;2-4,0-0;1-3;2-4,2-4|1-3|0-0|NULL,2-4|1-3|0-0|NULL,3,4,4,2,8,32,1,1,1,0,0.0,15,1
TRAJ-MICRO-V1,12101,60,zero_scale,,,0-1;1-4;2-3,0-1;1-4;2-3,0-1;1-4;2-3,2-3|1-4|0-1|NULL,2-3|1-4|0-1|NULL,3,4,4,2,8,32,1,1,1,0,0.0,15,1
TRAJ-MICRO-V1,12101,61,configured_scale,,,0-0;1-3;2-4,0-0;1-3;2-4,0-0;1-3;2-4,1-3|2-4|0-0|NULL,1-3|2-4|0-0|NULL,3,4,4,2,8,32,1,1,1,0,0.0,15,1
TRAJ-MICRO-V1,12101,61,zero_scale,,,0-1;1-3;2-4,0-1;1-3;2-4,0-1;1-3;2-4,1-3|2-4|0-1|NULL,1-3|2-4|0-1|NULL,3,4,4,2,8,32,1,1,1,0,0.0,15,1
TRAJ-MICRO-V1,12101,62,configured_scale,,,0-0;1-2;2-4,0-0;1-2;2-4,0-0;1-2;2-4,2-4|1-2|0-0|NULL,2-4|1-2|0-0|NULL,3,4,4,2,8,32,1,1,1,0,0.0,15,1
TRAJ-MICRO-V1,12101,62,zero_scale,,,0-0;1-2;2-4,0-0;1-2;2-4,0-0;1-2;2-4,1-2|2-4|0-0|NULL,1-2|2-4|0-0|NULL,3,4,4,2,8,32,1,1,1,0,0.0,15,1
TRAJ-MICRO-V1,12101,63,configured_scale,,,0-2;1-4;2-0,0-2;1-4;2-0,0-2;1-4;2-0,1-4|2-0|0-2|NULL,1-4|2-0|0-2|NULL,3,4,4,2,8,32,1,1,1,0,0.0,15,1
TRAJ-MICRO-V1,12101,63,zero_scale,,,0-2;1-4;2-0,0-2;1-4;2-0,0-2;1-4;2-0,1-4|2-0|0-2|NULL,1-4|2-0|0-2|NULL,3,4,4,2,8,32,1,1,1,0,0.0,15,1
TRAJ-MICRO-V1,12101,64,configured_scale,,,0-0;1-3;2-4,0-0;1-3;2-4,0-0;1-3;2-4,1-3|2-4|0-0|NULL,1-3|2-4|0-0|NULL,3,4,4,2,8,32,1,1,1,0,0.0,15,1
TRAJ-MICRO-V1,12101,64,zero_scale,,,0-1;1-3;2-4,0-1;1-3;2-4,0-1;1-3;2-4,1-3|0-1|2-4|NULL,1-3|0-1|2-4|NULL,3,4,4,2,8,32,1,1,1,0,0.0,15,1
TRAJ-MICRO-V1,12101,65,configured_scale,,,0-0;1-2;2-4,0-0;1-2;2-4,0-0;1-2;2-4,1-2|2-4|0-0|NULL,1-2|2-4|0-0|NULL,3,4,4,2,8,32,1,1,1,0,0.0,15,1
TRAJ-MICRO-V1,12101,65,zero_scale,,,0-0;1-2;2-4,0-0;1-2;2-4,0-0;1-2;2-4,1-2|2-4|0-0|NULL,1-2|2-4|0-0|NULL,3,4,4,2,8,32,1,1,1,0,0.0,15,1
TRAJ-MICRO-V1,12101,66,configured_scale,,,0-2;1-4;2-0,0-2;1-4;2-0,0-2;1-4;2-0,1-4|2-0|0-2|NULL,1-4|2-0|0-2|NULL,3,4,4,2,8,32,1,1,1,0,0.0,15,1
TRAJ-MICRO-V1,12101,66,zero_scale,,,0-0;1-4;2-3,0-0;1-4;2-3,0-0;1-4;2-3,1-4|2-3|0-0|NULL,1-4|2-3|0-0|NULL,3,4,4,2,8,32,1,1,1,0,0.0,15,1
TRAJ-MICRO-V1,12101,67,configured_scale,,,0-0;1-3;2-4,0-0;1-3;2-4,0-0;1-3;2-4,1-3|2-4|0-0|NULL,1-3|2-4|0-0|NULL,3,4,4,2,8,32,1,1,1,0,0.0,15,1
TRAJ-MICRO-V1,12101,67,zero_scale,,,0-1;1-3;2-4,0-1;1-3;2-4,0-1;1-3;2-4,1-3|0-1|2-4|NULL,1-3|0-1|2-4|NULL,3,4,4,2,8,32,1,1,1,0,0.0,15,1
TRAJ-MICRO-V1,12101,68,configured_scale,,,0-0;1-2;2-4,0-0;1-2;2-4,0-0;1-2;2-4,0-0|2-4|1-2|NULL,0-0|2-4|1-2|NULL,3,4,4,2,8,32,1,1,1,0,0.0,15,1
TRAJ-MICRO-V1,12101,68,zero_scale,,,0-0;1-2;2-4,0-0;1-2;2-4,0-0;1-2;2-4,0-0|2-4|1-2|NULL,0-0|2-4|1-2|NULL,3,4,4,2,8,32,1,1,1,0,0.0,15,1
TRAJ-MICRO-V1,12101,69,configured_scale,,,0-0;1-1;2-4,0-0;1-1;2-4,0-0;1-1;2-4,0-0|2-4|1-1|NULL,0-0|2-4|1-1|NULL,3,4,4,2,8,32,1,1,1,0,0.0,15,1
TRAJ-MICRO-V1,12101,69,zero_scale,,,0-0;1-1;2-4,0-0;1-1;2-4,0-0;1-1;2-4,0-0|1-1|2-4|NULL,0-0|1-1|2-4|NULL,3,4,4,2,8,32,1,1,1,0,0.0,15,1
TRAJ-MICRO-V1,12101,70,configured_scale,,,0-4;1-0;2-2,0-4;1-0;2-2,0-4;1-0;2-2,0-4|1-0|2-2|NULL,0-4|1-0|2-2|NULL,3,4,4,2,8,32,1,1,1,0,0.0,15,1
TRAJ-MICRO-V1,12101,70,zero_scale,,,0-1;1-0;2-4,0-1;1-0;2-4,0-1;1-0;2-4,0-1|1-0|2-4|NULL,0-1|1-0|2-4|NULL,3,4,4,2,8,32,1,1,1,0,0.0,15,1
TRAJ-MICRO-V1,12101,71,configured_scale,,,0-3;1-2;2-4,0-3;1-2;2-4,0-3;1-2;2-4,0-3|1-2|2-4|NULL,0-3|1-2|2-4|NULL,3,4,4,2,8,32,1,1,1,0,0.0,15,1
TRAJ-MICRO-V1,12101,71,zero_scale,,,0-0;1-2;2-4,0-0;1-2;2-4,0-0;1-2;2-4,0-0|1-2|2-4|NULL,0-0|1-2|2-4|NULL,3,4,4,2,8,32,1,1,1,0,0.0,15,1
TRAJ-MICRO-V1,12101,72,configured_scale,,,0-0;1-1;2-3,0-0;1-1;2-3,0-0;1-1;2-3,0-0|1-1|2-3|NULL,0-0|1-1|2-3|NULL,3,4,4,2,8,32,1,1,1,0,0.0,15,1
TRAJ-MICRO-V1,12101,72,zero_scale,,,0-0;1-1;2-3,0-0;1-1;2-3,0-0;1-1;2-3,0-0|1-1|2-3|NULL,0-0|1-1|2-3|NULL,3,4,4,2,8,32,1,1,1,0,0.0,15,1
TRAJ-MICRO-V1,12101,73,configured_scale,,,0-1;1-0;2-2,0-1;1-0;2-2,0-1;1-0;2-2,0-1|1-0|2-2|NULL,0-1|1-0|2-2|NULL,3,4,4,2,8,32,1,1,1,0,0.0,15,1
TRAJ-MICRO-V1,12101,73,zero_scale,,,0-1;1-0;2-2,0-1;1-0;2-2,0-1;1-0;2-2,0-1|1-0|2-2|NULL,0-1|1-0|2-2|NULL,3,4,4,2,8,32,1,1,1,0,0.0,15,1
TRAJ-MICRO-V1,12101,74,configured_scale,,,0-1;1-2;2-4,0-1;1-2;2-4,0-1;1-2;2-4,0-1|1-2|2-4|NULL,0-1|1-2|2-4|NULL,3,4,4,2,8,32,1,1,1,0,0.0,15,1
TRAJ-MICRO-V1,12101,74,zero_scale,,,0-1;1-2;2-4,0-1;1-2;2-4,0-1;1-2;2-4,0-1|1-2|2-4|NULL,0-1|1-2|2-4|NULL,3,4,4,2,8,32,1,1,1,0,0.0,15,1
TRAJ-MICRO-V1,12101,75,configured_scale,,,0-2;1-1;2-0,0-2;1-1;2-0,0-2;1-1;2-0,0-2|1-1|2-0|NULL,0-2|1-1|2-0|NULL,3,4,4,2,8,32,1,1,1,0,0.0,15,1
TRAJ-MICRO-V1,12101,75,zero_scale,,,0-2;1-1;2-3,0-2;1-1;2-3,0-2;1-1;2-3,0-2|1-1|2-3|NULL,0-2|1-1|2-3|NULL,3,4,4,2,8,32,1,1,1,0,0.0,15,1
TRAJ-MICRO-V1,12101,76,configured_scale,,,0-1;1-2;2-3,0-1;1-2;2-3,0-1;1-2;2-3,1-2|0-1|2-3|NULL,1-2|0-1|2-3|NULL,3,4,4,2,8,32,1,1,1,0,0.0,15,1
TRAJ-MICRO-V1,12101,76,zero_scale,,,0-1;1-2;2-4,0-1;1-2;2-4,0-1;1-2;2-4,0-1|1-2|2-4|NULL,0-1|1-2|2-4|NULL,3,4,4,2,8,32,1,1,1,0,0.0,15,1
TRAJ-MICRO-V1,12101,77,configured_scale,,,0-3;1-2;2-1,0-3;1-2;2-1,0-3;1-2;2-1,1-2|0-3|2-1|NULL,1-2|0-3|2-1|NULL,3,4,4,2,8,32,1,1,1,0,0.0,15,1
TRAJ-MICRO-V1,12101,77,zero_scale,,,0-3;1-2;2-1,0-3;1-2;2-1,0-3;1-2;2-1,1-2|0-3|2-1|NULL,1-2|0-3|2-1|NULL,3,4,4,2,8,32,1,1,1,0,0.0,15,1
TRAJ-MICRO-V1,12101,78,configured_scale,,,0-1;1-2;2-3,0-1;1-2;2-3,0-1;1-2;2-3,2-3|1-2|0-1|NULL,2-3|1-2|0-1|NULL,3,4,4,2,8,32,1,1,1,0,0.0,15,1
TRAJ-MICRO-V1,12101,78,zero_scale,,,0-1;1-2;2-3,0-1;1-2;2-3,0-1;1-2;2-3,2-3|1-2|0-1|NULL,2-3|1-2|0-1|NULL,3,4,4,2,8,32,1,1,1,0,0.0,15,1
TRAJ-MICRO-V1,12101,79,configured_scale,,,0-4;1-2;2-3,0-4;1-2;2-3,0-4;1-2;2-3,2-3|1-2|0-4|NULL,2-3|1-2|0-4|NULL,3,4,4,2,8,32,1,1,1,0,0.0,15,1
TRAJ-MICRO-V1,12101,79,zero_scale,,,0-1;1-3;2-2,0-1;1-3;2-2,0-1;1-3;2-2,1-3|0-1|2-2|NULL,1-3|0-1|2-2|NULL,3,4,4,2,8,32,1,1,1,0,0.0,15,1
TRAJ-MICRO-V1,12101,80,configured_scale,,,0-3;1-2;2-4,0-3;1-2;2-4,0-3;1-2;2-4,2-4|1-2|0-3|NULL,2-4|1-2|0-3|NULL,3,4,4,2,8,32,1,1,1,0,0.0,15,1
TRAJ-MICRO-V1,12101,80,zero_scale,,,0-3;1-2;2-4,0-3;1-2;2-4,0-3;1-2;2-4,1-2|2-4|0-3|NULL,1-2|2-4|0-3|NULL,3,4,4,2,8,32,1,1,1,0,0.0,15,1
TRAJ-MICRO-V1,12101,81,configured_scale,,,0-1;1-2;2-3,0-1;1-2;2-3,0-1;1-2;2-3,2-3|1-2|0-1|NULL,2-3|1-2|0-1|NULL,3,4,4,2,8,32,1,1,1,0,0.0,15,1
TRAJ-MICRO-V1,12101,81,zero_scale,,,0-1;1-2;2-3,0-1;1-2;2-3,0-1;1-2;2-3,2-3|0-1|1-2|NULL,2-3|0-1|1-2|NULL,3,4,4,2,8,32,1,1,1,0,0.0,15,1
TRAJ-MICRO-V1,12101,82,configured_scale,,,0-1;1-3;2-4,0-1;1-3;2-4,0-1;1-3;2-4,2-4|0-1|1-3|NULL,2-4|0-1|1-3|NULL,3,4,4,2,8,32,1,1,1,0,0.0,15,1
TRAJ-MICRO-V1,12101,82,zero_scale,,,0-1;1-3;2-4,0-1;1-3;2-4,0-1;1-3;2-4,0-1|2-4|1-3|NULL,0-1|2-4|1-3|NULL,3,4,4,2,8,32,1,1,1,0,0.0,15,1
TRAJ-MICRO-V1,12101,83,configured_scale,,,0-0;1-3;2-4,0-0;1-3;2-4,0-0;1-3;2-4,2-4|0-0|1-3|NULL,2-4|0-0|1-3|NULL,3,4,4,2,8,32,1,1,1,0,0.0,15,1
TRAJ-MICRO-V1,12101,83,zero_scale,,,0-0;1-2;2-4,0-0;1-2;2-4,0-0;1-2;2-4,2-4|0-0|1-2|NULL,2-4|0-0|1-2|NULL,3,4,4,2,8,32,1,1,1,0,0.0,15,1
TRAJ-MICRO-V1,12101,84,configured_scale,,,0-0;1-3;2-4,0-0;1-3;2-4,0-0;1-3;2-4,2-4|1-3|0-0|NULL,2-4|1-3|0-0|NULL,3,4,4,2,8,32,1,1,1,0,0.0,15,1
TRAJ-MICRO-V1,12101,84,zero_scale,,,0-2;1-3;2-4,0-2;1-3;2-4,0-2;1-3;2-4,2-4|0-2|1-3|NULL,2-4|0-2|1-3|NULL,3,4,4,2,8,32,1,1,1,0,0.0,15,1
TRAJ-MICRO-V1,12101,85,configured_scale,,,0-1;1-3;2-4,0-1;1-3;2-4,0-1;1-3;2-4,2-4|1-3|0-1|NULL,2-4|1-3|0-1|NULL,3,4,4,2,8,32,1,1,1,0,0.0,15,1
TRAJ-MICRO-V1,12101,85,zero_scale,,,0-1;1-3;2-4,0-1;1-3;2-4,0-1;1-3;2-4,2-4|1-3|0-1|NULL,2-4|1-3|0-1|NULL,3,4,4,2,8,32,1,1,1,0,0.0,15,1
TRAJ-MICRO-V1,12101,86,configured_scale,,,0-3;1-2;2-4,0-3;1-2;2-4,0-3;1-2;2-4,2-4|0-3|1-2|NULL,2-4|0-3|1-2|NULL,3,4,4,2,8,32,1,1,1,0,0.0,15,1
TRAJ-MICRO-V1,12101,86,zero_scale,,,0-3;1-2;2-4,0-3;1-2;2-4,0-3;1-2;2-4,2-4|0-3|1-2|NULL,2-4|0-3|1-2|NULL,3,4,4,2,8,32,1,1,1,0,0.0,15,1
TRAJ-MICRO-V1,12101,87,configured_scale,,,0-2;1-3;2-4,0-2;1-3;2-4,0-2;1-3;2-4,2-4|0-2|1-3|NULL,2-4|0-2|1-3|NULL,3,4,4,2,8,32,1,1,1,0,0.0,15,1
TRAJ-MICRO-V1,12101,87,zero_scale,,,0-2;1-3;2-4,0-2;1-3;2-4,0-2;1-3;2-4,2-4|1-3|0-2|NULL,2-4|1-3|0-2|NULL,3,4,4,2,8,32,1,1,1,0,0.0,15,1
TRAJ-MICRO-V1,12101,88,configured_scale,,,0-1;1-3;2-4,0-1;1-3;2-4,0-1;1-3;2-4,2-4|1-3|0-1|NULL,2-4|1-3|0-1|NULL,3,4,4,2,8,32,1,1,1,0,0.0,15,1
TRAJ-MICRO-V1,12101,88,zero_scale,,,0-1;1-3;2-4,0-1;1-3;2-4,0-1;1-3;2-4,2-4|1-3|0-1|NULL,2-4|1-3|0-1|NULL,3,4,4,2,8,32,1,1,1,0,0.0,15,1
TRAJ-MICRO-V1,12101,89,configured_scale,,,0-0;1-3;2-4,0-0;1-3;2-4,0-0;1-3;2-4,1-3|2-4|0-0|NULL,1-3|2-4|0-0|NULL,3,4,4,2,8,32,1,1,1,0,0.0,15,1
TRAJ-MICRO-V1,12101,89,zero_scale,,,0-3;1-2;2-4,0-3;1-2;2-4,0-3;1-2;2-4,0-3|2-4|1-2|NULL,0-3|2-4|1-2|NULL,3,4,4,2,8,32,1,1,1,0,0.0,15,1
TRAJ-MICRO-V1,12101,90,configured_scale,,,0-3;1-2;2-4,0-3;1-2;2-4,0-3;1-2;2-4,0-3|1-2|2-4|NULL,0-3|1-2|2-4|NULL,3,4,4,2,8,32,1,1,1,0,0.0,15,1
TRAJ-MICRO-V1,12101,90,zero_scale,,,0-2;1-3;2-4,0-2;1-3;2-4,0-2;1-3;2-4,0-2|1-3|2-4|NULL,0-2|1-3|2-4|NULL,3,4,4,2,8,32,1,1,1,0,0.0,15,1
TRAJ-MICRO-V1,12101,91,configured_scale,,,0-1;1-3;2-2,0-1;1-3;2-2,0-1;1-3;2-2,0-1|1-3|2-2|NULL,0-1|1-3|2-2|NULL,3,4,4,2,8,32,1,1,1,0,0.0,15,1
TRAJ-MICRO-V1,12101,91,zero_scale,,,0-1;1-3;2-2,0-1;1-3;2-2,0-1;1-3;2-2,0-1|1-3|2-2|NULL,0-1|1-3|2-2|NULL,3,4,4,2,8,32,1,1,1,0,0.0,15,1
TRAJ-MICRO-V1,12101,92,configured_scale,,,0-3;1-2;2-1,0-3;1-2;2-1,0-3;1-2;2-1,1-2|0-3|2-1|NULL,1-2|0-3|2-1|NULL,3,4,4,2,8,32,1,1,1,0,0.0,15,1
TRAJ-MICRO-V1,12101,92,zero_scale,,,0-3;1-2;2-1,0-3;1-2;2-1,0-3;1-2;2-1,1-2|0-3|2-1|NULL,1-2|0-3|2-1|NULL,3,4,4,2,8,32,1,1,1,0,0.0,15,1
TRAJ-MICRO-V1,12101,93,configured_scale,,,0-1;1-2;2-0,0-1;1-2;2-0,0-1;1-2;2-0,1-2|0-1|2-0|NULL,1-2|0-1|2-0|NULL,3,4,4,2,8,32,1,1,1,0,0.0,15,1
TRAJ-MICRO-V1,12101,93,zero_scale,,,0-2;1-1;2-3,0-2;1-1;2-3,0-2;1-1;2-3,0-2|1-1|2-3|NULL,0-2|1-1|2-3|NULL,3,4,4,2,8,32,1,1,1,0,0.0,15,1
TRAJ-MICRO-V1,12101,94,configured_scale,,,0-1;1-3;2-2,0-1;1-3;2-2,0-1;1-3;2-2,1-3|0-1|2-2|NULL,1-3|0-1|2-2|NULL,3,4,4,2,8,32,1,1,1,0,0.0,15,1
TRAJ-MICRO-V1,12101,94,zero_scale,,,0-1;1-3;2-2,0-1;1-3;2-2,0-1;1-3;2-2,1-3|0-1|2-2|NULL,1-3|0-1|2-2|NULL,3,4,4,2,8,32,1,1,1,0,0.0,15,1
TRAJ-MICRO-V1,12101,95,configured_scale,,,0-1;1-2;2-4,0-1;1-2;2-4,0-1;1-2;2-4,1-2|2-4|0-1|NULL,1-2|2-4|0-1|NULL,3,4,4,2,8,32,1,1,1,0,0.0,15,1
TRAJ-MICRO-V1,12101,95,zero_scale,,,0-1;1-2;2-4,0-1;1-2;2-4,0-1;1-2;2-4,1-2|2-4|0-1|NULL,1-2|2-4|0-1|NULL,3,4,4,2,8,32,1,1,1,0,0.0,15,1
TRAJ-MICRO-V1,12101,96,configured_scale,,,0-1;1-4;2-3,0-1;1-4;2-3,0-1;1-4;2-3,1-4|2-3|0-1|NULL,1-4|2-3|0-1|NULL,3,4,4,2,8,32,1,1,1,0,0.0,15,1
TRAJ-MICRO-V1,12101,96,zero_scale,,,0-1;1-4;2-3,0-1;1-4;2-3,0-1;1-4;2-3,1-4|2-3|0-1|NULL,1-4|2-3|0-1|NULL,3,4,4,2,8,32,1,1,1,0,0.0,15,1
TRAJ-MICRO-V1,12101,97,configured_scale,,,0-1;1-0;2-4,0-1;1-0;2-4,0-1;1-0;2-4,1-0|2-4|0-1|NULL,1-0|2-4|0-1|NULL,3,4,4,2,8,32,1,1,1,0,0.0,15,1
TRAJ-MICRO-V1,12101,97,zero_scale,,,0-1;1-3;2-4,0-1;1-3;2-4,0-1;1-3;2-4,1-3|2-4|0-1|NULL,1-3|2-4|0-1|NULL,3,4,4,2,8,32,1,1,1,0,0.0,15,1
TRAJ-MICRO-V1,12101,98,configured_scale,,,0-0;1-2;2-4,0-0;1-2;2-4,0-0;1-2;2-4,2-4|0-0|1-2|NULL,2-4|0-0|1-2|NULL,3,4,4,2,8,32,1,1,1,0,0.0,15,1
TRAJ-MICRO-V1,12101,98,zero_scale,,,0-0;1-2;2-4,0-0;1-2;2-4,0-0;1-2;2-4,2-4|1-2|0-0|NULL,2-4|1-2|0-0|NULL,3,4,4,2,8,32,1,1,1,0,0.0,15,1
TRAJ-MICRO-V1,12101,99,configured_scale,,,0-2;1-1;2-0,0-2;1-1;2-0,0-2;1-1;2-0,2-0|1-1|0-2|NULL,2-0|1-1|0-2|NULL,3,4,4,2,8,32,1,1,1,0,0.0,15,1
TRAJ-MICRO-V1,12101,99,zero_scale,,,0-0;1-1;2-4,0-0;1-1;2-4,0-0;1-1;2-4,1-1|2-4|0-0|NULL,1-1|2-4|0-0|NULL,3,4,4,2,8,32,1,1,1,0,0.0,15,1
TRAJ-MICRO-V1,12101,100,configured_scale,,,0-1;1-0;2-4,0-1;1-0;2-4,0-1;1-0;2-4,1-0|2-4|0-1|NULL,1-0|2-4|0-1|NULL,3,4,4,2,8,32,1,1,1,0,0.0,15,1
TRAJ-MICRO-V1,12101,100,zero_scale,,,0-1;1-0;2-4,0-1;1-0;2-4,0-1;1-0;2-4,1-0|0-1|2-4|NULL,1-0|0-1|2-4|NULL,3,4,4,2,8,32,1,1,1,0,0.0,15,1
TRAJ-MICRO-V1,12101,101,configured_scale,,,0-0;1-2;2-4,0-0;1-2;2-4,0-0;1-2;2-4,2-4|0-0|1-2|NULL,2-4|0-0|1-2|NULL,3,4,4,2,8,32,1,1,1,0,0.0,15,1
TRAJ-MICRO-V1,12101,101,zero_scale,,,0-0;1-2;2-4,0-0;1-2;2-4,0-0;1-2;2-4,0-0|2-4|1-2|NULL,0-0|2-4|1-2|NULL,3,4,4,2,8,32,1,1,1,0,0.0,15,1
TRAJ-MICRO-V1,12101,102,configured_scale,,,0-1;1-2;2-0,0-1;1-2;2-0,0-1;1-2;2-0,2-0|0-1|1-2|NULL,2-0|0-1|1-2|NULL,3,4,4,2,8,32,1,1,1,0,0.0,15,1
TRAJ-MICRO-V1,12101,102,zero_scale,,,0-1;1-2;2-0,0-1;1-2;2-0,0-1;1-2;2-0,2-0|0-1|1-2|NULL,2-0|0-1|1-2|NULL,3,4,4,2,8,32,1,1,1,0,0.0,15,1
TRAJ-MICRO-V1,12101,103,configured_scale,,,0-1;1-3;2-0,0-1;1-3;2-0,0-1;1-3;2-0,2-0|0-1|1-3|NULL,2-0|0-1|1-3|NULL,3,4,4,2,8,32,1,1,1,0,0.0,15,1
TRAJ-MICRO-V1,12101,103,zero_scale,,,0-1;1-0;2-2,0-1;1-0;2-2,0-1;1-0;2-2,1-0|0-1|2-2|NULL,1-0|0-1|2-2|NULL,3,4,4,2,8,32,1,1,1,0,0.0,15,1
TRAJ-MICRO-V1,12101,104,configured_scale,,,0-0;1-2;2-4,0-0;1-2;2-4,0-0;1-2;2-4,2-4|1-2|0-0|NULL,2-4|1-2|0-0|NULL,3,4,4,2,8,32,1,1,1,0,0.0,15,1
TRAJ-MICRO-V1,12101,104,zero_scale,,,0-0;1-2;2-1,0-0;1-2;2-1,0-0;1-2;2-1,1-2|2-1|0-0|NULL,1-2|2-1|0-0|NULL,3,4,4,2,8,32,1,1,1,0,0.0,15,1
TRAJ-MICRO-V1,12101,105,configured_scale,,,0-1;1-2;2-0,0-1;1-2;2-0,0-1;1-2;2-0,2-0|1-2|0-1|NULL,2-0|1-2|0-1|NULL,3,4,4,2,8,32,1,1,1,0,0.0,15,1
TRAJ-MICRO-V1,12101,105,zero_scale,,,0-2;1-1;2-0,0-2;1-1;2-0,0-2;1-1;2-0,2-0|1-1|0-2|NULL,2-0|1-1|0-2|NULL,3,4,4,2,8,32,1,1,1,0,0.0,15,1
TRAJ-MICRO-V1,12101,106,configured_scale,,,0-1;1-3;2-4,0-1;1-3;2-4,0-1;1-3;2-4,2-4|1-3|0-1|NULL,2-4|1-3|0-1|NULL,3,4,4,2,8,32,1,1,1,0,0.0,15,1
TRAJ-MICRO-V1,12101,106,zero_scale,,,0-1;1-3;2-2,0-1;1-3;2-2,0-1;1-3;2-2,2-2|1-3|0-1|NULL,2-2|1-3|0-1|NULL,3,4,4,2,8,32,1,1,1,0,0.0,15,1
TRAJ-MICRO-V1,12101,107,configured_scale,,,0-0;1-2;2-4,0-0;1-2;2-4,0-0;1-2;2-4,2-4|1-2|0-0|NULL,2-4|1-2|0-0|NULL,3,4,4,2,8,32,1,1,1,0,0.0,15,1
TRAJ-MICRO-V1,12101,107,zero_scale,,,0-0;1-2;2-4,0-0;1-2;2-4,0-0;1-2;2-4,2-4|1-2|0-0|NULL,2-4|1-2|0-0|NULL,3,4,4,2,8,32,1,1,1,0,0.0,15,1
TRAJ-MICRO-V1,12101,108,configured_scale,,,0-1;1-2;2-0,0-1;1-2;2-0,0-1;1-2;2-0,2-0|1-2|0-1|NULL,2-0|1-2|0-1|NULL,3,4,4,2,8,32,1,1,1,0,0.0,15,1
TRAJ-MICRO-V1,12101,108,zero_scale,,,0-1;1-2;2-0,0-1;1-2;2-0,0-1;1-2;2-0,2-0|1-2|0-1|NULL,2-0|1-2|0-1|NULL,3,4,4,2,8,32,1,1,1,0,0.0,15,1
TRAJ-MICRO-V1,12101,109,configured_scale,,,0-1;1-2;2-0,0-1;1-2;2-0,0-1;1-2;2-0,2-0|0-1|1-2|NULL,2-0|0-1|1-2|NULL,3,4,4,2,8,32,1,1,1,0,0.0,15,1
TRAJ-MICRO-V1,12101,109,zero_scale,,,0-1;1-0;2-2,0-1;1-0;2-2,0-1;1-0;2-2,0-1|2-2|1-0|NULL,0-1|2-2|1-0|NULL,3,4,4,2,8,32,1,1,1,0,0.0,15,1
TRAJ-MICRO-V1,12101,110,configured_scale,,,0-1;1-2;2-4,0-1;1-2;2-4,0-1;1-2;2-4,2-4|0-1|1-2|NULL,2-4|0-1|1-2|NULL,3,4,4,2,8,32,1,1,1,0,0.0,15,1
TRAJ-MICRO-V1,12101,110,zero_scale,,,0-0;1-2;2-1,0-0;1-2;2-1,0-0;1-2;2-1,2-1|1-2|0-0|NULL,2-1|1-2|0-0|NULL,3,4,4,2,8,32,1,1,1,0,0.0,15,1
TRAJ-MICRO-V1,12101,111,configured_scale,,,0-1;1-2;2-0,0-1;1-2;2-0,0-1;1-2;2-0,0-1|2-0|1-2|NULL,0-1|2-0|1-2|NULL,3,4,4,2,8,32,1,1,1,0,0.0,15,1
TRAJ-MICRO-V1,12101,111,zero_scale,,,0-1;1-2;2-0,0-1;1-2;2-0,0-1;1-2;2-0,0-1|2-0|1-2|NULL,0-1|2-0|1-2|NULL,3,4,4,2,8,32,1,1,1,0,0.0,15,1
TRAJ-MICRO-V1,12101,112,configured_scale,,,0-1;1-3;2-2,0-1;1-3;2-2,0-1;1-3;2-2,2-2|0-1|1-3|NULL,2-2|0-1|1-3|NULL,3,4,4,2,8,32,1,1,1,0,0.0,15,1
TRAJ-MICRO-V1,12101,112,zero_scale,,,0-1;1-3;2-2,0-1;1-3;2-2,0-1;1-3;2-2,0-1|2-2|1-3|NULL,0-1|2-2|1-3|NULL,3,4,4,2,8,32,1,1,1,0,0.0,15,1
TRAJ-MICRO-V1,12101,113,configured_scale,,,0-0;1-2;2-4,0-0;1-2;2-4,0-0;1-2;2-4,1-2|2-4|0-0|NULL,1-2|2-4|0-0|NULL,3,4,4,2,8,32,1,1,1,0,0.0,15,1
TRAJ-MICRO-V1,12101,113,zero_scale,,,0-0;1-2;2-4,0-0;1-2;2-4,0-0;1-2;2-4,1-2|2-4|0-0|NULL,1-2|2-4|0-0|NULL,3,4,4,2,8,32,1,1,1,0,0.0,15,1
TRAJ-MICRO-V1,12101,114,configured_scale,,,0-1;1-2;2-4,0-1;1-2;2-4,0-1;1-2;2-4,1-2|2-4|0-1|NULL,1-2|2-4|0-1|NULL,3,4,4,2,8,32,1,1,1,0,0.0,15,1
TRAJ-MICRO-V1,12101,114,zero_scale,,,0-1;1-2;2-3,0-1;1-2;2-3,0-1;1-2;2-3,2-3|1-2|0-1|NULL,2-3|1-2|0-1|NULL,3,4,4,2,8,32,1,1,1,0,0.0,15,1
TRAJ-MICRO-V1,12101,115,configured_scale,,,0-1;1-3;2-4,0-1;1-3;2-4,0-1;1-3;2-4,1-3|2-4|0-1|NULL,1-3|2-4|0-1|NULL,3,4,4,2,8,32,1,1,1,0,0.0,15,1
TRAJ-MICRO-V1,12101,115,zero_scale,,,0-1;1-3;2-4,0-1;1-3;2-4,0-1;1-3;2-4,2-4|1-3|0-1|NULL,2-4|1-3|0-1|NULL,3,4,4,2,8,32,1,1,1,0,0.0,15,1
TRAJ-MICRO-V1,12101,116,configured_scale,,,0-0;1-3;2-4,0-0;1-3;2-4,0-0;1-3;2-4,1-3|2-4|0-0|NULL,1-3|2-4|0-0|NULL,3,4,4,2,8,32,1,1,1,0,0.0,15,1
TRAJ-MICRO-V1,12101,116,zero_scale,,,0-3;1-2;2-4,0-3;1-2;2-4,0-3;1-2;2-4,2-4|1-2|0-3|NULL,2-4|1-2|0-3|NULL,3,4,4,2,8,32,1,1,1,0,0.0,15,1
TRAJ-MICRO-V1,12101,117,configured_scale,,,0-3;1-2;2-4,0-3;1-2;2-4,0-3;1-2;2-4,2-4|1-2|0-3|NULL,2-4|1-2|0-3|NULL,3,4,4,2,8,32,1,1,1,0,0.0,15,1
TRAJ-MICRO-V1,12101,117,zero_scale,,,0-2;1-3;2-4,0-2;1-3;2-4,0-2;1-3;2-4,1-3|2-4|0-2|NULL,1-3|2-4|0-2|NULL,3,4,4,2,8,32,1,1,1,0,0.0,15,1
TRAJ-MICRO-V1,12101,118,configured_scale,,,0-1;1-4;2-3,0-1;1-4;2-3,0-1;1-4;2-3,1-4|2-3|0-1|NULL,1-4|2-3|0-1|NULL,3,4,4,2,8,32,1,1,1,0,0.0,15,1
TRAJ-MICRO-V1,12101,118,zero_scale,,,0-1;1-3;2-4,0-1;1-3;2-4,0-1;1-3;2-4,1-3|2-4|0-1|NULL,1-3|2-4|0-1|NULL,3,4,4,2,8,32,1,1,1,0,0.0,15,1
TRAJ-MICRO-V1,12101,119,configured_scale,,,0-0;1-3;2-4,0-0;1-3;2-4,0-0;1-3;2-4,1-3|2-4|0-0|NULL,1-3|2-4|0-0|NULL,3,4,4,2,8,32,1,1,1,0,0.0,15,1
TRAJ-MICRO-V1,12101,119,zero_scale,,,0-3;1-2;2-4,0-3;1-2;2-4,0-3;1-2;2-4,1-2|2-4|0-3|NULL,1-2|2-4|0-3|NULL,3,4,4,2,8,32,1,1,1,0,0.0,15,1
TRAJ-MICRO-V1,12101,120,configured_scale,,,0-3;1-2;2-4,0-3;1-2;2-4,0-3;1-2;2-4,1-2|2-4|0-3|NULL,1-2|2-4|0-3|NULL,3,4,4,2,8,32,1,1,1,0,0.0,15,1
TRAJ-MICRO-V1,12101,120,zero_scale,,,0-2;1-4;2-3,0-2;1-4;2-3,0-2;1-4;2-3,1-4|2-3|0-2|NULL,1-4|2-3|0-2|NULL,3,4,4,2,8,32,1,1,1,0,0.0,15,1
TRAJ-MICRO-V1,12101,121,configured_scale,,,0-4;1-2;2-3,0-4;1-2;2-3,0-4;1-2;2-3,0-4|1-2|2-3|NULL,0-4|1-2|2-3|NULL,3,4,4,2,8,32,1,1,1,0,0.0,15,1
TRAJ-MICRO-V1,12101,121,zero_scale,,,0-4;1-3;2-2,0-4;1-3;2-2,0-4;1-3;2-2,0-4|1-3|2-2|NULL,0-4|1-3|2-2|NULL,3,4,4,2,8,32,1,1,1,0,0.0,15,1
TRAJ-MICRO-V1,12101,122,configured_scale,,,0-3;1-2;2-4,0-3;1-2;2-4,0-3;1-2;2-4,2-4|0-3|1-2|NULL,2-4|0-3|1-2|NULL,3,4,4,2,8,32,1,1,1,0,0.0,15,1
TRAJ-MICRO-V1,12101,122,zero_scale,,,0-3;1-2;2-4,0-3;1-2;2-4,0-3;1-2;2-4,2-4|1-2|0-3|NULL,2-4|1-2|0-3|NULL,3,4,4,2,8,32,1,1,1,0,0.0,15,1
TRAJ-MICRO-V1,12101,123,configured_scale,,,0-4;1-2;2-3,0-4;1-2;2-3,0-4;1-2;2-3,0-4|1-2|2-3|NULL,0-4|1-2|2-3|NULL,3,4,4,2,8,32,1,1,1,0,0.0,15,1
TRAJ-MICRO-V1,12101,123,zero_scale,,,0-4;1-3;2-2,0-4;1-3;2-2,0-4;1-3;2-2,0-4|1-3|2-2|NULL,0-4|1-3|2-2|NULL,3,4,4,2,8,32,1,1,1,0,0.0,15,1
TRAJ-MICRO-V1,12101,124,configured_scale,,,0-4;1-2;2-3,0-4;1-2;2-3,0-4;1-2;2-3,0-4|2-3|1-2|NULL,0-4|2-3|1-2|NULL,3,4,4,2,8,32,1,1,1,0,0.0,15,1
TRAJ-MICRO-V1,12101,124,zero_scale,,,0-4;1-3;2-2,0-4;1-3;2-2,0-4;1-3;2-2,0-4|1-3|2-2|NULL,0-4|1-3|2-2|NULL,3,4,4,2,8,32,1,1,1,0,0.0,15,1
TRAJ-MICRO-V1,12101,125,configured_scale,,,0-3;1-2;2-4,0-3;1-2;2-4,0-3;1-2;2-4,2-4|0-3|1-2|NULL,2-4|0-3|1-2|NULL,3,4,4,2,8,32,1,1,1,0,0.0,15,1
TRAJ-MICRO-V1,12101,125,zero_scale,,,0-3;1-2;2-4,0-3;1-2;2-4,0-3;1-2;2-4,2-4|0-3|1-2|NULL,2-4|0-3|1-2|NULL,3,4,4,2,8,32,1,1,1,0,0.0,15,1
TRAJ-MICRO-V1,12101,126,configured_scale,,,0-2;1-4;2-3,0-2;1-4;2-3,0-2;1-4;2-3,2-3|0-2|1-4|NULL,2-3|0-2|1-4|NULL,3,4,4,2,8,32,1,1,1,0,0.0,15,1
TRAJ-MICRO-V1,12101,126,zero_scale,,,0-2;1-4;2-3,0-2;1-4;2-3,0-2;1-4;2-3,2-3|0-2|1-4|NULL,2-3|0-2|1-4|NULL,3,4,4,2,8,32,1,1,1,0,0.0,15,1
TRAJ-MICRO-V1,12101,127,configured_scale,,,0-1;1-3;2-4,0-1;1-3;2-4,0-1;1-3;2-4,2-4|1-3|0-1|NULL,2-4|1-3|0-1|NULL,3,4,4,2,8,32,1,1,1,0,0.0,15,1
TRAJ-MICRO-V1,12101,127,zero_scale,,,0-1;1-3;2-4,0-1;1-3;2-4,0-1;1-3;2-4,2-4|1-3|0-1|NULL,2-4|1-3|0-1|NULL,3,4,4,2,8,32,1,1,1,0,0.0,15,1
TRAJ-MICRO-V1,12101,128,configured_scale,,,0-3;1-2;2-4,0-3;1-2;2-4,0-3;1-2;2-4,2-4|0-3|1-2|NULL,2-4|0-3|1-2|NULL,3,4,4,2,8,32,1,1,1,0,0.0,15,1
TRAJ-MICRO-V1,12101,128,zero_scale,,,0-0;1-2;2-4,0-0;1-2;2-4,0-0;1-2;2-4,2-4|0-0|1-2|NULL,2-4|0-0|1-2|NULL,3,4,4,2,8,32,1,1,1,0,0.0,15,1
TRAJ-MICRO-V1,12101,129,configured_scale,,,0-2;1-1;2-3,0-2;1-1;2-3,0-2;1-1;2-3,0-2|2-3|1-1|NULL,0-2|2-3|1-1|NULL,3,4,4,2,8,32,1,1,1,0,0.0,15,1
TRAJ-MICRO-V1,12101,129,zero_scale,,,0-2;1-1;2-3,0-2;1-1;2-3,0-2;1-1;2-3,0-2|1-1|2-3|NULL,0-2|1-1|2-3|NULL,3,4,4,2,8,32,1,1,1,0,0.0,15,1
TRAJ-MICRO-V1,12101,130,configured_scale,,,0-1;1-2;2-4,0-1;1-2;2-4,0-1;1-2;2-4,0-1|1-2|2-4|NULL,0-1|1-2|2-4|NULL,3,4,4,2,8,32,1,1,1,0,0.0,15,1
TRAJ-MICRO-V1,12101,130,zero_scale,,,0-1;1-2;2-4,0-1;1-2;2-4,0-1;1-2;2-4,0-1|1-2|2-4|NULL,0-1|1-2|2-4|NULL,3,4,4,2,8,32,1,1,1,0,0.0,15,1
TRAJ-MICRO-V1,12101,131,configured_scale,,,0-1;1-2;2-4,0-1;1-2;2-4,0-1;1-2;2-4,0-1|1-2|2-4|NULL,0-1|1-2|2-4|NULL,3,4,4,2,8,32,1,1,1,0,0.0,15,1
TRAJ-MICRO-V1,12101,131,zero_scale,,,0-0;1-2;2-1,0-0;1-2;2-1,0-0;1-2;2-1,0-0|1-2|2-1|NULL,0-0|1-2|2-1|NULL,3,4,4,2,8,32,1,1,1,0,0.0,15,1
TRAJ-MICRO-V1,12101,132,configured_scale,,,0-1;1-2;2-0,0-1;1-2;2-0,0-1;1-2;2-0,0-1|1-2|2-0|NULL,0-1|1-2|2-0|NULL,3,4,4,2,8,32,1,1,1,0,0.0,15,1
TRAJ-MICRO-V1,12101,132,zero_scale,,,0-1;1-2;2-0,0-1;1-2;2-0,0-1;1-2;2-0,0-1|1-2|2-0|NULL,0-1|1-2|2-0|NULL,3,4,4,2,8,32,1,1,1,0,0.0,15,1
TRAJ-MICRO-V1,12101,133,configured_scale,,,0-1;1-2;2-4,0-1;1-2;2-4,0-1;1-2;2-4,0-1|1-2|2-4|NULL,0-1|1-2|2-4|NULL,3,4,4,2,8,32,1,1,1,0,0.0,15,1
TRAJ-MICRO-V1,12101,133,zero_scale,,,0-1;1-2;2-4,0-1;1-2;2-4,0-1;1-2;2-4,0-1|1-2|2-4|NULL,0-1|1-2|2-4|NULL,3,4,4,2,8,32,1,1,1,0,0.0,15,1
TRAJ-MICRO-V1,12101,134,configured_scale,,,0-1;1-2;2-4,0-1;1-2;2-4,0-1;1-2;2-4,1-2|0-1|2-4|NULL,1-2|0-1|2-4|NULL,3,4,4,2,8,32,1,1,1,0,0.0,15,1
TRAJ-MICRO-V1,12101,134,zero_scale,,,0-0;1-2;2-1,0-0;1-2;2-1,0-0;1-2;2-1,0-0|1-2|2-1|NULL,0-0|1-2|2-1|NULL,3,4,4,2,8,32,1,1,1,0,0.0,15,1
TRAJ-MICRO-V1,12101,135,configured_scale,,,0-0;1-2;2-3,0-0;1-2;2-3,0-0;1-2;2-3,0-0|1-2|2-3|NULL,0-0|1-2|2-3|NULL,3,4,4,2,8,32,1,1,1,0,0.0,15,1
TRAJ-MICRO-V1,12101,135,zero_scale,,,0-2;1-1;2-0,0-2;1-1;2-0,0-2;1-1;2-0,0-2|1-1|2-0|NULL,0-2|1-1|2-0|NULL,3,4,4,2,8,32,1,1,1,0,0.0,15,1
TRAJ-MICRO-V1,12101,136,configured_scale,,,0-0;1-3;2-2,0-0;1-3;2-2,0-0;1-3;2-2,1-3|0-0|2-2|NULL,1-3|0-0|2-2|NULL,3,4,4,2,8,32,1,1,1,0,0.0,15,1
TRAJ-MICRO-V1,12101,136,zero_scale,,,0-1;1-3;2-2,0-1;1-3;2-2,0-1;1-3;2-2,0-1|1-3|2-2|NULL,0-1|1-3|2-2|NULL,3,4,4,2,8,32,1,1,1,0,0.0,15,1
TRAJ-MICRO-V1,12101,137,configured_scale,,,0-0;1-2;2-1,0-0;1-2;2-1,0-0;1-2;2-1,1-2|0-0|2-1|NULL,1-2|0-0|2-1|NULL,3,4,4,2,8,32,1,1,1,0,0.0,15,1
TRAJ-MICRO-V1,12101,137,zero_scale,,,0-0;1-2;2-1,0-0;1-2;2-1,0-0;1-2;2-1,0-0|1-2|2-1|NULL,0-0|1-2|2-1|NULL,3,4,4,2,8,32,1,1,1,0,0.0,15,1
TRAJ-MICRO-V1,12101,138,configured_scale,,,0-0;1-1;2-3,0-0;1-1;2-3,0-0;1-1;2-3,0-0|1-1|2-3|NULL,0-0|1-1|2-3|NULL,3,4,4,2,8,32,1,1,1,0,0.0,15,1
TRAJ-MICRO-V1,12101,138,zero_scale,,,0-1;1-0;2-3,0-1;1-0;2-3,0-1;1-0;2-3,0-1|1-0|2-3|NULL,0-1|1-0|2-3|NULL,3,4,4,2,8,32,1,1,1,0,0.0,15,1
TRAJ-MICRO-V1,12101,139,configured_scale,,,0-1;1-0;2-2,0-1;1-0;2-2,0-1;1-0;2-2,0-1|1-0|2-2|NULL,0-1|1-0|2-2|NULL,3,4,4,2,8,32,1,1,1,0,0.0,15,1
TRAJ-MICRO-V1,12101,139,zero_scale,,,0-1;1-0;2-2,0-1;1-0;2-2,0-1;1-0;2-2,0-1|1-0|2-2|NULL,0-1|1-0|2-2|NULL,3,4,4,2,8,32,1,1,1,0,0.0,15,1
TRAJ-MICRO-V1,12101,140,configured_scale,,,0-1;1-0;2-4,0-1;1-0;2-4,0-1;1-0;2-4,0-1|1-0|2-4|NULL,0-1|1-0|2-4|NULL,3,4,4,2,8,32,1,1,1,0,0.0,15,1
TRAJ-MICRO-V1,12101,140,zero_scale,,,0-0;1-2;2-1,0-0;1-2;2-1,0-0;1-2;2-1,0-0|1-2|2-1|NULL,0-0|1-2|2-1|NULL,3,4,4,2,8,32,1,1,1,0,0.0,15,1
TRAJ-MICRO-V1,12101,141,configured_scale,,,0-0;1-1;2-3,0-0;1-1;2-3,0-0;1-1;2-3,0-0|1-1|2-3|NULL,0-0|1-1|2-3|NULL,3,4,4,2,8,32,1,1,1,0,0.0,15,1
TRAJ-MICRO-V1,12101,141,zero_scale,,,0-0;1-1;2-3,0-0;1-1;2-3,0-0;1-1;2-3,0-0|1-1|2-3|NULL,0-0|1-1|2-3|NULL,3,4,4,2,8,32,1,1,1,0,0.0,15,1
TRAJ-MICRO-V1,12101,142,configured_scale,,,0-0;1-3;2-4,0-0;1-3;2-4,0-0;1-3;2-4,0-0|1-3|2-4|NULL,0-0|1-3|2-4|NULL,3,4,4,2,8,32,1,1,1,0,0.0,15,1
TRAJ-MICRO-V1,12101,142,zero_scale,,,0-0;1-3;2-4,0-0;1-3;2-4,0-0;1-3;2-4,0-0|1-3|2-4|NULL,0-0|1-3|2-4|NULL,3,4,4,2,8,32,1,1,1,0,0.0,15,1
TRAJ-MICRO-V1,12101,143,configured_scale,,,0-0;1-2;2-4,0-0;1-2;2-4,0-0;1-2;2-4,0-0|2-4|1-2|NULL,0-0|2-4|1-2|NULL,3,4,4,2,8,32,1,1,1,0,0.0,15,1
TRAJ-MICRO-V1,12101,143,zero_scale,,,0-0;1-2;2-4,0-0;1-2;2-4,0-0;1-2;2-4,0-0|2-4|1-2|NULL,0-0|2-4|1-2|NULL,3,4,4,2,8,32,1,1,1,0,0.0,15,1
TRAJ-MICRO-V1,12101,144,configured_scale,,,0-0;1-1;2-4,0-0;1-1;2-4,0-0;1-1;2-4,0-0|2-4|1-1|NULL,0-0|2-4|1-1|NULL,3,4,4,2,8,32,1,1,1,0,0.0,15,1
TRAJ-MICRO-V1,12101,144,zero_scale,,,0-0;1-1;2-4,0-0;1-1;2-4,0-0;1-1;2-4,0-0|1-1|2-4|NULL,0-0|1-1|2-4|NULL,3,4,4,2,8,32,1,1,1,0,0.0,15,1
TRAJ-MICRO-V1,12101,145,configured_scale,,,0-0;1-3;2-4,0-0;1-3;2-4,0-0;1-3;2-4,0-0|2-4|1-3|NULL,0-0|2-4|1-3|NULL,3,4,4,2,8,32,1,1,1,0,0.0,15,1
TRAJ-MICRO-V1,12101,145,zero_scale,,,0-1;1-3;2-4,0-1;1-3;2-4,0-1;1-3;2-4,0-1|2-4|1-3|NULL,0-1|2-4|1-3|NULL,3,4,4,2,8,32,1,1,1,0,0.0,15,1
TRAJ-MICRO-V1,12101,146,configured_scale,,,0-0;1-3;2-4,0-0;1-3;2-4,0-0;1-3;2-4,2-4|0-0|1-3|NULL,2-4|0-0|1-3|NULL,3,4,4,2,8,32,1,1,1,0,0.0,15,1
TRAJ-MICRO-V1,12101,146,zero_scale,,,0-0;1-2;2-4,0-0;1-2;2-4,0-0;1-2;2-4,0-0|2-4|1-2|NULL,0-0|2-4|1-2|NULL,3,4,4,2,8,32,1,1,1,0,0.0,15,1
TRAJ-MICRO-V1,12101,147,configured_scale,,,0-1;1-4;2-3,0-1;1-4;2-3,0-1;1-4;2-3,1-4|0-1|2-3|NULL,1-4|0-1|2-3|NULL,3,4,4,2,8,32,1,1,1,0,0.0,15,1
TRAJ-MICRO-V1,12101,147,zero_scale,,,0-1;1-4;2-3,0-1;1-4;2-3,0-1;1-4;2-3,1-4|0-1|2-3|NULL,1-4|0-1|2-3|NULL,3,4,4,2,8,32,1,1,1,0,0.0,15,1
TRAJ-MICRO-V1,12101,148,configured_scale,,,0-1;1-3;2-2,0-1;1-3;2-2,0-1;1-3;2-2,1-3|0-1|2-2|NULL,1-3|0-1|2-2|NULL,3,4,4,2,8,32,1,1,1,0,0.0,15,1
TRAJ-MICRO-V1,12101,148,zero_scale,,,0-1;1-3;2-2,0-1;1-3;2-2,0-1;1-3;2-2,1-3|0-1|2-2|NULL,1-3|0-1|2-2|NULL,3,4,4,2,8,32,1,1,1,0,0.0,15,1
TRAJ-MICRO-V1,12101,149,configured_scale,,,0-3;1-2;2-1,0-3;1-2;2-1,0-3;1-2;2-1,1-2|2-1|0-3|NULL,1-2|2-1|0-3|NULL,3,4,4,2,8,32,1,1,1,0,0.0,15,1
TRAJ-MICRO-V1,12101,149,zero_scale,,,0-3;1-2;2-1,0-3;1-2;2-1,0-3;1-2;2-1,1-2|2-1|0-3|NULL,1-2|2-1|0-3|NULL,3,4,4,2,8,32,1,1,1,0,0.0,15,1
TRAJ-MICRO-V1,12101,150,configured_scale,,,0-1;1-2;2-0,0-1;1-2;2-0,0-1;1-2;2-0,1-2|2-0|0-1|NULL,1-2|2-0|0-1|NULL,3,4,4,2,8,32,1,1,1,0,0.0,15,1
TRAJ-MICRO-V1,12101,150,zero_scale,,,0-1;1-2;2-3,0-1;1-2;2-3,0-1;1-2;2-3,1-2|2-3|0-1|NULL,1-2|2-3|0-1|NULL,3,4,4,2,8,32,1,1,1,0,0.0,15,1
TRAJ-MICRO-V1,12101,151,configured_scale,,,0-1;1-2;2-3,0-1;1-2;2-3,0-1;1-2;2-3,1-2|2-3|0-1|NULL,1-2|2-3|0-1|NULL,3,4,4,2,8,32,1,1,1,0,0.0,15,1
TRAJ-MICRO-V1,12101,151,zero_scale,,,0-1;1-2;2-3,0-1;1-2;2-3,0-1;1-2;2-3,1-2|0-1|2-3|NULL,1-2|0-1|2-3|NULL,3,4,4,2,8,32,1,1,1,0,0.0,15,1
TRAJ-MICRO-V1,12101,152,configured_scale,,,0-2;1-3;2-1,0-2;1-3;2-1,0-2;1-3;2-1,1-3|2-1|0-2|NULL,1-3|2-1|0-2|NULL,3,4,4,2,8,32,1,1,1,0,0.0,15,1
TRAJ-MICRO-V1,12101,152,zero_scale,,,0-3;1-2;2-1,0-3;1-2;2-1,0-3;1-2;2-1,1-2|2-1|0-3|NULL,1-2|2-1|0-3|NULL,3,4,4,2,8,32,1,1,1,0,0.0,15,1
TRAJ-MICRO-V1,12101,153,configured_scale,,,0-4;1-2;2-3,0-4;1-2;2-3,0-4;1-2;2-3,2-3|1-2|0-4|NULL,2-3|1-2|0-4|NULL,3,4,4,2,8,32,1,1,1,0,0.0,15,1
TRAJ-MICRO-V1,12101,153,zero_scale,,,0-1;1-2;2-3,0-1;1-2;2-3,0-1;1-2;2-3,2-3|1-2|0-1|NULL,2-3|1-2|0-1|NULL,3,4,4,2,8,32,1,1,1,0,0.0,15,1
TRAJ-MICRO-V1,12101,154,configured_scale,,,0-1;1-4;2-3,0-1;1-4;2-3,0-1;1-4;2-3,2-3|1-4|0-1|NULL,2-3|1-4|0-1|NULL,3,4,4,2,8,32,1,1,1,0,0.0,15,1
TRAJ-MICRO-V1,12101,154,zero_scale,,,0-1;1-3;2-4,0-1;1-3;2-4,0-1;1-3;2-4,2-4|1-3|0-1|NULL,2-4|1-3|0-1|NULL,3,4,4,2,8,32,1,1,1,0,0.0,15,1
TRAJ-MICRO-V1,12101,155,configured_scale,,,0-0;1-3;2-4,0-0;1-3;2-4,0-0;1-3;2-4,2-4|1-3|0-0|NULL,2-4|1-3|0-0|NULL,3,4,4,2,8,32,1,1,1,0,0.0,15,1
TRAJ-MICRO-V1,12101,155,zero_scale,,,0-0;1-3;2-4,0-0;1-3;2-4,0-0;1-3;2-4,2-4|1-3|0-0|NULL,2-4|1-3|0-0|NULL,3,4,4,2,8,32,1,1,1,0,0.0,15,1
TRAJ-MICRO-V1,12101,156,configured_scale,,,0-2;1-3;2-4,0-2;1-3;2-4,0-2;1-3;2-4,2-4|1-3|0-2|NULL,2-4|1-3|0-2|NULL,3,4,4,2,8,32,1,1,1,0,0.0,15,1
TRAJ-MICRO-V1,12101,156,zero_scale,,,0-2;1-3;2-4,0-2;1-3;2-4,0-2;1-3;2-4,2-4|1-3|0-2|NULL,2-4|1-3|0-2|NULL,3,4,4,2,8,32,1,1,1,0,0.0,15,1
TRAJ-MICRO-V1,12101,157,configured_scale,,,0-1;1-3;2-4,0-1;1-3;2-4,0-1;1-3;2-4,2-4|1-3|0-1|NULL,2-4|1-3|0-1|NULL,3,4,4,2,8,32,1,1,1,0,0.0,15,1
TRAJ-MICRO-V1,12101,157,zero_scale,,,0-1;1-3;2-4,0-1;1-3;2-4,0-1;1-3;2-4,2-4|1-3|0-1|NULL,2-4|1-3|0-1|NULL,3,4,4,2,8,32,1,1,1,0,0.0,15,1
TRAJ-MICRO-V1,12101,158,configured_scale,,,0-0;1-3;2-4,0-0;1-3;2-4,0-0;1-3;2-4,2-4|1-3|0-0|NULL,2-4|1-3|0-0|NULL,3,4,4,2,8,32,1,1,1,0,0.0,15,1
TRAJ-MICRO-V1,12101,158,zero_scale,,,0-0;1-2;2-4,0-0;1-2;2-4,0-0;1-2;2-4,2-4|1-2|0-0|NULL,2-4|1-2|0-0|NULL,3,4,4,2,8,32,1,1,1,0,0.0,15,1
TRAJ-MICRO-V1,12101,159,configured_scale,,,0-0;1-3;2-4,0-0;1-3;2-4,0-0;1-3;2-4,2-4|1-3|0-0|NULL,2-4|1-3|0-0|NULL,3,4,4,2,8,32,1,1,1,0,0.0,15,1
TRAJ-MICRO-V1,12101,159,zero_scale,,,0-1;1-3;2-4,0-1;1-3;2-4,0-1;1-3;2-4,2-4|1-3|0-1|NULL,2-4|1-3|0-1|NULL,3,4,4,2,8,32,1,1,1,0,0.0,15,1
TRAJ-MICRO-V1,12101,160,configured_scale,,,0-1;1-3;2-4,0-1;1-3;2-4,0-1;1-3;2-4,2-4|0-1|1-3|NULL,2-4|0-1|1-3|NULL,3,4,4,2,8,32,1,1,1,0,0.0,15,1
TRAJ-MICRO-V1,12101,160,zero_scale,,,0-1;1-3;2-4,0-1;1-3;2-4,0-1;1-3;2-4,2-4|0-1|1-3|NULL,2-4|0-1|1-3|NULL,3,4,4,2,8,32,1,1,1,0,0.0,15,1
TRAJ-MICRO-V1,12101,161,configured_scale,,,0-0;1-3;2-4,0-0;1-3;2-4,0-0;1-3;2-4,2-4|0-0|1-3|NULL,2-4|0-0|1-3|NULL,3,4,4,2,8,32,1,1,1,0,0.0,15,1
TRAJ-MICRO-V1,12101,161,zero_scale,,,0-0;1-2;2-4,0-0;1-2;2-4,0-0;1-2;2-4,2-4|1-2|0-0|NULL,2-4|1-2|0-0|NULL,3,4,4,2,8,32,1,1,1,0,0.0,15,1
TRAJ-MICRO-V1,12101,162,configured_scale,,,0-1;1-2;2-0,0-1;1-2;2-0,0-1;1-2;2-0,2-0|1-2|0-1|NULL,2-0|1-2|0-1|NULL,3,4,4,2,8,32,1,1,1,0,0.0,15,1
TRAJ-MICRO-V1,12101,162,zero_scale,,,0-1;1-2;2-3,0-1;1-2;2-3,0-1;1-2;2-3,2-3|1-2|0-1|NULL,2-3|1-2|0-1|NULL,3,4,4,2,8,32,1,1,1,0,0.0,15,1
TRAJ-MICRO-V1,12101,163,configured_scale,,,0-1;1-2;2-3,0-1;1-2;2-3,0-1;1-2;2-3,2-3|1-2|0-1|NULL,2-3|1-2|0-1|NULL,3,4,4,2,8,32,1,1,1,0,0.0,15,1
TRAJ-MICRO-V1,12101,163,zero_scale,,,0-1;1-3;2-2,0-1;1-3;2-2,0-1;1-3;2-2,2-2|1-3|0-1|NULL,2-2|1-3|0-1|NULL,3,4,4,2,8,32,1,1,1,0,0.0,15,1
TRAJ-MICRO-V1,12101,164,configured_scale,,,0-2;1-3;2-1,0-2;1-3;2-1,0-2;1-3;2-1,2-1|1-3|0-2|NULL,2-1|1-3|0-2|NULL,3,4,4,2,8,32,1,1,1,0,0.0,15,1
TRAJ-MICRO-V1,12101,164,zero_scale,,,0-3;1-2;2-1,0-3;1-2;2-1,0-3;1-2;2-1,1-2|2-1|0-3|NULL,1-2|2-1|0-3|NULL,3,4,4,2,8,32,1,1,1,0,0.0,15,1
TRAJ-MICRO-V1,12101,165,configured_scale,,,0-1;1-2;2-0,0-1;1-2;2-0,0-1;1-2;2-0,2-0|1-2|0-1|NULL,2-0|1-2|0-1|NULL,3,4,4,2,8,32,1,1,1,0,0.0,15,1
TRAJ-MICRO-V1,12101,165,zero_scale,,,0-1;1-2;2-3,0-1;1-2;2-3,0-1;1-2;2-3,2-3|1-2|0-1|NULL,2-3|1-2|0-1|NULL,3,4,4,2,8,32,1,1,1,0,0.0,15,1
TRAJ-MICRO-V1,12101,166,configured_scale,,,0-1;1-2;2-4,0-1;1-2;2-4,0-1;1-2;2-4,1-2|2-4|0-1|NULL,1-2|2-4|0-1|NULL,3,4,4,2,8,32,1,1,1,0,0.0,15,1
TRAJ-MICRO-V1,12101,166,zero_scale,,,0-1;1-2;2-4,0-1;1-2;2-4,0-1;1-2;2-4,1-2|0-1|2-4|NULL,1-2|0-1|2-4|NULL,3,4,4,2,8,32,1,1,1,0,0.0,15,1
TRAJ-MICRO-V1,12101,167,configured_scale,,,0-3;1-2;2-1,0-3;1-2;2-1,0-3;1-2;2-1,1-2|2-1|0-3|NULL,1-2|2-1|0-3|NULL,3,4,4,2,8,32,1,1,1,0,0.0,15,1
TRAJ-MICRO-V1,12101,167,zero_scale,,,0-0;1-2;2-1,0-0;1-2;2-1,0-0;1-2;2-1,1-2|2-1|0-0|NULL,1-2|2-1|0-0|NULL,3,4,4,2,8,32,1,1,1,0,0.0,15,1
TRAJ-MICRO-V1,12101,168,configured_scale,,,0-2;1-1;2-0,0-2;1-1;2-0,0-2;1-1;2-0,1-1|2-0|0-2|NULL,1-1|2-0|0-2|NULL,3,4,4,2,8,32,1,1,1,0,0.0,15,1
TRAJ-MICRO-V1,12101,168,zero_scale,,,0-2;1-1;2-0,0-2;1-1;2-0,0-2;1-1;2-0,1-1|0-2|2-0|NULL,1-1|0-2|2-0|NULL,3,4,4,2,8,32,1,1,1,0,0.0,15,1
TRAJ-MICRO-V1,12101,169,configured_scale,,,0-1;1-0;2-2,0-1;1-0;2-2,0-1;1-0;2-2,0-1|1-0|2-2|NULL,0-1|1-0|2-2|NULL,3,4,4,2,8,32,1,1,1,0,0.0,15,1
TRAJ-MICRO-V1,12101,169,zero_scale,,,0-1;1-0;2-2,0-1;1-0;2-2,0-1;1-0;2-2,0-1|1-0|2-2|NULL,0-1|1-0|2-2|NULL,3,4,4,2,8,32,1,1,1,0,0.0,15,1
TRAJ-MICRO-V1,12101,170,configured_scale,,,0-1;1-2;2-4,0-1;1-2;2-4,0-1;1-2;2-4,1-2|0-1|2-4|NULL,1-2|0-1|2-4|NULL,3,4,4,2,8,32,1,1,1,0,0.0,15,1
TRAJ-MICRO-V1,12101,170,zero_scale,,,0-0;1-2;2-4,0-0;1-2;2-4,0-0;1-2;2-4,0-0|1-2|2-4|NULL,0-0|1-2|2-4|NULL,3,4,4,2,8,32,1,1,1,0,0.0,15,1
TRAJ-MICRO-V1,12101,171,configured_scale,,,0-0;1-1;2-4,0-0;1-1;2-4,0-0;1-1;2-4,1-1|0-0|2-4|NULL,1-1|0-0|2-4|NULL,3,4,4,2,8,32,1,1,1,0,0.0,15,1
TRAJ-MICRO-V1,12101,171,zero_scale,,,0-0;1-1;2-3,0-0;1-1;2-3,0-0;1-1;2-3,1-1|0-0|2-3|NULL,1-1|0-0|2-3|NULL,3,4,4,2,8,32,1,1,1,0,0.0,15,1
TRAJ-MICRO-V1,12101,172,configured_scale,,,0-1;1-0;2-4,0-1;1-0;2-4,0-1;1-0;2-4,1-0|0-1|2-4|NULL,1-0|0-1|2-4|NULL,3,4,4,2,8,32,1,1,1,0,0.0,15,1
TRAJ-MICRO-V1,12101,172,zero_scale,,,0-1;1-0;2-4,0-1;1-0;2-4,0-1;1-0;2-4,1-0|0-1|2-4|NULL,1-0|0-1|2-4|NULL,3,4,4,2,8,32,1,1,1,0,0.0,15,1
TRAJ-MICRO-V1,12101,173,configured_scale,,,0-0;1-2;2-4,0-0;1-2;2-4,0-0;1-2;2-4,2-4|0-0|1-2|NULL,2-4|0-0|1-2|NULL,3,4,4,2,8,32,1,1,1,0,0.0,15,1
TRAJ-MICRO-V1,12101,173,zero_scale,,,0-0;1-2;2-4,0-0;1-2;2-4,0-0;1-2;2-4,0-0|2-4|1-2|NULL,0-0|2-4|1-2|NULL,3,4,4,2,8,32,1,1,1,0,0.0,15,1
TRAJ-MICRO-V1,12101,174,configured_scale,,,0-0;1-1;2-4,0-0;1-1;2-4,0-0;1-1;2-4,0-0|2-4|1-1|NULL,0-0|2-4|1-1|NULL,3,4,4,2,8,32,1,1,1,0,0.0,15,1
TRAJ-MICRO-V1,12101,174,zero_scale,,,0-0;1-4;2-3,0-0;1-4;2-3,0-0;1-4;2-3,0-0|1-4|2-3|NULL,0-0|1-4|2-3|NULL,3,4,4,2,8,32,1,1,1,0,0.0,15,1
TRAJ-MICRO-V1,12101,175,configured_scale,,,0-0;1-3;2-4,0-0;1-3;2-4,0-0;1-3;2-4,0-0|1-3|2-4|NULL,0-0|1-3|2-4|NULL,3,4,4,2,8,32,1,1,1,0,0.0,15,1
TRAJ-MICRO-V1,12101,175,zero_scale,,,0-1;1-3;2-4,0-1;1-3;2-4,0-1;1-3;2-4,0-1|1-3|2-4|NULL,0-1|1-3|2-4|NULL,3,4,4,2,8,32,1,1,1,0,0.0,15,1
TRAJ-MICRO-V1,12101,176,configured_scale,,,0-0;1-2;2-4,0-0;1-2;2-4,0-0;1-2;2-4,0-0|2-4|1-2|NULL,0-0|2-4|1-2|NULL,3,4,4,2,8,32,1,1,1,0,0.0,15,1
TRAJ-MICRO-V1,12101,176,zero_scale,,,0-0;1-2;2-4,0-0;1-2;2-4,0-0;1-2;2-4,0-0|1-2|2-4|NULL,0-0|1-2|2-4|NULL,3,4,4,2,8,32,1,1,1,0,0.0,15,1
TRAJ-MICRO-V1,12101,177,configured_scale,,,0-0;1-2;2-3,0-0;1-2;2-3,0-0;1-2;2-3,0-0|1-2|2-3|NULL,0-0|1-2|2-3|NULL,3,4,4,2,8,32,1,1,1,0,0.0,15,1
TRAJ-MICRO-V1,12101,177,zero_scale,,,0-2;1-1;2-0,0-2;1-1;2-0,0-2;1-1;2-0,0-2|1-1|2-0|NULL,0-2|1-1|2-0|NULL,3,4,4,2,8,32,1,1,1,0,0.0,15,1
TRAJ-MICRO-V1,12101,178,configured_scale,,,0-4;1-3;2-2,0-4;1-3;2-2,0-4;1-3;2-2,0-4|1-3|2-2|NULL,0-4|1-3|2-2|NULL,3,4,4,2,8,32,1,1,1,0,0.0,15,1
TRAJ-MICRO-V1,12101,178,zero_scale,,,0-1;1-3;2-2,0-1;1-3;2-2,0-1;1-3;2-2,0-1|1-3|2-2|NULL,0-1|1-3|2-2|NULL,3,4,4,2,8,32,1,1,1,0,0.0,15,1
TRAJ-MICRO-V1,12101,179,configured_scale,,,0-0;1-2;2-1,0-0;1-2;2-1,0-0;1-2;2-1,0-0|1-2|2-1|NULL,0-0|1-2|2-1|NULL,3,4,4,2,8,32,1,1,1,0,0.0,15,1
TRAJ-MICRO-V1,12101,179,zero_scale,,,0-0;1-2;2-1,0-0;1-2;2-1,0-0;1-2;2-1,0-0|1-2|2-1|NULL,0-0|1-2|2-1|NULL,3,4,4,2,8,32,1,1,1,0,0.0,15,1
TRAJ-MICRO-V1,12101,180,configured_scale,,,0-0;1-2;2-3,0-0;1-2;2-3,0-0;1-2;2-3,0-0|1-2|2-3|NULL,0-0|1-2|2-3|NULL,3,4,4,2,8,32,1,1,1,0,0.0,15,1
TRAJ-MICRO-V1,12101,180,zero_scale,,,0-2;1-1;2-0,0-2;1-1;2-0,0-2;1-1;2-0,0-2|1-1|2-0|NULL,0-2|1-1|2-0|NULL,3,4,4,2,8,32,1,1,1,0,0.0,15,1
TRAJ-MICRO-V1,12101,181,configured_scale,,,0-4;1-3;2-2,0-4;1-3;2-2,0-4;1-3;2-2,1-3|0-4|2-2|NULL,1-3|0-4|2-2|NULL,3,4,4,2,8,32,1,1,1,0,0.0,15,1
TRAJ-MICRO-V1,12101,181,zero_scale,,,0-1;1-3;2-2,0-1;1-3;2-2,0-1;1-3;2-2,0-1|1-3|2-2|NULL,0-1|1-3|2-2|NULL,3,4,4,2,8,32,1,1,1,0,0.0,15,1
TRAJ-MICRO-V1,12101,182,configured_scale,,,0-0;1-2;2-4,0-0;1-2;2-4,0-0;1-2;2-4,0-0|2-4|1-2|NULL,0-0|2-4|1-2|NULL,3,4,4,2,8,32,1,1,1,0,0.0,15,1
TRAJ-MICRO-V1,12101,182,zero_scale,,,0-0;1-2;2-4,0-0;1-2;2-4,0-0;1-2;2-4,0-0|1-2|2-4|NULL,0-0|1-2|2-4|NULL,3,4,4,2,8,32,1,1,1,0,0.0,15,1
TRAJ-MICRO-V1,12101,183,configured_scale,,,0-0;1-3;2-4,0-0;1-3;2-4,0-0;1-3;2-4,2-4|0-0|1-3|NULL,2-4|0-0|1-3|NULL,3,4,4,2,8,32,1,1,1,0,0.0,15,1
TRAJ-MICRO-V1,12101,183,zero_scale,,,0-1;1-4;2-3,0-1;1-4;2-3,0-1;1-4;2-3,0-1|1-4|2-3|NULL,0-1|1-4|2-3|NULL,3,4,4,2,8,32,1,1,1,0,0.0,15,1
TRAJ-MICRO-V1,12101,184,configured_scale,,,0-1;1-3;2-4,0-1;1-3;2-4,0-1;1-3;2-4,0-1|2-4|1-3|NULL,0-1|2-4|1-3|NULL,3,4,4,2,8,32,1,1,1,0,0.0,15,1
TRAJ-MICRO-V1,12101,184,zero_scale,,,0-1;1-3;2-4,0-1;1-3;2-4,0-1;1-3;2-4,0-1|2-4|1-3|NULL,0-1|2-4|1-3|NULL,3,4,4,2,8,32,1,1,1,0,0.0,15,1
TRAJ-MICRO-V1,12101,185,configured_scale,,,0-1;1-2;2-4,0-1;1-2;2-4,0-1;1-2;2-4,2-4|0-1|1-2|NULL,2-4|0-1|1-2|NULL,3,4,4,2,8,32,1,1,1,0,0.0,15,1
TRAJ-MICRO-V1,12101,185,zero_scale,,,0-1;1-2;2-4,0-1;1-2;2-4,0-1;1-2;2-4,2-4|0-1|1-2|NULL,2-4|0-1|1-2|NULL,3,4,4,2,8,32,1,1,1,0,0.0,15,1
TRAJ-MICRO-V1,12101,186,configured_scale,,,0-2;1-1;2-4,0-2;1-1;2-4,0-2;1-1;2-4,0-2|1-1|2-4|NULL,0-2|1-1|2-4|NULL,3,4,4,2,8,32,1,1,1,0,0.0,15,1
TRAJ-MICRO-V1,12101,186,zero_scale,,,0-2;1-1;2-3,0-2;1-1;2-3,0-2;1-1;2-3,0-2|1-1|2-3|NULL,0-2|1-1|2-3|NULL,3,4,4,2,8,32,1,1,1,0,0.0,15,1
TRAJ-MICRO-V1,12101,187,configured_scale,,,0-1;1-3;2-2,0-1;1-3;2-2,0-1;1-3;2-2,0-1|2-2|1-3|NULL,0-1|2-2|1-3|NULL,3,4,4,2,8,32,1,1,1,0,0.0,15,1
TRAJ-MICRO-V1,12101,187,zero_scale,,,0-1;1-2;2-4,0-1;1-2;2-4,0-1;1-2;2-4,0-1|1-2|2-4|NULL,0-1|1-2|2-4|NULL,3,4,4,2,8,32,1,1,1,0,0.0,15,1
TRAJ-MICRO-V1,12101,188,configured_scale,,,0-0;1-2;2-4,0-0;1-2;2-4,0-0;1-2;2-4,0-0|1-2|2-4|NULL,0-0|1-2|2-4|NULL,3,4,4,2,8,32,1,1,1,0,0.0,15,1
TRAJ-MICRO-V1,12101,188,zero_scale,,,0-0;1-2;2-4,0-0;1-2;2-4,0-0;1-2;2-4,0-0|1-2|2-4|NULL,0-0|1-2|2-4|NULL,3,4,4,2,8,32,1,1,1,0,0.0,15,1
TRAJ-MICRO-V1,12101,189,configured_scale,,,0-1;1-2;2-3,0-1;1-2;2-3,0-1;1-2;2-3,0-1|2-3|1-2|NULL,0-1|2-3|1-2|NULL,3,4,4,2,8,32,1,1,1,0,0.0,15,1
TRAJ-MICRO-V1,12101,189,zero_scale,,,0-1;1-2;2-3,0-1;1-2;2-3,0-1;1-2;2-3,0-1|1-2|2-3|NULL,0-1|1-2|2-3|NULL,3,4,4,2,8,32,1,1,1,0,0.0,15,1
TRAJ-MICRO-V1,12101,190,configured_scale,,,0-1;1-3;2-2,0-1;1-3;2-2,0-1;1-3;2-2,0-1|1-3|2-2|NULL,0-1|1-3|2-2|NULL,3,4,4,2,8,32,1,1,1,0,0.0,15,1
TRAJ-MICRO-V1,12101,190,zero_scale,,,0-1;1-3;2-2,0-1;1-3;2-2,0-1;1-3;2-2,0-1|1-3|2-2|NULL,0-1|1-3|2-2|NULL,3,4,4,2,8,32,1,1,1,0,0.0,15,1
TRAJ-MICRO-V1,12101,191,configured_scale,,,0-3;1-2;2-4,0-3;1-2;2-4,0-3;1-2;2-4,1-2|2-4|0-3|NULL,1-2|2-4|0-3|NULL,3,4,4,2,8,32,1,1,1,0,0.0,15,1
TRAJ-MICRO-V1,12101,191,zero_scale,,,0-3;1-2;2-4,0-3;1-2;2-4,0-3;1-2;2-4,1-2|0-3|2-4|NULL,1-2|0-3|2-4|NULL,3,4,4,2,8,32,1,1,1,0,0.0,15,1
TRAJ-MICRO-V1,12101,192,configured_scale,,,0-4;1-2;2-3,0-4;1-2;2-3,0-4;1-2;2-3,2-3|1-2|0-4|NULL,2-3|1-2|0-4|NULL,3,4,4,2,8,32,1,1,1,0,0.0,15,1
TRAJ-MICRO-V1,12101,192,zero_scale,,,0-2;1-3;2-4,0-2;1-3;2-4,0-2;1-3;2-4,0-2|1-3|2-4|NULL,0-2|1-3|2-4|NULL,3,4,4,2,8,32,1,1,1,0,0.0,15,1
TRAJ-MICRO-V1,12101,193,configured_scale,,,0-4;1-3;2-2,0-4;1-3;2-2,0-4;1-3;2-2,0-4|1-3|2-2|NULL,0-4|1-3|2-2|NULL,3,4,4,2,8,32,1,1,1,0,0.0,15,1
TRAJ-MICRO-V1,12101,193,zero_scale,,,0-4;1-3;2-2,0-4;1-3;2-2,0-4;1-3;2-2,1-3|0-4|2-2|NULL,1-3|0-4|2-2|NULL,3,4,4,2,8,32,1,1,1,0,0.0,15,1
TRAJ-MICRO-V1,12101,194,configured_scale,,,0-3;1-2;2-4,0-3;1-2;2-4,0-3;1-2;2-4,2-4|0-3|1-2|NULL,2-4|0-3|1-2|NULL,3,4,4,2,8,32,1,1,1,0,0.0,15,1
TRAJ-MICRO-V1,12101,194,zero_scale,,,0-3;1-2;2-4,0-3;1-2;2-4,0-3;1-2;2-4,2-4|0-3|1-2|NULL,2-4|0-3|1-2|NULL,3,4,4,2,8,32,1,1,1,0,0.0,15,1
TRAJ-MICRO-V1,12101,195,configured_scale,,,0-4;1-2;2-3,0-4;1-2;2-3,0-4;1-2;2-3,0-4|1-2|2-3|NULL,0-4|1-2|2-3|NULL,3,4,4,2,8,32,1,1,1,0,0.0,15,1
TRAJ-MICRO-V1,12101,195,zero_scale,,,0-2;1-4;2-3,0-2;1-4;2-3,0-2;1-4;2-3,0-2|1-4|2-3|NULL,0-2|1-4|2-3|NULL,3,4,4,2,8,32,1,1,1,0,0.0,15,1
TRAJ-MICRO-V1,12101,196,configured_scale,,,0-4;1-2;2-3,0-4;1-2;2-3,0-4;1-2;2-3,0-4|1-2|2-3|NULL,0-4|1-2|2-3|NULL,3,4,4,2,8,32,1,1,1,0,0.0,15,1
TRAJ-MICRO-V1,12101,196,zero_scale,,,0-1;1-3;2-4,0-1;1-3;2-4,0-1;1-3;2-4,0-1|1-3|2-4|NULL,0-1|1-3|2-4|NULL,3,4,4,2,8,32,1,1,1,0,0.0,15,1
TRAJ-MICRO-V1,12101,197,configured_scale,,,0-0;1-2;2-4,0-0;1-2;2-4,0-0;1-2;2-4,0-0|2-4|1-2|NULL,0-0|2-4|1-2|NULL,3,4,4,2,8,32,1,1,1,0,0.0,15,1
TRAJ-MICRO-V1,12101,197,zero_scale,,,0-0;1-2;2-4,0-0;1-2;2-4,0-0;1-2;2-4,0-0|1-2|2-4|NULL,0-0|1-2|2-4|NULL,3,4,4,2,8,32,1,1,1,0,0.0,15,1
TRAJ-MICRO-V1,12101,198,configured_scale,,,0-1;1-4;2-3,0-1;1-4;2-3,0-1;1-4;2-3,0-1|1-4|2-3|NULL,0-1|1-4|2-3|NULL,3,4,4,2,8,32,1,1,1,0,0.0,15,1
TRAJ-MICRO-V1,12101,198,zero_scale,,,0-1;1-4;2-3,0-1;1-4;2-3,0-1;1-4;2-3,0-1|1-4|2-3|NULL,0-1|1-4|2-3|NULL,3,4,4,2,8,32,1,1,1,0,0.0,15,1
TRAJ-MICRO-V1,12101,199,configured_scale,,,0-0;1-3;2-4,0-0;1-3;2-4,0-0;1-3;2-4,0-0|1-3|2-4|NULL,0-0|1-3|2-4|NULL,3,4,4,2,8,32,1,1,1,0,0.0,15,1
TRAJ-MICRO-V1,12101,199,zero_scale,,,0-1;1-3;2-4,0-1;1-3;2-4,0-1;1-3;2-4,0-1|1-3|2-4|NULL,0-1|1-3|2-4|NULL,3,4,4,2,8,32,1,1,1,0,0.0,15,1
TRAJ-MICRO-V1,12101,200,configured_scale,,,0-0;1-2;2-3,0-0;1-2;2-3,0-0;1-2;2-3,0-0|1-2|2-3|NULL,0-0|1-2|2-3|NULL,3,4,4,2,8,32,1,1,1,0,0.0,15,1
TRAJ-MICRO-V1,12101,200,zero_scale,,,0-0;1-2;2-4,0-0;1-2;2-4,0-0;1-2;2-4,0-0|1-2|2-4|NULL,0-0|1-2|2-4|NULL,3,4,4,2,8,32,1,1,1,0,0.0,15,1
TRAJ-MICRO-V1,12101,201,configured_scale,,,0-2;1-3;2-4,0-2;1-3;2-4,0-2;1-3;2-4,1-3|0-2|2-4|NULL,1-3|0-2|2-4|NULL,3,4,4,2,8,32,1,1,1,0,0.0,15,1
TRAJ-MICRO-V1,12101,201,zero_scale,,,0-2;1-3;2-4,0-2;1-3;2-4,0-2;1-3;2-4,1-3|2-4|0-2|NULL,1-3|2-4|0-2|NULL,3,4,4,2,8,32,1,1,1,0,0.0,15,1
TRAJ-MICRO-V1,12101,202,configured_scale,,,0-1;1-3;2-4,0-1;1-3;2-4,0-1;1-3;2-4,1-3|2-4|0-1|NULL,1-3|2-4|0-1|NULL,3,4,4,2,8,32,1,1,1,0,0.0,15,1
TRAJ-MICRO-V1,12101,202,zero_scale,,,0-1;1-3;2-4,0-1;1-3;2-4,0-1;1-3;2-4,1-3|2-4|0-1|NULL,1-3|2-4|0-1|NULL,3,4,4,2,8,32,1,1,1,0,0.0,15,1
TRAJ-MICRO-V1,12101,203,configured_scale,,,0-0;1-2;2-4,0-0;1-2;2-4,0-0;1-2;2-4,2-4|1-2|0-0|NULL,2-4|1-2|0-0|NULL,3,4,4,2,8,32,1,1,1,0,0.0,15,1
TRAJ-MICRO-V1,12101,203,zero_scale,,,0-0;1-2;2-4,0-0;1-2;2-4,0-0;1-2;2-4,1-2|2-4|0-0|NULL,1-2|2-4|0-0|NULL,3,4,4,2,8,32,1,1,1,0,0.0,15,1
TRAJ-MICRO-V1,12101,204,configured_scale,,,0-1;1-2;2-4,0-1;1-2;2-4,0-1;1-2;2-4,1-2|2-4|0-1|NULL,1-2|2-4|0-1|NULL,3,4,4,2,8,32,1,1,1,0,0.0,15,1
TRAJ-MICRO-V1,12101,204,zero_scale,,,0-1;1-2;2-3,0-1;1-2;2-3,0-1;1-2;2-3,1-2|2-3|0-1|NULL,1-2|2-3|0-1|NULL,3,4,4,2,8,32,1,1,1,0,0.0,15,1
TRAJ-MICRO-V1,12101,205,configured_scale,,,0-1;1-3;2-4,0-1;1-3;2-4,0-1;1-3;2-4,1-3|2-4|0-1|NULL,1-3|2-4|0-1|NULL,3,4,4,2,8,32,1,1,1,0,0.0,15,1
TRAJ-MICRO-V1,12101,205,zero_scale,,,0-1;1-3;2-2,0-1;1-3;2-2,0-1;1-3;2-2,1-3|2-2|0-1|NULL,1-3|2-2|0-1|NULL,3,4,4,2,8,32,1,1,1,0,0.0,15,1
TRAJ-MICRO-V1,12101,206,configured_scale,,,0-1;1-2;2-4,0-1;1-2;2-4,0-1;1-2;2-4,1-2|2-4|0-1|NULL,1-2|2-4|0-1|NULL,3,4,4,2,8,32,1,1,1,0,0.0,15,1
TRAJ-MICRO-V1,12101,206,zero_scale,,,0-1;1-2;2-4,0-1;1-2;2-4,0-1;1-2;2-4,1-2|2-4|0-1|NULL,1-2|2-4|0-1|NULL,3,4,4,2,8,32,1,1,1,0,0.0,15,1
TRAJ-MICRO-V1,12101,207,configured_scale,,,0-1;1-2;2-0,0-1;1-2;2-0,0-1;1-2;2-0,2-0|1-2|0-1|NULL,2-0|1-2|0-1|NULL,3,4,4,2,8,32,1,1,1,0,0.0,15,1
TRAJ-MICRO-V1,12101,207,zero_scale,,,0-2;1-1;2-3,0-2;1-1;2-3,0-2;1-1;2-3,1-1|2-3|0-2|NULL,1-1|2-3|0-2|NULL,3,4,4,2,8,32,1,1,1,0,0.0,15,1
TRAJ-MICRO-V1,12101,208,configured_scale,,,0-1;1-3;2-4,0-1;1-3;2-4,0-1;1-3;2-4,1-3|2-4|0-1|NULL,1-3|2-4|0-1|NULL,3,4,4,2,8,32,1,1,1,0,0.0,15,1
TRAJ-MICRO-V1,12101,208,zero_scale,,,0-1;1-3;2-2,0-1;1-3;2-2,0-1;1-3;2-2,1-3|0-1|2-2|NULL,1-3|0-1|2-2|NULL,3,4,4,2,8,32,1,1,1,0,0.0,15,1
TRAJ-MICRO-V1,12101,209,configured_scale,,,0-0;1-2;2-4,0-0;1-2;2-4,0-0;1-2;2-4,2-4|1-2|0-0|NULL,2-4|1-2|0-0|NULL,3,4,4,2,8,32,1,1,1,0,0.0,15,1
TRAJ-MICRO-V1,12101,209,zero_scale,,,0-0;1-2;2-4,0-0;1-2;2-4,0-0;1-2;2-4,1-2|2-4|0-0|NULL,1-2|2-4|0-0|NULL,3,4,4,2,8,32,1,1,1,0,0.0,15,1
TRAJ-MICRO-V1,12101,210,configured_scale,,,0-1;1-2;2-0,0-1;1-2;2-0,0-1;1-2;2-0,2-0|1-2|0-1|NULL,2-0|1-2|0-1|NULL,3,4,4,2,8,32,1,1,1,0,0.0,15,1
TRAJ-MICRO-V1,12101,210,zero_scale,,,0-1;1-2;2-3,0-1;1-2;2-3,0-1;1-2;2-3,2-3|1-2|0-1|NULL,2-3|1-2|0-1|NULL,3,4,4,2,8,32,1,1,1,0,0.0,15,1
TRAJ-MICRO-V1,12101,211,configured_scale,,,0-0;1-3;2-4,0-0;1-3;2-4,0-0;1-3;2-4,2-4|1-3|0-0|NULL,2-4|1-3|0-0|NULL,3,4,4,2,8,32,1,1,1,0,0.0,15,1
TRAJ-MICRO-V1,12101,211,zero_scale,,,0-1;1-3;2-4,0-1;1-3;2-4,0-1;1-3;2-4,2-4|1-3|0-1|NULL,2-4|1-3|0-1|NULL,3,4,4,2,8,32,1,1,1,0,0.0,15,1
TRAJ-MICRO-V1,12101,212,configured_scale,,,0-0;1-2;2-4,0-0;1-2;2-4,0-0;1-2;2-4,2-4|0-0|1-2|NULL,2-4|0-0|1-2|NULL,3,4,4,2,8,32,1,1,1,0,0.0,15,1
TRAJ-MICRO-V1,12101,212,zero_scale,,,0-0;1-2;2-4,0-0;1-2;2-4,0-0;1-2;2-4,2-4|1-2|0-0|NULL,2-4|1-2|0-0|NULL,3,4,4,2,8,32,1,1,1,0,0.0,15,1
TRAJ-MICRO-V1,12101,213,configured_scale,,,0-1;1-0;2-4,0-1;1-0;2-4,0-1;1-0;2-4,2-4|1-0|0-1|NULL,2-4|1-0|0-1|NULL,3,4,4,2,8,32,1,1,1,0,0.0,15,1
TRAJ-MICRO-V1,12101,213,zero_scale,,,0-0;1-1;2-3,0-0;1-1;2-3,0-0;1-1;2-3,2-3|1-1|0-0|NULL,2-3|1-1|0-0|NULL,3,4,4,2,8,32,1,1,1,0,0.0,15,1
TRAJ-MICRO-V1,12101,214,configured_scale,,,0-1;1-0;2-4,0-1;1-0;2-4,0-1;1-0;2-4,2-4|1-0|0-1|NULL,2-4|1-0|0-1|NULL,3,4,4,2,8,32,1,1,1,0,0.0,15,1
TRAJ-MICRO-V1,12101,214,zero_scale,,,0-1;1-0;2-4,0-1;1-0;2-4,0-1;1-0;2-4,2-4|1-0|0-1|NULL,2-4|1-0|0-1|NULL,3,4,4,2,8,32,1,1,1,0,0.0,15,1
TRAJ-MICRO-V1,12101,215,configured_scale,,,0-0;1-2;2-4,0-0;1-2;2-4,0-0;1-2;2-4,2-4|0-0|1-2|NULL,2-4|0-0|1-2|NULL,3,4,4,2,8,32,1,1,1,0,0.0,15,1
TRAJ-MICRO-V1,12101,215,zero_scale,,,0-0;1-2;2-4,0-0;1-2;2-4,0-0;1-2;2-4,2-4|0-0|1-2|NULL,2-4|0-0|1-2|NULL,3,4,4,2,8,32,1,1,1,0,0.0,15,1
TRAJ-MICRO-V1,12101,216,configured_scale,,,0-2;1-1;2-0,0-2;1-1;2-0,0-2;1-1;2-0,2-0|1-1|0-2|NULL,2-0|1-1|0-2|NULL,3,4,4,2,8,32,1,1,1,0,0.0,15,1
TRAJ-MICRO-V1,12101,216,zero_scale,,,0-2;1-1;2-0,0-2;1-1;2-0,0-2;1-1;2-0,2-0|1-1|0-2|NULL,2-0|1-1|0-2|NULL,3,4,4,2,8,32,1,1,1,0,0.0,15,1
TRAJ-MICRO-V1,12101,217,configured_scale,,,0-0;1-3;2-4,0-0;1-3;2-4,0-0;1-3;2-4,0-0|2-4|1-3|NULL,0-0|2-4|1-3|NULL,3,4,4,2,8,32,1,1,1,0,0.0,15,1
TRAJ-MICRO-V1,12101,217,zero_scale,,,0-0;1-3;2-2,0-0;1-3;2-2,0-0;1-3;2-2,0-0|2-2|1-3|NULL,0-0|2-2|1-3|NULL,3,4,4,2,8,32,1,1,1,0,0.0,15,1
TRAJ-MICRO-V1,12101,218,configured_scale,,,0-0;1-2;2-4,0-0;1-2;2-4,0-0;1-2;2-4,0-0|2-4|1-2|NULL,0-0|2-4|1-2|NULL,3,4,4,2,8,32,1,1,1,0,0.0,15,1
TRAJ-MICRO-V1,12101,218,zero_scale,,,0-0;1-2;2-4,0-0;1-2;2-4,0-0;1-2;2-4,0-0|1-2|2-4|NULL,0-0|1-2|2-4|NULL,3,4,4,2,8,32,1,1,1,0,0.0,15,1
TRAJ-MICRO-V1,12101,219,configured_scale,,,0-1;1-2;2-0,0-1;1-2;2-0,0-1;1-2;2-0,2-0|0-1|1-2|NULL,2-0|0-1|1-2|NULL,3,4,4,2,8,32,1,1,1,0,0.0,15,1
TRAJ-MICRO-V1,12101,219,zero_scale,,,0-0;1-1;2-3,0-0;1-1;2-3,0-0;1-1;2-3,1-1|0-0|2-3|NULL,1-1|0-0|2-3|NULL,3,4,4,2,8,32,1,1,1,0,0.0,15,1
TRAJ-MICRO-V1,12101,220,configured_scale,,,0-1;1-0;2-4,0-1;1-0;2-4,0-1;1-0;2-4,1-0|0-1|2-4|NULL,1-0|0-1|2-4|NULL,3,4,4,2,8,32,1,1,1,0,0.0,15,1
TRAJ-MICRO-V1,12101,220,zero_scale,,,0-1;1-2;2-4,0-1;1-2;2-4,0-1;1-2;2-4,0-1|1-2|2-4|NULL,0-1|1-2|2-4|NULL,3,4,4,2,8,32,1,1,1,0,0.0,15,1
TRAJ-MICRO-V1,12101,221,configured_scale,,,0-3;1-2;2-1,0-3;1-2;2-1,0-3;1-2;2-1,1-2|2-1|0-3|NULL,1-2|2-1|0-3|NULL,3,4,4,2,8,32,1,1,1,0,0.0,15,1
TRAJ-MICRO-V1,12101,221,zero_scale,,,0-3;1-2;2-1,0-3;1-2;2-1,0-3;1-2;2-1,1-2|2-1|0-3|NULL,1-2|2-1|0-3|NULL,3,4,4,2,8,32,1,1,1,0,0.0,15,1
TRAJ-MICRO-V1,12101,222,configured_scale,,,0-1;1-2;2-0,0-1;1-2;2-0,0-1;1-2;2-0,1-2|2-0|0-1|NULL,1-2|2-0|0-1|NULL,3,4,4,2,8,32,1,1,1,0,0.0,15,1
TRAJ-MICRO-V1,12101,222,zero_scale,,,0-2;1-1;2-3,0-2;1-1;2-3,0-2;1-1;2-3,1-1|0-2|2-3|NULL,1-1|0-2|2-3|NULL,3,4,4,2,8,32,1,1,1,0,0.0,15,1
TRAJ-MICRO-V1,12101,223,configured_scale,,,0-1;1-2;2-4,0-1;1-2;2-4,0-1;1-2;2-4,1-2|0-1|2-4|NULL,1-2|0-1|2-4|NULL,3,4,4,2,8,32,1,1,1,0,0.0,15,1
TRAJ-MICRO-V1,12101,223,zero_scale,,,0-1;1-2;2-4,0-1;1-2;2-4,0-1;1-2;2-4,1-2|0-1|2-4|NULL,1-2|0-1|2-4|NULL,3,4,4,2,8,32,1,1,1,0,0.0,15,1
TRAJ-MICRO-V1,12101,224,configured_scale,,,0-1;1-2;2-4,0-1;1-2;2-4,0-1;1-2;2-4,1-2|0-1|2-4|NULL,1-2|0-1|2-4|NULL,3,4,4,2,8,32,1,1,1,0,0.0,15,1
TRAJ-MICRO-V1,12101,224,zero_scale,,,0-3;1-2;2-1,0-3;1-2;2-1,0-3;1-2;2-1,1-2|0-3|2-1|NULL,1-2|0-3|2-1|NULL,3,4,4,2,8,32,1,1,1,0,0.0,15,1
TRAJ-MICRO-V1,12101,225,configured_scale,,,0-1;1-2;2-0,0-1;1-2;2-0,0-1;1-2;2-0,1-2|0-1|2-0|NULL,1-2|0-1|2-0|NULL,3,4,4,2,8,32,1,1,1,0,0.0,15,1
TRAJ-MICRO-V1,12101,225,zero_scale,,,0-1;1-2;2-3,0-1;1-2;2-3,0-1;1-2;2-3,1-2|0-1|2-3|NULL,1-2|0-1|2-3|NULL,3,4,4,2,8,32,1,1,1,0,0.0,15,1
TRAJ-MICRO-V1,12101,226,configured_scale,,,0-1;1-0;2-2,0-1;1-0;2-2,0-1;1-0;2-2,0-1|1-0|2-2|NULL,0-1|1-0|2-2|NULL,3,4,4,2,8,32,1,1,1,0,0.0,15,1
TRAJ-MICRO-V1,12101,226,zero_scale,,,0-1;1-2;2-3,0-1;1-2;2-3,0-1;1-2;2-3,0-1|1-2|2-3|NULL,0-1|1-2|2-3|NULL,3,4,4,2,8,32,1,1,1,0,0.0,15,1
TRAJ-MICRO-V1,12101,227,configured_scale,,,0-0;1-3;2-4,0-0;1-3;2-4,0-0;1-3;2-4,0-0|1-3|2-4|NULL,0-0|1-3|2-4|NULL,3,4,4,2,8,32,1,1,1,0,0.0,15,1
TRAJ-MICRO-V1,12101,227,zero_scale,,,0-0;1-2;2-4,0-0;1-2;2-4,0-0;1-2;2-4,0-0|1-2|2-4|NULL,0-0|1-2|2-4|NULL,3,4,4,2,8,32,1,1,1,0,0.0,15,1
TRAJ-MICRO-V1,12101,228,configured_scale,,,0-0;1-4;2-3,0-0;1-4;2-3,0-0;1-4;2-3,0-0|2-3|1-4|NULL,0-0|2-3|1-4|NULL,3,4,4,2,8,32,1,1,1,0,0.0,15,1
TRAJ-MICRO-V1,12101,228,zero_scale,,,0-1;1-2;2-3,0-1;1-2;2-3,0-1;1-2;2-3,0-1|2-3|1-2|NULL,0-1|2-3|1-2|NULL,3,4,4,2,8,32,1,1,1,0,0.0,15,1
TRAJ-MICRO-V1,12101,229,configured_scale,,,0-4;1-3;2-2,0-4;1-3;2-2,0-4;1-3;2-2,0-4|1-3|2-2|NULL,0-4|1-3|2-2|NULL,3,4,4,2,8,32,1,1,1,0,0.0,15,1
TRAJ-MICRO-V1,12101,229,zero_scale,,,0-1;1-3;2-4,0-1;1-3;2-4,0-1;1-3;2-4,0-1|1-3|2-4|NULL,0-1|1-3|2-4|NULL,3,4,4,2,8,32,1,1,1,0,0.0,15,1
TRAJ-MICRO-V1,12101,230,configured_scale,,,0-3;1-2;2-4,0-3;1-2;2-4,0-3;1-2;2-4,2-4|0-3|1-2|NULL,2-4|0-3|1-2|NULL,3,4,4,2,8,32,1,1,1,0,0.0,15,1
TRAJ-MICRO-V1,12101,230,zero_scale,,,0-0;1-2;2-4,0-0;1-2;2-4,0-0;1-2;2-4,2-4|0-0|1-2|NULL,2-4|0-0|1-2|NULL,3,4,4,2,8,32,1,1,1,0,0.0,15,1
TRAJ-MICRO-V1,12101,231,configured_scale,,,0-2;1-3;2-4,0-2;1-3;2-4,0-2;1-3;2-4,2-4|0-2|1-3|NULL,2-4|0-2|1-3|NULL,3,4,4,2,8,32,1,1,1,0,0.0,15,1
TRAJ-MICRO-V1,12101,231,zero_scale,,,0-2;1-3;2-4,0-2;1-3;2-4,0-2;1-3;2-4,2-4|0-2|1-3|NULL,2-4|0-2|1-3|NULL,3,4,4,2,8,32,1,1,1,0,0.0,15,1
TRAJ-MICRO-V1,12101,232,configured_scale,,,0-1;1-3;2-4,0-1;1-3;2-4,0-1;1-3;2-4,2-4|0-1|1-3|NULL,2-4|0-1|1-3|NULL,3,4,4,2,8,32,1,1,1,0,0.0,15,1
TRAJ-MICRO-V1,12101,232,zero_scale,,,0-1;1-3;2-4,0-1;1-3;2-4,0-1;1-3;2-4,2-4|1-3|0-1|NULL,2-4|1-3|0-1|NULL,3,4,4,2,8,32,1,1,1,0,0.0,15,1
TRAJ-MICRO-V1,12101,233,configured_scale,,,0-0;1-3;2-4,0-0;1-3;2-4,0-0;1-3;2-4,2-4|1-3|0-0|NULL,2-4|1-3|0-0|NULL,3,4,4,2,8,32,1,1,1,0,0.0,15,1
TRAJ-MICRO-V1,12101,233,zero_scale,,,0-0;1-3;2-4,0-0;1-3;2-4,0-0;1-3;2-4,2-4|1-3|0-0|NULL,2-4|1-3|0-0|NULL,3,4,4,2,8,32,1,1,1,0,0.0,15,1
TRAJ-MICRO-V1,12101,234,configured_scale,,,0-2;1-3;2-4,0-2;1-3;2-4,0-2;1-3;2-4,2-4|1-3|0-2|NULL,2-4|1-3|0-2|NULL,3,4,4,2,8,32,1,1,1,0,0.0,15,1
TRAJ-MICRO-V1,12101,234,zero_scale,,,0-2;1-4;2-3,0-2;1-4;2-3,0-2;1-4;2-3,1-4|2-3|0-2|NULL,1-4|2-3|0-2|NULL,3,4,4,2,8,32,1,1,1,0,0.0,15,1
TRAJ-MICRO-V1,12101,235,configured_scale,,,0-1;1-3;2-4,0-1;1-3;2-4,0-1;1-3;2-4,2-4|1-3|0-1|NULL,2-4|1-3|0-1|NULL,3,4,4,2,8,32,1,1,1,0,0.0,15,1
TRAJ-MICRO-V1,12101,235,zero_scale,,,0-1;1-3;2-4,0-1;1-3;2-4,0-1;1-3;2-4,1-3|2-4|0-1|NULL,1-3|2-4|0-1|NULL,3,4,4,2,8,32,1,1,1,0,0.0,15,1
TRAJ-MICRO-V1,12101,236,configured_scale,,,0-3;1-2;2-4,0-3;1-2;2-4,0-3;1-2;2-4,2-4|1-2|0-3|NULL,2-4|1-2|0-3|NULL,3,4,4,2,8,32,1,1,1,0,0.0,15,1
TRAJ-MICRO-V1,12101,236,zero_scale,,,0-3;1-2;2-4,0-3;1-2;2-4,0-3;1-2;2-4,1-2|2-4|0-3|NULL,1-2|2-4|0-3|NULL,3,4,4,2,8,32,1,1,1,0,0.0,15,1
TRAJ-MICRO-V1,12101,237,configured_scale,,,0-1;1-2;2-3,0-1;1-2;2-3,0-1;1-2;2-3,2-3|1-2|0-1|NULL,2-3|1-2|0-1|NULL,3,4,4,2,8,32,1,1,1,0,0.0,15,1
TRAJ-MICRO-V1,12101,237,zero_scale,,,0-1;1-2;2-3,0-1;1-2;2-3,0-1;1-2;2-3,2-3|1-2|0-1|NULL,2-3|1-2|0-1|NULL,3,4,4,2,8,32,1,1,1,0,0.0,15,1
TRAJ-MICRO-V1,12101,238,configured_scale,,,0-4;1-3;2-2,0-4;1-3;2-2,0-4;1-3;2-2,1-3|2-2|0-4|NULL,1-3|2-2|0-4|NULL,3,4,4,2,8,32,1,1,1,0,0.0,15,1
TRAJ-MICRO-V1,12101,238,zero_scale,,,0-1;1-3;2-2,0-1;1-3;2-2,0-1;1-3;2-2,1-3|0-1|2-2|NULL,1-3|0-1|2-2|NULL,3,4,4,2,8,32,1,1,1,0,0.0,15,1
TRAJ-MICRO-V1,12101,239,configured_scale,,,0-3;1-2;2-4,0-3;1-2;2-4,0-3;1-2;2-4,1-2|2-4|0-3|NULL,1-2|2-4|0-3|NULL,3,4,4,2,8,32,1,1,1,0,0.0,15,1
TRAJ-MICRO-V1,12101,239,zero_scale,,,0-3;1-2;2-4,0-3;1-2;2-4,0-3;1-2;2-4,1-2|0-3|2-4|NULL,1-2|0-3|2-4|NULL,3,4,4,2,8,32,1,1,1,0,0.0,15,1
TRAJ-MICRO-V1,12101,240,configured_scale,,,0-1;1-2;2-3,0-1;1-2;2-3,0-1;1-2;2-3,1-2|2-3|0-1|NULL,1-2|2-3|0-1|NULL,3,4,4,2,8,32,1,1,1,0,0.0,15,1
TRAJ-MICRO-V1,12101,240,zero_scale,,,0-1;1-2;2-3,0-1;1-2;2-3,0-1;1-2;2-3,1-2|2-3|0-1|NULL,1-2|2-3|0-1|NULL,3,4,4,2,8,32,1,1,1,0,0.0,15,1
TRAJ-MICRO-V1,12107,1,exploration_public_assignment,3,4,0-0;1-2;2-1,0-0;1-2;2-1,0-0;1-2;2-1,PUBLIC:0-0;1-2;2-1,PUBLIC:0-0;1-2;2-1,3,0,0,0,0,0,1,1,1,0,0.0,15,1
TRAJ-MICRO-V1,12107,2,exploration_public_assignment,10,11,0-0;1-4;2-2,0-0;1-4;2-2,0-0;1-4;2-2,PUBLIC:0-0;1-4;2-2,PUBLIC:0-0;1-4;2-2,3,0,0,0,0,0,1,1,1,0,0.0,15,1
TRAJ-MICRO-V1,12107,3,exploration_public_assignment,17,18,0-1;1-2;2-4,0-1;1-2;2-4,0-1;1-2;2-4,PUBLIC:0-1;1-2;2-4,PUBLIC:0-1;1-2;2-4,3,0,0,0,0,0,1,1,1,0,0.0,15,1
TRAJ-MICRO-V1,12107,4,exploration_public_assignment,24,25,0-2;1-0;2-1,0-2;1-0;2-1,0-2;1-0;2-1,PUBLIC:0-2;1-0;2-1,PUBLIC:0-2;1-0;2-1,3,0,0,0,0,0,1,1,1,0,0.0,15,1
TRAJ-MICRO-V1,12107,5,exploration_public_assignment,31,32,0-2;1-3;2-1,0-2;1-3;2-1,0-2;1-3;2-1,PUBLIC:0-2;1-3;2-1,PUBLIC:0-2;1-3;2-1,3,0,0,0,0,0,1,1,1,0,0.0,15,1
TRAJ-MICRO-V1,12107,6,exploration_public_assignment,38,39,0-3;1-0;2-4,0-3;1-0;2-4,0-3;1-0;2-4,PUBLIC:0-3;1-0;2-4,PUBLIC:0-3;1-0;2-4,3,0,0,0,0,0,1,1,1,0,0.0,15,1
TRAJ-MICRO-V1,12107,7,exploration_public_assignment,45,46,0-3;1-4;2-0,0-3;1-4;2-0,0-3;1-4;2-0,PUBLIC:0-3;1-4;2-0,PUBLIC:0-3;1-4;2-0,3,0,0,0,0,0,1,1,1,0,0.0,15,1
TRAJ-MICRO-V1,12107,8,exploration_public_assignment,52,53,0-4;1-1;2-2,0-4;1-1;2-2,0-4;1-1;2-2,PUBLIC:0-4;1-1;2-2,PUBLIC:0-4;1-1;2-2,3,0,0,0,0,0,1,1,1,0,0.0,15,1
TRAJ-MICRO-V1,12107,9,exploration_public_assignment,59,60,0-4;1-3;2-2,0-4;1-3;2-2,0-4;1-3;2-2,PUBLIC:0-4;1-3;2-2,PUBLIC:0-4;1-3;2-2,3,0,0,0,0,0,1,1,1,0,0.0,15,1
TRAJ-MICRO-V1,12107,10,exploration_public_assignment,6,7,0-0;1-3;2-1,0-0;1-3;2-1,0-0;1-3;2-1,PUBLIC:0-0;1-3;2-1,PUBLIC:0-0;1-3;2-1,3,0,0,0,0,0,1,1,1,0,0.0,15,1
TRAJ-MICRO-V1,12107,11,exploration_public_assignment,13,14,0-1;1-0;2-3,0-1;1-0;2-3,0-1;1-0;2-3,PUBLIC:0-1;1-0;2-3,PUBLIC:0-1;1-0;2-3,3,0,0,0,0,0,1,1,1,0,0.0,15,1
TRAJ-MICRO-V1,12107,12,exploration_public_assignment,20,21,0-1;1-3;2-4,0-1;1-3;2-4,0-1;1-3;2-4,PUBLIC:0-1;1-3;2-4,PUBLIC:0-1;1-3;2-4,3,0,0,0,0,0,1,1,1,0,0.0,15,1
TRAJ-MICRO-V1,12107,13,exploration_public_assignment,27,28,0-2;1-1;2-0,0-2;1-1;2-0,0-2;1-1;2-0,PUBLIC:0-2;1-1;2-0,PUBLIC:0-2;1-1;2-0,3,0,0,0,0,0,1,1,1,0,0.0,15,1
TRAJ-MICRO-V1,12107,14,exploration_public_assignment,34,35,0-2;1-4;2-1,0-2;1-4;2-1,0-2;1-4;2-1,PUBLIC:0-2;1-4;2-1,PUBLIC:0-2;1-4;2-1,3,0,0,0,0,0,1,1,1,0,0.0,15,1
TRAJ-MICRO-V1,12107,15,exploration_public_assignment,41,42,0-3;1-1;2-4,0-3;1-1;2-4,0-3;1-1;2-4,PUBLIC:0-3;1-1;2-4,PUBLIC:0-3;1-1;2-4,3,0,0,0,0,0,1,1,1,0,0.0,15,1
TRAJ-MICRO-V1,12107,16,exploration_public_assignment,48,49,0-4;1-0;2-1,0-4;1-0;2-1,0-4;1-0;2-1,PUBLIC:0-4;1-0;2-1,PUBLIC:0-4;1-0;2-1,3,0,0,0,0,0,1,1,1,0,0.0,15,1
TRAJ-MICRO-V1,12107,17,exploration_public_assignment,55,56,0-4;1-2;2-1,0-4;1-2;2-1,0-4;1-2;2-1,PUBLIC:0-4;1-2;2-1,PUBLIC:0-4;1-2;2-1,3,0,0,0,0,0,1,1,1,0,0.0,15,1
TRAJ-MICRO-V1,12107,18,exploration_public_assignment,2,3,0-0;1-1;2-4,0-0;1-1;2-4,0-0;1-1;2-4,PUBLIC:0-0;1-1;2-4,PUBLIC:0-0;1-1;2-4,3,0,0,0,0,0,1,1,1,0,0.0,15,1
TRAJ-MICRO-V1,12107,19,configured_scale,,,0-1;1-3;2-2,0-1;1-3;2-2,0-1;1-3;2-2,0-1|2-2|1-3|NULL,0-1|2-2|1-3|NULL,3,4,4,2,8,32,1,1,1,0,0.0,15,1
TRAJ-MICRO-V1,12107,19,zero_scale,,,0-1;1-3;2-2,0-1;1-3;2-2,0-1;1-3;2-2,0-1|1-3|2-2|NULL,0-1|1-3|2-2|NULL,3,4,4,2,8,32,1,1,1,0,0.0,15,1
TRAJ-MICRO-V1,12107,20,configured_scale,,,0-0;1-2;2-1,0-0;1-2;2-1,0-0;1-2;2-1,1-2|2-1|0-0|NULL,1-2|2-1|0-0|NULL,3,4,4,2,8,32,1,1,1,0,0.0,15,1
TRAJ-MICRO-V1,12107,20,zero_scale,,,0-0;1-2;2-1,0-0;1-2;2-1,0-0;1-2;2-1,1-2|0-0|2-1|NULL,1-2|0-0|2-1|NULL,3,4,4,2,8,32,1,1,1,0,0.0,15,1
TRAJ-MICRO-V1,12107,21,configured_scale,,,0-2;1-1;2-0,0-2;1-1;2-0,0-2;1-1;2-0,1-1|2-0|0-2|NULL,1-1|2-0|0-2|NULL,3,4,4,2,8,32,1,1,1,0,0.0,15,1
TRAJ-MICRO-V1,12107,21,zero_scale,,,0-2;1-1;2-3,0-2;1-1;2-3,0-2;1-1;2-3,1-1|0-2|2-3|NULL,1-1|0-2|2-3|NULL,3,4,4,2,8,32,1,1,1,0,0.0,15,1
TRAJ-MICRO-V1,12107,22,configured_scale,,,0-4;1-3;2-2,0-4;1-3;2-2,0-4;1-3;2-2,0-4|1-3|2-2|NULL,0-4|1-3|2-2|NULL,3,4,4,2,8,32,1,1,1,0,0.0,15,1
TRAJ-MICRO-V1,12107,22,zero_scale,,,0-1;1-3;2-2,0-1;1-3;2-2,0-1;1-3;2-2,0-1|1-3|2-2|NULL,0-1|1-3|2-2|NULL,3,4,4,2,8,32,1,1,1,0,0.0,15,1
TRAJ-MICRO-V1,12107,23,configured_scale,,,0-1;1-2;2-4,0-1;1-2;2-4,0-1;1-2;2-4,2-4|1-2|0-1|NULL,2-4|1-2|0-1|NULL,3,4,4,2,8,32,1,1,1,0,0.0,15,1
TRAJ-MICRO-V1,12107,23,zero_scale,,,0-0;1-2;2-4,0-0;1-2;2-4,0-0;1-2;2-4,0-0|1-2|2-4|NULL,0-0|1-2|2-4|NULL,3,4,4,2,8,32,1,1,1,0,0.0,15,1
TRAJ-MICRO-V1,12107,24,configured_scale,,,0-0;1-4;2-3,0-0;1-4;2-3,0-0;1-4;2-3,0-0|2-3|1-4|NULL,0-0|2-3|1-4|NULL,3,4,4,2,8,32,1,1,1,0,0.0,15,1
TRAJ-MICRO-V1,12107,24,zero_scale,,,0-0;1-1;2-3,0-0;1-1;2-3,0-0;1-1;2-3,0-0|1-1|2-3|NULL,0-0|1-1|2-3|NULL,3,4,4,2,8,32,1,1,1,0,0.0,15,1
TRAJ-MICRO-V1,12107,25,configured_scale,,,0-1;1-3;2-4,0-1;1-3;2-4,0-1;1-3;2-4,0-1|1-3|2-4|NULL,0-1|1-3|2-4|NULL,3,4,4,2,8,32,1,1,1,0,0.0,15,1
TRAJ-MICRO-V1,12107,25,zero_scale,,,0-1;1-0;2-2,0-1;1-0;2-2,0-1;1-0;2-2,0-1|1-0|2-2|NULL,0-1|1-0|2-2|NULL,3,4,4,2,8,32,1,1,1,0,0.0,15,1
TRAJ-MICRO-V1,12107,26,configured_scale,,,0-0;1-2;2-4,0-0;1-2;2-4,0-0;1-2;2-4,2-4|1-2|0-0|NULL,2-4|1-2|0-0|NULL,3,4,4,2,8,32,1,1,1,0,0.0,15,1
TRAJ-MICRO-V1,12107,26,zero_scale,,,0-0;1-2;2-4,0-0;1-2;2-4,0-0;1-2;2-4,0-0|1-2|2-4|NULL,0-0|1-2|2-4|NULL,3,4,4,2,8,32,1,1,1,0,0.0,15,1
TRAJ-MICRO-V1,12107,27,configured_scale,,,0-2;1-1;2-0,0-2;1-1;2-0,0-2;1-1;2-0,2-0|1-1|0-2|NULL,2-0|1-1|0-2|NULL,3,4,4,2,8,32,1,1,1,0,0.0,15,1
TRAJ-MICRO-V1,12107,27,zero_scale,,,0-0;1-1;2-3,0-0;1-1;2-3,0-0;1-1;2-3,0-0|1-1|2-3|NULL,0-0|1-1|2-3|NULL,3,4,4,2,8,32,1,1,1,0,0.0,15,1
TRAJ-MICRO-V1,12107,28,configured_scale,,,0-1;1-0;2-4,0-1;1-0;2-4,0-1;1-0;2-4,2-4|0-1|1-0|NULL,2-4|0-1|1-0|NULL,3,4,4,2,8,32,1,1,1,0,0.0,15,1
TRAJ-MICRO-V1,12107,28,zero_scale,,,0-1;1-0;2-4,0-1;1-0;2-4,0-1;1-0;2-4,2-4|0-1|1-0|NULL,2-4|0-1|1-0|NULL,3,4,4,2,8,32,1,1,1,0,0.0,15,1
TRAJ-MICRO-V1,12107,29,configured_scale,,,0-0;1-2;2-4,0-0;1-2;2-4,0-0;1-2;2-4,2-4|0-0|1-2|NULL,2-4|0-0|1-2|NULL,3,4,4,2,8,32,1,1,1,0,0.0,15,1
TRAJ-MICRO-V1,12107,29,zero_scale,,,0-0;1-2;2-4,0-0;1-2;2-4,0-0;1-2;2-4,2-4|0-0|1-2|NULL,2-4|0-0|1-2|NULL,3,4,4,2,8,32,1,1,1,0,0.0,15,1
TRAJ-MICRO-V1,12107,30,configured_scale,,,0-0;1-3;2-4,0-0;1-3;2-4,0-0;1-3;2-4,2-4|1-3|0-0|NULL,2-4|1-3|0-0|NULL,3,4,4,2,8,32,1,1,1,0,0.0,15,1
TRAJ-MICRO-V1,12107,30,zero_scale,,,0-0;1-4;2-3,0-0;1-4;2-3,0-0;1-4;2-3,2-3|1-4|0-0|NULL,2-3|1-4|0-0|NULL,3,4,4,2,8,32,1,1,1,0,0.0,15,1
TRAJ-MICRO-V1,12107,31,configured_scale,,,0-4;1-3;2-2,0-4;1-3;2-2,0-4;1-3;2-2,0-4|1-3|2-2|NULL,0-4|1-3|2-2|NULL,3,4,4,2,8,32,1,1,1,0,0.0,15,1
TRAJ-MICRO-V1,12107,31,zero_scale,,,0-4;1-3;2-2,0-4;1-3;2-2,0-4;1-3;2-2,1-3|0-4|2-2|NULL,1-3|0-4|2-2|NULL,3,4,4,2,8,32,1,1,1,0,0.0,15,1
TRAJ-MICRO-V1,12107,32,configured_scale,,,0-3;1-2;2-1,0-3;1-2;2-1,0-3;1-2;2-1,2-1|0-3|1-2|NULL,2-1|0-3|1-2|NULL,3,4,4,2,8,32,1,1,1,0,0.0,15,1
TRAJ-MICRO-V1,12107,32,zero_scale,,,0-0;1-2;2-1,0-0;1-2;2-1,0-0;1-2;2-1,1-2|0-0|2-1|NULL,1-2|0-0|2-1|NULL,3,4,4,2,8,32,1,1,1,0,0.0,15,1
TRAJ-MICRO-V1,12107,33,configured_scale,,,0-4;1-2;2-0,0-4;1-2;2-0,0-4;1-2;2-0,2-0|1-2|0-4|NULL,2-0|1-2|0-4|NULL,3,4,4,2,8,32,1,1,1,0,0.0,15,1
TRAJ-MICRO-V1,12107,33,zero_scale,,,0-2;1-1;2-0,0-2;1-1;2-0,0-2;1-1;2-0,0-2|1-1|2-0|NULL,0-2|1-1|2-0|NULL,3,4,4,2,8,32,1,1,1,0,0.0,15,1
TRAJ-MICRO-V1,12107,34,configured_scale,,,0-4;1-0;2-1,0-4;1-0;2-1,0-4;1-0;2-1,0-4|1-0|2-1|NULL,0-4|1-0|2-1|NULL,3,4,4,2,8,32,1,1,1,0,0.0,15,1
TRAJ-MICRO-V1,12107,34,zero_scale,,,0-4;1-3;2-2,0-4;1-3;2-2,0-4;1-3;2-2,0-4|1-3|2-2|NULL,0-4|1-3|2-2|NULL,3,4,4,2,8,32,1,1,1,0,0.0,15,1
TRAJ-MICRO-V1,12107,35,configured_scale,,,0-3;1-2;2-1,0-3;1-2;2-1,0-3;1-2;2-1,0-3|1-2|2-1|NULL,0-3|1-2|2-1|NULL,3,4,4,2,8,32,1,1,1,0,0.0,15,1
TRAJ-MICRO-V1,12107,35,zero_scale,,,0-0;1-2;2-1,0-0;1-2;2-1,0-0;1-2;2-1,0-0|1-2|2-1|NULL,0-0|1-2|2-1|NULL,3,4,4,2,8,32,1,1,1,0,0.0,15,1
TRAJ-MICRO-V1,12107,36,configured_scale,,,0-4;1-2;2-0,0-4;1-2;2-0,0-4;1-2;2-0,0-4|1-2|2-0|NULL,0-4|1-2|2-0|NULL,3,4,4,2,8,32,1,1,1,0,0.0,15,1
TRAJ-MICRO-V1,12107,36,zero_scale,,,0-2;1-1;2-3,0-2;1-1;2-3,0-2;1-1;2-3,0-2|1-1|2-3|NULL,0-2|1-1|2-3|NULL,3,4,4,2,8,32,1,1,1,0,0.0,15,1
TRAJ-MICRO-V1,12107,37,configured_scale,,,0-1;1-3;2-2,0-1;1-3;2-2,0-1;1-3;2-2,0-1|1-3|2-2|NULL,0-1|1-3|2-2|NULL,3,4,4,2,8,32,1,1,1,0,0.0,15,1
TRAJ-MICRO-V1,12107,37,zero_scale,,,0-1;1-3;2-2,0-1;1-3;2-2,0-1;1-3;2-2,0-1|1-3|2-2|NULL,0-1|1-3|2-2|NULL,3,4,4,2,8,32,1,1,1,0,0.0,15,1
TRAJ-MICRO-V1,12107,38,configured_scale,,,0-0;1-2;2-4,0-0;1-2;2-4,0-0;1-2;2-4,0-0|1-2|2-4|NULL,0-0|1-2|2-4|NULL,3,4,4,2,8,32,1,1,1,0,0.0,15,1
TRAJ-MICRO-V1,12107,38,zero_scale,,,0-0;1-2;2-4,0-0;1-2;2-4,0-0;1-2;2-4,0-0|1-2|2-4|NULL,0-0|1-2|2-4|NULL,3,4,4,2,8,32,1,1,1,0,0.0,15,1
TRAJ-MICRO-V1,12107,39,configured_scale,,,0-2;1-1;2-4,0-2;1-1;2-4,0-2;1-1;2-4,0-2|2-4|1-1|NULL,0-2|2-4|1-1|NULL,3,4,4,2,8,32,1,1,1,0,0.0,15,1
TRAJ-MICRO-V1,12107,39,zero_scale,,,0-2;1-1;2-3,0-2;1-1;2-3,0-2;1-1;2-3,0-2|2-3|1-1|NULL,0-2|2-3|1-1|NULL,3,4,4,2,8,32,1,1,1,0,0.0,15,1
TRAJ-MICRO-V1,12107,40,configured_scale,,,0-1;1-3;2-4,0-1;1-3;2-4,0-1;1-3;2-4,0-1|1-3|2-4|NULL,0-1|1-3|2-4|NULL,3,4,4,2,8,32,1,1,1,0,0.0,15,1
TRAJ-MICRO-V1,12107,40,zero_scale,,,0-1;1-3;2-4,0-1;1-3;2-4,0-1;1-3;2-4,0-1|1-3|2-4|NULL,0-1|1-3|2-4|NULL,3,4,4,2,8,32,1,1,1,0,0.0,15,1
TRAJ-MICRO-V1,12107,41,configured_scale,,,0-3;1-2;2-4,0-3;1-2;2-4,0-3;1-2;2-4,1-2|0-3|2-4|NULL,1-2|0-3|2-4|NULL,3,4,4,2,8,32,1,1,1,0,0.0,15,1
TRAJ-MICRO-V1,12107,41,zero_scale,,,0-0;1-2;2-4,0-0;1-2;2-4,0-0;1-2;2-4,1-2|0-0|2-4|NULL,1-2|0-0|2-4|NULL,3,4,4,2,8,32,1,1,1,0,0.0,15,1
TRAJ-MICRO-V1,12107,42,configured_scale,,,0-0;1-3;2-4,0-0;1-3;2-4,0-0;1-3;2-4,1-3|0-0|2-4|NULL,1-3|0-0|2-4|NULL,3,4,4,2,8,32,1,1,1,0,0.0,15,1
TRAJ-MICRO-V1,12107,42,zero_scale,,,0-2;1-1;2-3,0-2;1-1;2-3,0-2;1-1;2-3,2-3|1-1|0-2|NULL,2-3|1-1|0-2|NULL,3,4,4,2,8,32,1,1,1,0,0.0,15,1
TRAJ-MICRO-V1,12107,43,configured_scale,,,0-1;1-0;2-3,0-1;1-0;2-3,0-1;1-0;2-3,1-0|2-3|0-1|NULL,1-0|2-3|0-1|NULL,3,4,4,2,8,32,1,1,1,0,0.0,15,1
TRAJ-MICRO-V1,12107,43,zero_scale,,,0-1;1-3;2-4,0-1;1-3;2-4,0-1;1-3;2-4,1-3|0-1|2-4|NULL,1-3|0-1|2-4|NULL,3,4,4,2,8,32,1,1,1,0,0.0,15,1
TRAJ-MICRO-V1,12107,44,configured_scale,,,0-0;1-2;2-4,0-0;1-2;2-4,0-0;1-2;2-4,2-4|0-0|1-2|NULL,2-4|0-0|1-2|NULL,3,4,4,2,8,32,1,1,1,0,0.0,15,1
TRAJ-MICRO-V1,12107,44,zero_scale,,,0-0;1-2;2-4,0-0;1-2;2-4,0-0;1-2;2-4,1-2|2-4|0-0|NULL,1-2|2-4|0-0|NULL,3,4,4,2,8,32,1,1,1,0,0.0,15,1
TRAJ-MICRO-V1,12107,45,configured_scale,,,0-0;1-1;2-4,0-0;1-1;2-4,0-0;1-1;2-4,1-1|2-4|0-0|NULL,1-1|2-4|0-0|NULL,3,4,4,2,8,32,1,1,1,0,0.0,15,1
TRAJ-MICRO-V1,12107,45,zero_scale,,,0-2;1-1;2-4,0-2;1-1;2-4,0-2;1-1;2-4,1-1|2-4|0-2|NULL,1-1|2-4|0-2|NULL,3,4,4,2,8,32,1,1,1,0,0.0,15,1
TRAJ-MICRO-V1,12107,46,configured_scale,,,0-1;1-0;2-4,0-1;1-0;2-4,0-1;1-0;2-4,1-0|2-4|0-1|NULL,1-0|2-4|0-1|NULL,3,4,4,2,8,32,1,1,1,0,0.0,15,1
TRAJ-MICRO-V1,12107,46,zero_scale,,,0-1;1-2;2-4,0-1;1-2;2-4,0-1;1-2;2-4,1-2|2-4|0-1|NULL,1-2|2-4|0-1|NULL,3,4,4,2,8,32,1,1,1,0,0.0,15,1
TRAJ-MICRO-V1,12107,47,configured_scale,,,0-1;1-3;2-4,0-1;1-3;2-4,0-1;1-3;2-4,2-4|1-3|0-1|NULL,2-4|1-3|0-1|NULL,3,4,4,2,8,32,1,1,1,0,0.0,15,1
TRAJ-MICRO-V1,12107,47,zero_scale,,,0-3;1-2;2-4,0-3;1-2;2-4,0-3;1-2;2-4,2-4|1-2|0-3|NULL,2-4|1-2|0-3|NULL,3,4,4,2,8,32,1,1,1,0,0.0,15,1
TRAJ-MICRO-V1,12107,48,configured_scale,,,0-3;1-2;2-4,0-3;1-2;2-4,0-3;1-2;2-4,2-4|1-2|0-3|NULL,2-4|1-2|0-3|NULL,3,4,4,2,8,32,1,1,1,0,0.0,15,1
TRAJ-MICRO-V1,12107,48,zero_scale,,,0-3;1-2;2-4,0-3;1-2;2-4,0-3;1-2;2-4,2-4|1-2|0-3|NULL,2-4|1-2|0-3|NULL,3,4,4,2,8,32,1,1,1,0,0.0,15,1
TRAJ-MICRO-V1,12107,49,configured_scale,,,0-1;1-0;2-4,0-1;1-0;2-4,0-1;1-0;2-4,2-4|1-0|0-1|NULL,2-4|1-0|0-1|NULL,3,4,4,2,8,32,1,1,1,0,0.0,15,1
TRAJ-MICRO-V1,12107,49,zero_scale,,,0-1;1-3;2-4,0-1;1-3;2-4,0-1;1-3;2-4,2-4|1-3|0-1|NULL,2-4|1-3|0-1|NULL,3,4,4,2,8,32,1,1,1,0,0.0,15,1
TRAJ-MICRO-V1,12107,50,configured_scale,,,0-4;1-3;2-1,0-4;1-3;2-1,0-4;1-3;2-1,2-1|1-3|0-4|NULL,2-1|1-3|0-4|NULL,3,4,4,2,8,32,1,1,1,0,0.0,15,1
TRAJ-MICRO-V1,12107,50,zero_scale,,,0-3;1-2;2-4,0-3;1-2;2-4,0-3;1-2;2-4,2-4|1-2|0-3|NULL,2-4|1-2|0-3|NULL,3,4,4,2,8,32,1,1,1,0,0.0,15,1
TRAJ-MICRO-V1,12107,51,configured_scale,,,0-3;1-2;2-0,0-3;1-2;2-0,0-3;1-2;2-0,2-0|1-2|0-3|NULL,2-0|1-2|0-3|NULL,3,4,4,2,8,32,1,1,1,0,0.0,15,1
TRAJ-MICRO-V1,12107,51,zero_scale,,,0-1;1-2;2-3,0-1;1-2;2-3,0-1;1-2;2-3,2-3|1-2|0-1|NULL,2-3|1-2|0-1|NULL,3,4,4,2,8,32,1,1,1,0,0.0,15,1
TRAJ-MICRO-V1,12107,52,configured_scale,,,0-1;1-0;2-2,0-1;1-0;2-2,0-1;1-0;2-2,2-2|1-0|0-1|NULL,2-2|1-0|0-1|NULL,3,4,4,2,8,32,1,1,1,0,0.0,15,1
TRAJ-MICRO-V1,12107,52,zero_scale,,,0-1;1-3;2-2,0-1;1-3;2-2,0-1;1-3;2-2,2-2|1-3|0-1|NULL,2-2|1-3|0-1|NULL,3,4,4,2,8,32,1,1,1,0,0.0,15,1
TRAJ-MICRO-V1,12107,53,configured_scale,,,0-1;1-3;2-4,0-1;1-3;2-4,0-1;1-3;2-4,2-4|0-1|1-3|NULL,2-4|0-1|1-3|NULL,3,4,4,2,8,32,1,1,1,0,0.0,15,1
TRAJ-MICRO-V1,12107,53,zero_scale,,,0-0;1-2;2-4,0-0;1-2;2-4,0-0;1-2;2-4,2-4|1-2|0-0|NULL,2-4|1-2|0-0|NULL,3,4,4,2,8,32,1,1,1,0,0.0,15,1
TRAJ-MICRO-V1,12107,54,configured_scale,,,0-2;1-4;2-3,0-2;1-4;2-3,0-2;1-4;2-3,2-3|0-2|1-4|NULL,2-3|0-2|1-4|NULL,3,4,4,2,8,32,1,1,1,0,0.0,15,1
TRAJ-MICRO-V1,12107,54,zero_scale,,,0-1;1-2;2-3,0-1;1-2;2-3,0-1;1-2;2-3,2-3|0-1|1-2|NULL,2-3|0-1|1-2|NULL,3,4,4,2,8,32,1,1,1,0,0.0,15,1
TRAJ-MICRO-V1,12107,55,configured_scale,,,0-1;1-3;2-2,0-1;1-3;2-2,0-1;1-3;2-2,2-2|1-3|0-1|NULL,2-2|1-3|0-1|NULL,3,4,4,2,8,32,1,1,1,0,0.0,15,1
TRAJ-MICRO-V1,12107,55,zero_scale,,,0-1;1-3;2-2,0-1;1-3;2-2,0-1;1-3;2-2,2-2|0-1|1-3|NULL,2-2|0-1|1-3|NULL,3,4,4,2,8,32,1,1,1,0,0.0,15,1
TRAJ-MICRO-V1,12107,56,configured_scale,,,0-1;1-2;2-4,0-1;1-2;2-4,0-1;1-2;2-4,2-4|1-2|0-1|NULL,2-4|1-2|0-1|NULL,3,4,4,2,8,32,1,1,1,0,0.0,15,1
TRAJ-MICRO-V1,12107,56,zero_scale,,,0-0;1-2;2-4,0-0;1-2;2-4,0-0;1-2;2-4,2-4|1-2|0-0|NULL,2-4|1-2|0-0|NULL,3,4,4,2,8,32,1,1,1,0,0.0,15,1
TRAJ-MICRO-V1,12107,57,configured_scale,,,0-2;1-1;2-4,0-2;1-1;2-4,0-2;1-1;2-4,2-4|1-1|0-2|NULL,2-4|1-1|0-2|NULL,3,4,4,2,8,32,1,1,1,0,0.0,15,1
TRAJ-MICRO-V1,12107,57,zero_scale,,,0-2;1-1;2-4,0-2;1-1;2-4,0-2;1-1;2-4,2-4|1-1|0-2|NULL,2-4|1-1|0-2|NULL,3,4,4,2,8,32,1,1,1,0,0.0,15,1
TRAJ-MICRO-V1,12107,58,configured_scale,,,0-1;1-3;2-4,0-1;1-3;2-4,0-1;1-3;2-4,2-4|0-1|1-3|NULL,2-4|0-1|1-3|NULL,3,4,4,2,8,32,1,1,1,0,0.0,15,1
TRAJ-MICRO-V1,12107,58,zero_scale,,,0-1;1-3;2-4,0-1;1-3;2-4,0-1;1-3;2-4,2-4|0-1|1-3|NULL,2-4|0-1|1-3|NULL,3,4,4,2,8,32,1,1,1,0,0.0,15,1
TRAJ-MICRO-V1,12107,59,configured_scale,,,0-0;1-3;2-4,0-0;1-3;2-4,0-0;1-3;2-4,2-4|1-3|0-0|NULL,2-4|1-3|0-0|NULL,3,4,4,2,8,32,1,1,1,0,0.0,15,1
TRAJ-MICRO-V1,12107,59,zero_scale,,,0-0;1-2;2-4,0-0;1-2;2-4,0-0;1-2;2-4,2-4|1-2|0-0|NULL,2-4|1-2|0-0|NULL,3,4,4,2,8,32,1,1,1,0,0.0,15,1
TRAJ-MICRO-V1,12107,60,configured_scale,,,0-0;1-3;2-4,0-0;1-3;2-4,0-0;1-3;2-4,2-4|1-3|0-0|NULL,2-4|1-3|0-0|NULL,3,4,4,2,8,32,1,1,1,0,0.0,15,1
TRAJ-MICRO-V1,12107,60,zero_scale,,,0-1;1-4;2-3,0-1;1-4;2-3,0-1;1-4;2-3,2-3|1-4|0-1|NULL,2-3|1-4|0-1|NULL,3,4,4,2,8,32,1,1,1,0,0.0,15,1
TRAJ-MICRO-V1,12107,61,configured_scale,,,0-0;1-3;2-4,0-0;1-3;2-4,0-0;1-3;2-4,1-3|2-4|0-0|NULL,1-3|2-4|0-0|NULL,3,4,4,2,8,32,1,1,1,0,0.0,15,1
TRAJ-MICRO-V1,12107,61,zero_scale,,,0-1;1-3;2-4,0-1;1-3;2-4,0-1;1-3;2-4,1-3|2-4|0-1|NULL,1-3|2-4|0-1|NULL,3,4,4,2,8,32,1,1,1,0,0.0,15,1
TRAJ-MICRO-V1,12107,62,configured_scale,,,0-0;1-2;2-4,0-0;1-2;2-4,0-0;1-2;2-4,2-4|1-2|0-0|NULL,2-4|1-2|0-0|NULL,3,4,4,2,8,32,1,1,1,0,0.0,15,1
TRAJ-MICRO-V1,12107,62,zero_scale,,,0-0;1-2;2-4,0-0;1-2;2-4,0-0;1-2;2-4,1-2|2-4|0-0|NULL,1-2|2-4|0-0|NULL,3,4,4,2,8,32,1,1,1,0,0.0,15,1
TRAJ-MICRO-V1,12107,63,configured_scale,,,0-2;1-4;2-0,0-2;1-4;2-0,0-2;1-4;2-0,1-4|2-0|0-2|NULL,1-4|2-0|0-2|NULL,3,4,4,2,8,32,1,1,1,0,0.0,15,1
TRAJ-MICRO-V1,12107,63,zero_scale,,,0-1;1-2;2-0,0-1;1-2;2-0,0-1;1-2;2-0,1-2|2-0|0-1|NULL,1-2|2-0|0-1|NULL,3,4,4,2,8,32,1,1,1,0,0.0,15,1
TRAJ-MICRO-V1,12107,64,configured_scale,,,0-0;1-3;2-4,0-0;1-3;2-4,0-0;1-3;2-4,1-3|2-4|0-0|NULL,1-3|2-4|0-0|NULL,3,4,4,2,8,32,1,1,1,0,0.0,15,1
TRAJ-MICRO-V1,12107,64,zero_scale,,,0-1;1-3;2-2,0-1;1-3;2-2,0-1;1-3;2-2,1-3|0-1|2-2|NULL,1-3|0-1|2-2|NULL,3,4,4,2,8,32,1,1,1,0,0.0,15,1
TRAJ-MICRO-V1,12107,65,configured_scale,,,0-0;1-2;2-4,0-0;1-2;2-4,0-0;1-2;2-4,1-2|2-4|0-0|NULL,1-2|2-4|0-0|NULL,3,4,4,2,8,32,1,1,1,0,0.0,15,1
TRAJ-MICRO-V1,12107,65,zero_scale,,,0-0;1-2;2-4,0-0;1-2;2-4,0-0;1-2;2-4,1-2|0-0|2-4|NULL,1-2|0-0|2-4|NULL,3,4,4,2,8,32,1,1,1,0,0.0,15,1
TRAJ-MICRO-V1,12107,66,configured_scale,,,0-2;1-4;2-0,0-2;1-4;2-0,0-2;1-4;2-0,1-4|2-0|0-2|NULL,1-4|2-0|0-2|NULL,3,4,4,2,8,32,1,1,1,0,0.0,15,1
TRAJ-MICRO-V1,12107,66,zero_scale,,,0-0;1-4;2-3,0-0;1-4;2-3,0-0;1-4;2-3,1-4|2-3|0-0|NULL,1-4|2-3|0-0|NULL,3,4,4,2,8,32,1,1,1,0,0.0,15,1
TRAJ-MICRO-V1,12107,67,configured_scale,,,0-0;1-3;2-4,0-0;1-3;2-4,0-0;1-3;2-4,1-3|2-4|0-0|NULL,1-3|2-4|0-0|NULL,3,4,4,2,8,32,1,1,1,0,0.0,15,1
TRAJ-MICRO-V1,12107,67,zero_scale,,,0-1;1-3;2-4,0-1;1-3;2-4,0-1;1-3;2-4,1-3|0-1|2-4|NULL,1-3|0-1|2-4|NULL,3,4,4,2,8,32,1,1,1,0,0.0,15,1
TRAJ-MICRO-V1,12107,68,configured_scale,,,0-0;1-2;2-4,0-0;1-2;2-4,0-0;1-2;2-4,0-0|2-4|1-2|NULL,0-0|2-4|1-2|NULL,3,4,4,2,8,32,1,1,1,0,0.0,15,1
TRAJ-MICRO-V1,12107,68,zero_scale,,,0-0;1-2;2-4,0-0;1-2;2-4,0-0;1-2;2-4,0-0|2-4|1-2|NULL,0-0|2-4|1-2|NULL,3,4,4,2,8,32,1,1,1,0,0.0,15,1
TRAJ-MICRO-V1,12107,69,configured_scale,,,0-0;1-1;2-4,0-0;1-1;2-4,0-0;1-1;2-4,0-0|2-4|1-1|NULL,0-0|2-4|1-1|NULL,3,4,4,2,8,32,1,1,1,0,0.0,15,1
TRAJ-MICRO-V1,12107,69,zero_scale,,,0-0;1-1;2-4,0-0;1-1;2-4,0-0;1-1;2-4,0-0|1-1|2-4|NULL,0-0|1-1|2-4|NULL,3,4,4,2,8,32,1,1,1,0,0.0,15,1
TRAJ-MICRO-V1,12107,70,configured_scale,,,0-1;1-0;2-4,0-1;1-0;2-4,0-1;1-0;2-4,0-1|1-0|2-4|NULL,0-1|1-0|2-4|NULL,3,4,4,2,8,32,1,1,1,0,0.0,15,1
TRAJ-MICRO-V1,12107,70,zero_scale,,,0-1;1-0;2-4,0-1;1-0;2-4,0-1;1-0;2-4,0-1|1-0|2-4|NULL,0-1|1-0|2-4|NULL,3,4,4,2,8,32,1,1,1,0,0.0,15,1
TRAJ-MICRO-V1,12107,71,configured_scale,,,0-0;1-2;2-4,0-0;1-2;2-4,0-0;1-2;2-4,0-0|1-2|2-4|NULL,0-0|1-2|2-4|NULL,3,4,4,2,8,32,1,1,1,0,0.0,15,1
TRAJ-MICRO-V1,12107,71,zero_scale,,,0-0;1-2;2-4,0-0;1-2;2-4,0-0;1-2;2-4,0-0|1-2|2-4|NULL,0-0|1-2|2-4|NULL,3,4,4,2,8,32,1,1,1,0,0.0,15,1
TRAJ-MICRO-V1,12107,72,configured_scale,,,0-0;1-1;2-3,0-0;1-1;2-3,0-0;1-1;2-3,0-0|1-1|2-3|NULL,0-0|1-1|2-3|NULL,3,4,4,2,8,32,1,1,1,0,0.0,15,1
TRAJ-MICRO-V1,12107,72,zero_scale,,,0-0;1-1;2-3,0-0;1-1;2-3,0-0;1-1;2-3,0-0|1-1|2-3|NULL,0-0|1-1|2-3|NULL,3,4,4,2,8,32,1,1,1,0,0.0,15,1
TRAJ-MICRO-V1,12107,73,configured_scale,,,0-1;1-0;2-2,0-1;1-0;2-2,0-1;1-0;2-2,0-1|1-0|2-2|NULL,0-1|1-0|2-2|NULL,3,4,4,2,8,32,1,1,1,0,0.0,15,1
TRAJ-MICRO-V1,12107,73,zero_scale,,,0-1;1-0;2-2,0-1;1-0;2-2,0-1;1-0;2-2,0-1|1-0|2-2|NULL,0-1|1-0|2-2|NULL,3,4,4,2,8,32,1,1,1,0,0.0,15,1
TRAJ-MICRO-V1,12107,74,configured_scale,,,0-1;1-2;2-4,0-1;1-2;2-4,0-1;1-2;2-4,0-1|1-2|2-4|NULL,0-1|1-2|2-4|NULL,3,4,4,2,8,32,1,1,1,0,0.0,15,1
TRAJ-MICRO-V1,12107,74,zero_scale,,,0-1;1-2;2-4,0-1;1-2;2-4,0-1;1-2;2-4,0-1|1-2|2-4|NULL,0-1|1-2|2-4|NULL,3,4,4,2,8,32,1,1,1,0,0.0,15,1
TRAJ-MICRO-V1,12107,75,configured_scale,,,0-1;1-2;2-0,0-1;1-2;2-0,0-1;1-2;2-0,1-2|0-1|2-0|NULL,1-2|0-1|2-0|NULL,3,4,4,2,8,32,1,1,1,0,0.0,15,1
TRAJ-MICRO-V1,12107,75,zero_scale,,,0-2;1-1;2-3,0-2;1-1;2-3,0-2;1-1;2-3,0-2|1-1|2-3|NULL,0-2|1-1|2-3|NULL,3,4,4,2,8,32,1,1,1,0,0.0,15,1
TRAJ-MICRO-V1,12107,76,configured_scale,,,0-1;1-2;2-3,0-1;1-2;2-3,0-1;1-2;2-3,1-2|0-1|2-3|NULL,1-2|0-1|2-3|NULL,3,4,4,2,8,32,1,1,1,0,0.0,15,1
TRAJ-MICRO-V1,12107,76,zero_scale,,,0-1;1-2;2-3,0-1;1-2;2-3,0-1;1-2;2-3,1-2|0-1|2-3|NULL,1-2|0-1|2-3|NULL,3,4,4,2,8,32,1,1,1,0,0.0,15,1
TRAJ-MICRO-V1,12107,77,configured_scale,,,0-3;1-2;2-1,0-3;1-2;2-1,0-3;1-2;2-1,1-2|2-1|0-3|NULL,1-2|2-1|0-3|NULL,3,4,4,2,8,32,1,1,1,0,0.0,15,1
TRAJ-MICRO-V1,12107,77,zero_scale,,,0-3;1-2;2-1,0-3;1-2;2-1,0-3;1-2;2-1,1-2|0-3|2-1|NULL,1-2|0-3|2-1|NULL,3,4,4,2,8,32,1,1,1,0,0.0,15,1
TRAJ-MICRO-V1,12107,78,configured_scale,,,0-1;1-2;2-3,0-1;1-2;2-3,0-1;1-2;2-3,2-3|1-2|0-1|NULL,2-3|1-2|0-1|NULL,3,4,4,2,8,32,1,1,1,0,0.0,15,1
TRAJ-MICRO-V1,12107,78,zero_scale,,,0-1;1-2;2-3,0-1;1-2;2-3,0-1;1-2;2-3,2-3|1-2|0-1|NULL,2-3|1-2|0-1|NULL,3,4,4,2,8,32,1,1,1,0,0.0,15,1
TRAJ-MICRO-V1,12107,79,configured_scale,,,0-4;1-2;2-3,0-4;1-2;2-3,0-4;1-2;2-3,2-3|1-2|0-4|NULL,2-3|1-2|0-4|NULL,3,4,4,2,8,32,1,1,1,0,0.0,15,1
TRAJ-MICRO-V1,12107,79,zero_scale,,,0-1;1-3;2-2,0-1;1-3;2-2,0-1;1-3;2-2,1-3|2-2|0-1|NULL,1-3|2-2|0-1|NULL,3,4,4,2,8,32,1,1,1,0,0.0,15,1
TRAJ-MICRO-V1,12107,80,configured_scale,,,0-3;1-2;2-4,0-3;1-2;2-4,0-3;1-2;2-4,2-4|1-2|0-3|NULL,2-4|1-2|0-3|NULL,3,4,4,2,8,32,1,1,1,0,0.0,15,1
TRAJ-MICRO-V1,12107,80,zero_scale,,,0-3;1-2;2-4,0-3;1-2;2-4,0-3;1-2;2-4,1-2|2-4|0-3|NULL,1-2|2-4|0-3|NULL,3,4,4,2,8,32,1,1,1,0,0.0,15,1
TRAJ-MICRO-V1,12107,81,configured_scale,,,0-1;1-2;2-4,0-1;1-2;2-4,0-1;1-2;2-4,2-4|1-2|0-1|NULL,2-4|1-2|0-1|NULL,3,4,4,2,8,32,1,1,1,0,0.0,15,1
TRAJ-MICRO-V1,12107,81,zero_scale,,,0-1;1-2;2-3,0-1;1-2;2-3,0-1;1-2;2-3,2-3|0-1|1-2|NULL,2-3|0-1|1-2|NULL,3,4,4,2,8,32,1,1,1,0,0.0,15,1
TRAJ-MICRO-V1,12107,82,configured_scale,,,0-1;1-3;2-4,0-1;1-3;2-4,0-1;1-3;2-4,2-4|0-1|1-3|NULL,2-4|0-1|1-3|NULL,3,4,4,2,8,32,1,1,1,0,0.0,15,1
TRAJ-MICRO-V1,12107,82,zero_scale,,,0-1;1-3;2-4,0-1;1-3;2-4,0-1;1-3;2-4,0-1|2-4|1-3|NULL,0-1|2-4|1-3|NULL,3,4,4,2,8,32,1,1,1,0,0.0,15,1
TRAJ-MICRO-V1,12107,83,configured_scale,,,0-0;1-3;2-4,0-0;1-3;2-4,0-0;1-3;2-4,2-4|0-0|1-3|NULL,2-4|0-0|1-3|NULL,3,4,4,2,8,32,1,1,1,0,0.0,15,1
TRAJ-MICRO-V1,12107,83,zero_scale,,,0-0;1-2;2-4,0-0;1-2;2-4,0-0;1-2;2-4,2-4|0-0|1-2|NULL,2-4|0-0|1-2|NULL,3,4,4,2,8,32,1,1,1,0,0.0,15,1
TRAJ-MICRO-V1,12107,84,configured_scale,,,0-0;1-3;2-4,0-0;1-3;2-4,0-0;1-3;2-4,2-4|1-3|0-0|NULL,2-4|1-3|0-0|NULL,3,4,4,2,8,32,1,1,1,0,0.0,15,1
TRAJ-MICRO-V1,12107,84,zero_scale,,,0-2;1-3;2-4,0-2;1-3;2-4,0-2;1-3;2-4,2-4|0-2|1-3|NULL,2-4|0-2|1-3|NULL,3,4,4,2,8,32,1,1,1,0,0.0,15,1
TRAJ-MICRO-V1,12107,85,configured_scale,,,0-1;1-3;2-4,0-1;1-3;2-4,0-1;1-3;2-4,2-4|1-3|0-1|NULL,2-4|1-3|0-1|NULL,3,4,4,2,8,32,1,1,1,0,0.0,15,1
TRAJ-MICRO-V1,12107,85,zero_scale,,,0-1;1-3;2-4,0-1;1-3;2-4,0-1;1-3;2-4,2-4|1-3|0-1|NULL,2-4|1-3|0-1|NULL,3,4,4,2,8,32,1,1,1,0,0.0,15,1
TRAJ-MICRO-V1,12107,86,configured_scale,,,0-3;1-2;2-4,0-3;1-2;2-4,0-3;1-2;2-4,2-4|0-3|1-2|NULL,2-4|0-3|1-2|NULL,3,4,4,2,8,32,1,1,1,0,0.0,15,1
TRAJ-MICRO-V1,12107,86,zero_scale,,,0-3;1-2;2-4,0-3;1-2;2-4,0-3;1-2;2-4,2-4|0-3|1-2|NULL,2-4|0-3|1-2|NULL,3,4,4,2,8,32,1,1,1,0,0.0,15,1
TRAJ-MICRO-V1,12107,87,configured_scale,,,0-2;1-3;2-4,0-2;1-3;2-4,0-2;1-3;2-4,2-4|0-2|1-3|NULL,2-4|0-2|1-3|NULL,3,4,4,2,8,32,1,1,1,0,0.0,15,1
TRAJ-MICRO-V1,12107,87,zero_scale,,,0-2;1-3;2-4,0-2;1-3;2-4,0-2;1-3;2-4,2-4|1-3|0-2|NULL,2-4|1-3|0-2|NULL,3,4,4,2,8,32,1,1,1,0,0.0,15,1
TRAJ-MICRO-V1,12107,88,configured_scale,,,0-1;1-3;2-4,0-1;1-3;2-4,0-1;1-3;2-4,2-4|1-3|0-1|NULL,2-4|1-3|0-1|NULL,3,4,4,2,8,32,1,1,1,0,0.0,15,1
TRAJ-MICRO-V1,12107,88,zero_scale,,,0-1;1-3;2-4,0-1;1-3;2-4,0-1;1-3;2-4,2-4|1-3|0-1|NULL,2-4|1-3|0-1|NULL,3,4,4,2,8,32,1,1,1,0,0.0,15,1
TRAJ-MICRO-V1,12107,89,configured_scale,,,0-0;1-2;2-3,0-0;1-2;2-3,0-0;1-2;2-3,2-3|0-0|1-2|NULL,2-3|0-0|1-2|NULL,3,4,4,2,8,32,1,1,1,0,0.0,15,1
TRAJ-MICRO-V1,12107,89,zero_scale,,,0-0;1-3;2-4,0-0;1-3;2-4,0-0;1-3;2-4,2-4|1-3|0-0|NULL,2-4|1-3|0-0|NULL,3,4,4,2,8,32,1,1,1,0,0.0,15,1
TRAJ-MICRO-V1,12107,90,configured_scale,,,0-3;1-2;2-4,0-3;1-2;2-4,0-3;1-2;2-4,0-3|1-2|2-4|NULL,0-3|1-2|2-4|NULL,3,4,4,2,8,32,1,1,1,0,0.0,15,1
TRAJ-MICRO-V1,12107,90,zero_scale,,,0-2;1-3;2-4,0-2;1-3;2-4,0-2;1-3;2-4,1-3|0-2|2-4|NULL,1-3|0-2|2-4|NULL,3,4,4,2,8,32,1,1,1,0,0.0,15,1
TRAJ-MICRO-V1,12107,91,configured_scale,,,0-4;1-2;2-3,0-4;1-2;2-3,0-4;1-2;2-3,0-4|1-2|2-3|NULL,0-4|1-2|2-3|NULL,3,4,4,2,8,32,1,1,1,0,0.0,15,1
TRAJ-MICRO-V1,12107,91,zero_scale,,,0-1;1-3;2-2,0-1;1-3;2-2,0-1;1-3;2-2,0-1|1-3|2-2|NULL,0-1|1-3|2-2|NULL,3,4,4,2,8,32,1,1,1,0,0.0,15,1
TRAJ-MICRO-V1,12107,92,configured_scale,,,0-3;1-2;2-1,0-3;1-2;2-1,0-3;1-2;2-1,1-2|0-3|2-1|NULL,1-2|0-3|2-1|NULL,3,4,4,2,8,32,1,1,1,0,0.0,15,1
TRAJ-MICRO-V1,12107,92,zero_scale,,,0-3;1-2;2-1,0-3;1-2;2-1,0-3;1-2;2-1,1-2|0-3|2-1|NULL,1-2|0-3|2-1|NULL,3,4,4,2,8,32,1,1,1,0,0.0,15,1
TRAJ-MICRO-V1,12107,93,configured_scale,,,0-1;1-2;2-3,0-1;1-2;2-3,0-1;1-2;2-3,1-2|0-1|2-3|NULL,1-2|0-1|2-3|NULL,3,4,4,2,8,32,1,1,1,0,0.0,15,1
TRAJ-MICRO-V1,12107,93,zero_scale,,,0-1;1-2;2-3,0-1;1-2;2-3,0-1;1-2;2-3,1-2|0-1|2-3|NULL,1-2|0-1|2-3|NULL,3,4,4,2,8,32,1,1,1,0,0.0,15,1
TRAJ-MICRO-V1,12107,94,configured_scale,,,0-1;1-3;2-2,0-1;1-3;2-2,0-1;1-3;2-2,1-3|0-1|2-2|NULL,1-3|0-1|2-2|NULL,3,4,4,2,8,32,1,1,1,0,0.0,15,1
TRAJ-MICRO-V1,12107,94,zero_scale,,,0-1;1-3;2-2,0-1;1-3;2-2,0-1;1-3;2-2,1-3|0-1|2-2|NULL,1-3|0-1|2-2|NULL,3,4,4,2,8,32,1,1,1,0,0.0,15,1
TRAJ-MICRO-V1,12107,95,configured_scale,,,0-1;1-2;2-4,0-1;1-2;2-4,0-1;1-2;2-4,1-2|2-4|0-1|NULL,1-2|2-4|0-1|NULL,3,4,4,2,8,32,1,1,1,0,0.0,15,1
TRAJ-MICRO-V1,12107,95,zero_scale,,,0-1;1-2;2-4,0-1;1-2;2-4,0-1;1-2;2-4,1-2|2-4|0-1|NULL,1-2|2-4|0-1|NULL,3,4,4,2,8,32,1,1,1,0,0.0,15,1
TRAJ-MICRO-V1,12107,96,configured_scale,,,0-1;1-4;2-3,0-1;1-4;2-3,0-1;1-4;2-3,1-4|2-3|0-1|NULL,1-4|2-3|0-1|NULL,3,4,4,2,8,32,1,1,1,0,0.0,15,1
TRAJ-MICRO-V1,12107,96,zero_scale,,,0-1;1-4;2-3,0-1;1-4;2-3,0-1;1-4;2-3,1-4|2-3|0-1|NULL,1-4|2-3|0-1|NULL,3,4,4,2,8,32,1,1,1,0,0.0,15,1
TRAJ-MICRO-V1,12107,97,configured_scale,,,0-1;1-0;2-4,0-1;1-0;2-4,0-1;1-0;2-4,1-0|2-4|0-1|NULL,1-0|2-4|0-1|NULL,3,4,4,2,8,32,1,1,1,0,0.0,15,1
TRAJ-MICRO-V1,12107,97,zero_scale,,,0-1;1-3;2-4,0-1;1-3;2-4,0-1;1-3;2-4,1-3|2-4|0-1|NULL,1-3|2-4|0-1|NULL,3,4,4,2,8,32,1,1,1,0,0.0,15,1
TRAJ-MICRO-V1,12107,98,configured_scale,,,0-0;1-2;2-4,0-0;1-2;2-4,0-0;1-2;2-4,2-4|0-0|1-2|NULL,2-4|0-0|1-2|NULL,3,4,4,2,8,32,1,1,1,0,0.0,15,1
TRAJ-MICRO-V1,12107,98,zero_scale,,,0-0;1-2;2-4,0-0;1-2;2-4,0-0;1-2;2-4,2-4|0-0|1-2|NULL,2-4|0-0|1-2|NULL,3,4,4,2,8,32,1,1,1,0,0.0,15,1
TRAJ-MICRO-V1,12107,99,configured_scale,,,0-2;1-1;2-0,0-2;1-1;2-0,0-2;1-1;2-0,2-0|1-1|0-2|NULL,2-0|1-1|0-2|NULL,3,4,4,2,8,32,1,1,1,0,0.0,15,1
TRAJ-MICRO-V1,12107,99,zero_scale,,,0-0;1-1;2-4,0-0;1-1;2-4,0-0;1-1;2-4,1-1|0-0|2-4|NULL,1-1|0-0|2-4|NULL,3,4,4,2,8,32,1,1,1,0,0.0,15,1
TRAJ-MICRO-V1,12107,100,configured_scale,,,0-1;1-0;2-4,0-1;1-0;2-4,0-1;1-0;2-4,1-0|2-4|0-1|NULL,1-0|2-4|0-1|NULL,3,4,4,2,8,32,1,1,1,0,0.0,15,1
TRAJ-MICRO-V1,12107,100,zero_scale,,,0-1;1-0;2-4,0-1;1-0;2-4,0-1;1-0;2-4,1-0|0-1|2-4|NULL,1-0|0-1|2-4|NULL,3,4,4,2,8,32,1,1,1,0,0.0,15,1
TRAJ-MICRO-V1,12107,101,configured_scale,,,0-0;1-2;2-4,0-0;1-2;2-4,0-0;1-2;2-4,0-0|2-4|1-2|NULL,0-0|2-4|1-2|NULL,3,4,4,2,8,32,1,1,1,0,0.0,15,1
TRAJ-MICRO-V1,12107,101,zero_scale,,,0-0;1-2;2-4,0-0;1-2;2-4,0-0;1-2;2-4,0-0|1-2|2-4|NULL,0-0|1-2|2-4|NULL,3,4,4,2,8,32,1,1,1,0,0.0,15,1
TRAJ-MICRO-V1,12107,102,configured_scale,,,0-1;1-2;2-0,0-1;1-2;2-0,0-1;1-2;2-0,2-0|0-1|1-2|NULL,2-0|0-1|1-2|NULL,3,4,4,2,8,32,1,1,1,0,0.0,15,1
TRAJ-MICRO-V1,12107,102,zero_scale,,,0-0;1-1;2-3,0-0;1-1;2-3,0-0;1-1;2-3,0-0|1-1|2-3|NULL,0-0|1-1|2-3|NULL,3,4,4,2,8,32,1,1,1,0,0.0,15,1
TRAJ-MICRO-V1,12107,103,configured_scale,,,0-1;1-3;2-0,0-1;1-3;2-0,0-1;1-3;2-0,2-0|0-1|1-3|NULL,2-0|0-1|1-3|NULL,3,4,4,2,8,32,1,1,1,0,0.0,15,1
TRAJ-MICRO-V1,12107,103,zero_scale,,,0-1;1-0;2-2,0-1;1-0;2-2,0-1;1-0;2-2,1-0|0-1|2-2|NULL,1-0|0-1|2-2|NULL,3,4,4,2,8,32,1,1,1,0,0.0,15,1
TRAJ-MICRO-V1,12107,104,configured_scale,,,0-1;1-2;2-0,0-1;1-2;2-0,0-1;1-2;2-0,2-0|1-2|0-1|NULL,2-0|1-2|0-1|NULL,3,4,4,2,8,32,1,1,1,0,0.0,15,1
TRAJ-MICRO-V1,12107,104,zero_scale,,,0-0;1-2;2-1,0-0;1-2;2-1,0-0;1-2;2-1,1-2|2-1|0-0|NULL,1-2|2-1|0-0|NULL,3,4,4,2,8,32,1,1,1,0,0.0,15,1
TRAJ-MICRO-V1,12107,105,configured_scale,,,0-1;1-2;2-0,0-1;1-2;2-0,0-1;1-2;2-0,2-0|1-2|0-1|NULL,2-0|1-2|0-1|NULL,3,4,4,2,8,32,1,1,1,0,0.0,15,1
TRAJ-MICRO-V1,12107,105,zero_scale,,,0-2;1-1;2-0,0-2;1-1;2-0,0-2;1-1;2-0,2-0|1-1|0-2|NULL,2-0|1-1|0-2|NULL,3,4,4,2,8,32,1,1,1,0,0.0,15,1
TRAJ-MICRO-V1,12107,106,configured_scale,,,0-1;1-3;2-0,0-1;1-3;2-0,0-1;1-3;2-0,2-0|1-3|0-1|NULL,2-0|1-3|0-1|NULL,3,4,4,2,8,32,1,1,1,0,0.0,15,1
TRAJ-MICRO-V1,12107,106,zero_scale,,,0-1;1-3;2-2,0-1;1-3;2-2,0-1;1-3;2-2,2-2|1-3|0-1|NULL,2-2|1-3|0-1|NULL,3,4,4,2,8,32,1,1,1,0,0.0,15,1
TRAJ-MICRO-V1,12107,107,configured_scale,,,0-0;1-2;2-4,0-0;1-2;2-4,0-0;1-2;2-4,2-4|1-2|0-0|NULL,2-4|1-2|0-0|NULL,3,4,4,2,8,32,1,1,1,0,0.0,15,1
TRAJ-MICRO-V1,12107,107,zero_scale,,,0-0;1-2;2-4,0-0;1-2;2-4,0-0;1-2;2-4,2-4|1-2|0-0|NULL,2-4|1-2|0-0|NULL,3,4,4,2,8,32,1,1,1,0,0.0,15,1
TRAJ-MICRO-V1,12107,108,configured_scale,,,0-1;1-2;2-0,0-1;1-2;2-0,0-1;1-2;2-0,2-0|1-2|0-1|NULL,2-0|1-2|0-1|NULL,3,4,4,2,8,32,1,1,1,0,0.0,15,1
TRAJ-MICRO-V1,12107,108,zero_scale,,,0-2;1-1;2-0,0-2;1-1;2-0,0-2;1-1;2-0,2-0|1-1|0-2|NULL,2-0|1-1|0-2|NULL,3,4,4,2,8,32,1,1,1,0,0.0,15,1
TRAJ-MICRO-V1,12107,109,configured_scale,,,0-1;1-2;2-0,0-1;1-2;2-0,0-1;1-2;2-0,0-1|2-0|1-2|NULL,0-1|2-0|1-2|NULL,3,4,4,2,8,32,1,1,1,0,0.0,15,1
TRAJ-MICRO-V1,12107,109,zero_scale,,,0-1;1-0;2-2,0-1;1-0;2-2,0-1;1-0;2-2,0-1|1-0|2-2|NULL,0-1|1-0|2-2|NULL,3,4,4,2,8,32,1,1,1,0,0.0,15,1
TRAJ-MICRO-V1,12107,110,configured_scale,,,0-0;1-2;2-1,0-0;1-2;2-1,0-0;1-2;2-1,2-1|0-0|1-2|NULL,2-1|0-0|1-2|NULL,3,4,4,2,8,32,1,1,1,0,0.0,15,1
TRAJ-MICRO-V1,12107,110,zero_scale,,,0-1;1-2;2-4,0-1;1-2;2-4,0-1;1-2;2-4,0-1|1-2|2-4|NULL,0-1|1-2|2-4|NULL,3,4,4,2,8,32,1,1,1,0,0.0,15,1
TRAJ-MICRO-V1,12107,111,configured_scale,,,0-1;1-2;2-0,0-1;1-2;2-0,0-1;1-2;2-0,0-1|2-0|1-2|NULL,0-1|2-0|1-2|NULL,3,4,4,2,8,32,1,1,1,0,0.0,15,1
TRAJ-MICRO-V1,12107,111,zero_scale,,,0-1;1-2;2-0,0-1;1-2;2-0,0-1;1-2;2-0,0-1|2-0|1-2|NULL,0-1|2-0|1-2|NULL,3,4,4,2,8,32,1,1,1,0,0.0,15,1
TRAJ-MICRO-V1,12107,112,configured_scale,,,0-1;1-3;2-2,0-1;1-3;2-2,0-1;1-3;2-2,2-2|0-1|1-3|NULL,2-2|0-1|1-3|NULL,3,4,4,2,8,32,1,1,1,0,0.0,15,1
TRAJ-MICRO-V1,12107,112,zero_scale,,,0-1;1-3;2-2,0-1;1-3;2-2,0-1;1-3;2-2,0-1|2-2|1-3|NULL,0-1|2-2|1-3|NULL,3,4,4,2,8,32,1,1,1,0,0.0,15,1
TRAJ-MICRO-V1,12107,113,configured_scale,,,0-0;1-2;2-4,0-0;1-2;2-4,0-0;1-2;2-4,1-2|2-4|0-0|NULL,1-2|2-4|0-0|NULL,3,4,4,2,8,32,1,1,1,0,0.0,15,1
TRAJ-MICRO-V1,12107,113,zero_scale,,,0-0;1-2;2-4,0-0;1-2;2-4,0-0;1-2;2-4,1-2|2-4|0-0|NULL,1-2|2-4|0-0|NULL,3,4,4,2,8,32,1,1,1,0,0.0,15,1
TRAJ-MICRO-V1,12107,114,configured_scale,,,0-1;1-2;2-4,0-1;1-2;2-4,0-1;1-2;2-4,1-2|2-4|0-1|NULL,1-2|2-4|0-1|NULL,3,4,4,2,8,32,1,1,1,0,0.0,15,1
TRAJ-MICRO-V1,12107,114,zero_scale,,,0-1;1-2;2-3,0-1;1-2;2-3,0-1;1-2;2-3,2-3|1-2|0-1|NULL,2-3|1-2|0-1|NULL,3,4,4,2,8,32,1,1,1,0,0.0,15,1
TRAJ-MICRO-V1,12107,115,configured_scale,,,0-1;1-3;2-4,0-1;1-3;2-4,0-1;1-3;2-4,1-3|2-4|0-1|NULL,1-3|2-4|0-1|NULL,3,4,4,2,8,32,1,1,1,0,0.0,15,1
TRAJ-MICRO-V1,12107,115,zero_scale,,,0-1;1-3;2-4,0-1;1-3;2-4,0-1;1-3;2-4,2-4|1-3|0-1|NULL,2-4|1-3|0-1|NULL,3,4,4,2,8,32,1,1,1,0,0.0,15,1
TRAJ-MICRO-V1,12107,116,configured_scale,,,0-0;1-3;2-4,0-0;1-3;2-4,0-0;1-3;2-4,1-3|2-4|0-0|NULL,1-3|2-4|0-0|NULL,3,4,4,2,8,32,1,1,1,0,0.0,15,1
TRAJ-MICRO-V1,12107,116,zero_scale,,,0-0;1-3;2-4,0-0;1-3;2-4,0-0;1-3;2-4,2-4|1-3|0-0|NULL,2-4|1-3|0-0|NULL,3,4,4,2,8,32,1,1,1,0,0.0,15,1
TRAJ-MICRO-V1,12107,117,configured_scale,,,0-3;1-2;2-4,0-3;1-2;2-4,0-3;1-2;2-4,2-4|1-2|0-3|NULL,2-4|1-2|0-3|NULL,3,4,4,2,8,32,1,1,1,0,0.0,15,1
TRAJ-MICRO-V1,12107,117,zero_scale,,,0-2;1-4;2-3,0-2;1-4;2-3,0-2;1-4;2-3,2-3|1-4|0-2|NULL,2-3|1-4|0-2|NULL,3,4,4,2,8,32,1,1,1,0,0.0,15,1
TRAJ-MICRO-V1,12107,118,configured_scale,,,0-1;1-4;2-3,0-1;1-4;2-3,0-1;1-4;2-3,1-4|2-3|0-1|NULL,1-4|2-3|0-1|NULL,3,4,4,2,8,32,1,1,1,0,0.0,15,1
TRAJ-MICRO-V1,12107,118,zero_scale,,,0-1;1-3;2-4,0-1;1-3;2-4,0-1;1-3;2-4,1-3|2-4|0-1|NULL,1-3|2-4|0-1|NULL,3,4,4,2,8,32,1,1,1,0,0.0,15,1
TRAJ-MICRO-V1,12107,119,configured_scale,,,0-0;1-3;2-4,0-0;1-3;2-4,0-0;1-3;2-4,1-3|2-4|0-0|NULL,1-3|2-4|0-0|NULL,3,4,4,2,8,32,1,1,1,0,0.0,15,1
TRAJ-MICRO-V1,12107,119,zero_scale,,,0-3;1-2;2-4,0-3;1-2;2-4,0-3;1-2;2-4,1-2|2-4|0-3|NULL,1-2|2-4|0-3|NULL,3,4,4,2,8,32,1,1,1,0,0.0,15,1
TRAJ-MICRO-V1,12107,120,configured_scale,,,0-3;1-2;2-4,0-3;1-2;2-4,0-3;1-2;2-4,2-4|1-2|0-3|NULL,2-4|1-2|0-3|NULL,3,4,4,2,8,32,1,1,1,0,0.0,15,1
TRAJ-MICRO-V1,12107,120,zero_scale,,,0-2;1-4;2-3,0-2;1-4;2-3,0-2;1-4;2-3,1-4|2-3|0-2|NULL,1-4|2-3|0-2|NULL,3,4,4,2,8,32,1,1,1,0,0.0,15,1
TRAJ-MICRO-V1,12107,121,configured_scale,,,0-4;1-2;2-3,0-4;1-2;2-3,0-4;1-2;2-3,0-4|1-2|2-3|NULL,0-4|1-2|2-3|NULL,3,4,4,2,8,32,1,1,1,0,0.0,15,1
TRAJ-MICRO-V1,12107,121,zero_scale,,,0-4;1-3;2-2,0-4;1-3;2-2,0-4;1-3;2-2,0-4|1-3|2-2|NULL,0-4|1-3|2-2|NULL,3,4,4,2,8,32,1,1,1,0,0.0,15,1
TRAJ-MICRO-V1,12107,122,configured_scale,,,0-3;1-2;2-4,0-3;1-2;2-4,0-3;1-2;2-4,2-4|0-3|1-2|NULL,2-4|0-3|1-2|NULL,3,4,4,2,8,32,1,1,1,0,0.0,15,1
TRAJ-MICRO-V1,12107,122,zero_scale,,,0-3;1-2;2-4,0-3;1-2;2-4,0-3;1-2;2-4,2-4|1-2|0-3|NULL,2-4|1-2|0-3|NULL,3,4,4,2,8,32,1,1,1,0,0.0,15,1
TRAJ-MICRO-V1,12107,123,configured_scale,,,0-4;1-2;2-3,0-4;1-2;2-3,0-4;1-2;2-3,0-4|2-3|1-2|NULL,0-4|2-3|1-2|NULL,3,4,4,2,8,32,1,1,1,0,0.0,15,1
TRAJ-MICRO-V1,12107,123,zero_scale,,,0-2;1-4;2-3,0-2;1-4;2-3,0-2;1-4;2-3,1-4|0-2|2-3|NULL,1-4|0-2|2-3|NULL,3,4,4,2,8,32,1,1,1,0,0.0,15,1
TRAJ-MICRO-V1,12107,124,configured_scale,,,0-4;1-2;2-3,0-4;1-2;2-3,0-4;1-2;2-3,0-4|2-3|1-2|NULL,0-4|2-3|1-2|NULL,3,4,4,2,8,32,1,1,1,0,0.0,15,1
TRAJ-MICRO-V1,12107,124,zero_scale,,,0-1;1-3;2-4,0-1;1-3;2-4,0-1;1-3;2-4,2-4|1-3|0-1|NULL,2-4|1-3|0-1|NULL,3,4,4,2,8,32,1,1,1,0,0.0,15,1
TRAJ-MICRO-V1,12107,125,configured_scale,,,0-3;1-2;2-4,0-3;1-2;2-4,0-3;1-2;2-4,2-4|0-3|1-2|NULL,2-4|0-3|1-2|NULL,3,4,4,2,8,32,1,1,1,0,0.0,15,1
TRAJ-MICRO-V1,12107,125,zero_scale,,,0-3;1-2;2-4,0-3;1-2;2-4,0-3;1-2;2-4,2-4|0-3|1-2|NULL,2-4|0-3|1-2|NULL,3,4,4,2,8,32,1,1,1,0,0.0,15,1
TRAJ-MICRO-V1,12107,126,configured_scale,,,0-2;1-4;2-3,0-2;1-4;2-3,0-2;1-4;2-3,2-3|0-2|1-4|NULL,2-3|0-2|1-4|NULL,3,4,4,2,8,32,1,1,1,0,0.0,15,1
TRAJ-MICRO-V1,12107,126,zero_scale,,,0-2;1-4;2-3,0-2;1-4;2-3,0-2;1-4;2-3,2-3|1-4|0-2|NULL,2-3|1-4|0-2|NULL,3,4,4,2,8,32,1,1,1,0,0.0,15,1
TRAJ-MICRO-V1,12107,127,configured_scale,,,0-1;1-3;2-4,0-1;1-3;2-4,0-1;1-3;2-4,2-4|1-3|0-1|NULL,2-4|1-3|0-1|NULL,3,4,4,2,8,32,1,1,1,0,0.0,15,1
TRAJ-MICRO-V1,12107,127,zero_scale,,,0-1;1-3;2-4,0-1;1-3;2-4,0-1;1-3;2-4,2-4|1-3|0-1|NULL,2-4|1-3|0-1|NULL,3,4,4,2,8,32,1,1,1,0,0.0,15,1
TRAJ-MICRO-V1,12107,128,configured_scale,,,0-3;1-2;2-4,0-3;1-2;2-4,0-3;1-2;2-4,2-4|0-3|1-2|NULL,2-4|0-3|1-2|NULL,3,4,4,2,8,32,1,1,1,0,0.0,15,1
TRAJ-MICRO-V1,12107,128,zero_scale,,,0-0;1-2;2-4,0-0;1-2;2-4,0-0;1-2;2-4,2-4|1-2|0-0|NULL,2-4|1-2|0-0|NULL,3,4,4,2,8,32,1,1,1,0,0.0,15,1
TRAJ-MICRO-V1,12107,129,configured_scale,,,0-2;1-1;2-3,0-2;1-1;2-3,0-2;1-1;2-3,0-2|2-3|1-1|NULL,0-2|2-3|1-1|NULL,3,4,4,2,8,32,1,1,1,0,0.0,15,1
TRAJ-MICRO-V1,12107,129,zero_scale,,,0-2;1-1;2-3,0-2;1-1;2-3,0-2;1-1;2-3,0-2|2-3|1-1|NULL,0-2|2-3|1-1|NULL,3,4,4,2,8,32,1,1,1,0,0.0,15,1
TRAJ-MICRO-V1,12107,130,configured_scale,,,0-1;1-2;2-4,0-1;1-2;2-4,0-1;1-2;2-4,0-1|1-2|2-4|NULL,0-1|1-2|2-4|NULL,3,4,4,2,8,32,1,1,1,0,0.0,15,1
TRAJ-MICRO-V1,12107,130,zero_scale,,,0-1;1-2;2-4,0-1;1-2;2-4,0-1;1-2;2-4,0-1|1-2|2-4|NULL,0-1|1-2|2-4|NULL,3,4,4,2,8,32,1,1,1,0,0.0,15,1
TRAJ-MICRO-V1,12107,131,configured_scale,,,0-1;1-2;2-4,0-1;1-2;2-4,0-1;1-2;2-4,0-1|1-2|2-4|NULL,0-1|1-2|2-4|NULL,3,4,4,2,8,32,1,1,1,0,0.0,15,1
TRAJ-MICRO-V1,12107,131,zero_scale,,,0-1;1-2;2-4,0-1;1-2;2-4,0-1;1-2;2-4,0-1|1-2|2-4|NULL,0-1|1-2|2-4|NULL,3,4,4,2,8,32,1,1,1,0,0.0,15,1
TRAJ-MICRO-V1,12107,132,configured_scale,,,0-1;1-2;2-0,0-1;1-2;2-0,0-1;1-2;2-0,0-1|1-2|2-0|NULL,0-1|1-2|2-0|NULL,3,4,4,2,8,32,1,1,1,0,0.0,15,1
TRAJ-MICRO-V1,12107,132,zero_scale,,,0-1;1-2;2-0,0-1;1-2;2-0,0-1;1-2;2-0,0-1|1-2|2-0|NULL,0-1|1-2|2-0|NULL,3,4,4,2,8,32,1,1,1,0,0.0,15,1
TRAJ-MICRO-V1,12107,133,configured_scale,,,0-1;1-2;2-4,0-1;1-2;2-4,0-1;1-2;2-4,0-1|1-2|2-4|NULL,0-1|1-2|2-4|NULL,3,4,4,2,8,32,1,1,1,0,0.0,15,1
TRAJ-MICRO-V1,12107,133,zero_scale,,,0-1;1-2;2-4,0-1;1-2;2-4,0-1;1-2;2-4,0-1|1-2|2-4|NULL,0-1|1-2|2-4|NULL,3,4,4,2,8,32,1,1,1,0,0.0,15,1
TRAJ-MICRO-V1,12107,134,configured_scale,,,0-1;1-2;2-4,0-1;1-2;2-4,0-1;1-2;2-4,1-2|0-1|2-4|NULL,1-2|0-1|2-4|NULL,3,4,4,2,8,32,1,1,1,0,0.0,15,1
TRAJ-MICRO-V1,12107,134,zero_scale,,,0-0;1-2;2-1,0-0;1-2;2-1,0-0;1-2;2-1,1-2|0-0|2-1|NULL,1-2|0-0|2-1|NULL,3,4,4,2,8,32,1,1,1,0,0.0,15,1
TRAJ-MICRO-V1,12107,135,configured_scale,,,0-1;1-2;2-0,0-1;1-2;2-0,0-1;1-2;2-0,2-0|1-2|0-1|NULL,2-0|1-2|0-1|NULL,3,4,4,2,8,32,1,1,1,0,0.0,15,1
TRAJ-MICRO-V1,12107,135,zero_scale,,,0-2;1-1;2-0,0-2;1-1;2-0,0-2;1-1;2-0,0-2|1-1|2-0|NULL,0-2|1-1|2-0|NULL,3,4,4,2,8,32,1,1,1,0,0.0,15,1
TRAJ-MICRO-V1,12107,136,configured_scale,,,0-4;1-3;2-2,0-4;1-3;2-2,0-4;1-3;2-2,1-3|0-4|2-2|NULL,1-3|0-4|2-2|NULL,3,4,4,2,8,32,1,1,1,0,0.0,15,1
TRAJ-MICRO-V1,12107,136,zero_scale,,,0-1;1-2;2-4,0-1;1-2;2-4,0-1;1-2;2-4,0-1|1-2|2-4|NULL,0-1|1-2|2-4|NULL,3,4,4,2,8,32,1,1,1,0,0.0,15,1
TRAJ-MICRO-V1,12107,137,configured_scale,,,0-0;1-2;2-1,0-0;1-2;2-1,0-0;1-2;2-1,1-2|0-0|2-1|NULL,1-2|0-0|2-1|NULL,3,4,4,2,8,32,1,1,1,0,0.0,15,1
TRAJ-MICRO-V1,12107,137,zero_scale,,,0-0;1-2;2-1,0-0;1-2;2-1,0-0;1-2;2-1,0-0|1-2|2-1|NULL,0-0|1-2|2-1|NULL,3,4,4,2,8,32,1,1,1,0,0.0,15,1
TRAJ-MICRO-V1,12107,138,configured_scale,,,0-2;1-1;2-0,0-2;1-1;2-0,0-2;1-1;2-0,2-0|0-2|1-1|NULL,2-0|0-2|1-1|NULL,3,4,4,2,8,32,1,1,1,0,0.0,15,1
TRAJ-MICRO-V1,12107,138,zero_scale,,,0-1;1-2;2-0,0-1;1-2;2-0,0-1;1-2;2-0,0-1|1-2|2-0|NULL,0-1|1-2|2-0|NULL,3,4,4,2,8,32,1,1,1,0,0.0,15,1
TRAJ-MICRO-V1,12107,139,configured_scale,,,0-1;1-0;2-2,0-1;1-0;2-2,0-1;1-0;2-2,0-1|1-0|2-2|NULL,0-1|1-0|2-2|NULL,3,4,4,2,8,32,1,1,1,0,0.0,15,1
TRAJ-MICRO-V1,12107,139,zero_scale,,,0-1;1-0;2-2,0-1;1-0;2-2,0-1;1-0;2-2,0-1|1-0|2-2|NULL,0-1|1-0|2-2|NULL,3,4,4,2,8,32,1,1,1,0,0.0,15,1
TRAJ-MICRO-V1,12107,140,configured_scale,,,0-1;1-0;2-4,0-1;1-0;2-4,0-1;1-0;2-4,0-1|1-0|2-4|NULL,0-1|1-0|2-4|NULL,3,4,4,2,8,32,1,1,1,0,0.0,15,1
TRAJ-MICRO-V1,12107,140,zero_scale,,,0-0;1-2;2-1,0-0;1-2;2-1,0-0;1-2;2-1,0-0|1-2|2-1|NULL,0-0|1-2|2-1|NULL,3,4,4,2,8,32,1,1,1,0,0.0,15,1
TRAJ-MICRO-V1,12107,141,configured_scale,,,0-0;1-1;2-3,0-0;1-1;2-3,0-0;1-1;2-3,0-0|1-1|2-3|NULL,0-0|1-1|2-3|NULL,3,4,4,2,8,32,1,1,1,0,0.0,15,1
TRAJ-MICRO-V1,12107,141,zero_scale,,,0-0;1-1;2-3,0-0;1-1;2-3,0-0;1-1;2-3,0-0|1-1|2-3|NULL,0-0|1-1|2-3|NULL,3,4,4,2,8,32,1,1,1,0,0.0,15,1
TRAJ-MICRO-V1,12107,142,configured_scale,,,0-0;1-3;2-4,0-0;1-3;2-4,0-0;1-3;2-4,0-0|1-3|2-4|NULL,0-0|1-3|2-4|NULL,3,4,4,2,8,32,1,1,1,0,0.0,15,1
TRAJ-MICRO-V1,12107,142,zero_scale,,,0-0;1-2;2-4,0-0;1-2;2-4,0-0;1-2;2-4,0-0|1-2|2-4|NULL,0-0|1-2|2-4|NULL,3,4,4,2,8,32,1,1,1,0,0.0,15,1
TRAJ-MICRO-V1,12107,143,configured_scale,,,0-0;1-2;2-4,0-0;1-2;2-4,0-0;1-2;2-4,0-0|2-4|1-2|NULL,0-0|2-4|1-2|NULL,3,4,4,2,8,32,1,1,1,0,0.0,15,1
TRAJ-MICRO-V1,12107,143,zero_scale,,,0-0;1-2;2-4,0-0;1-2;2-4,0-0;1-2;2-4,0-0|2-4|1-2|NULL,0-0|2-4|1-2|NULL,3,4,4,2,8,32,1,1,1,0,0.0,15,1
TRAJ-MICRO-V1,12107,144,configured_scale,,,0-0;1-1;2-4,0-0;1-1;2-4,0-0;1-1;2-4,0-0|2-4|1-1|NULL,0-0|2-4|1-1|NULL,3,4,4,2,8,32,1,1,1,0,0.0,15,1
TRAJ-MICRO-V1,12107,144,zero_scale,,,0-0;1-1;2-4,0-0;1-1;2-4,0-0;1-1;2-4,0-0|2-4|1-1|NULL,0-0|2-4|1-1|NULL,3,4,4,2,8,32,1,1,1,0,0.0,15,1
TRAJ-MICRO-V1,12107,145,configured_scale,,,0-0;1-3;2-4,0-0;1-3;2-4,0-0;1-3;2-4,0-0|2-4|1-3|NULL,0-0|2-4|1-3|NULL,3,4,4,2,8,32,1,1,1,0,0.0,15,1
TRAJ-MICRO-V1,12107,145,zero_scale,,,0-1;1-3;2-4,0-1;1-3;2-4,0-1;1-3;2-4,0-1|2-4|1-3|NULL,0-1|2-4|1-3|NULL,3,4,4,2,8,32,1,1,1,0,0.0,15,1
TRAJ-MICRO-V1,12107,146,configured_scale,,,0-0;1-3;2-4,0-0;1-3;2-4,0-0;1-3;2-4,2-4|0-0|1-3|NULL,2-4|0-0|1-3|NULL,3,4,4,2,8,32,1,1,1,0,0.0,15,1
TRAJ-MICRO-V1,12107,146,zero_scale,,,0-0;1-2;2-4,0-0;1-2;2-4,0-0;1-2;2-4,2-4|0-0|1-2|NULL,2-4|0-0|1-2|NULL,3,4,4,2,8,32,1,1,1,0,0.0,15,1
TRAJ-MICRO-V1,12107,147,configured_scale,,,0-1;1-4;2-3,0-1;1-4;2-3,0-1;1-4;2-3,1-4|0-1|2-3|NULL,1-4|0-1|2-3|NULL,3,4,4,2,8,32,1,1,1,0,0.0,15,1
TRAJ-MICRO-V1,12107,147,zero_scale,,,0-1;1-3;2-4,0-1;1-3;2-4,0-1;1-3;2-4,1-3|0-1|2-4|NULL,1-3|0-1|2-4|NULL,3,4,4,2,8,32,1,1,1,0,0.0,15,1
TRAJ-MICRO-V1,12107,148,configured_scale,,,0-1;1-3;2-2,0-1;1-3;2-2,0-1;1-3;2-2,1-3|0-1|2-2|NULL,1-3|0-1|2-2|NULL,3,4,4,2,8,32,1,1,1,0,0.0,15,1
TRAJ-MICRO-V1,12107,148,zero_scale,,,0-1;1-3;2-2,0-1;1-3;2-2,0-1;1-3;2-2,1-3|0-1|2-2|NULL,1-3|0-1|2-2|NULL,3,4,4,2,8,32,1,1,1,0,0.0,15,1
TRAJ-MICRO-V1,12107,149,configured_scale,,,0-3;1-2;2-1,0-3;1-2;2-1,0-3;1-2;2-1,1-2|2-1|0-3|NULL,1-2|2-1|0-3|NULL,3,4,4,2,8,32,1,1,1,0,0.0,15,1
TRAJ-MICRO-V1,12107,149,zero_scale,,,0-3;1-2;2-1,0-3;1-2;2-1,0-3;1-2;2-1,1-2|2-1|0-3|NULL,1-2|2-1|0-3|NULL,3,4,4,2,8,32,1,1,1,0,0.0,15,1
TRAJ-MICRO-V1,12107,150,configured_scale,,,0-1;1-2;2-0,0-1;1-2;2-0,0-1;1-2;2-0,1-2|2-0|0-1|NULL,1-2|2-0|0-1|NULL,3,4,4,2,8,32,1,1,1,0,0.0,15,1
TRAJ-MICRO-V1,12107,150,zero_scale,,,0-1;1-2;2-3,0-1;1-2;2-3,0-1;1-2;2-3,1-2|2-3|0-1|NULL,1-2|2-3|0-1|NULL,3,4,4,2,8,32,1,1,1,0,0.0,15,1
TRAJ-MICRO-V1,12107,151,configured_scale,,,0-1;1-2;2-3,0-1;1-2;2-3,0-1;1-2;2-3,1-2|2-3|0-1|NULL,1-2|2-3|0-1|NULL,3,4,4,2,8,32,1,1,1,0,0.0,15,1
TRAJ-MICRO-V1,12107,151,zero_scale,,,0-1;1-2;2-3,0-1;1-2;2-3,0-1;1-2;2-3,1-2|0-1|2-3|NULL,1-2|0-1|2-3|NULL,3,4,4,2,8,32,1,1,1,0,0.0,15,1
TRAJ-MICRO-V1,12107,152,configured_scale,,,0-2;1-3;2-1,0-2;1-3;2-1,0-2;1-3;2-1,1-3|2-1|0-2|NULL,1-3|2-1|0-2|NULL,3,4,4,2,8,32,1,1,1,0,0.0,15,1
TRAJ-MICRO-V1,12107,152,zero_scale,,,0-3;1-2;2-4,0-3;1-2;2-4,0-3;1-2;2-4,1-2|2-4|0-3|NULL,1-2|2-4|0-3|NULL,3,4,4,2,8,32,1,1,1,0,0.0,15,1
TRAJ-MICRO-V1,12107,153,configured_scale,,,0-4;1-2;2-3,0-4;1-2;2-3,0-4;1-2;2-3,2-3|1-2|0-4|NULL,2-3|1-2|0-4|NULL,3,4,4,2,8,32,1,1,1,0,0.0,15,1
TRAJ-MICRO-V1,12107,153,zero_scale,,,0-1;1-2;2-3,0-1;1-2;2-3,0-1;1-2;2-3,2-3|1-2|0-1|NULL,2-3|1-2|0-1|NULL,3,4,4,2,8,32,1,1,1,0,0.0,15,1
TRAJ-MICRO-V1,12107,154,configured_scale,,,0-1;1-4;2-3,0-1;1-4;2-3,0-1;1-4;2-3,2-3|1-4|0-1|NULL,2-3|1-4|0-1|NULL,3,4,4,2,8,32,1,1,1,0,0.0,15,1
TRAJ-MICRO-V1,12107,154,zero_scale,,,0-1;1-3;2-4,0-1;1-3;2-4,0-1;1-3;2-4,2-4|1-3|0-1|NULL,2-4|1-3|0-1|NULL,3,4,4,2,8,32,1,1,1,0,0.0,15,1
TRAJ-MICRO-V1,12107,155,configured_scale,,,0-0;1-3;2-4,0-0;1-3;2-4,0-0;1-3;2-4,2-4|1-3|0-0|NULL,2-4|1-3|0-0|NULL,3,4,4,2,8,32,1,1,1,0,0.0,15,1
TRAJ-MICRO-V1,12107,155,zero_scale,,,0-0;1-3;2-4,0-0;1-3;2-4,0-0;1-3;2-4,2-4|1-3|0-0|NULL,2-4|1-3|0-0|NULL,3,4,4,2,8,32,1,1,1,0,0.0,15,1
TRAJ-MICRO-V1,12107,156,configured_scale,,,0-2;1-3;2-4,0-2;1-3;2-4,0-2;1-3;2-4,2-4|1-3|0-2|NULL,2-4|1-3|0-2|NULL,3,4,4,2,8,32,1,1,1,0,0.0,15,1
TRAJ-MICRO-V1,12107,156,zero_scale,,,0-2;1-3;2-4,0-2;1-3;2-4,0-2;1-3;2-4,2-4|1-3|0-2|NULL,2-4|1-3|0-2|NULL,3,4,4,2,8,32,1,1,1,0,0.0,15,1
TRAJ-MICRO-V1,12107,157,configured_scale,,,0-1;1-3;2-4,0-1;1-3;2-4,0-1;1-3;2-4,2-4|1-3|0-1|NULL,2-4|1-3|0-1|NULL,3,4,4,2,8,32,1,1,1,0,0.0,15,1
TRAJ-MICRO-V1,12107,157,zero_scale,,,0-1;1-3;2-4,0-1;1-3;2-4,0-1;1-3;2-4,2-4|1-3|0-1|NULL,2-4|1-3|0-1|NULL,3,4,4,2,8,32,1,1,1,0,0.0,15,1
TRAJ-MICRO-V1,12107,158,configured_scale,,,0-0;1-3;2-4,0-0;1-3;2-4,0-0;1-3;2-4,2-4|1-3|0-0|NULL,2-4|1-3|0-0|NULL,3,4,4,2,8,32,1,1,1,0,0.0,15,1
TRAJ-MICRO-V1,12107,158,zero_scale,,,0-0;1-2;2-4,0-0;1-2;2-4,0-0;1-2;2-4,2-4|1-2|0-0|NULL,2-4|1-2|0-0|NULL,3,4,4,2,8,32,1,1,1,0,0.0,15,1
TRAJ-MICRO-V1,12107,159,configured_scale,,,0-0;1-3;2-4,0-0;1-3;2-4,0-0;1-3;2-4,2-4|0-0|1-3|NULL,2-4|0-0|1-3|NULL,3,4,4,2,8,32,1,1,1,0,0.0,15,1
TRAJ-MICRO-V1,12107,159,zero_scale,,,0-1;1-3;2-4,0-1;1-3;2-4,0-1;1-3;2-4,2-4|1-3|0-1|NULL,2-4|1-3|0-1|NULL,3,4,4,2,8,32,1,1,1,0,0.0,15,1
TRAJ-MICRO-V1,12107,160,configured_scale,,,0-1;1-3;2-4,0-1;1-3;2-4,0-1;1-3;2-4,2-4|0-1|1-3|NULL,2-4|0-1|1-3|NULL,3,4,4,2,8,32,1,1,1,0,0.0,15,1
TRAJ-MICRO-V1,12107,160,zero_scale,,,0-1;1-3;2-4,0-1;1-3;2-4,0-1;1-3;2-4,2-4|0-1|1-3|NULL,2-4|0-1|1-3|NULL,3,4,4,2,8,32,1,1,1,0,0.0,15,1
TRAJ-MICRO-V1,12107,161,configured_scale,,,0-1;1-2;2-4,0-1;1-2;2-4,0-1;1-2;2-4,2-4|0-1|1-2|NULL,2-4|0-1|1-2|NULL,3,4,4,2,8,32,1,1,1,0,0.0,15,1
TRAJ-MICRO-V1,12107,161,zero_scale,,,0-0;1-2;2-4,0-0;1-2;2-4,0-0;1-2;2-4,2-4|1-2|0-0|NULL,2-4|1-2|0-0|NULL,3,4,4,2,8,32,1,1,1,0,0.0,15,1
TRAJ-MICRO-V1,12107,162,configured_scale,,,0-1;1-2;2-0,0-1;1-2;2-0,0-1;1-2;2-0,2-0|1-2|0-1|NULL,2-0|1-2|0-1|NULL,3,4,4,2,8,32,1,1,1,0,0.0,15,1
TRAJ-MICRO-V1,12107,162,zero_scale,,,0-1;1-2;2-3,0-1;1-2;2-3,0-1;1-2;2-3,2-3|1-2|0-1|NULL,2-3|1-2|0-1|NULL,3,4,4,2,8,32,1,1,1,0,0.0,15,1
TRAJ-MICRO-V1,12107,163,configured_scale,,,0-1;1-2;2-3,0-1;1-2;2-3,0-1;1-2;2-3,2-3|1-2|0-1|NULL,2-3|1-2|0-1|NULL,3,4,4,2,8,32,1,1,1,0,0.0,15,1
TRAJ-MICRO-V1,12107,163,zero_scale,,,0-1;1-3;2-2,0-1;1-3;2-2,0-1;1-3;2-2,2-2|1-3|0-1|NULL,2-2|1-3|0-1|NULL,3,4,4,2,8,32,1,1,1,0,0.0,15,1
TRAJ-MICRO-V1,12107,164,configured_scale,,,0-2;1-3;2-1,0-2;1-3;2-1,0-2;1-3;2-1,2-1|1-3|0-2|NULL,2-1|1-3|0-2|NULL,3,4,4,2,8,32,1,1,1,0,0.0,15,1
TRAJ-MICRO-V1,12107,164,zero_scale,,,0-1;1-2;2-3,0-1;1-2;2-3,0-1;1-2;2-3,1-2|2-3|0-1|NULL,1-2|2-3|0-1|NULL,3,4,4,2,8,32,1,1,1,0,0.0,15,1
TRAJ-MICRO-V1,12107,165,configured_scale,,,0-1;1-2;2-0,0-1;1-2;2-0,0-1;1-2;2-0,2-0|1-2|0-1|NULL,2-0|1-2|0-1|NULL,3,4,4,2,8,32,1,1,1,0,0.0,15,1
TRAJ-MICRO-V1,12107,165,zero_scale,,,0-1;1-2;2-3,0-1;1-2;2-3,0-1;1-2;2-3,2-3|1-2|0-1|NULL,2-3|1-2|0-1|NULL,3,4,4,2,8,32,1,1,1,0,0.0,15,1
TRAJ-MICRO-V1,12107,166,configured_scale,,,0-4;1-2;2-1,0-4;1-2;2-1,0-4;1-2;2-1,1-2|2-1|0-4|NULL,1-2|2-1|0-4|NULL,3,4,4,2,8,32,1,1,1,0,0.0,15,1
TRAJ-MICRO-V1,12107,166,zero_scale,,,0-1;1-2;2-4,0-1;1-2;2-4,0-1;1-2;2-4,1-2|0-1|2-4|NULL,1-2|0-1|2-4|NULL,3,4,4,2,8,32,1,1,1,0,0.0,15,1
TRAJ-MICRO-V1,12107,167,configured_scale,,,0-0;1-2;2-1,0-0;1-2;2-1,0-0;1-2;2-1,1-2|2-1|0-0|NULL,1-2|2-1|0-0|NULL,3,4,4,2,8,32,1,1,1,0,0.0,15,1
TRAJ-MICRO-V1,12107,167,zero_scale,,,0-0;1-2;2-1,0-0;1-2;2-1,0-0;1-2;2-1,1-2|2-1|0-0|NULL,1-2|2-1|0-0|NULL,3,4,4,2,8,32,1,1,1,0,0.0,15,1
TRAJ-MICRO-V1,12107,168,configured_scale,,,0-2;1-1;2-0,0-2;1-1;2-0,0-2;1-1;2-0,1-1|0-2|2-0|NULL,1-1|0-2|2-0|NULL,3,4,4,2,8,32,1,1,1,0,0.0,15,1
TRAJ-MICRO-V1,12107,168,zero_scale,,,0-2;1-1;2-0,0-2;1-1;2-0,0-2;1-1;2-0,1-1|0-2|2-0|NULL,1-1|0-2|2-0|NULL,3,4,4,2,8,32,1,1,1,0,0.0,15,1
TRAJ-MICRO-V1,12107,169,configured_scale,,,0-1;1-0;2-2,0-1;1-0;2-2,0-1;1-0;2-2,0-1|1-0|2-2|NULL,0-1|1-0|2-2|NULL,3,4,4,2,8,32,1,1,1,0,0.0,15,1
TRAJ-MICRO-V1,12107,169,zero_scale,,,0-1;1-0;2-2,0-1;1-0;2-2,0-1;1-0;2-2,0-1|1-0|2-2|NULL,0-1|1-0|2-2|NULL,3,4,4,2,8,32,1,1,1,0,0.0,15,1
TRAJ-MICRO-V1,12107,170,configured_scale,,,0-1;1-2;2-4,0-1;1-2;2-4,0-1;1-2;2-4,1-2|0-1|2-4|NULL,1-2|0-1|2-4|NULL,3,4,4,2,8,32,1,1,1,0,0.0,15,1
TRAJ-MICRO-V1,12107,170,zero_scale,,,0-0;1-2;2-4,0-0;1-2;2-4,0-0;1-2;2-4,0-0|1-2|2-4|NULL,0-0|1-2|2-4|NULL,3,4,4,2,8,32,1,1,1,0,0.0,15,1
TRAJ-MICRO-V1,12107,171,configured_scale,,,0-0;1-1;2-4,0-0;1-1;2-4,0-0;1-1;2-4,1-1|0-0|2-4|NULL,1-1|0-0|2-4|NULL,3,4,4,2,8,32,1,1,1,0,0.0,15,1
TRAJ-MICRO-V1,12107,171,zero_scale,,,0-0;1-1;2-3,0-0;1-1;2-3,0-0;1-1;2-3,0-0|1-1|2-3|NULL,0-0|1-1|2-3|NULL,3,4,4,2,8,32,1,1,1,0,0.0,15,1
TRAJ-MICRO-V1,12107,172,configured_scale,,,0-1;1-0;2-4,0-1;1-0;2-4,0-1;1-0;2-4,1-0|0-1|2-4|NULL,1-0|0-1|2-4|NULL,3,4,4,2,8,32,1,1,1,0,0.0,15,1
TRAJ-MICRO-V1,12107,172,zero_scale,,,0-0;1-3;2-4,0-0;1-3;2-4,0-0;1-3;2-4,0-0|1-3|2-4|NULL,0-0|1-3|2-4|NULL,3,4,4,2,8,32,1,1,1,0,0.0,15,1
TRAJ-MICRO-V1,12107,173,configured_scale,,,0-0;1-2;2-4,0-0;1-2;2-4,0-0;1-2;2-4,2-4|0-0|1-2|NULL,2-4|0-0|1-2|NULL,3,4,4,2,8,32,1,1,1,0,0.0,15,1
TRAJ-MICRO-V1,12107,173,zero_scale,,,0-0;1-2;2-4,0-0;1-2;2-4,0-0;1-2;2-4,0-0|2-4|1-2|NULL,0-0|2-4|1-2|NULL,3,4,4,2,8,32,1,1,1,0,0.0,15,1
TRAJ-MICRO-V1,12107,174,configured_scale,,,0-0;1-1;2-4,0-0;1-1;2-4,0-0;1-1;2-4,2-4|0-0|1-1|NULL,2-4|0-0|1-1|NULL,3,4,4,2,8,32,1,1,1,0,0.0,15,1
TRAJ-MICRO-V1,12107,174,zero_scale,,,0-0;1-1;2-4,0-0;1-1;2-4,0-0;1-1;2-4,0-0|2-4|1-1|NULL,0-0|2-4|1-1|NULL,3,4,4,2,8,32,1,1,1,0,0.0,15,1
TRAJ-MICRO-V1,12107,175,configured_scale,,,0-0;1-3;2-4,0-0;1-3;2-4,0-0;1-3;2-4,2-4|0-0|1-3|NULL,2-4|0-0|1-3|NULL,3,4,4,2,8,32,1,1,1,0,0.0,15,1
TRAJ-MICRO-V1,12107,175,zero_scale,,,0-1;1-3;2-4,0-1;1-3;2-4,0-1;1-3;2-4,0-1|1-3|2-4|NULL,0-1|1-3|2-4|NULL,3,4,4,2,8,32,1,1,1,0,0.0,15,1
TRAJ-MICRO-V1,12107,176,configured_scale,,,0-0;1-2;2-4,0-0;1-2;2-4,0-0;1-2;2-4,0-0|2-4|1-2|NULL,0-0|2-4|1-2|NULL,3,4,4,2,8,32,1,1,1,0,0.0,15,1
TRAJ-MICRO-V1,12107,176,zero_scale,,,0-0;1-2;2-4,0-0;1-2;2-4,0-0;1-2;2-4,0-0|1-2|2-4|NULL,0-0|1-2|2-4|NULL,3,4,4,2,8,32,1,1,1,0,0.0,15,1
TRAJ-MICRO-V1,12107,177,configured_scale,,,0-0;1-2;2-3,0-0;1-2;2-3,0-0;1-2;2-3,0-0|1-2|2-3|NULL,0-0|1-2|2-3|NULL,3,4,4,2,8,32,1,1,1,0,0.0,15,1
TRAJ-MICRO-V1,12107,177,zero_scale,,,0-2;1-1;2-0,0-2;1-1;2-0,0-2;1-1;2-0,0-2|1-1|2-0|NULL,0-2|1-1|2-0|NULL,3,4,4,2,8,32,1,1,1,0,0.0,15,1
TRAJ-MICRO-V1,12107,178,configured_scale,,,0-4;1-3;2-2,0-4;1-3;2-2,0-4;1-3;2-2,1-3|0-4|2-2|NULL,1-3|0-4|2-2|NULL,3,4,4,2,8,32,1,1,1,0,0.0,15,1
TRAJ-MICRO-V1,12107,178,zero_scale,,,0-1;1-2;2-4,0-1;1-2;2-4,0-1;1-2;2-4,0-1|1-2|2-4|NULL,0-1|1-2|2-4|NULL,3,4,4,2,8,32,1,1,1,0,0.0,15,1
TRAJ-MICRO-V1,12107,179,configured_scale,,,0-0;1-2;2-4,0-0;1-2;2-4,0-0;1-2;2-4,1-2|0-0|2-4|NULL,1-2|0-0|2-4|NULL,3,4,4,2,8,32,1,1,1,0,0.0,15,1
TRAJ-MICRO-V1,12107,179,zero_scale,,,0-0;1-2;2-1,0-0;1-2;2-1,0-0;1-2;2-1,0-0|1-2|2-1|NULL,0-0|1-2|2-1|NULL,3,4,4,2,8,32,1,1,1,0,0.0,15,1
TRAJ-MICRO-V1,12107,180,configured_scale,,,0-0;1-2;2-3,0-0;1-2;2-3,0-0;1-2;2-3,0-0|1-2|2-3|NULL,0-0|1-2|2-3|NULL,3,4,4,2,8,32,1,1,1,0,0.0,15,1
TRAJ-MICRO-V1,12107,180,zero_scale,,,0-2;1-1;2-0,0-2;1-1;2-0,0-2;1-1;2-0,0-2|1-1|2-0|NULL,0-2|1-1|2-0|NULL,3,4,4,2,8,32,1,1,1,0,0.0,15,1
TRAJ-MICRO-V1,12107,181,configured_scale,,,0-0;1-3;2-4,0-0;1-3;2-4,0-0;1-3;2-4,1-3|0-0|2-4|NULL,1-3|0-0|2-4|NULL,3,4,4,2,8,32,1,1,1,0,0.0,15,1
TRAJ-MICRO-V1,12107,181,zero_scale,,,0-1;1-3;2-2,0-1;1-3;2-2,0-1;1-3;2-2,0-1|1-3|2-2|NULL,0-1|1-3|2-2|NULL,3,4,4,2,8,32,1,1,1,0,0.0,15,1
TRAJ-MICRO-V1,12107,182,configured_scale,,,0-0;1-2;2-4,0-0;1-2;2-4,0-0;1-2;2-4,0-0|2-4|1-2|NULL,0-0|2-4|1-2|NULL,3,4,4,2,8,32,1,1,1,0,0.0,15,1
TRAJ-MICRO-V1,12107,182,zero_scale,,,0-0;1-2;2-4,0-0;1-2;2-4,0-0;1-2;2-4,0-0|1-2|2-4|NULL,0-0|1-2|2-4|NULL,3,4,4,2,8,32,1,1,1,0,0.0,15,1
TRAJ-MICRO-V1,12107,183,configured_scale,,,0-0;1-3;2-4,0-0;1-3;2-4,0-0;1-3;2-4,2-4|0-0|1-3|NULL,2-4|0-0|1-3|NULL,3,4,4,2,8,32,1,1,1,0,0.0,15,1
TRAJ-MICRO-V1,12107,183,zero_scale,,,0-1;1-4;2-3,0-1;1-4;2-3,0-1;1-4;2-3,0-1|2-3|1-4|NULL,0-1|2-3|1-4|NULL,3,4,4,2,8,32,1,1,1,0,0.0,15,1
TRAJ-MICRO-V1,12107,184,configured_scale,,,0-1;1-3;2-4,0-1;1-3;2-4,0-1;1-3;2-4,2-4|0-1|1-3|NULL,2-4|0-1|1-3|NULL,3,4,4,2,8,32,1,1,1,0,0.0,15,1
TRAJ-MICRO-V1,12107,184,zero_scale,,,0-1;1-3;2-4,0-1;1-3;2-4,0-1;1-3;2-4,0-1|2-4|1-3|NULL,0-1|2-4|1-3|NULL,3,4,4,2,8,32,1,1,1,0,0.0,15,1
TRAJ-MICRO-V1,12107,185,configured_scale,,,0-1;1-2;2-4,0-1;1-2;2-4,0-1;1-2;2-4,2-4|0-1|1-2|NULL,2-4|0-1|1-2|NULL,3,4,4,2,8,32,1,1,1,0,0.0,15,1
TRAJ-MICRO-V1,12107,185,zero_scale,,,0-1;1-2;2-4,0-1;1-2;2-4,0-1;1-2;2-4,2-4|0-1|1-2|NULL,2-4|0-1|1-2|NULL,3,4,4,2,8,32,1,1,1,0,0.0,15,1
TRAJ-MICRO-V1,12107,186,configured_scale,,,0-2;1-1;2-4,0-2;1-1;2-4,0-2;1-1;2-4,0-2|1-1|2-4|NULL,0-2|1-1|2-4|NULL,3,4,4,2,8,32,1,1,1,0,0.0,15,1
TRAJ-MICRO-V1,12107,186,zero_scale,,,0-2;1-1;2-3,0-2;1-1;2-3,0-2;1-1;2-3,0-2|1-1|2-3|NULL,0-2|1-1|2-3|NULL,3,4,4,2,8,32,1,1,1,0,0.0,15,1
TRAJ-MICRO-V1,12107,187,configured_scale,,,0-1;1-3;2-2,0-1;1-3;2-2,0-1;1-3;2-2,0-1|2-2|1-3|NULL,0-1|2-2|1-3|NULL,3,4,4,2,8,32,1,1,1,0,0.0,15,1
TRAJ-MICRO-V1,12107,187,zero_scale,,,0-1;1-2;2-4,0-1;1-2;2-4,0-1;1-2;2-4,0-1|1-2|2-4|NULL,0-1|1-2|2-4|NULL,3,4,4,2,8,32,1,1,1,0,0.0,15,1
TRAJ-MICRO-V1,12107,188,configured_scale,,,0-0;1-2;2-4,0-0;1-2;2-4,0-0;1-2;2-4,0-0|1-2|2-4|NULL,0-0|1-2|2-4|NULL,3,4,4,2,8,32,1,1,1,0,0.0,15,1
TRAJ-MICRO-V1,12107,188,zero_scale,,,0-0;1-2;2-4,0-0;1-2;2-4,0-0;1-2;2-4,0-0|1-2|2-4|NULL,0-0|1-2|2-4|NULL,3,4,4,2,8,32,1,1,1,0,0.0,15,1
TRAJ-MICRO-V1,12107,189,configured_scale,,,0-1;1-2;2-3,0-1;1-2;2-3,0-1;1-2;2-3,0-1|2-3|1-2|NULL,0-1|2-3|1-2|NULL,3,4,4,2,8,32,1,1,1,0,0.0,15,1
TRAJ-MICRO-V1,12107,189,zero_scale,,,0-1;1-2;2-3,0-1;1-2;2-3,0-1;1-2;2-3,0-1|1-2|2-3|NULL,0-1|1-2|2-3|NULL,3,4,4,2,8,32,1,1,1,0,0.0,15,1
TRAJ-MICRO-V1,12107,190,configured_scale,,,0-1;1-3;2-2,0-1;1-3;2-2,0-1;1-3;2-2,0-1|1-3|2-2|NULL,0-1|1-3|2-2|NULL,3,4,4,2,8,32,1,1,1,0,0.0,15,1
TRAJ-MICRO-V1,12107,190,zero_scale,,,0-1;1-3;2-2,0-1;1-3;2-2,0-1;1-3;2-2,0-1|1-3|2-2|NULL,0-1|1-3|2-2|NULL,3,4,4,2,8,32,1,1,1,0,0.0,15,1
TRAJ-MICRO-V1,12107,191,configured_scale,,,0-3;1-2;2-4,0-3;1-2;2-4,0-3;1-2;2-4,2-4|1-2|0-3|NULL,2-4|1-2|0-3|NULL,3,4,4,2,8,32,1,1,1,0,0.0,15,1
TRAJ-MICRO-V1,12107,191,zero_scale,,,0-3;1-2;2-4,0-3;1-2;2-4,0-3;1-2;2-4,1-2|0-3|2-4|NULL,1-2|0-3|2-4|NULL,3,4,4,2,8,32,1,1,1,0,0.0,15,1
TRAJ-MICRO-V1,12107,192,configured_scale,,,0-4;1-2;2-3,0-4;1-2;2-3,0-4;1-2;2-3,2-3|1-2|0-4|NULL,2-3|1-2|0-4|NULL,3,4,4,2,8,32,1,1,1,0,0.0,15,1
TRAJ-MICRO-V1,12107,192,zero_scale,,,0-2;1-4;2-3,0-2;1-4;2-3,0-2;1-4;2-3,2-3|0-2|1-4|NULL,2-3|0-2|1-4|NULL,3,4,4,2,8,32,1,1,1,0,0.0,15,1
TRAJ-MICRO-V1,12107,193,configured_scale,,,0-4;1-3;2-2,0-4;1-3;2-2,0-4;1-3;2-2,0-4|1-3|2-2|NULL,0-4|1-3|2-2|NULL,3,4,4,2,8,32,1,1,1,0,0.0,15,1
TRAJ-MICRO-V1,12107,193,zero_scale,,,0-4;1-3;2-2,0-4;1-3;2-2,0-4;1-3;2-2,1-3|0-4|2-2|NULL,1-3|0-4|2-2|NULL,3,4,4,2,8,32,1,1,1,0,0.0,15,1
TRAJ-MICRO-V1,12107,194,configured_scale,,,0-3;1-2;2-4,0-3;1-2;2-4,0-3;1-2;2-4,2-4|0-3|1-2|NULL,2-4|0-3|1-2|NULL,3,4,4,2,8,32,1,1,1,0,0.0,15,1
TRAJ-MICRO-V1,12107,194,zero_scale,,,0-3;1-2;2-4,0-3;1-2;2-4,0-3;1-2;2-4,2-4|1-2|0-3|NULL,2-4|1-2|0-3|NULL,3,4,4,2,8,32,1,1,1,0,0.0,15,1
TRAJ-MICRO-V1,12107,195,configured_scale,,,0-4;1-2;2-3,0-4;1-2;2-3,0-4;1-2;2-3,0-4|1-2|2-3|NULL,0-4|1-2|2-3|NULL,3,4,4,2,8,32,1,1,1,0,0.0,15,1
TRAJ-MICRO-V1,12107,195,zero_scale,,,0-2;1-4;2-3,0-2;1-4;2-3,0-2;1-4;2-3,0-2|1-4|2-3|NULL,0-2|1-4|2-3|NULL,3,4,4,2,8,32,1,1,1,0,0.0,15,1
TRAJ-MICRO-V1,12107,196,configured_scale,,,0-4;1-2;2-3,0-4;1-2;2-3,0-4;1-2;2-3,0-4|1-2|2-3|NULL,0-4|1-2|2-3|NULL,3,4,4,2,8,32,1,1,1,0,0.0,15,1
TRAJ-MICRO-V1,12107,196,zero_scale,,,0-1;1-3;2-4,0-1;1-3;2-4,0-1;1-3;2-4,0-1|1-3|2-4|NULL,0-1|1-3|2-4|NULL,3,4,4,2,8,32,1,1,1,0,0.0,15,1
TRAJ-MICRO-V1,12107,197,configured_scale,,,0-0;1-2;2-4,0-0;1-2;2-4,0-0;1-2;2-4,0-0|2-4|1-2|NULL,0-0|2-4|1-2|NULL,3,4,4,2,8,32,1,1,1,0,0.0,15,1
TRAJ-MICRO-V1,12107,197,zero_scale,,,0-0;1-2;2-4,0-0;1-2;2-4,0-0;1-2;2-4,0-0|2-4|1-2|NULL,0-0|2-4|1-2|NULL,3,4,4,2,8,32,1,1,1,0,0.0,15,1
TRAJ-MICRO-V1,12107,198,configured_scale,,,0-1;1-4;2-3,0-1;1-4;2-3,0-1;1-4;2-3,0-1|1-4|2-3|NULL,0-1|1-4|2-3|NULL,3,4,4,2,8,32,1,1,1,0,0.0,15,1
TRAJ-MICRO-V1,12107,198,zero_scale,,,0-1;1-4;2-3,0-1;1-4;2-3,0-1;1-4;2-3,0-1|1-4|2-3|NULL,0-1|1-4|2-3|NULL,3,4,4,2,8,32,1,1,1,0,0.0,15,1
TRAJ-MICRO-V1,12107,199,configured_scale,,,0-0;1-3;2-4,0-0;1-3;2-4,0-0;1-3;2-4,0-0|1-3|2-4|NULL,0-0|1-3|2-4|NULL,3,4,4,2,8,32,1,1,1,0,0.0,15,1
TRAJ-MICRO-V1,12107,199,zero_scale,,,0-1;1-3;2-4,0-1;1-3;2-4,0-1;1-3;2-4,0-1|1-3|2-4|NULL,0-1|1-3|2-4|NULL,3,4,4,2,8,32,1,1,1,0,0.0,15,1
TRAJ-MICRO-V1,12107,200,configured_scale,,,0-0;1-2;2-3,0-0;1-2;2-3,0-0;1-2;2-3,0-0|1-2|2-3|NULL,0-0|1-2|2-3|NULL,3,4,4,2,8,32,1,1,1,0,0.0,15,1
TRAJ-MICRO-V1,12107,200,zero_scale,,,0-0;1-2;2-4,0-0;1-2;2-4,0-0;1-2;2-4,0-0|1-2|2-4|NULL,0-0|1-2|2-4|NULL,3,4,4,2,8,32,1,1,1,0,0.0,15,1
TRAJ-MICRO-V1,12107,201,configured_scale,,,0-2;1-3;2-4,0-2;1-3;2-4,0-2;1-3;2-4,1-3|2-4|0-2|NULL,1-3|2-4|0-2|NULL,3,4,4,2,8,32,1,1,1,0,0.0,15,1
TRAJ-MICRO-V1,12107,201,zero_scale,,,0-2;1-1;2-3,0-2;1-1;2-3,0-2;1-1;2-3,2-3|1-1|0-2|NULL,2-3|1-1|0-2|NULL,3,4,4,2,8,32,1,1,1,0,0.0,15,1
TRAJ-MICRO-V1,12107,202,configured_scale,,,0-1;1-3;2-4,0-1;1-3;2-4,0-1;1-3;2-4,1-3|2-4|0-1|NULL,1-3|2-4|0-1|NULL,3,4,4,2,8,32,1,1,1,0,0.0,15,1
TRAJ-MICRO-V1,12107,202,zero_scale,,,0-1;1-3;2-4,0-1;1-3;2-4,0-1;1-3;2-4,1-3|2-4|0-1|NULL,1-3|2-4|0-1|NULL,3,4,4,2,8,32,1,1,1,0,0.0,15,1
TRAJ-MICRO-V1,12107,203,configured_scale,,,0-3;1-2;2-4,0-3;1-2;2-4,0-3;1-2;2-4,2-4|1-2|0-3|NULL,2-4|1-2|0-3|NULL,3,4,4,2,8,32,1,1,1,0,0.0,15,1
TRAJ-MICRO-V1,12107,203,zero_scale,,,0-3;1-2;2-4,0-3;1-2;2-4,0-3;1-2;2-4,1-2|2-4|0-3|NULL,1-2|2-4|0-3|NULL,3,4,4,2,8,32,1,1,1,0,0.0,15,1
TRAJ-MICRO-V1,12107,204,configured_scale,,,0-1;1-2;2-4,0-1;1-2;2-4,0-1;1-2;2-4,1-2|2-4|0-1|NULL,1-2|2-4|0-1|NULL,3,4,4,2,8,32,1,1,1,0,0.0,15,1
TRAJ-MICRO-V1,12107,204,zero_scale,,,0-1;1-2;2-3,0-1;1-2;2-3,0-1;1-2;2-3,1-2|2-3|0-1|NULL,1-2|2-3|0-1|NULL,3,4,4,2,8,32,1,1,1,0,0.0,15,1
TRAJ-MICRO-V1,12107,205,configured_scale,,,0-1;1-3;2-4,0-1;1-3;2-4,0-1;1-3;2-4,1-3|2-4|0-1|NULL,1-3|2-4|0-1|NULL,3,4,4,2,8,32,1,1,1,0,0.0,15,1
TRAJ-MICRO-V1,12107,205,zero_scale,,,0-1;1-3;2-2,0-1;1-3;2-2,0-1;1-3;2-2,1-3|2-2|0-1|NULL,1-3|2-2|0-1|NULL,3,4,4,2,8,32,1,1,1,0,0.0,15,1
TRAJ-MICRO-V1,12107,206,configured_scale,,,0-1;1-2;2-4,0-1;1-2;2-4,0-1;1-2;2-4,1-2|2-4|0-1|NULL,1-2|2-4|0-1|NULL,3,4,4,2,8,32,1,1,1,0,0.0,15,1
TRAJ-MICRO-V1,12107,206,zero_scale,,,0-1;1-2;2-4,0-1;1-2;2-4,0-1;1-2;2-4,1-2|2-4|0-1|NULL,1-2|2-4|0-1|NULL,3,4,4,2,8,32,1,1,1,0,0.0,15,1
TRAJ-MICRO-V1,12107,207,configured_scale,,,0-1;1-2;2-0,0-1;1-2;2-0,0-1;1-2;2-0,1-2|2-0|0-1|NULL,1-2|2-0|0-1|NULL,3,4,4,2,8,32,1,1,1,0,0.0,15,1
TRAJ-MICRO-V1,12107,207,zero_scale,,,0-2;1-1;2-3,0-2;1-1;2-3,0-2;1-1;2-3,1-1|2-3|0-2|NULL,1-1|2-3|0-2|NULL,3,4,4,2,8,32,1,1,1,0,0.0,15,1
TRAJ-MICRO-V1,12107,208,configured_scale,,,0-1;1-3;2-4,0-1;1-3;2-4,0-1;1-3;2-4,1-3|2-4|0-1|NULL,1-3|2-4|0-1|NULL,3,4,4,2,8,32,1,1,1,0,0.0,15,1
TRAJ-MICRO-V1,12107,208,zero_scale,,,0-1;1-3;2-2,0-1;1-3;2-2,0-1;1-3;2-2,1-3|0-1|2-2|NULL,1-3|0-1|2-2|NULL,3,4,4,2,8,32,1,1,1,0,0.0,15,1
TRAJ-MICRO-V1,12107,209,configured_scale,,,0-0;1-2;2-4,0-0;1-2;2-4,0-0;1-2;2-4,2-4|1-2|0-0|NULL,2-4|1-2|0-0|NULL,3,4,4,2,8,32,1,1,1,0,0.0,15,1
TRAJ-MICRO-V1,12107,209,zero_scale,,,0-0;1-2;2-4,0-0;1-2;2-4,0-0;1-2;2-4,1-2|2-4|0-0|NULL,1-2|2-4|0-0|NULL,3,4,4,2,8,32,1,1,1,0,0.0,15,1
TRAJ-MICRO-V1,12107,210,configured_scale,,,0-1;1-2;2-0,0-1;1-2;2-0,0-1;1-2;2-0,2-0|1-2|0-1|NULL,2-0|1-2|0-1|NULL,3,4,4,2,8,32,1,1,1,0,0.0,15,1
TRAJ-MICRO-V1,12107,210,zero_scale,,,0-1;1-2;2-3,0-1;1-2;2-3,0-1;1-2;2-3,2-3|1-2|0-1|NULL,2-3|1-2|0-1|NULL,3,4,4,2,8,32,1,1,1,0,0.0,15,1
TRAJ-MICRO-V1,12107,211,configured_scale,,,0-0;1-3;2-4,0-0;1-3;2-4,0-0;1-3;2-4,2-4|1-3|0-0|NULL,2-4|1-3|0-0|NULL,3,4,4,2,8,32,1,1,1,0,0.0,15,1
TRAJ-MICRO-V1,12107,211,zero_scale,,,0-1;1-3;2-4,0-1;1-3;2-4,0-1;1-3;2-4,2-4|1-3|0-1|NULL,2-4|1-3|0-1|NULL,3,4,4,2,8,32,1,1,1,0,0.0,15,1
TRAJ-MICRO-V1,12107,212,configured_scale,,,0-0;1-2;2-4,0-0;1-2;2-4,0-0;1-2;2-4,2-4|0-0|1-2|NULL,2-4|0-0|1-2|NULL,3,4,4,2,8,32,1,1,1,0,0.0,15,1
TRAJ-MICRO-V1,12107,212,zero_scale,,,0-0;1-2;2-4,0-0;1-2;2-4,0-0;1-2;2-4,2-4|1-2|0-0|NULL,2-4|1-2|0-0|NULL,3,4,4,2,8,32,1,1,1,0,0.0,15,1
TRAJ-MICRO-V1,12107,213,configured_scale,,,0-1;1-0;2-4,0-1;1-0;2-4,0-1;1-0;2-4,2-4|1-0|0-1|NULL,2-4|1-0|0-1|NULL,3,4,4,2,8,32,1,1,1,0,0.0,15,1
TRAJ-MICRO-V1,12107,213,zero_scale,,,0-0;1-1;2-3,0-0;1-1;2-3,0-0;1-1;2-3,2-3|1-1|0-0|NULL,2-3|1-1|0-0|NULL,3,4,4,2,8,32,1,1,1,0,0.0,15,1
TRAJ-MICRO-V1,12107,214,configured_scale,,,0-1;1-0;2-4,0-1;1-0;2-4,0-1;1-0;2-4,2-4|1-0|0-1|NULL,2-4|1-0|0-1|NULL,3,4,4,2,8,32,1,1,1,0,0.0,15,1
TRAJ-MICRO-V1,12107,214,zero_scale,,,0-1;1-0;2-4,0-1;1-0;2-4,0-1;1-0;2-4,2-4|1-0|0-1|NULL,2-4|1-0|0-1|NULL,3,4,4,2,8,32,1,1,1,0,0.0,15,1
TRAJ-MICRO-V1,12107,215,configured_scale,,,0-0;1-2;2-4,0-0;1-2;2-4,0-0;1-2;2-4,2-4|0-0|1-2|NULL,2-4|0-0|1-2|NULL,3,4,4,2,8,32,1,1,1,0,0.0,15,1
TRAJ-MICRO-V1,12107,215,zero_scale,,,0-0;1-2;2-4,0-0;1-2;2-4,0-0;1-2;2-4,2-4|0-0|1-2|NULL,2-4|0-0|1-2|NULL,3,4,4,2,8,32,1,1,1,0,0.0,15,1
TRAJ-MICRO-V1,12107,216,configured_scale,,,0-2;1-1;2-0,0-2;1-1;2-0,0-2;1-1;2-0,2-0|1-1|0-2|NULL,2-0|1-1|0-2|NULL,3,4,4,2,8,32,1,1,1,0,0.0,15,1
TRAJ-MICRO-V1,12107,216,zero_scale,,,0-0;1-1;2-3,0-0;1-1;2-3,0-0;1-1;2-3,0-0|2-3|1-1|NULL,0-0|2-3|1-1|NULL,3,4,4,2,8,32,1,1,1,0,0.0,15,1
TRAJ-MICRO-V1,12107,217,configured_scale,,,0-0;1-3;2-4,0-0;1-3;2-4,0-0;1-3;2-4,0-0|2-4|1-3|NULL,0-0|2-4|1-3|NULL,3,4,4,2,8,32,1,1,1,0,0.0,15,1
TRAJ-MICRO-V1,12107,217,zero_scale,,,0-0;1-1;2-2,0-0;1-1;2-2,0-0;1-1;2-2,0-0|2-2|1-1|NULL,0-0|2-2|1-1|NULL,3,4,4,2,8,32,1,1,1,0,0.0,15,1
TRAJ-MICRO-V1,12107,218,configured_scale,,,0-0;1-2;2-4,0-0;1-2;2-4,0-0;1-2;2-4,0-0|2-4|1-2|NULL,0-0|2-4|1-2|NULL,3,4,4,2,8,32,1,1,1,0,0.0,15,1
TRAJ-MICRO-V1,12107,218,zero_scale,,,0-0;1-2;2-4,0-0;1-2;2-4,0-0;1-2;2-4,0-0|1-2|2-4|NULL,0-0|1-2|2-4|NULL,3,4,4,2,8,32,1,1,1,0,0.0,15,1
TRAJ-MICRO-V1,12107,219,configured_scale,,,0-1;1-2;2-0,0-1;1-2;2-0,0-1;1-2;2-0,2-0|0-1|1-2|NULL,2-0|0-1|1-2|NULL,3,4,4,2,8,32,1,1,1,0,0.0,15,1
TRAJ-MICRO-V1,12107,219,zero_scale,,,0-1;1-0;2-3,0-1;1-0;2-3,0-1;1-0;2-3,0-1|1-0|2-3|NULL,0-1|1-0|2-3|NULL,3,4,4,2,8,32,1,1,1,0,0.0,15,1
TRAJ-MICRO-V1,12107,220,configured_scale,,,0-1;1-0;2-4,0-1;1-0;2-4,0-1;1-0;2-4,1-0|0-1|2-4|NULL,1-0|0-1|2-4|NULL,3,4,4,2,8,32,1,1,1,0,0.0,15,1
TRAJ-MICRO-V1,12107,220,zero_scale,,,0-1;1-2;2-4,0-1;1-2;2-4,0-1;1-2;2-4,0-1|1-2|2-4|NULL,0-1|1-2|2-4|NULL,3,4,4,2,8,32,1,1,1,0,0.0,15,1
TRAJ-MICRO-V1,12107,221,configured_scale,,,0-3;1-2;2-1,0-3;1-2;2-1,0-3;1-2;2-1,1-2|2-1|0-3|NULL,1-2|2-1|0-3|NULL,3,4,4,2,8,32,1,1,1,0,0.0,15,1
TRAJ-MICRO-V1,12107,221,zero_scale,,,0-1;1-2;2-4,0-1;1-2;2-4,0-1;1-2;2-4,1-2|0-1|2-4|NULL,1-2|0-1|2-4|NULL,3,4,4,2,8,32,1,1,1,0,0.0,15,1
TRAJ-MICRO-V1,12107,222,configured_scale,,,0-1;1-2;2-0,0-1;1-2;2-0,0-1;1-2;2-0,1-2|0-1|2-0|NULL,1-2|0-1|2-0|NULL,3,4,4,2,8,32,1,1,1,0,0.0,15,1
TRAJ-MICRO-V1,12107,222,zero_scale,,,0-2;1-1;2-3,0-2;1-1;2-3,0-2;1-1;2-3,1-1|0-2|2-3|NULL,1-1|0-2|2-3|NULL,3,4,4,2,8,32,1,1,1,0,0.0,15,1
TRAJ-MICRO-V1,12107,223,configured_scale,,,0-1;1-2;2-4,0-1;1-2;2-4,0-1;1-2;2-4,1-2|0-1|2-4|NULL,1-2|0-1|2-4|NULL,3,4,4,2,8,32,1,1,1,0,0.0,15,1
TRAJ-MICRO-V1,12107,223,zero_scale,,,0-1;1-2;2-4,0-1;1-2;2-4,0-1;1-2;2-4,1-2|0-1|2-4|NULL,1-2|0-1|2-4|NULL,3,4,4,2,8,32,1,1,1,0,0.0,15,1
TRAJ-MICRO-V1,12107,224,configured_scale,,,0-1;1-2;2-4,0-1;1-2;2-4,0-1;1-2;2-4,1-2|0-1|2-4|NULL,1-2|0-1|2-4|NULL,3,4,4,2,8,32,1,1,1,0,0.0,15,1
TRAJ-MICRO-V1,12107,224,zero_scale,,,0-3;1-2;2-1,0-3;1-2;2-1,0-3;1-2;2-1,1-2|0-3|2-1|NULL,1-2|0-3|2-1|NULL,3,4,4,2,8,32,1,1,1,0,0.0,15,1
TRAJ-MICRO-V1,12107,225,configured_scale,,,0-1;1-2;2-0,0-1;1-2;2-0,0-1;1-2;2-0,1-2|0-1|2-0|NULL,1-2|0-1|2-0|NULL,3,4,4,2,8,32,1,1,1,0,0.0,15,1
TRAJ-MICRO-V1,12107,225,zero_scale,,,0-1;1-2;2-3,0-1;1-2;2-3,0-1;1-2;2-3,1-2|0-1|2-3|NULL,1-2|0-1|2-3|NULL,3,4,4,2,8,32,1,1,1,0,0.0,15,1
TRAJ-MICRO-V1,12107,226,configured_scale,,,0-1;1-0;2-2,0-1;1-0;2-2,0-1;1-0;2-2,0-1|1-0|2-2|NULL,0-1|1-0|2-2|NULL,3,4,4,2,8,32,1,1,1,0,0.0,15,1
TRAJ-MICRO-V1,12107,226,zero_scale,,,0-1;1-2;2-3,0-1;1-2;2-3,0-1;1-2;2-3,0-1|1-2|2-3|NULL,0-1|1-2|2-3|NULL,3,4,4,2,8,32,1,1,1,0,0.0,15,1
TRAJ-MICRO-V1,12107,227,configured_scale,,,0-0;1-3;2-4,0-0;1-3;2-4,0-0;1-3;2-4,0-0|1-3|2-4|NULL,0-0|1-3|2-4|NULL,3,4,4,2,8,32,1,1,1,0,0.0,15,1
TRAJ-MICRO-V1,12107,227,zero_scale,,,0-0;1-2;2-4,0-0;1-2;2-4,0-0;1-2;2-4,0-0|1-2|2-4|NULL,0-0|1-2|2-4|NULL,3,4,4,2,8,32,1,1,1,0,0.0,15,1
TRAJ-MICRO-V1,12107,228,configured_scale,,,0-0;1-4;2-3,0-0;1-4;2-3,0-0;1-4;2-3,0-0|2-3|1-4|NULL,0-0|2-3|1-4|NULL,3,4,4,2,8,32,1,1,1,0,0.0,15,1
TRAJ-MICRO-V1,12107,228,zero_scale,,,0-1;1-2;2-3,0-1;1-2;2-3,0-1;1-2;2-3,0-1|2-3|1-2|NULL,0-1|2-3|1-2|NULL,3,4,4,2,8,32,1,1,1,0,0.0,15,1
TRAJ-MICRO-V1,12107,229,configured_scale,,,0-4;1-3;2-2,0-4;1-3;2-2,0-4;1-3;2-2,0-4|1-3|2-2|NULL,0-4|1-3|2-2|NULL,3,4,4,2,8,32,1,1,1,0,0.0,15,1
TRAJ-MICRO-V1,12107,229,zero_scale,,,0-1;1-3;2-4,0-1;1-3;2-4,0-1;1-3;2-4,0-1|1-3|2-4|NULL,0-1|1-3|2-4|NULL,3,4,4,2,8,32,1,1,1,0,0.0,15,1
TRAJ-MICRO-V1,12107,230,configured_scale,,,0-3;1-2;2-4,0-3;1-2;2-4,0-3;1-2;2-4,2-4|0-3|1-2|NULL,2-4|0-3|1-2|NULL,3,4,4,2,8,32,1,1,1,0,0.0,15,1
TRAJ-MICRO-V1,12107,230,zero_scale,,,0-0;1-2;2-4,0-0;1-2;2-4,0-0;1-2;2-4,2-4|0-0|1-2|NULL,2-4|0-0|1-2|NULL,3,4,4,2,8,32,1,1,1,0,0.0,15,1
TRAJ-MICRO-V1,12107,231,configured_scale,,,0-2;1-3;2-4,0-2;1-3;2-4,0-2;1-3;2-4,2-4|0-2|1-3|NULL,2-4|0-2|1-3|NULL,3,4,4,2,8,32,1,1,1,0,0.0,15,1
TRAJ-MICRO-V1,12107,231,zero_scale,,,0-2;1-3;2-4,0-2;1-3;2-4,0-2;1-3;2-4,2-4|0-2|1-3|NULL,2-4|0-2|1-3|NULL,3,4,4,2,8,32,1,1,1,0,0.0,15,1
TRAJ-MICRO-V1,12107,232,configured_scale,,,0-1;1-3;2-4,0-1;1-3;2-4,0-1;1-3;2-4,2-4|1-3|0-1|NULL,2-4|1-3|0-1|NULL,3,4,4,2,8,32,1,1,1,0,0.0,15,1
TRAJ-MICRO-V1,12107,232,zero_scale,,,0-1;1-3;2-4,0-1;1-3;2-4,0-1;1-3;2-4,2-4|1-3|0-1|NULL,2-4|1-3|0-1|NULL,3,4,4,2,8,32,1,1,1,0,0.0,15,1
TRAJ-MICRO-V1,12107,233,configured_scale,,,0-0;1-3;2-4,0-0;1-3;2-4,0-0;1-3;2-4,2-4|1-3|0-0|NULL,2-4|1-3|0-0|NULL,3,4,4,2,8,32,1,1,1,0,0.0,15,1
TRAJ-MICRO-V1,12107,233,zero_scale,,,0-0;1-3;2-4,0-0;1-3;2-4,0-0;1-3;2-4,2-4|1-3|0-0|NULL,2-4|1-3|0-0|NULL,3,4,4,2,8,32,1,1,1,0,0.0,15,1
TRAJ-MICRO-V1,12107,234,configured_scale,,,0-2;1-3;2-4,0-2;1-3;2-4,0-2;1-3;2-4,2-4|1-3|0-2|NULL,2-4|1-3|0-2|NULL,3,4,4,2,8,32,1,1,1,0,0.0,15,1
TRAJ-MICRO-V1,12107,234,zero_scale,,,0-2;1-3;2-4,0-2;1-3;2-4,0-2;1-3;2-4,2-4|1-3|0-2|NULL,2-4|1-3|0-2|NULL,3,4,4,2,8,32,1,1,1,0,0.0,15,1
TRAJ-MICRO-V1,12107,235,configured_scale,,,0-1;1-3;2-4,0-1;1-3;2-4,0-1;1-3;2-4,2-4|1-3|0-1|NULL,2-4|1-3|0-1|NULL,3,4,4,2,8,32,1,1,1,0,0.0,15,1
TRAJ-MICRO-V1,12107,235,zero_scale,,,0-1;1-3;2-4,0-1;1-3;2-4,0-1;1-3;2-4,1-3|2-4|0-1|NULL,1-3|2-4|0-1|NULL,3,4,4,2,8,32,1,1,1,0,0.0,15,1
TRAJ-MICRO-V1,12107,236,configured_scale,,,0-3;1-2;2-4,0-3;1-2;2-4,0-3;1-2;2-4,2-4|1-2|0-3|NULL,2-4|1-2|0-3|NULL,3,4,4,2,8,32,1,1,1,0,0.0,15,1
TRAJ-MICRO-V1,12107,236,zero_scale,,,0-3;1-2;2-4,0-3;1-2;2-4,0-3;1-2;2-4,1-2|2-4|0-3|NULL,1-2|2-4|0-3|NULL,3,4,4,2,8,32,1,1,1,0,0.0,15,1
TRAJ-MICRO-V1,12107,237,configured_scale,,,0-1;1-2;2-3,0-1;1-2;2-3,0-1;1-2;2-3,2-3|1-2|0-1|NULL,2-3|1-2|0-1|NULL,3,4,4,2,8,32,1,1,1,0,0.0,15,1
TRAJ-MICRO-V1,12107,237,zero_scale,,,0-1;1-2;2-3,0-1;1-2;2-3,0-1;1-2;2-3,2-3|1-2|0-1|NULL,2-3|1-2|0-1|NULL,3,4,4,2,8,32,1,1,1,0,0.0,15,1
TRAJ-MICRO-V1,12107,238,configured_scale,,,0-1;1-3;2-2,0-1;1-3;2-2,0-1;1-3;2-2,1-3|2-2|0-1|NULL,1-3|2-2|0-1|NULL,3,4,4,2,8,32,1,1,1,0,0.0,15,1
TRAJ-MICRO-V1,12107,238,zero_scale,,,0-1;1-3;2-2,0-1;1-3;2-2,0-1;1-3;2-2,1-3|0-1|2-2|NULL,1-3|0-1|2-2|NULL,3,4,4,2,8,32,1,1,1,0,0.0,15,1
TRAJ-MICRO-V1,12107,239,configured_scale,,,0-3;1-2;2-4,0-3;1-2;2-4,0-3;1-2;2-4,1-2|2-4|0-3|NULL,1-2|2-4|0-3|NULL,3,4,4,2,8,32,1,1,1,0,0.0,15,1
TRAJ-MICRO-V1,12107,239,zero_scale,,,0-3;1-2;2-4,0-3;1-2;2-4,0-3;1-2;2-4,1-2|0-3|2-4|NULL,1-2|0-3|2-4|NULL,3,4,4,2,8,32,1,1,1,0,0.0,15,1
TRAJ-MICRO-V1,12107,240,configured_scale,,,0-1;1-2;2-3,0-1;1-2;2-3,0-1;1-2;2-3,1-2|2-3|0-1|NULL,1-2|2-3|0-1|NULL,3,4,4,2,8,32,1,1,1,0,0.0,15,1
TRAJ-MICRO-V1,12107,240,zero_scale,,,0-1;1-2;2-3,0-1;1-2;2-3,0-1;1-2;2-3,1-2|2-3|0-1|NULL,1-2|2-3|0-1|NULL,3,4,4,2,8,32,1,1,1,0,0.0,15,1
TRAJ-MICRO-V1,12109,1,exploration_public_assignment,3,4,0-0;1-2;2-1,0-0;1-2;2-1,0-0;1-2;2-1,PUBLIC:0-0;1-2;2-1,PUBLIC:0-0;1-2;2-1,3,0,0,0,0,0,1,1,1,0,0.0,15,1
TRAJ-MICRO-V1,12109,2,exploration_public_assignment,10,11,0-0;1-4;2-2,0-0;1-4;2-2,0-0;1-4;2-2,PUBLIC:0-0;1-4;2-2,PUBLIC:0-0;1-4;2-2,3,0,0,0,0,0,1,1,1,0,0.0,15,1
TRAJ-MICRO-V1,12109,3,exploration_public_assignment,17,18,0-1;1-2;2-4,0-1;1-2;2-4,0-1;1-2;2-4,PUBLIC:0-1;1-2;2-4,PUBLIC:0-1;1-2;2-4,3,0,0,0,0,0,1,1,1,0,0.0,15,1
TRAJ-MICRO-V1,12109,4,exploration_public_assignment,24,25,0-2;1-0;2-1,0-2;1-0;2-1,0-2;1-0;2-1,PUBLIC:0-2;1-0;2-1,PUBLIC:0-2;1-0;2-1,3,0,0,0,0,0,1,1,1,0,0.0,15,1
TRAJ-MICRO-V1,12109,5,exploration_public_assignment,31,32,0-2;1-3;2-1,0-2;1-3;2-1,0-2;1-3;2-1,PUBLIC:0-2;1-3;2-1,PUBLIC:0-2;1-3;2-1,3,0,0,0,0,0,1,1,1,0,0.0,15,1
TRAJ-MICRO-V1,12109,6,exploration_public_assignment,38,39,0-3;1-0;2-4,0-3;1-0;2-4,0-3;1-0;2-4,PUBLIC:0-3;1-0;2-4,PUBLIC:0-3;1-0;2-4,3,0,0,0,0,0,1,1,1,0,0.0,15,1
TRAJ-MICRO-V1,12109,7,exploration_public_assignment,45,46,0-3;1-4;2-0,0-3;1-4;2-0,0-3;1-4;2-0,PUBLIC:0-3;1-4;2-0,PUBLIC:0-3;1-4;2-0,3,0,0,0,0,0,1,1,1,0,0.0,15,1
TRAJ-MICRO-V1,12109,8,exploration_public_assignment,52,53,0-4;1-1;2-2,0-4;1-1;2-2,0-4;1-1;2-2,PUBLIC:0-4;1-1;2-2,PUBLIC:0-4;1-1;2-2,3,0,0,0,0,0,1,1,1,0,0.0,15,1
TRAJ-MICRO-V1,12109,9,exploration_public_assignment,59,60,0-4;1-3;2-2,0-4;1-3;2-2,0-4;1-3;2-2,PUBLIC:0-4;1-3;2-2,PUBLIC:0-4;1-3;2-2,3,0,0,0,0,0,1,1,1,0,0.0,15,1
TRAJ-MICRO-V1,12109,10,exploration_public_assignment,6,7,0-0;1-3;2-1,0-0;1-3;2-1,0-0;1-3;2-1,PUBLIC:0-0;1-3;2-1,PUBLIC:0-0;1-3;2-1,3,0,0,0,0,0,1,1,1,0,0.0,15,1
TRAJ-MICRO-V1,12109,11,exploration_public_assignment,13,14,0-1;1-0;2-3,0-1;1-0;2-3,0-1;1-0;2-3,PUBLIC:0-1;1-0;2-3,PUBLIC:0-1;1-0;2-3,3,0,0,0,0,0,1,1,1,0,0.0,15,1
TRAJ-MICRO-V1,12109,12,exploration_public_assignment,20,21,0-1;1-3;2-4,0-1;1-3;2-4,0-1;1-3;2-4,PUBLIC:0-1;1-3;2-4,PUBLIC:0-1;1-3;2-4,3,0,0,0,0,0,1,1,1,0,0.0,15,1
TRAJ-MICRO-V1,12109,13,exploration_public_assignment,27,28,0-2;1-1;2-0,0-2;1-1;2-0,0-2;1-1;2-0,PUBLIC:0-2;1-1;2-0,PUBLIC:0-2;1-1;2-0,3,0,0,0,0,0,1,1,1,0,0.0,15,1
TRAJ-MICRO-V1,12109,14,exploration_public_assignment,34,35,0-2;1-4;2-1,0-2;1-4;2-1,0-2;1-4;2-1,PUBLIC:0-2;1-4;2-1,PUBLIC:0-2;1-4;2-1,3,0,0,0,0,0,1,1,1,0,0.0,15,1
TRAJ-MICRO-V1,12109,15,exploration_public_assignment,41,42,0-3;1-1;2-4,0-3;1-1;2-4,0-3;1-1;2-4,PUBLIC:0-3;1-1;2-4,PUBLIC:0-3;1-1;2-4,3,0,0,0,0,0,1,1,1,0,0.0,15,1
TRAJ-MICRO-V1,12109,16,exploration_public_assignment,48,49,0-4;1-0;2-1,0-4;1-0;2-1,0-4;1-0;2-1,PUBLIC:0-4;1-0;2-1,PUBLIC:0-4;1-0;2-1,3,0,0,0,0,0,1,1,1,0,0.0,15,1
TRAJ-MICRO-V1,12109,17,exploration_public_assignment,55,56,0-4;1-2;2-1,0-4;1-2;2-1,0-4;1-2;2-1,PUBLIC:0-4;1-2;2-1,PUBLIC:0-4;1-2;2-1,3,0,0,0,0,0,1,1,1,0,0.0,15,1
TRAJ-MICRO-V1,12109,18,exploration_public_assignment,2,3,0-0;1-1;2-4,0-0;1-1;2-4,0-0;1-1;2-4,PUBLIC:0-0;1-1;2-4,PUBLIC:0-0;1-1;2-4,3,0,0,0,0,0,1,1,1,0,0.0,15,1
TRAJ-MICRO-V1,12109,19,configured_scale,,,0-1;1-3;2-2,0-1;1-3;2-2,0-1;1-3;2-2,0-1|2-2|1-3|NULL,0-1|2-2|1-3|NULL,3,4,4,2,8,32,1,1,1,0,0.0,15,1
TRAJ-MICRO-V1,12109,19,zero_scale,,,0-1;1-3;2-2,0-1;1-3;2-2,0-1;1-3;2-2,0-1|1-3|2-2|NULL,0-1|1-3|2-2|NULL,3,4,4,2,8,32,1,1,1,0,0.0,15,1
TRAJ-MICRO-V1,12109,20,configured_scale,,,0-0;1-2;2-1,0-0;1-2;2-1,0-0;1-2;2-1,1-2|2-1|0-0|NULL,1-2|2-1|0-0|NULL,3,4,4,2,8,32,1,1,1,0,0.0,15,1
TRAJ-MICRO-V1,12109,20,zero_scale,,,0-3;1-2;2-1,0-3;1-2;2-1,0-3;1-2;2-1,1-2|0-3|2-1|NULL,1-2|0-3|2-1|NULL,3,4,4,2,8,32,1,1,1,0,0.0,15,1
TRAJ-MICRO-V1,12109,21,configured_scale,,,0-2;1-1;2-0,0-2;1-1;2-0,0-2;1-1;2-0,1-1|2-0|0-2|NULL,1-1|2-0|0-2|NULL,3,4,4,2,8,32,1,1,1,0,0.0,15,1
TRAJ-MICRO-V1,12109,21,zero_scale,,,0-2;1-1;2-3,0-2;1-1;2-3,0-2;1-1;2-3,1-1|0-2|2-3|NULL,1-1|0-2|2-3|NULL,3,4,4,2,8,32,1,1,1,0,0.0,15,1
TRAJ-MICRO-V1,12109,22,configured_scale,,,0-4;1-3;2-2,0-4;1-3;2-2,0-4;1-3;2-2,0-4|1-3|2-2|NULL,0-4|1-3|2-2|NULL,3,4,4,2,8,32,1,1,1,0,0.0,15,1
TRAJ-MICRO-V1,12109,22,zero_scale,,,0-1;1-3;2-2,0-1;1-3;2-2,0-1;1-3;2-2,0-1|1-3|2-2|NULL,0-1|1-3|2-2|NULL,3,4,4,2,8,32,1,1,1,0,0.0,15,1
TRAJ-MICRO-V1,12109,23,configured_scale,,,0-1;1-2;2-4,0-1;1-2;2-4,0-1;1-2;2-4,2-4|0-1|1-2|NULL,2-4|0-1|1-2|NULL,3,4,4,2,8,32,1,1,1,0,0.0,15,1
TRAJ-MICRO-V1,12109,23,zero_scale,,,0-1;1-2;2-4,0-1;1-2;2-4,0-1;1-2;2-4,0-1|1-2|2-4|NULL,0-1|1-2|2-4|NULL,3,4,4,2,8,32,1,1,1,0,0.0,15,1
TRAJ-MICRO-V1,12109,24,configured_scale,,,0-0;1-4;2-3,0-0;1-4;2-3,0-0;1-4;2-3,0-0|2-3|1-4|NULL,0-0|2-3|1-4|NULL,3,4,4,2,8,32,1,1,1,0,0.0,15,1
TRAJ-MICRO-V1,12109,24,zero_scale,,,0-0;1-1;2-3,0-0;1-1;2-3,0-0;1-1;2-3,0-0|1-1|2-3|NULL,0-0|1-1|2-3|NULL,3,4,4,2,8,32,1,1,1,0,0.0,15,1
TRAJ-MICRO-V1,12109,25,configured_scale,,,0-1;1-3;2-4,0-1;1-3;2-4,0-1;1-3;2-4,0-1|1-3|2-4|NULL,0-1|1-3|2-4|NULL,3,4,4,2,8,32,1,1,1,0,0.0,15,1
TRAJ-MICRO-V1,12109,25,zero_scale,,,0-1;1-0;2-4,0-1;1-0;2-4,0-1;1-0;2-4,0-1|1-0|2-4|NULL,0-1|1-0|2-4|NULL,3,4,4,2,8,32,1,1,1,0,0.0,15,1
TRAJ-MICRO-V1,12109,26,configured_scale,,,0-0;1-2;2-4,0-0;1-2;2-4,0-0;1-2;2-4,2-4|0-0|1-2|NULL,2-4|0-0|1-2|NULL,3,4,4,2,8,32,1,1,1,0,0.0,15,1
TRAJ-MICRO-V1,12109,26,zero_scale,,,0-0;1-2;2-4,0-0;1-2;2-4,0-0;1-2;2-4,0-0|1-2|2-4|NULL,0-0|1-2|2-4|NULL,3,4,4,2,8,32,1,1,1,0,0.0,15,1
TRAJ-MICRO-V1,12109,27,configured_scale,,,0-2;1-1;2-0,0-2;1-1;2-0,0-2;1-1;2-0,2-0|1-1|0-2|NULL,2-0|1-1|0-2|NULL,3,4,4,2,8,32,1,1,1,0,0.0,15,1
TRAJ-MICRO-V1,12109,27,zero_scale,,,0-0;1-1;2-4,0-0;1-1;2-4,0-0;1-1;2-4,0-0|1-1|2-4|NULL,0-0|1-1|2-4|NULL,3,4,4,2,8,32,1,1,1,0,0.0,15,1
TRAJ-MICRO-V1,12109,28,configured_scale,,,0-1;1-0;2-4,0-1;1-0;2-4,0-1;1-0;2-4,2-4|0-1|1-0|NULL,2-4|0-1|1-0|NULL,3,4,4,2,8,32,1,1,1,0,0.0,15,1
TRAJ-MICRO-V1,12109,28,zero_scale,,,0-1;1-0;2-4,0-1;1-0;2-4,0-1;1-0;2-4,2-4|0-1|1-0|NULL,2-4|0-1|1-0|NULL,3,4,4,2,8,32,1,1,1,0,0.0,15,1
TRAJ-MICRO-V1,12109,29,configured_scale,,,0-0;1-2;2-4,0-0;1-2;2-4,0-0;1-2;2-4,2-4|0-0|1-2|NULL,2-4|0-0|1-2|NULL,3,4,4,2,8,32,1,1,1,0,0.0,15,1
TRAJ-MICRO-V1,12109,29,zero_scale,,,0-0;1-2;2-4,0-0;1-2;2-4,0-0;1-2;2-4,2-4|0-0|1-2|NULL,2-4|0-0|1-2|NULL,3,4,4,2,8,32,1,1,1,0,0.0,15,1
TRAJ-MICRO-V1,12109,30,configured_scale,,,0-0;1-3;2-4,0-0;1-3;2-4,0-0;1-3;2-4,2-4|1-3|0-0|NULL,2-4|1-3|0-0|NULL,3,4,4,2,8,32,1,1,1,0,0.0,15,1
TRAJ-MICRO-V1,12109,30,zero_scale,,,0-0;1-4;2-3,0-0;1-4;2-3,0-0;1-4;2-3,2-3|1-4|0-0|NULL,2-3|1-4|0-0|NULL,3,4,4,2,8,32,1,1,1,0,0.0,15,1
TRAJ-MICRO-V1,12109,31,configured_scale,,,0-4;1-3;2-2,0-4;1-3;2-2,0-4;1-3;2-2,0-4|1-3|2-2|NULL,0-4|1-3|2-2|NULL,3,4,4,2,8,32,1,1,1,0,0.0,15,1
TRAJ-MICRO-V1,12109,31,zero_scale,,,0-4;1-3;2-2,0-4;1-3;2-2,0-4;1-3;2-2,1-3|0-4|2-2|NULL,1-3|0-4|2-2|NULL,3,4,4,2,8,32,1,1,1,0,0.0,15,1
TRAJ-MICRO-V1,12109,32,configured_scale,,,0-3;1-2;2-1,0-3;1-2;2-1,0-3;1-2;2-1,0-3|2-1|1-2|NULL,0-3|2-1|1-2|NULL,3,4,4,2,8,32,1,1,1,0,0.0,15,1
TRAJ-MICRO-V1,12109,32,zero_scale,,,0-0;1-2;2-1,0-0;1-2;2-1,0-0;1-2;2-1,1-2|0-0|2-1|NULL,1-2|0-0|2-1|NULL,3,4,4,2,8,32,1,1,1,0,0.0,15,1
TRAJ-MICRO-V1,12109,33,configured_scale,,,0-4;1-2;2-0,0-4;1-2;2-0,0-4;1-2;2-0,2-0|1-2|0-4|NULL,2-0|1-2|0-4|NULL,3,4,4,2,8,32,1,1,1,0,0.0,15,1
TRAJ-MICRO-V1,12109,33,zero_scale,,,0-2;1-1;2-0,0-2;1-1;2-0,0-2;1-1;2-0,0-2|1-1|2-0|NULL,0-2|1-1|2-0|NULL,3,4,4,2,8,32,1,1,1,0,0.0,15,1
TRAJ-MICRO-V1,12109,34,configured_scale,,,0-4;1-3;2-0,0-4;1-3;2-0,0-4;1-3;2-0,0-4|2-0|1-3|NULL,0-4|2-0|1-3|NULL,3,4,4,2,8,32,1,1,1,0,0.0,15,1
TRAJ-MICRO-V1,12109,34,zero_scale,,,0-4;1-3;2-0,0-4;1-3;2-0,0-4;1-3;2-0,0-4|1-3|2-0|NULL,0-4|1-3|2-0|NULL,3,4,4,2,8,32,1,1,1,0,0.0,15,1
TRAJ-MICRO-V1,12109,35,configured_scale,,,0-3;1-2;2-1,0-3;1-2;2-1,0-3;1-2;2-1,0-3|1-2|2-1|NULL,0-3|1-2|2-1|NULL,3,4,4,2,8,32,1,1,1,0,0.0,15,1
TRAJ-MICRO-V1,12109,35,zero_scale,,,0-0;1-2;2-1,0-0;1-2;2-1,0-0;1-2;2-1,0-0|1-2|2-1|NULL,0-0|1-2|2-1|NULL,3,4,4,2,8,32,1,1,1,0,0.0,15,1
TRAJ-MICRO-V1,12109,36,configured_scale,,,0-4;1-2;2-0,0-4;1-2;2-0,0-4;1-2;2-0,0-4|1-2|2-0|NULL,0-4|1-2|2-0|NULL,3,4,4,2,8,32,1,1,1,0,0.0,15,1
TRAJ-MICRO-V1,12109,36,zero_scale,,,0-1;1-2;2-3,0-1;1-2;2-3,0-1;1-2;2-3,0-1|1-2|2-3|NULL,0-1|1-2|2-3|NULL,3,4,4,2,8,32,1,1,1,0,0.0,15,1
TRAJ-MICRO-V1,12109,37,configured_scale,,,0-1;1-3;2-2,0-1;1-3;2-2,0-1;1-3;2-2,0-1|1-3|2-2|NULL,0-1|1-3|2-2|NULL,3,4,4,2,8,32,1,1,1,0,0.0,15,1
TRAJ-MICRO-V1,12109,37,zero_scale,,,0-1;1-3;2-2,0-1;1-3;2-2,0-1;1-3;2-2,0-1|1-3|2-2|NULL,0-1|1-3|2-2|NULL,3,4,4,2,8,32,1,1,1,0,0.0,15,1
TRAJ-MICRO-V1,12109,38,configured_scale,,,0-0;1-2;2-4,0-0;1-2;2-4,0-0;1-2;2-4,0-0|1-2|2-4|NULL,0-0|1-2|2-4|NULL,3,4,4,2,8,32,1,1,1,0,0.0,15,1
TRAJ-MICRO-V1,12109,38,zero_scale,,,0-0;1-2;2-4,0-0;1-2;2-4,0-0;1-2;2-4,0-0|1-2|2-4|NULL,0-0|1-2|2-4|NULL,3,4,4,2,8,32,1,1,1,0,0.0,15,1
TRAJ-MICRO-V1,12109,39,configured_scale,,,0-2;1-1;2-4,0-2;1-1;2-4,0-2;1-1;2-4,0-2|2-4|1-1|NULL,0-2|2-4|1-1|NULL,3,4,4,2,8,32,1,1,1,0,0.0,15,1
TRAJ-MICRO-V1,12109,39,zero_scale,,,0-2;1-1;2-4,0-2;1-1;2-4,0-2;1-1;2-4,0-2|2-4|1-1|NULL,0-2|2-4|1-1|NULL,3,4,4,2,8,32,1,1,1,0,0.0,15,1
TRAJ-MICRO-V1,12109,40,configured_scale,,,0-1;1-3;2-4,0-1;1-3;2-4,0-1;1-3;2-4,0-1|1-3|2-4|NULL,0-1|1-3|2-4|NULL,3,4,4,2,8,32,1,1,1,0,0.0,15,1
TRAJ-MICRO-V1,12109,40,zero_scale,,,0-1;1-3;2-4,0-1;1-3;2-4,0-1;1-3;2-4,0-1|1-3|2-4|NULL,0-1|1-3|2-4|NULL,3,4,4,2,8,32,1,1,1,0,0.0,15,1
TRAJ-MICRO-V1,12109,41,configured_scale,,,0-3;1-2;2-4,0-3;1-2;2-4,0-3;1-2;2-4,1-2|0-3|2-4|NULL,1-2|0-3|2-4|NULL,3,4,4,2,8,32,1,1,1,0,0.0,15,1
TRAJ-MICRO-V1,12109,41,zero_scale,,,0-0;1-2;2-4,0-0;1-2;2-4,0-0;1-2;2-4,1-2|0-0|2-4|NULL,1-2|0-0|2-4|NULL,3,4,4,2,8,32,1,1,1,0,0.0,15,1
TRAJ-MICRO-V1,12109,42,configured_scale,,,0-0;1-3;2-4,0-0;1-3;2-4,0-0;1-3;2-4,1-3|0-0|2-4|NULL,1-3|0-0|2-4|NULL,3,4,4,2,8,32,1,1,1,0,0.0,15,1
TRAJ-MICRO-V1,12109,42,zero_scale,,,0-0;1-3;2-4,0-0;1-3;2-4,0-0;1-3;2-4,1-3|0-0|2-4|NULL,1-3|0-0|2-4|NULL,3,4,4,2,8,32,1,1,1,0,0.0,15,1
TRAJ-MICRO-V1,12109,43,configured_scale,,,0-1;1-0;2-3,0-1;1-0;2-3,0-1;1-0;2-3,1-0|2-3|0-1|NULL,1-0|2-3|0-1|NULL,3,4,4,2,8,32,1,1,1,0,0.0,15,1
TRAJ-MICRO-V1,12109,43,zero_scale,,,0-1;1-3;2-4,0-1;1-3;2-4,0-1;1-3;2-4,1-3|0-1|2-4|NULL,1-3|0-1|2-4|NULL,3,4,4,2,8,32,1,1,1,0,0.0,15,1
TRAJ-MICRO-V1,12109,44,configured_scale,,,0-1;1-0;2-4,0-1;1-0;2-4,0-1;1-0;2-4,1-0|2-4|0-1|NULL,1-0|2-4|0-1|NULL,3,4,4,2,8,32,1,1,1,0,0.0,15,1
TRAJ-MICRO-V1,12109,44,zero_scale,,,0-0;1-2;2-4,0-0;1-2;2-4,0-0;1-2;2-4,1-2|0-0|2-4|NULL,1-2|0-0|2-4|NULL,3,4,4,2,8,32,1,1,1,0,0.0,15,1
TRAJ-MICRO-V1,12109,45,configured_scale,,,0-0;1-1;2-4,0-0;1-1;2-4,0-0;1-1;2-4,1-1|2-4|0-0|NULL,1-1|2-4|0-0|NULL,3,4,4,2,8,32,1,1,1,0,0.0,15,1
TRAJ-MICRO-V1,12109,45,zero_scale,,,0-2;1-1;2-4,0-2;1-1;2-4,0-2;1-1;2-4,1-1|2-4|0-2|NULL,1-1|2-4|0-2|NULL,3,4,4,2,8,32,1,1,1,0,0.0,15,1
TRAJ-MICRO-V1,12109,46,configured_scale,,,0-1;1-0;2-4,0-1;1-0;2-4,0-1;1-0;2-4,1-0|2-4|0-1|NULL,1-0|2-4|0-1|NULL,3,4,4,2,8,32,1,1,1,0,0.0,15,1
TRAJ-MICRO-V1,12109,46,zero_scale,,,0-1;1-2;2-4,0-1;1-2;2-4,0-1;1-2;2-4,1-2|2-4|0-1|NULL,1-2|2-4|0-1|NULL,3,4,4,2,8,32,1,1,1,0,0.0,15,1
TRAJ-MICRO-V1,12109,47,configured_scale,,,0-1;1-3;2-4,0-1;1-3;2-4,0-1;1-3;2-4,2-4|1-3|0-1|NULL,2-4|1-3|0-1|NULL,3,4,4,2,8,32,1,1,1,0,0.0,15,1
TRAJ-MICRO-V1,12109,47,zero_scale,,,0-3;1-2;2-4,0-3;1-2;2-4,0-3;1-2;2-4,2-4|1-2|0-3|NULL,2-4|1-2|0-3|NULL,3,4,4,2,8,32,1,1,1,0,0.0,15,1
TRAJ-MICRO-V1,12109,48,configured_scale,,,0-4;1-2;2-0,0-4;1-2;2-0,0-4;1-2;2-0,2-0|1-2|0-4|NULL,2-0|1-2|0-4|NULL,3,4,4,2,8,32,1,1,1,0,0.0,15,1
TRAJ-MICRO-V1,12109,48,zero_scale,,,0-3;1-2;2-4,0-3;1-2;2-4,0-3;1-2;2-4,2-4|1-2|0-3|NULL,2-4|1-2|0-3|NULL,3,4,4,2,8,32,1,1,1,0,0.0,15,1
TRAJ-MICRO-V1,12109,49,configured_scale,,,0-3;1-0;2-4,0-3;1-0;2-4,0-3;1-0;2-4,2-4|1-0|0-3|NULL,2-4|1-0|0-3|NULL,3,4,4,2,8,32,1,1,1,0,0.0,15,1
TRAJ-MICRO-V1,12109,49,zero_scale,,,0-1;1-3;2-4,0-1;1-3;2-4,0-1;1-3;2-4,2-4|1-3|0-1|NULL,2-4|1-3|0-1|NULL,3,4,4,2,8,32,1,1,1,0,0.0,15,1
TRAJ-MICRO-V1,12109,50,configured_scale,,,0-4;1-3;2-1,0-4;1-3;2-1,0-4;1-3;2-1,2-1|1-3|0-4|NULL,2-1|1-3|0-4|NULL,3,4,4,2,8,32,1,1,1,0,0.0,15,1
TRAJ-MICRO-V1,12109,50,zero_scale,,,0-3;1-2;2-4,0-3;1-2;2-4,0-3;1-2;2-4,2-4|1-2|0-3|NULL,2-4|1-2|0-3|NULL,3,4,4,2,8,32,1,1,1,0,0.0,15,1
TRAJ-MICRO-V1,12109,51,configured_scale,,,0-3;1-2;2-0,0-3;1-2;2-0,0-3;1-2;2-0,2-0|1-2|0-3|NULL,2-0|1-2|0-3|NULL,3,4,4,2,8,32,1,1,1,0,0.0,15,1
TRAJ-MICRO-V1,12109,51,zero_scale,,,0-1;1-2;2-3,0-1;1-2;2-3,0-1;1-2;2-3,2-3|1-2|0-1|NULL,2-3|1-2|0-1|NULL,3,4,4,2,8,32,1,1,1,0,0.0,15,1
TRAJ-MICRO-V1,12109,52,configured_scale,,,0-1;1-0;2-2,0-1;1-0;2-2,0-1;1-0;2-2,2-2|1-0|0-1|NULL,2-2|1-0|0-1|NULL,3,4,4,2,8,32,1,1,1,0,0.0,15,1
TRAJ-MICRO-V1,12109,52,zero_scale,,,0-1;1-3;2-2,0-1;1-3;2-2,0-1;1-3;2-2,2-2|1-3|0-1|NULL,2-2|1-3|0-1|NULL,3,4,4,2,8,32,1,1,1,0,0.0,15,1
TRAJ-MICRO-V1,12109,53,configured_scale,,,0-1;1-3;2-4,0-1;1-3;2-4,0-1;1-3;2-4,2-4|0-1|1-3|NULL,2-4|0-1|1-3|NULL,3,4,4,2,8,32,1,1,1,0,0.0,15,1
TRAJ-MICRO-V1,12109,53,zero_scale,,,0-0;1-2;2-4,0-0;1-2;2-4,0-0;1-2;2-4,2-4|1-2|0-0|NULL,2-4|1-2|0-0|NULL,3,4,4,2,8,32,1,1,1,0,0.0,15,1
TRAJ-MICRO-V1,12109,54,configured_scale,,,0-0;1-2;2-3,0-0;1-2;2-3,0-0;1-2;2-3,2-3|0-0|1-2|NULL,2-3|0-0|1-2|NULL,3,4,4,2,8,32,1,1,1,0,0.0,15,1
TRAJ-MICRO-V1,12109,54,zero_scale,,,0-1;1-2;2-3,0-1;1-2;2-3,0-1;1-2;2-3,2-3|0-1|1-2|NULL,2-3|0-1|1-2|NULL,3,4,4,2,8,32,1,1,1,0,0.0,15,1
TRAJ-MICRO-V1,12109,55,configured_scale,,,0-1;1-3;2-2,0-1;1-3;2-2,0-1;1-3;2-2,2-2|1-3|0-1|NULL,2-2|1-3|0-1|NULL,3,4,4,2,8,32,1,1,1,0,0.0,15,1
TRAJ-MICRO-V1,12109,55,zero_scale,,,0-1;1-3;2-2,0-1;1-3;2-2,0-1;1-3;2-2,2-2|1-3|0-1|NULL,2-2|1-3|0-1|NULL,3,4,4,2,8,32,1,1,1,0,0.0,15,1
TRAJ-MICRO-V1,12109,56,configured_scale,,,0-1;1-2;2-4,0-1;1-2;2-4,0-1;1-2;2-4,2-4|1-2|0-1|NULL,2-4|1-2|0-1|NULL,3,4,4,2,8,32,1,1,1,0,0.0,15,1
TRAJ-MICRO-V1,12109,56,zero_scale,,,0-0;1-2;2-4,0-0;1-2;2-4,0-0;1-2;2-4,2-4|1-2|0-0|NULL,2-4|1-2|0-0|NULL,3,4,4,2,8,32,1,1,1,0,0.0,15,1
TRAJ-MICRO-V1,12109,57,configured_scale,,,0-2;1-1;2-4,0-2;1-1;2-4,0-2;1-1;2-4,2-4|1-1|0-2|NULL,2-4|1-1|0-2|NULL,3,4,4,2,8,32,1,1,1,0,0.0,15,1
TRAJ-MICRO-V1,12109,57,zero_scale,,,0-2;1-1;2-4,0-2;1-1;2-4,0-2;1-1;2-4,2-4|1-1|0-2|NULL,2-4|1-1|0-2|NULL,3,4,4,2,8,32,1,1,1,0,0.0,15,1
TRAJ-MICRO-V1,12109,58,configured_scale,,,0-1;1-3;2-4,0-1;1-3;2-4,0-1;1-3;2-4,2-4|0-1|1-3|NULL,2-4|0-1|1-3|NULL,3,4,4,2,8,32,1,1,1,0,0.0,15,1
TRAJ-MICRO-V1,12109,58,zero_scale,,,0-1;1-3;2-4,0-1;1-3;2-4,0-1;1-3;2-4,2-4|0-1|1-3|NULL,2-4|0-1|1-3|NULL,3,4,4,2,8,32,1,1,1,0,0.0,15,1
TRAJ-MICRO-V1,12109,59,configured_scale,,,0-0;1-3;2-4,0-0;1-3;2-4,0-0;1-3;2-4,2-4|1-3|0-0|NULL,2-4|1-3|0-0|NULL,3,4,4,2,8,32,1,1,1,0,0.0,15,1
TRAJ-MICRO-V1,12109,59,zero_scale,,,0-0;1-2;2-4,0-0;1-2;2-4,0-0;1-2;2-4,2-4|1-2|0-0|NULL,2-4|1-2|0-0|NULL,3,4,4,2,8,32,1,1,1,0,0.0,15,1
TRAJ-MICRO-V1,12109,60,configured_scale,,,0-0;1-3;2-4,0-0;1-3;2-4,0-0;1-3;2-4,2-4|1-3|0-0|NULL,2-4|1-3|0-0|NULL,3,4,4,2,8,32,1,1,1,0,0.0,15,1
TRAJ-MICRO-V1,12109,60,zero_scale,,,0-1;1-4;2-3,0-1;1-4;2-3,0-1;1-4;2-3,2-3|1-4|0-1|NULL,2-3|1-4|0-1|NULL,3,4,4,2,8,32,1,1,1,0,0.0,15,1
TRAJ-MICRO-V1,12109,61,configured_scale,,,0-0;1-3;2-4,0-0;1-3;2-4,0-0;1-3;2-4,1-3|2-4|0-0|NULL,1-3|2-4|0-0|NULL,3,4,4,2,8,32,1,1,1,0,0.0,15,1
TRAJ-MICRO-V1,12109,61,zero_scale,,,0-1;1-3;2-4,0-1;1-3;2-4,0-1;1-3;2-4,1-3|2-4|0-1|NULL,1-3|2-4|0-1|NULL,3,4,4,2,8,32,1,1,1,0,0.0,15,1
TRAJ-MICRO-V1,12109,62,configured_scale,,,0-0;1-2;2-4,0-0;1-2;2-4,0-0;1-2;2-4,2-4|1-2|0-0|NULL,2-4|1-2|0-0|NULL,3,4,4,2,8,32,1,1,1,0,0.0,15,1
TRAJ-MICRO-V1,12109,62,zero_scale,,,0-0;1-2;2-4,0-0;1-2;2-4,0-0;1-2;2-4,1-2|2-4|0-0|NULL,1-2|2-4|0-0|NULL,3,4,4,2,8,32,1,1,1,0,0.0,15,1
TRAJ-MICRO-V1,12109,63,configured_scale,,,0-2;1-4;2-0,0-2;1-4;2-0,0-2;1-4;2-0,1-4|2-0|0-2|NULL,1-4|2-0|0-2|NULL,3,4,4,2,8,32,1,1,1,0,0.0,15,1
TRAJ-MICRO-V1,12109,63,zero_scale,,,0-1;1-2;2-0,0-1;1-2;2-0,0-1;1-2;2-0,1-2|2-0|0-1|NULL,1-2|2-0|0-1|NULL,3,4,4,2,8,32,1,1,1,0,0.0,15,1
TRAJ-MICRO-V1,12109,64,configured_scale,,,0-0;1-3;2-4,0-0;1-3;2-4,0-0;1-3;2-4,1-3|2-4|0-0|NULL,1-3|2-4|0-0|NULL,3,4,4,2,8,32,1,1,1,0,0.0,15,1
TRAJ-MICRO-V1,12109,64,zero_scale,,,0-1;1-3;2-2,0-1;1-3;2-2,0-1;1-3;2-2,1-3|0-1|2-2|NULL,1-3|0-1|2-2|NULL,3,4,4,2,8,32,1,1,1,0,0.0,15,1
TRAJ-MICRO-V1,12109,65,configured_scale,,,0-0;1-2;2-4,0-0;1-2;2-4,0-0;1-2;2-4,1-2|2-4|0-0|NULL,1-2|2-4|0-0|NULL,3,4,4,2,8,32,1,1,1,0,0.0,15,1
TRAJ-MICRO-V1,12109,65,zero_scale,,,0-0;1-2;2-4,0-0;1-2;2-4,0-0;1-2;2-4,1-2|0-0|2-4|NULL,1-2|0-0|2-4|NULL,3,4,4,2,8,32,1,1,1,0,0.0,15,1
TRAJ-MICRO-V1,12109,66,configured_scale,,,0-2;1-4;2-0,0-2;1-4;2-0,0-2;1-4;2-0,1-4|2-0|0-2|NULL,1-4|2-0|0-2|NULL,3,4,4,2,8,32,1,1,1,0,0.0,15,1
TRAJ-MICRO-V1,12109,66,zero_scale,,,0-0;1-4;2-3,0-0;1-4;2-3,0-0;1-4;2-3,1-4|2-3|0-0|NULL,1-4|2-3|0-0|NULL,3,4,4,2,8,32,1,1,1,0,0.0,15,1
TRAJ-MICRO-V1,12109,67,configured_scale,,,0-0;1-3;2-4,0-0;1-3;2-4,0-0;1-3;2-4,1-3|2-4|0-0|NULL,1-3|2-4|0-0|NULL,3,4,4,2,8,32,1,1,1,0,0.0,15,1
TRAJ-MICRO-V1,12109,67,zero_scale,,,0-1;1-3;2-4,0-1;1-3;2-4,0-1;1-3;2-4,1-3|0-1|2-4|NULL,1-3|0-1|2-4|NULL,3,4,4,2,8,32,1,1,1,0,0.0,15,1
TRAJ-MICRO-V1,12109,68,configured_scale,,,0-0;1-2;2-4,0-0;1-2;2-4,0-0;1-2;2-4,0-0|2-4|1-2|NULL,0-0|2-4|1-2|NULL,3,4,4,2,8,32,1,1,1,0,0.0,15,1
TRAJ-MICRO-V1,12109,68,zero_scale,,,0-0;1-2;2-4,0-0;1-2;2-4,0-0;1-2;2-4,0-0|2-4|1-2|NULL,0-0|2-4|1-2|NULL,3,4,4,2,8,32,1,1,1,0,0.0,15,1
TRAJ-MICRO-V1,12109,69,configured_scale,,,0-0;1-1;2-4,0-0;1-1;2-4,0-0;1-1;2-4,0-0|2-4|1-1|NULL,0-0|2-4|1-1|NULL,3,4,4,2,8,32,1,1,1,0,0.0,15,1
TRAJ-MICRO-V1,12109,69,zero_scale,,,0-0;1-1;2-4,0-0;1-1;2-4,0-0;1-1;2-4,0-0|1-1|2-4|NULL,0-0|1-1|2-4|NULL,3,4,4,2,8,32,1,1,1,0,0.0,15,1
TRAJ-MICRO-V1,12109,70,configured_scale,,,0-1;1-0;2-4,0-1;1-0;2-4,0-1;1-0;2-4,0-1|1-0|2-4|NULL,0-1|1-0|2-4|NULL,3,4,4,2,8,32,1,1,1,0,0.0,15,1
TRAJ-MICRO-V1,12109,70,zero_scale,,,0-1;1-0;2-4,0-1;1-0;2-4,0-1;1-0;2-4,0-1|1-0|2-4|NULL,0-1|1-0|2-4|NULL,3,4,4,2,8,32,1,1,1,0,0.0,15,1
TRAJ-MICRO-V1,12109,71,configured_scale,,,0-0;1-2;2-4,0-0;1-2;2-4,0-0;1-2;2-4,0-0|1-2|2-4|NULL,0-0|1-2|2-4|NULL,3,4,4,2,8,32,1,1,1,0,0.0,15,1
TRAJ-MICRO-V1,12109,71,zero_scale,,,0-0;1-2;2-4,0-0;1-2;2-4,0-0;1-2;2-4,0-0|1-2|2-4|NULL,0-0|1-2|2-4|NULL,3,4,4,2,8,32,1,1,1,0,0.0,15,1
TRAJ-MICRO-V1,12109,72,configured_scale,,,0-0;1-1;2-3,0-0;1-1;2-3,0-0;1-1;2-3,0-0|1-1|2-3|NULL,0-0|1-1|2-3|NULL,3,4,4,2,8,32,1,1,1,0,0.0,15,1
TRAJ-MICRO-V1,12109,72,zero_scale,,,0-0;1-1;2-3,0-0;1-1;2-3,0-0;1-1;2-3,0-0|1-1|2-3|NULL,0-0|1-1|2-3|NULL,3,4,4,2,8,32,1,1,1,0,0.0,15,1
TRAJ-MICRO-V1,12109,73,configured_scale,,,0-1;1-0;2-2,0-1;1-0;2-2,0-1;1-0;2-2,0-1|1-0|2-2|NULL,0-1|1-0|2-2|NULL,3,4,4,2,8,32,1,1,1,0,0.0,15,1
TRAJ-MICRO-V1,12109,73,zero_scale,,,0-1;1-0;2-2,0-1;1-0;2-2,0-1;1-0;2-2,0-1|1-0|2-2|NULL,0-1|1-0|2-2|NULL,3,4,4,2,8,32,1,1,1,0,0.0,15,1
TRAJ-MICRO-V1,12109,74,configured_scale,,,0-1;1-2;2-4,0-1;1-2;2-4,0-1;1-2;2-4,0-1|1-2|2-4|NULL,0-1|1-2|2-4|NULL,3,4,4,2,8,32,1,1,1,0,0.0,15,1
TRAJ-MICRO-V1,12109,74,zero_scale,,,0-1;1-2;2-4,0-1;1-2;2-4,0-1;1-2;2-4,0-1|1-2|2-4|NULL,0-1|1-2|2-4|NULL,3,4,4,2,8,32,1,1,1,0,0.0,15,1
TRAJ-MICRO-V1,12109,75,configured_scale,,,0-1;1-2;2-0,0-1;1-2;2-0,0-1;1-2;2-0,1-2|0-1|2-0|NULL,1-2|0-1|2-0|NULL,3,4,4,2,8,32,1,1,1,0,0.0,15,1
TRAJ-MICRO-V1,12109,75,zero_scale,,,0-2;1-1;2-3,0-2;1-1;2-3,0-2;1-1;2-3,0-2|1-1|2-3|NULL,0-2|1-1|2-3|NULL,3,4,4,2,8,32,1,1,1,0,0.0,15,1
TRAJ-MICRO-V1,12109,76,configured_scale,,,0-1;1-2;2-3,0-1;1-2;2-3,0-1;1-2;2-3,1-2|0-1|2-3|NULL,1-2|0-1|2-3|NULL,3,4,4,2,8,32,1,1,1,0,0.0,15,1
TRAJ-MICRO-V1,12109,76,zero_scale,,,0-1;1-2;2-3,0-1;1-2;2-3,0-1;1-2;2-3,1-2|0-1|2-3|NULL,1-2|0-1|2-3|NULL,3,4,4,2,8,32,1,1,1,0,0.0,15,1
TRAJ-MICRO-V1,12109,77,configured_scale,,,0-3;1-2;2-1,0-3;1-2;2-1,0-3;1-2;2-1,1-2|0-3|2-1|NULL,1-2|0-3|2-1|NULL,3,4,4,2,8,32,1,1,1,0,0.0,15,1
TRAJ-MICRO-V1,12109,77,zero_scale,,,0-3;1-2;2-1,0-3;1-2;2-1,0-3;1-2;2-1,1-2|0-3|2-1|NULL,1-2|0-3|2-1|NULL,3,4,4,2,8,32,1,1,1,0,0.0,15,1
TRAJ-MICRO-V1,12109,78,configured_scale,,,0-1;1-2;2-3,0-1;1-2;2-3,0-1;1-2;2-3,2-3|1-2|0-1|NULL,2-3|1-2|0-1|NULL,3,4,4,2,8,32,1,1,1,0,0.0,15,1
TRAJ-MICRO-V1,12109,78,zero_scale,,,0-1;1-2;2-3,0-1;1-2;2-3,0-1;1-2;2-3,1-2|2-3|0-1|NULL,1-2|2-3|0-1|NULL,3,4,4,2,8,32,1,1,1,0,0.0,15,1
TRAJ-MICRO-V1,12109,79,configured_scale,,,0-4;1-2;2-3,0-4;1-2;2-3,0-4;1-2;2-3,2-3|1-2|0-4|NULL,2-3|1-2|0-4|NULL,3,4,4,2,8,32,1,1,1,0,0.0,15,1
TRAJ-MICRO-V1,12109,79,zero_scale,,,0-1;1-3;2-2,0-1;1-3;2-2,0-1;1-3;2-2,1-3|2-2|0-1|NULL,1-3|2-2|0-1|NULL,3,4,4,2,8,32,1,1,1,0,0.0,15,1
TRAJ-MICRO-V1,12109,80,configured_scale,,,0-1;1-3;2-4,0-1;1-3;2-4,0-1;1-3;2-4,2-4|1-3|0-1|NULL,2-4|1-3|0-1|NULL,3,4,4,2,8,32,1,1,1,0,0.0,15,1
TRAJ-MICRO-V1,12109,80,zero_scale,,,0-3;1-2;2-4,0-3;1-2;2-4,0-3;1-2;2-4,1-2|2-4|0-3|NULL,1-2|2-4|0-3|NULL,3,4,4,2,8,32,1,1,1,0,0.0,15,1
TRAJ-MICRO-V1,12109,81,configured_scale,,,0-1;1-2;2-3,0-1;1-2;2-3,0-1;1-2;2-3,2-3|1-2|0-1|NULL,2-3|1-2|0-1|NULL,3,4,4,2,8,32,1,1,1,0,0.0,15,1
TRAJ-MICRO-V1,12109,81,zero_scale,,,0-1;1-2;2-3,0-1;1-2;2-3,0-1;1-2;2-3,0-1|2-3|1-2|NULL,0-1|2-3|1-2|NULL,3,4,4,2,8,32,1,1,1,0,0.0,15,1
TRAJ-MICRO-V1,12109,82,configured_scale,,,0-1;1-3;2-4,0-1;1-3;2-4,0-1;1-3;2-4,2-4|0-1|1-3|NULL,2-4|0-1|1-3|NULL,3,4,4,2,8,32,1,1,1,0,0.0,15,1
TRAJ-MICRO-V1,12109,82,zero_scale,,,0-1;1-3;2-4,0-1;1-3;2-4,0-1;1-3;2-4,0-1|2-4|1-3|NULL,0-1|2-4|1-3|NULL,3,4,4,2,8,32,1,1,1,0,0.0,15,1
TRAJ-MICRO-V1,12109,83,configured_scale,,,0-0;1-3;2-4,0-0;1-3;2-4,0-0;1-3;2-4,2-4|0-0|1-3|NULL,2-4|0-0|1-3|NULL,3,4,4,2,8,32,1,1,1,0,0.0,15,1
TRAJ-MICRO-V1,12109,83,zero_scale,,,0-0;1-2;2-4,0-0;1-2;2-4,0-0;1-2;2-4,2-4|0-0|1-2|NULL,2-4|0-0|1-2|NULL,3,4,4,2,8,32,1,1,1,0,0.0,15,1
TRAJ-MICRO-V1,12109,84,configured_scale,,,0-0;1-3;2-4,0-0;1-3;2-4,0-0;1-3;2-4,2-4|0-0|1-3|NULL,2-4|0-0|1-3|NULL,3,4,4,2,8,32,1,1,1,0,0.0,15,1
TRAJ-MICRO-V1,12109,84,zero_scale,,,0-2;1-3;2-4,0-2;1-3;2-4,0-2;1-3;2-4,2-4|0-2|1-3|NULL,2-4|0-2|1-3|NULL,3,4,4,2,8,32,1,1,1,0,0.0,15,1
TRAJ-MICRO-V1,12109,85,configured_scale,,,0-1;1-3;2-4,0-1;1-3;2-4,0-1;1-3;2-4,2-4|1-3|0-1|NULL,2-4|1-3|0-1|NULL,3,4,4,2,8,32,1,1,1,0,0.0,15,1
TRAJ-MICRO-V1,12109,85,zero_scale,,,0-1;1-3;2-4,0-1;1-3;2-4,0-1;1-3;2-4,2-4|1-3|0-1|NULL,2-4|1-3|0-1|NULL,3,4,4,2,8,32,1,1,1,0,0.0,15,1
TRAJ-MICRO-V1,12109,86,configured_scale,,,0-3;1-2;2-4,0-3;1-2;2-4,0-3;1-2;2-4,2-4|0-3|1-2|NULL,2-4|0-3|1-2|NULL,3,4,4,2,8,32,1,1,1,0,0.0,15,1
TRAJ-MICRO-V1,12109,86,zero_scale,,,0-3;1-2;2-4,0-3;1-2;2-4,0-3;1-2;2-4,2-4|0-3|1-2|NULL,2-4|0-3|1-2|NULL,3,4,4,2,8,32,1,1,1,0,0.0,15,1
TRAJ-MICRO-V1,12109,87,configured_scale,,,0-2;1-3;2-4,0-2;1-3;2-4,0-2;1-3;2-4,2-4|0-2|1-3|NULL,2-4|0-2|1-3|NULL,3,4,4,2,8,32,1,1,1,0,0.0,15,1
TRAJ-MICRO-V1,12109,87,zero_scale,,,0-2;1-3;2-4,0-2;1-3;2-4,0-2;1-3;2-4,2-4|1-3|0-2|NULL,2-4|1-3|0-2|NULL,3,4,4,2,8,32,1,1,1,0,0.0,15,1
TRAJ-MICRO-V1,12109,88,configured_scale,,,0-1;1-3;2-4,0-1;1-3;2-4,0-1;1-3;2-4,2-4|1-3|0-1|NULL,2-4|1-3|0-1|NULL,3,4,4,2,8,32,1,1,1,0,0.0,15,1
TRAJ-MICRO-V1,12109,88,zero_scale,,,0-1;1-3;2-4,0-1;1-3;2-4,0-1;1-3;2-4,2-4|1-3|0-1|NULL,2-4|1-3|0-1|NULL,3,4,4,2,8,32,1,1,1,0,0.0,15,1
TRAJ-MICRO-V1,12109,89,configured_scale,,,0-0;1-3;2-4,0-0;1-3;2-4,0-0;1-3;2-4,1-3|2-4|0-0|NULL,1-3|2-4|0-0|NULL,3,4,4,2,8,32,1,1,1,0,0.0,15,1
TRAJ-MICRO-V1,12109,89,zero_scale,,,0-3;1-2;2-4,0-3;1-2;2-4,0-3;1-2;2-4,0-3|2-4|1-2|NULL,0-3|2-4|1-2|NULL,3,4,4,2,8,32,1,1,1,0,0.0,15,1
TRAJ-MICRO-V1,12109,90,configured_scale,,,0-3;1-2;2-4,0-3;1-2;2-4,0-3;1-2;2-4,0-3|1-2|2-4|NULL,0-3|1-2|2-4|NULL,3,4,4,2,8,32,1,1,1,0,0.0,15,1
TRAJ-MICRO-V1,12109,90,zero_scale,,,0-2;1-3;2-4,0-2;1-3;2-4,0-2;1-3;2-4,0-2|1-3|2-4|NULL,0-2|1-3|2-4|NULL,3,4,4,2,8,32,1,1,1,0,0.0,15,1
TRAJ-MICRO-V1,12109,91,configured_scale,,,0-4;1-3;2-2,0-4;1-3;2-2,0-4;1-3;2-2,0-4|1-3|2-2|NULL,0-4|1-3|2-2|NULL,3,4,4,2,8,32,1,1,1,0,0.0,15,1
TRAJ-MICRO-V1,12109,91,zero_scale,,,0-1;1-3;2-2,0-1;1-3;2-2,0-1;1-3;2-2,0-1|1-3|2-2|NULL,0-1|1-3|2-2|NULL,3,4,4,2,8,32,1,1,1,0,0.0,15,1
TRAJ-MICRO-V1,12109,92,configured_scale,,,0-3;1-2;2-1,0-3;1-2;2-1,0-3;1-2;2-1,1-2|0-3|2-1|NULL,1-2|0-3|2-1|NULL,3,4,4,2,8,32,1,1,1,0,0.0,15,1
TRAJ-MICRO-V1,12109,92,zero_scale,,,0-3;1-2;2-1,0-3;1-2;2-1,0-3;1-2;2-1,1-2|0-3|2-1|NULL,1-2|0-3|2-1|NULL,3,4,4,2,8,32,1,1,1,0,0.0,15,1
TRAJ-MICRO-V1,12109,93,configured_scale,,,0-1;1-2;2-0,0-1;1-2;2-0,0-1;1-2;2-0,1-2|0-1|2-0|NULL,1-2|0-1|2-0|NULL,3,4,4,2,8,32,1,1,1,0,0.0,15,1
TRAJ-MICRO-V1,12109,93,zero_scale,,,0-1;1-2;2-3,0-1;1-2;2-3,0-1;1-2;2-3,1-2|0-1|2-3|NULL,1-2|0-1|2-3|NULL,3,4,4,2,8,32,1,1,1,0,0.0,15,1
TRAJ-MICRO-V1,12109,94,configured_scale,,,0-1;1-3;2-2,0-1;1-3;2-2,0-1;1-3;2-2,1-3|0-1|2-2|NULL,1-3|0-1|2-2|NULL,3,4,4,2,8,32,1,1,1,0,0.0,15,1
TRAJ-MICRO-V1,12109,94,zero_scale,,,0-1;1-3;2-2,0-1;1-3;2-2,0-1;1-3;2-2,1-3|0-1|2-2|NULL,1-3|0-1|2-2|NULL,3,4,4,2,8,32,1,1,1,0,0.0,15,1
TRAJ-MICRO-V1,12109,95,configured_scale,,,0-1;1-2;2-4,0-1;1-2;2-4,0-1;1-2;2-4,1-2|2-4|0-1|NULL,1-2|2-4|0-1|NULL,3,4,4,2,8,32,1,1,1,0,0.0,15,1
TRAJ-MICRO-V1,12109,95,zero_scale,,,0-1;1-2;2-4,0-1;1-2;2-4,0-1;1-2;2-4,1-2|2-4|0-1|NULL,1-2|2-4|0-1|NULL,3,4,4,2,8,32,1,1,1,0,0.0,15,1
TRAJ-MICRO-V1,12109,96,configured_scale,,,0-1;1-4;2-3,0-1;1-4;2-3,0-1;1-4;2-3,1-4|2-3|0-1|NULL,1-4|2-3|0-1|NULL,3,4,4,2,8,32,1,1,1,0,0.0,15,1
TRAJ-MICRO-V1,12109,96,zero_scale,,,0-1;1-4;2-3,0-1;1-4;2-3,0-1;1-4;2-3,1-4|2-3|0-1|NULL,1-4|2-3|0-1|NULL,3,4,4,2,8,32,1,1,1,0,0.0,15,1
TRAJ-MICRO-V1,12109,97,configured_scale,,,0-1;1-0;2-4,0-1;1-0;2-4,0-1;1-0;2-4,1-0|2-4|0-1|NULL,1-0|2-4|0-1|NULL,3,4,4,2,8,32,1,1,1,0,0.0,15,1
TRAJ-MICRO-V1,12109,97,zero_scale,,,0-1;1-3;2-4,0-1;1-3;2-4,0-1;1-3;2-4,1-3|2-4|0-1|NULL,1-3|2-4|0-1|NULL,3,4,4,2,8,32,1,1,1,0,0.0,15,1
TRAJ-MICRO-V1,12109,98,configured_scale,,,0-0;1-2;2-4,0-0;1-2;2-4,0-0;1-2;2-4,2-4|0-0|1-2|NULL,2-4|0-0|1-2|NULL,3,4,4,2,8,32,1,1,1,0,0.0,15,1
TRAJ-MICRO-V1,12109,98,zero_scale,,,0-0;1-2;2-4,0-0;1-2;2-4,0-0;1-2;2-4,2-4|1-2|0-0|NULL,2-4|1-2|0-0|NULL,3,4,4,2,8,32,1,1,1,0,0.0,15,1
TRAJ-MICRO-V1,12109,99,configured_scale,,,0-2;1-1;2-0,0-2;1-1;2-0,0-2;1-1;2-0,2-0|1-1|0-2|NULL,2-0|1-1|0-2|NULL,3,4,4,2,8,32,1,1,1,0,0.0,15,1
TRAJ-MICRO-V1,12109,99,zero_scale,,,0-0;1-1;2-4,0-0;1-1;2-4,0-0;1-1;2-4,1-1|2-4|0-0|NULL,1-1|2-4|0-0|NULL,3,4,4,2,8,32,1,1,1,0,0.0,15,1
TRAJ-MICRO-V1,12109,100,configured_scale,,,0-1;1-0;2-4,0-1;1-0;2-4,0-1;1-0;2-4,1-0|2-4|0-1|NULL,1-0|2-4|0-1|NULL,3,4,4,2,8,32,1,1,1,0,0.0,15,1
TRAJ-MICRO-V1,12109,100,zero_scale,,,0-1;1-0;2-4,0-1;1-0;2-4,0-1;1-0;2-4,1-0|0-1|2-4|NULL,1-0|0-1|2-4|NULL,3,4,4,2,8,32,1,1,1,0,0.0,15,1
TRAJ-MICRO-V1,12109,101,configured_scale,,,0-0;1-2;2-4,0-0;1-2;2-4,0-0;1-2;2-4,2-4|0-0|1-2|NULL,2-4|0-0|1-2|NULL,3,4,4,2,8,32,1,1,1,0,0.0,15,1
TRAJ-MICRO-V1,12109,101,zero_scale,,,0-0;1-2;2-4,0-0;1-2;2-4,0-0;1-2;2-4,0-0|2-4|1-2|NULL,0-0|2-4|1-2|NULL,3,4,4,2,8,32,1,1,1,0,0.0,15,1
TRAJ-MICRO-V1,12109,102,configured_scale,,,0-1;1-2;2-0,0-1;1-2;2-0,0-1;1-2;2-0,2-0|0-1|1-2|NULL,2-0|0-1|1-2|NULL,3,4,4,2,8,32,1,1,1,0,0.0,15,1
TRAJ-MICRO-V1,12109,102,zero_scale,,,0-0;1-1;2-3,0-0;1-1;2-3,0-0;1-1;2-3,0-0|1-1|2-3|NULL,0-0|1-1|2-3|NULL,3,4,4,2,8,32,1,1,1,0,0.0,15,1
TRAJ-MICRO-V1,12109,103,configured_scale,,,0-1;1-3;2-0,0-1;1-3;2-0,0-1;1-3;2-0,2-0|0-1|1-3|NULL,2-0|0-1|1-3|NULL,3,4,4,2,8,32,1,1,1,0,0.0,15,1
TRAJ-MICRO-V1,12109,103,zero_scale,,,0-1;1-0;2-2,0-1;1-0;2-2,0-1;1-0;2-2,1-0|0-1|2-2|NULL,1-0|0-1|2-2|NULL,3,4,4,2,8,32,1,1,1,0,0.0,15,1
TRAJ-MICRO-V1,12109,104,configured_scale,,,0-0;1-2;2-4,0-0;1-2;2-4,0-0;1-2;2-4,2-4|1-2|0-0|NULL,2-4|1-2|0-0|NULL,3,4,4,2,8,32,1,1,1,0,0.0,15,1
TRAJ-MICRO-V1,12109,104,zero_scale,,,0-0;1-2;2-1,0-0;1-2;2-1,0-0;1-2;2-1,1-2|2-1|0-0|NULL,1-2|2-1|0-0|NULL,3,4,4,2,8,32,1,1,1,0,0.0,15,1
TRAJ-MICRO-V1,12109,105,configured_scale,,,0-1;1-2;2-0,0-1;1-2;2-0,0-1;1-2;2-0,2-0|1-2|0-1|NULL,2-0|1-2|0-1|NULL,3,4,4,2,8,32,1,1,1,0,0.0,15,1
TRAJ-MICRO-V1,12109,105,zero_scale,,,0-2;1-1;2-0,0-2;1-1;2-0,0-2;1-1;2-0,2-0|1-1|0-2|NULL,2-0|1-1|0-2|NULL,3,4,4,2,8,32,1,1,1,0,0.0,15,1
TRAJ-MICRO-V1,12109,106,configured_scale,,,0-1;1-3;2-4,0-1;1-3;2-4,0-1;1-3;2-4,2-4|1-3|0-1|NULL,2-4|1-3|0-1|NULL,3,4,4,2,8,32,1,1,1,0,0.0,15,1
TRAJ-MICRO-V1,12109,106,zero_scale,,,0-1;1-3;2-2,0-1;1-3;2-2,0-1;1-3;2-2,2-2|1-3|0-1|NULL,2-2|1-3|0-1|NULL,3,4,4,2,8,32,1,1,1,0,0.0,15,1
TRAJ-MICRO-V1,12109,107,configured_scale,,,0-0;1-2;2-4,0-0;1-2;2-4,0-0;1-2;2-4,2-4|1-2|0-0|NULL,2-4|1-2|0-0|NULL,3,4,4,2,8,32,1,1,1,0,0.0,15,1
TRAJ-MICRO-V1,12109,107,zero_scale,,,0-0;1-2;2-4,0-0;1-2;2-4,0-0;1-2;2-4,2-4|1-2|0-0|NULL,2-4|1-2|0-0|NULL,3,4,4,2,8,32,1,1,1,0,0.0,15,1
TRAJ-MICRO-V1,12109,108,configured_scale,,,0-1;1-2;2-0,0-1;1-2;2-0,0-1;1-2;2-0,2-0|1-2|0-1|NULL,2-0|1-2|0-1|NULL,3,4,4,2,8,32,1,1,1,0,0.0,15,1
TRAJ-MICRO-V1,12109,108,zero_scale,,,0-1;1-2;2-0,0-1;1-2;2-0,0-1;1-2;2-0,2-0|1-2|0-1|NULL,2-0|1-2|0-1|NULL,3,4,4,2,8,32,1,1,1,0,0.0,15,1
TRAJ-MICRO-V1,12109,109,configured_scale,,,0-1;1-2;2-0,0-1;1-2;2-0,0-1;1-2;2-0,2-0|0-1|1-2|NULL,2-0|0-1|1-2|NULL,3,4,4,2,8,32,1,1,1,0,0.0,15,1
TRAJ-MICRO-V1,12109,109,zero_scale,,,0-1;1-0;2-2,0-1;1-0;2-2,0-1;1-0;2-2,0-1|2-2|1-0|NULL,0-1|2-2|1-0|NULL,3,4,4,2,8,32,1,1,1,0,0.0,15,1
TRAJ-MICRO-V1,12109,110,configured_scale,,,0-0;1-2;2-1,0-0;1-2;2-1,0-0;1-2;2-1,2-1|0-0|1-2|NULL,2-1|0-0|1-2|NULL,3,4,4,2,8,32,1,1,1,0,0.0,15,1
TRAJ-MICRO-V1,12109,110,zero_scale,,,0-0;1-2;2-1,0-0;1-2;2-1,0-0;1-2;2-1,2-1|1-2|0-0|NULL,2-1|1-2|0-0|NULL,3,4,4,2,8,32,1,1,1,0,0.0,15,1
TRAJ-MICRO-V1,12109,111,configured_scale,,,0-1;1-2;2-0,0-1;1-2;2-0,0-1;1-2;2-0,0-1|2-0|1-2|NULL,0-1|2-0|1-2|NULL,3,4,4,2,8,32,1,1,1,0,0.0,15,1
TRAJ-MICRO-V1,12109,111,zero_scale,,,0-1;1-2;2-0,0-1;1-2;2-0,0-1;1-2;2-0,0-1|2-0|1-2|NULL,0-1|2-0|1-2|NULL,3,4,4,2,8,32,1,1,1,0,0.0,15,1
TRAJ-MICRO-V1,12109,112,configured_scale,,,0-1;1-3;2-2,0-1;1-3;2-2,0-1;1-3;2-2,2-2|0-1|1-3|NULL,2-2|0-1|1-3|NULL,3,4,4,2,8,32,1,1,1,0,0.0,15,1
TRAJ-MICRO-V1,12109,112,zero_scale,,,0-1;1-3;2-2,0-1;1-3;2-2,0-1;1-3;2-2,0-1|2-2|1-3|NULL,0-1|2-2|1-3|NULL,3,4,4,2,8,32,1,1,1,0,0.0,15,1
TRAJ-MICRO-V1,12109,113,configured_scale,,,0-0;1-2;2-4,0-0;1-2;2-4,0-0;1-2;2-4,1-2|2-4|0-0|NULL,1-2|2-4|0-0|NULL,3,4,4,2,8,32,1,1,1,0,0.0,15,1
TRAJ-MICRO-V1,12109,113,zero_scale,,,0-0;1-2;2-4,0-0;1-2;2-4,0-0;1-2;2-4,1-2|2-4|0-0|NULL,1-2|2-4|0-0|NULL,3,4,4,2,8,32,1,1,1,0,0.0,15,1
TRAJ-MICRO-V1,12109,114,configured_scale,,,0-1;1-2;2-4,0-1;1-2;2-4,0-1;1-2;2-4,1-2|2-4|0-1|NULL,1-2|2-4|0-1|NULL,3,4,4,2,8,32,1,1,1,0,0.0,15,1
TRAJ-MICRO-V1,12109,114,zero_scale,,,0-1;1-2;2-3,0-1;1-2;2-3,0-1;1-2;2-3,2-3|1-2|0-1|NULL,2-3|1-2|0-1|NULL,3,4,4,2,8,32,1,1,1,0,0.0,15,1
TRAJ-MICRO-V1,12109,115,configured_scale,,,0-1;1-3;2-4,0-1;1-3;2-4,0-1;1-3;2-4,1-3|2-4|0-1|NULL,1-3|2-4|0-1|NULL,3,4,4,2,8,32,1,1,1,0,0.0,15,1
TRAJ-MICRO-V1,12109,115,zero_scale,,,0-1;1-3;2-4,0-1;1-3;2-4,0-1;1-3;2-4,2-4|1-3|0-1|NULL,2-4|1-3|0-1|NULL,3,4,4,2,8,32,1,1,1,0,0.0,15,1
TRAJ-MICRO-V1,12109,116,configured_scale,,,0-0;1-3;2-4,0-0;1-3;2-4,0-0;1-3;2-4,1-3|2-4|0-0|NULL,1-3|2-4|0-0|NULL,3,4,4,2,8,32,1,1,1,0,0.0,15,1
TRAJ-MICRO-V1,12109,116,zero_scale,,,0-0;1-3;2-4,0-0;1-3;2-4,0-0;1-3;2-4,2-4|1-3|0-0|NULL,2-4|1-3|0-0|NULL,3,4,4,2,8,32,1,1,1,0,0.0,15,1
TRAJ-MICRO-V1,12109,117,configured_scale,,,0-3;1-2;2-4,0-3;1-2;2-4,0-3;1-2;2-4,2-4|1-2|0-3|NULL,2-4|1-2|0-3|NULL,3,4,4,2,8,32,1,1,1,0,0.0,15,1
TRAJ-MICRO-V1,12109,117,zero_scale,,,0-2;1-3;2-4,0-2;1-3;2-4,0-2;1-3;2-4,1-3|2-4|0-2|NULL,1-3|2-4|0-2|NULL,3,4,4,2,8,32,1,1,1,0,0.0,15,1
TRAJ-MICRO-V1,12109,118,configured_scale,,,0-1;1-4;2-3,0-1;1-4;2-3,0-1;1-4;2-3,1-4|2-3|0-1|NULL,1-4|2-3|0-1|NULL,3,4,4,2,8,32,1,1,1,0,0.0,15,1
TRAJ-MICRO-V1,12109,118,zero_scale,,,0-1;1-3;2-4,0-1;1-3;2-4,0-1;1-3;2-4,1-3|2-4|0-1|NULL,1-3|2-4|0-1|NULL,3,4,4,2,8,32,1,1,1,0,0.0,15,1
TRAJ-MICRO-V1,12109,119,configured_scale,,,0-0;1-3;2-4,0-0;1-3;2-4,0-0;1-3;2-4,1-3|2-4|0-0|NULL,1-3|2-4|0-0|NULL,3,4,4,2,8,32,1,1,1,0,0.0,15,1
TRAJ-MICRO-V1,12109,119,zero_scale,,,0-3;1-2;2-4,0-3;1-2;2-4,0-3;1-2;2-4,1-2|2-4|0-3|NULL,1-2|2-4|0-3|NULL,3,4,4,2,8,32,1,1,1,0,0.0,15,1
TRAJ-MICRO-V1,12109,120,configured_scale,,,0-3;1-2;2-4,0-3;1-2;2-4,0-3;1-2;2-4,1-2|2-4|0-3|NULL,1-2|2-4|0-3|NULL,3,4,4,2,8,32,1,1,1,0,0.0,15,1
TRAJ-MICRO-V1,12109,120,zero_scale,,,0-2;1-4;2-3,0-2;1-4;2-3,0-2;1-4;2-3,1-4|2-3|0-2|NULL,1-4|2-3|0-2|NULL,3,4,4,2,8,32,1,1,1,0,0.0,15,1
TRAJ-MICRO-V1,12109,121,configured_scale,,,0-4;1-2;2-3,0-4;1-2;2-3,0-4;1-2;2-3,0-4|1-2|2-3|NULL,0-4|1-2|2-3|NULL,3,4,4,2,8,32,1,1,1,0,0.0,15,1
TRAJ-MICRO-V1,12109,121,zero_scale,,,0-4;1-3;2-2,0-4;1-3;2-2,0-4;1-3;2-2,0-4|1-3|2-2|NULL,0-4|1-3|2-2|NULL,3,4,4,2,8,32,1,1,1,0,0.0,15,1
TRAJ-MICRO-V1,12109,122,configured_scale,,,0-3;1-2;2-4,0-3;1-2;2-4,0-3;1-2;2-4,2-4|0-3|1-2|NULL,2-4|0-3|1-2|NULL,3,4,4,2,8,32,1,1,1,0,0.0,15,1
TRAJ-MICRO-V1,12109,122,zero_scale,,,0-3;1-2;2-4,0-3;1-2;2-4,0-3;1-2;2-4,2-4|1-2|0-3|NULL,2-4|1-2|0-3|NULL,3,4,4,2,8,32,1,1,1,0,0.0,15,1
TRAJ-MICRO-V1,12109,123,configured_scale,,,0-4;1-2;2-3,0-4;1-2;2-3,0-4;1-2;2-3,0-4|1-2|2-3|NULL,0-4|1-2|2-3|NULL,3,4,4,2,8,32,1,1,1,0,0.0,15,1
TRAJ-MICRO-V1,12109,123,zero_scale,,,0-2;1-4;2-3,0-2;1-4;2-3,0-2;1-4;2-3,1-4|0-2|2-3|NULL,1-4|0-2|2-3|NULL,3,4,4,2,8,32,1,1,1,0,0.0,15,1
TRAJ-MICRO-V1,12109,124,configured_scale,,,0-4;1-2;2-3,0-4;1-2;2-3,0-4;1-2;2-3,0-4|2-3|1-2|NULL,0-4|2-3|1-2|NULL,3,4,4,2,8,32,1,1,1,0,0.0,15,1
TRAJ-MICRO-V1,12109,124,zero_scale,,,0-4;1-3;2-2,0-4;1-3;2-2,0-4;1-3;2-2,0-4|1-3|2-2|NULL,0-4|1-3|2-2|NULL,3,4,4,2,8,32,1,1,1,0,0.0,15,1
TRAJ-MICRO-V1,12109,125,configured_scale,,,0-3;1-2;2-4,0-3;1-2;2-4,0-3;1-2;2-4,2-4|0-3|1-2|NULL,2-4|0-3|1-2|NULL,3,4,4,2,8,32,1,1,1,0,0.0,15,1
TRAJ-MICRO-V1,12109,125,zero_scale,,,0-3;1-2;2-4,0-3;1-2;2-4,0-3;1-2;2-4,2-4|0-3|1-2|NULL,2-4|0-3|1-2|NULL,3,4,4,2,8,32,1,1,1,0,0.0,15,1
TRAJ-MICRO-V1,12109,126,configured_scale,,,0-2;1-4;2-3,0-2;1-4;2-3,0-2;1-4;2-3,2-3|0-2|1-4|NULL,2-3|0-2|1-4|NULL,3,4,4,2,8,32,1,1,1,0,0.0,15,1
TRAJ-MICRO-V1,12109,126,zero_scale,,,0-2;1-4;2-3,0-2;1-4;2-3,0-2;1-4;2-3,2-3|0-2|1-4|NULL,2-3|0-2|1-4|NULL,3,4,4,2,8,32,1,1,1,0,0.0,15,1
TRAJ-MICRO-V1,12109,127,configured_scale,,,0-1;1-3;2-4,0-1;1-3;2-4,0-1;1-3;2-4,2-4|1-3|0-1|NULL,2-4|1-3|0-1|NULL,3,4,4,2,8,32,1,1,1,0,0.0,15,1
TRAJ-MICRO-V1,12109,127,zero_scale,,,0-1;1-3;2-4,0-1;1-3;2-4,0-1;1-3;2-4,2-4|1-3|0-1|NULL,2-4|1-3|0-1|NULL,3,4,4,2,8,32,1,1,1,0,0.0,15,1
TRAJ-MICRO-V1,12109,128,configured_scale,,,0-3;1-2;2-4,0-3;1-2;2-4,0-3;1-2;2-4,2-4|0-3|1-2|NULL,2-4|0-3|1-2|NULL,3,4,4,2,8,32,1,1,1,0,0.0,15,1
TRAJ-MICRO-V1,12109,128,zero_scale,,,0-0;1-2;2-4,0-0;1-2;2-4,0-0;1-2;2-4,2-4|0-0|1-2|NULL,2-4|0-0|1-2|NULL,3,4,4,2,8,32,1,1,1,0,0.0,15,1
TRAJ-MICRO-V1,12109,129,configured_scale,,,0-2;1-1;2-3,0-2;1-1;2-3,0-2;1-1;2-3,0-2|2-3|1-1|NULL,0-2|2-3|1-1|NULL,3,4,4,2,8,32,1,1,1,0,0.0,15,1
TRAJ-MICRO-V1,12109,129,zero_scale,,,0-2;1-1;2-3,0-2;1-1;2-3,0-2;1-1;2-3,0-2|1-1|2-3|NULL,0-2|1-1|2-3|NULL,3,4,4,2,8,32,1,1,1,0,0.0,15,1
TRAJ-MICRO-V1,12109,130,configured_scale,,,0-1;1-3;2-2,0-1;1-3;2-2,0-1;1-3;2-2,0-1|2-2|1-3|NULL,0-1|2-2|1-3|NULL,3,4,4,2,8,32,1,1,1,0,0.0,15,1
TRAJ-MICRO-V1,12109,130,zero_scale,,,0-1;1-2;2-4,0-1;1-2;2-4,0-1;1-2;2-4,0-1|1-2|2-4|NULL,0-1|1-2|2-4|NULL,3,4,4,2,8,32,1,1,1,0,0.0,15,1
TRAJ-MICRO-V1,12109,131,configured_scale,,,0-1;1-2;2-4,0-1;1-2;2-4,0-1;1-2;2-4,0-1|1-2|2-4|NULL,0-1|1-2|2-4|NULL,3,4,4,2,8,32,1,1,1,0,0.0,15,1
TRAJ-MICRO-V1,12109,131,zero_scale,,,0-1;1-2;2-4,0-1;1-2;2-4,0-1;1-2;2-4,0-1|1-2|2-4|NULL,0-1|1-2|2-4|NULL,3,4,4,2,8,32,1,1,1,0,0.0,15,1
TRAJ-MICRO-V1,12109,132,configured_scale,,,0-1;1-2;2-0,0-1;1-2;2-0,0-1;1-2;2-0,0-1|1-2|2-0|NULL,0-1|1-2|2-0|NULL,3,4,4,2,8,32,1,1,1,0,0.0,15,1
TRAJ-MICRO-V1,12109,132,zero_scale,,,0-1;1-2;2-0,0-1;1-2;2-0,0-1;1-2;2-0,0-1|1-2|2-0|NULL,0-1|1-2|2-0|NULL,3,4,4,2,8,32,1,1,1,0,0.0,15,1
TRAJ-MICRO-V1,12109,133,configured_scale,,,0-1;1-2;2-4,0-1;1-2;2-4,0-1;1-2;2-4,0-1|1-2|2-4|NULL,0-1|1-2|2-4|NULL,3,4,4,2,8,32,1,1,1,0,0.0,15,1
TRAJ-MICRO-V1,12109,133,zero_scale,,,0-1;1-2;2-4,0-1;1-2;2-4,0-1;1-2;2-4,0-1|1-2|2-4|NULL,0-1|1-2|2-4|NULL,3,4,4,2,8,32,1,1,1,0,0.0,15,1
TRAJ-MICRO-V1,12109,134,configured_scale,,,0-1;1-2;2-4,0-1;1-2;2-4,0-1;1-2;2-4,1-2|0-1|2-4|NULL,1-2|0-1|2-4|NULL,3,4,4,2,8,32,1,1,1,0,0.0,15,1
TRAJ-MICRO-V1,12109,134,zero_scale,,,0-0;1-2;2-1,0-0;1-2;2-1,0-0;1-2;2-1,1-2|0-0|2-1|NULL,1-2|0-0|2-1|NULL,3,4,4,2,8,32,1,1,1,0,0.0,15,1
TRAJ-MICRO-V1,12109,135,configured_scale,,,0-1;1-2;2-0,0-1;1-2;2-0,0-1;1-2;2-0,2-0|1-2|0-1|NULL,2-0|1-2|0-1|NULL,3,4,4,2,8,32,1,1,1,0,0.0,15,1
TRAJ-MICRO-V1,12109,135,zero_scale,,,0-2;1-1;2-0,0-2;1-1;2-0,0-2;1-1;2-0,0-2|1-1|2-0|NULL,0-2|1-1|2-0|NULL,3,4,4,2,8,32,1,1,1,0,0.0,15,1
TRAJ-MICRO-V1,12109,136,configured_scale,,,0-4;1-3;2-2,0-4;1-3;2-2,0-4;1-3;2-2,1-3|0-4|2-2|NULL,1-3|0-4|2-2|NULL,3,4,4,2,8,32,1,1,1,0,0.0,15,1
TRAJ-MICRO-V1,12109,136,zero_scale,,,0-1;1-2;2-4,0-1;1-2;2-4,0-1;1-2;2-4,0-1|1-2|2-4|NULL,0-1|1-2|2-4|NULL,3,4,4,2,8,32,1,1,1,0,0.0,15,1
TRAJ-MICRO-V1,12109,137,configured_scale,,,0-0;1-2;2-1,0-0;1-2;2-1,0-0;1-2;2-1,1-2|0-0|2-1|NULL,1-2|0-0|2-1|NULL,3,4,4,2,8,32,1,1,1,0,0.0,15,1
TRAJ-MICRO-V1,12109,137,zero_scale,,,0-0;1-2;2-1,0-0;1-2;2-1,0-0;1-2;2-1,0-0|1-2|2-1|NULL,0-0|1-2|2-1|NULL,3,4,4,2,8,32,1,1,1,0,0.0,15,1
TRAJ-MICRO-V1,12109,138,configured_scale,,,0-0;1-2;2-3,0-0;1-2;2-3,0-0;1-2;2-3,0-0|1-2|2-3|NULL,0-0|1-2|2-3|NULL,3,4,4,2,8,32,1,1,1,0,0.0,15,1
TRAJ-MICRO-V1,12109,138,zero_scale,,,0-1;1-2;2-0,0-1;1-2;2-0,0-1;1-2;2-0,0-1|1-2|2-0|NULL,0-1|1-2|2-0|NULL,3,4,4,2,8,32,1,1,1,0,0.0,15,1
TRAJ-MICRO-V1,12109,139,configured_scale,,,0-1;1-0;2-2,0-1;1-0;2-2,0-1;1-0;2-2,0-1|1-0|2-2|NULL,0-1|1-0|2-2|NULL,3,4,4,2,8,32,1,1,1,0,0.0,15,1
TRAJ-MICRO-V1,12109,139,zero_scale,,,0-1;1-0;2-2,0-1;1-0;2-2,0-1;1-0;2-2,0-1|1-0|2-2|NULL,0-1|1-0|2-2|NULL,3,4,4,2,8,32,1,1,1,0,0.0,15,1
TRAJ-MICRO-V1,12109,140,configured_scale,,,0-1;1-0;2-4,0-1;1-0;2-4,0-1;1-0;2-4,0-1|1-0|2-4|NULL,0-1|1-0|2-4|NULL,3,4,4,2,8,32,1,1,1,0,0.0,15,1
TRAJ-MICRO-V1,12109,140,zero_scale,,,0-0;1-2;2-1,0-0;1-2;2-1,0-0;1-2;2-1,0-0|1-2|2-1|NULL,0-0|1-2|2-1|NULL,3,4,4,2,8,32,1,1,1,0,0.0,15,1
TRAJ-MICRO-V1,12109,141,configured_scale,,,0-0;1-1;2-3,0-0;1-1;2-3,0-0;1-1;2-3,0-0|1-1|2-3|NULL,0-0|1-1|2-3|NULL,3,4,4,2,8,32,1,1,1,0,0.0,15,1
TRAJ-MICRO-V1,12109,141,zero_scale,,,0-0;1-1;2-3,0-0;1-1;2-3,0-0;1-1;2-3,0-0|1-1|2-3|NULL,0-0|1-1|2-3|NULL,3,4,4,2,8,32,1,1,1,0,0.0,15,1
TRAJ-MICRO-V1,12109,142,configured_scale,,,0-0;1-3;2-4,0-0;1-3;2-4,0-0;1-3;2-4,0-0|1-3|2-4|NULL,0-0|1-3|2-4|NULL,3,4,4,2,8,32,1,1,1,0,0.0,15,1
TRAJ-MICRO-V1,12109,142,zero_scale,,,0-0;1-3;2-4,0-0;1-3;2-4,0-0;1-3;2-4,0-0|1-3|2-4|NULL,0-0|1-3|2-4|NULL,3,4,4,2,8,32,1,1,1,0,0.0,15,1
TRAJ-MICRO-V1,12109,143,configured_scale,,,0-0;1-2;2-4,0-0;1-2;2-4,0-0;1-2;2-4,0-0|2-4|1-2|NULL,0-0|2-4|1-2|NULL,3,4,4,2,8,32,1,1,1,0,0.0,15,1
TRAJ-MICRO-V1,12109,143,zero_scale,,,0-0;1-2;2-4,0-0;1-2;2-4,0-0;1-2;2-4,0-0|2-4|1-2|NULL,0-0|2-4|1-2|NULL,3,4,4,2,8,32,1,1,1,0,0.0,15,1
TRAJ-MICRO-V1,12109,144,configured_scale,,,0-0;1-1;2-4,0-0;1-1;2-4,0-0;1-1;2-4,0-0|2-4|1-1|NULL,0-0|2-4|1-1|NULL,3,4,4,2,8,32,1,1,1,0,0.0,15,1
TRAJ-MICRO-V1,12109,144,zero_scale,,,0-0;1-1;2-4,0-0;1-1;2-4,0-0;1-1;2-4,0-0|1-1|2-4|NULL,0-0|1-1|2-4|NULL,3,4,4,2,8,32,1,1,1,0,0.0,15,1
TRAJ-MICRO-V1,12109,145,configured_scale,,,0-0;1-3;2-4,0-0;1-3;2-4,0-0;1-3;2-4,0-0|2-4|1-3|NULL,0-0|2-4|1-3|NULL,3,4,4,2,8,32,1,1,1,0,0.0,15,1
TRAJ-MICRO-V1,12109,145,zero_scale,,,0-1;1-3;2-4,0-1;1-3;2-4,0-1;1-3;2-4,0-1|2-4|1-3|NULL,0-1|2-4|1-3|NULL,3,4,4,2,8,32,1,1,1,0,0.0,15,1
TRAJ-MICRO-V1,12109,146,configured_scale,,,0-0;1-3;2-4,0-0;1-3;2-4,0-0;1-3;2-4,2-4|0-0|1-3|NULL,2-4|0-0|1-3|NULL,3,4,4,2,8,32,1,1,1,0,0.0,15,1
TRAJ-MICRO-V1,12109,146,zero_scale,,,0-0;1-2;2-4,0-0;1-2;2-4,0-0;1-2;2-4,0-0|2-4|1-2|NULL,0-0|2-4|1-2|NULL,3,4,4,2,8,32,1,1,1,0,0.0,15,1
TRAJ-MICRO-V1,12109,147,configured_scale,,,0-1;1-4;2-3,0-1;1-4;2-3,0-1;1-4;2-3,1-4|0-1|2-3|NULL,1-4|0-1|2-3|NULL,3,4,4,2,8,32,1,1,1,0,0.0,15,1
TRAJ-MICRO-V1,12109,147,zero_scale,,,0-1;1-4;2-3,0-1;1-4;2-3,0-1;1-4;2-3,1-4|0-1|2-3|NULL,1-4|0-1|2-3|NULL,3,4,4,2,8,32,1,1,1,0,0.0,15,1
TRAJ-MICRO-V1,12109,148,configured_scale,,,0-1;1-3;2-2,0-1;1-3;2-2,0-1;1-3;2-2,1-3|0-1|2-2|NULL,1-3|0-1|2-2|NULL,3,4,4,2,8,32,1,1,1,0,0.0,15,1
TRAJ-MICRO-V1,12109,148,zero_scale,,,0-1;1-3;2-2,0-1;1-3;2-2,0-1;1-3;2-2,1-3|0-1|2-2|NULL,1-3|0-1|2-2|NULL,3,4,4,2,8,32,1,1,1,0,0.0,15,1
TRAJ-MICRO-V1,12109,149,configured_scale,,,0-3;1-2;2-1,0-3;1-2;2-1,0-3;1-2;2-1,1-2|2-1|0-3|NULL,1-2|2-1|0-3|NULL,3,4,4,2,8,32,1,1,1,0,0.0,15,1
TRAJ-MICRO-V1,12109,149,zero_scale,,,0-3;1-2;2-1,0-3;1-2;2-1,0-3;1-2;2-1,1-2|2-1|0-3|NULL,1-2|2-1|0-3|NULL,3,4,4,2,8,32,1,1,1,0,0.0,15,1
TRAJ-MICRO-V1,12109,150,configured_scale,,,0-1;1-2;2-0,0-1;1-2;2-0,0-1;1-2;2-0,1-2|2-0|0-1|NULL,1-2|2-0|0-1|NULL,3,4,4,2,8,32,1,1,1,0,0.0,15,1
TRAJ-MICRO-V1,12109,150,zero_scale,,,0-1;1-2;2-3,0-1;1-2;2-3,0-1;1-2;2-3,1-2|2-3|0-1|NULL,1-2|2-3|0-1|NULL,3,4,4,2,8,32,1,1,1,0,0.0,15,1
TRAJ-MICRO-V1,12109,151,configured_scale,,,0-1;1-2;2-3,0-1;1-2;2-3,0-1;1-2;2-3,1-2|2-3|0-1|NULL,1-2|2-3|0-1|NULL,3,4,4,2,8,32,1,1,1,0,0.0,15,1
TRAJ-MICRO-V1,12109,151,zero_scale,,,0-1;1-2;2-3,0-1;1-2;2-3,0-1;1-2;2-3,1-2|0-1|2-3|NULL,1-2|0-1|2-3|NULL,3,4,4,2,8,32,1,1,1,0,0.0,15,1
TRAJ-MICRO-V1,12109,152,configured_scale,,,0-2;1-3;2-1,0-2;1-3;2-1,0-2;1-3;2-1,1-3|2-1|0-2|NULL,1-3|2-1|0-2|NULL,3,4,4,2,8,32,1,1,1,0,0.0,15,1
TRAJ-MICRO-V1,12109,152,zero_scale,,,0-3;1-2;2-1,0-3;1-2;2-1,0-3;1-2;2-1,1-2|2-1|0-3|NULL,1-2|2-1|0-3|NULL,3,4,4,2,8,32,1,1,1,0,0.0,15,1
TRAJ-MICRO-V1,12109,153,configured_scale,,,0-4;1-2;2-3,0-4;1-2;2-3,0-4;1-2;2-3,2-3|1-2|0-4|NULL,2-3|1-2|0-4|NULL,3,4,4,2,8,32,1,1,1,0,0.0,15,1
TRAJ-MICRO-V1,12109,153,zero_scale,,,0-1;1-2;2-3,0-1;1-2;2-3,0-1;1-2;2-3,2-3|1-2|0-1|NULL,2-3|1-2|0-1|NULL,3,4,4,2,8,32,1,1,1,0,0.0,15,1
TRAJ-MICRO-V1,12109,154,configured_scale,,,0-1;1-4;2-3,0-1;1-4;2-3,0-1;1-4;2-3,2-3|1-4|0-1|NULL,2-3|1-4|0-1|NULL,3,4,4,2,8,32,1,1,1,0,0.0,15,1
TRAJ-MICRO-V1,12109,154,zero_scale,,,0-1;1-3;2-4,0-1;1-3;2-4,0-1;1-3;2-4,2-4|1-3|0-1|NULL,2-4|1-3|0-1|NULL,3,4,4,2,8,32,1,1,1,0,0.0,15,1
TRAJ-MICRO-V1,12109,155,configured_scale,,,0-0;1-3;2-4,0-0;1-3;2-4,0-0;1-3;2-4,2-4|1-3|0-0|NULL,2-4|1-3|0-0|NULL,3,4,4,2,8,32,1,1,1,0,0.0,15,1
TRAJ-MICRO-V1,12109,155,zero_scale,,,0-0;1-3;2-4,0-0;1-3;2-4,0-0;1-3;2-4,2-4|1-3|0-0|NULL,2-4|1-3|0-0|NULL,3,4,4,2,8,32,1,1,1,0,0.0,15,1
TRAJ-MICRO-V1,12109,156,configured_scale,,,0-2;1-3;2-4,0-2;1-3;2-4,0-2;1-3;2-4,2-4|1-3|0-2|NULL,2-4|1-3|0-2|NULL,3,4,4,2,8,32,1,1,1,0,0.0,15,1
TRAJ-MICRO-V1,12109,156,zero_scale,,,0-2;1-3;2-4,0-2;1-3;2-4,0-2;1-3;2-4,2-4|1-3|0-2|NULL,2-4|1-3|0-2|NULL,3,4,4,2,8,32,1,1,1,0,0.0,15,1
TRAJ-MICRO-V1,12109,157,configured_scale,,,0-1;1-3;2-4,0-1;1-3;2-4,0-1;1-3;2-4,2-4|1-3|0-1|NULL,2-4|1-3|0-1|NULL,3,4,4,2,8,32,1,1,1,0,0.0,15,1
TRAJ-MICRO-V1,12109,157,zero_scale,,,0-1;1-3;2-4,0-1;1-3;2-4,0-1;1-3;2-4,2-4|1-3|0-1|NULL,2-4|1-3|0-1|NULL,3,4,4,2,8,32,1,1,1,0,0.0,15,1
TRAJ-MICRO-V1,12109,158,configured_scale,,,0-0;1-3;2-4,0-0;1-3;2-4,0-0;1-3;2-4,2-4|1-3|0-0|NULL,2-4|1-3|0-0|NULL,3,4,4,2,8,32,1,1,1,0,0.0,15,1
TRAJ-MICRO-V1,12109,158,zero_scale,,,0-0;1-2;2-4,0-0;1-2;2-4,0-0;1-2;2-4,2-4|1-2|0-0|NULL,2-4|1-2|0-0|NULL,3,4,4,2,8,32,1,1,1,0,0.0,15,1
TRAJ-MICRO-V1,12109,159,configured_scale,,,0-0;1-3;2-4,0-0;1-3;2-4,0-0;1-3;2-4,2-4|1-3|0-0|NULL,2-4|1-3|0-0|NULL,3,4,4,2,8,32,1,1,1,0,0.0,15,1
TRAJ-MICRO-V1,12109,159,zero_scale,,,0-1;1-3;2-4,0-1;1-3;2-4,0-1;1-3;2-4,2-4|1-3|0-1|NULL,2-4|1-3|0-1|NULL,3,4,4,2,8,32,1,1,1,0,0.0,15,1
TRAJ-MICRO-V1,12109,160,configured_scale,,,0-1;1-3;2-4,0-1;1-3;2-4,0-1;1-3;2-4,2-4|0-1|1-3|NULL,2-4|0-1|1-3|NULL,3,4,4,2,8,32,1,1,1,0,0.0,15,1
TRAJ-MICRO-V1,12109,160,zero_scale,,,0-1;1-3;2-4,0-1;1-3;2-4,0-1;1-3;2-4,2-4|0-1|1-3|NULL,2-4|0-1|1-3|NULL,3,4,4,2,8,32,1,1,1,0,0.0,15,1
TRAJ-MICRO-V1,12109,161,configured_scale,,,0-1;1-2;2-4,0-1;1-2;2-4,0-1;1-2;2-4,2-4|0-1|1-2|NULL,2-4|0-1|1-2|NULL,3,4,4,2,8,32,1,1,1,0,0.0,15,1
TRAJ-MICRO-V1,12109,161,zero_scale,,,0-0;1-2;2-4,0-0;1-2;2-4,0-0;1-2;2-4,2-4|1-2|0-0|NULL,2-4|1-2|0-0|NULL,3,4,4,2,8,32,1,1,1,0,0.0,15,1
TRAJ-MICRO-V1,12109,162,configured_scale,,,0-1;1-2;2-0,0-1;1-2;2-0,0-1;1-2;2-0,2-0|1-2|0-1|NULL,2-0|1-2|0-1|NULL,3,4,4,2,8,32,1,1,1,0,0.0,15,1
TRAJ-MICRO-V1,12109,162,zero_scale,,,0-1;1-2;2-3,0-1;1-2;2-3,0-1;1-2;2-3,2-3|1-2|0-1|NULL,2-3|1-2|0-1|NULL,3,4,4,2,8,32,1,1,1,0,0.0,15,1
TRAJ-MICRO-V1,12109,163,configured_scale,,,0-1;1-3;2-2,0-1;1-3;2-2,0-1;1-3;2-2,2-2|1-3|0-1|NULL,2-2|1-3|0-1|NULL,3,4,4,2,8,32,1,1,1,0,0.0,15,1
TRAJ-MICRO-V1,12109,163,zero_scale,,,0-1;1-3;2-2,0-1;1-3;2-2,0-1;1-3;2-2,2-2|1-3|0-1|NULL,2-2|1-3|0-1|NULL,3,4,4,2,8,32,1,1,1,0,0.0,15,1
TRAJ-MICRO-V1,12109,164,configured_scale,,,0-2;1-3;2-1,0-2;1-3;2-1,0-2;1-3;2-1,2-1|1-3|0-2|NULL,2-1|1-3|0-2|NULL,3,4,4,2,8,32,1,1,1,0,0.0,15,1
TRAJ-MICRO-V1,12109,164,zero_scale,,,0-3;1-2;2-1,0-3;1-2;2-1,0-3;1-2;2-1,1-2|2-1|0-3|NULL,1-2|2-1|0-3|NULL,3,4,4,2,8,32,1,1,1,0,0.0,15,1
TRAJ-MICRO-V1,12109,165,configured_scale,,,0-1;1-2;2-0,0-1;1-2;2-0,0-1;1-2;2-0,2-0|1-2|0-1|NULL,2-0|1-2|0-1|NULL,3,4,4,2,8,32,1,1,1,0,0.0,15,1
TRAJ-MICRO-V1,12109,165,zero_scale,,,0-1;1-2;2-3,0-1;1-2;2-3,0-1;1-2;2-3,2-3|1-2|0-1|NULL,2-3|1-2|0-1|NULL,3,4,4,2,8,32,1,1,1,0,0.0,15,1
TRAJ-MICRO-V1,12109,166,configured_scale,,,0-4;1-2;2-1,0-4;1-2;2-1,0-4;1-2;2-1,1-2|2-1|0-4|NULL,1-2|2-1|0-4|NULL,3,4,4,2,8,32,1,1,1,0,0.0,15,1
TRAJ-MICRO-V1,12109,166,zero_scale,,,0-3;1-2;2-1,0-3;1-2;2-1,0-3;1-2;2-1,1-2|2-1|0-3|NULL,1-2|2-1|0-3|NULL,3,4,4,2,8,32,1,1,1,0,0.0,15,1
TRAJ-MICRO-V1,12109,167,configured_scale,,,0-0;1-2;2-1,0-0;1-2;2-1,0-0;1-2;2-1,1-2|2-1|0-0|NULL,1-2|2-1|0-0|NULL,3,4,4,2,8,32,1,1,1,0,0.0,15,1
TRAJ-MICRO-V1,12109,167,zero_scale,,,0-0;1-2;2-1,0-0;1-2;2-1,0-0;1-2;2-1,1-2|2-1|0-0|NULL,1-2|2-1|0-0|NULL,3,4,4,2,8,32,1,1,1,0,0.0,15,1
TRAJ-MICRO-V1,12109,168,configured_scale,,,0-2;1-1;2-0,0-2;1-1;2-0,0-2;1-1;2-0,1-1|2-0|0-2|NULL,1-1|2-0|0-2|NULL,3,4,4,2,8,32,1,1,1,0,0.0,15,1
TRAJ-MICRO-V1,12109,168,zero_scale,,,0-2;1-1;2-0,0-2;1-1;2-0,0-2;1-1;2-0,1-1|0-2|2-0|NULL,1-1|0-2|2-0|NULL,3,4,4,2,8,32,1,1,1,0,0.0,15,1
TRAJ-MICRO-V1,12109,169,configured_scale,,,0-1;1-0;2-2,0-1;1-0;2-2,0-1;1-0;2-2,0-1|1-0|2-2|NULL,0-1|1-0|2-2|NULL,3,4,4,2,8,32,1,1,1,0,0.0,15,1
TRAJ-MICRO-V1,12109,169,zero_scale,,,0-1;1-0;2-2,0-1;1-0;2-2,0-1;1-0;2-2,0-1|1-0|2-2|NULL,0-1|1-0|2-2|NULL,3,4,4,2,8,32,1,1,1,0,0.0,15,1
TRAJ-MICRO-V1,12109,170,configured_scale,,,0-1;1-2;2-4,0-1;1-2;2-4,0-1;1-2;2-4,1-2|0-1|2-4|NULL,1-2|0-1|2-4|NULL,3,4,4,2,8,32,1,1,1,0,0.0,15,1
TRAJ-MICRO-V1,12109,170,zero_scale,,,0-0;1-2;2-4,0-0;1-2;2-4,0-0;1-2;2-4,0-0|1-2|2-4|NULL,0-0|1-2|2-4|NULL,3,4,4,2,8,32,1,1,1,0,0.0,15,1
TRAJ-MICRO-V1,12109,171,configured_scale,,,0-0;1-1;2-4,0-0;1-1;2-4,0-0;1-1;2-4,1-1|0-0|2-4|NULL,1-1|0-0|2-4|NULL,3,4,4,2,8,32,1,1,1,0,0.0,15,1
TRAJ-MICRO-V1,12109,171,zero_scale,,,0-0;1-1;2-3,0-0;1-1;2-3,0-0;1-1;2-3,0-0|1-1|2-3|NULL,0-0|1-1|2-3|NULL,3,4,4,2,8,32,1,1,1,0,0.0,15,1
TRAJ-MICRO-V1,12109,172,configured_scale,,,0-1;1-0;2-4,0-1;1-0;2-4,0-1;1-0;2-4,1-0|0-1|2-4|NULL,1-0|0-1|2-4|NULL,3,4,4,2,8,32,1,1,1,0,0.0,15,1
TRAJ-MICRO-V1,12109,172,zero_scale,,,0-1;1-0;2-4,0-1;1-0;2-4,0-1;1-0;2-4,1-0|0-1|2-4|NULL,1-0|0-1|2-4|NULL,3,4,4,2,8,32,1,1,1,0,0.0,15,1
TRAJ-MICRO-V1,12109,173,configured_scale,,,0-0;1-2;2-4,0-0;1-2;2-4,0-0;1-2;2-4,2-4|0-0|1-2|NULL,2-4|0-0|1-2|NULL,3,4,4,2,8,32,1,1,1,0,0.0,15,1
TRAJ-MICRO-V1,12109,173,zero_scale,,,0-0;1-2;2-4,0-0;1-2;2-4,0-0;1-2;2-4,0-0|2-4|1-2|NULL,0-0|2-4|1-2|NULL,3,4,4,2,8,32,1,1,1,0,0.0,15,1
TRAJ-MICRO-V1,12109,174,configured_scale,,,0-0;1-1;2-4,0-0;1-1;2-4,0-0;1-1;2-4,2-4|0-0|1-1|NULL,2-4|0-0|1-1|NULL,3,4,4,2,8,32,1,1,1,0,0.0,15,1
TRAJ-MICRO-V1,12109,174,zero_scale,,,0-0;1-4;2-3,0-0;1-4;2-3,0-0;1-4;2-3,0-0|1-4|2-3|NULL,0-0|1-4|2-3|NULL,3,4,4,2,8,32,1,1,1,0,0.0,15,1
TRAJ-MICRO-V1,12109,175,configured_scale,,,0-0;1-3;2-4,0-0;1-3;2-4,0-0;1-3;2-4,0-0|2-4|1-3|NULL,0-0|2-4|1-3|NULL,3,4,4,2,8,32,1,1,1,0,0.0,15,1
TRAJ-MICRO-V1,12109,175,zero_scale,,,0-1;1-3;2-4,0-1;1-3;2-4,0-1;1-3;2-4,0-1|1-3|2-4|NULL,0-1|1-3|2-4|NULL,3,4,4,2,8,32,1,1,1,0,0.0,15,1
TRAJ-MICRO-V1,12109,176,configured_scale,,,0-0;1-2;2-4,0-0;1-2;2-4,0-0;1-2;2-4,0-0|2-4|1-2|NULL,0-0|2-4|1-2|NULL,3,4,4,2,8,32,1,1,1,0,0.0,15,1
TRAJ-MICRO-V1,12109,176,zero_scale,,,0-0;1-2;2-4,0-0;1-2;2-4,0-0;1-2;2-4,0-0|1-2|2-4|NULL,0-0|1-2|2-4|NULL,3,4,4,2,8,32,1,1,1,0,0.0,15,1
TRAJ-MICRO-V1,12109,177,configured_scale,,,0-0;1-2;2-3,0-0;1-2;2-3,0-0;1-2;2-3,0-0|1-2|2-3|NULL,0-0|1-2|2-3|NULL,3,4,4,2,8,32,1,1,1,0,0.0,15,1
TRAJ-MICRO-V1,12109,177,zero_scale,,,0-2;1-1;2-0,0-2;1-1;2-0,0-2;1-1;2-0,0-2|1-1|2-0|NULL,0-2|1-1|2-0|NULL,3,4,4,2,8,32,1,1,1,0,0.0,15,1
TRAJ-MICRO-V1,12109,178,configured_scale,,,0-4;1-3;2-0,0-4;1-3;2-0,0-4;1-3;2-0,0-4|1-3|2-0|NULL,0-4|1-3|2-0|NULL,3,4,4,2,8,32,1,1,1,0,0.0,15,1
TRAJ-MICRO-V1,12109,178,zero_scale,,,0-1;1-3;2-2,0-1;1-3;2-2,0-1;1-3;2-2,0-1|1-3|2-2|NULL,0-1|1-3|2-2|NULL,3,4,4,2,8,32,1,1,1,0,0.0,15,1
TRAJ-MICRO-V1,12109,179,configured_scale,,,0-0;1-2;2-1,0-0;1-2;2-1,0-0;1-2;2-1,0-0|1-2|2-1|NULL,0-0|1-2|2-1|NULL,3,4,4,2,8,32,1,1,1,0,0.0,15,1
TRAJ-MICRO-V1,12109,179,zero_scale,,,0-0;1-2;2-1,0-0;1-2;2-1,0-0;1-2;2-1,0-0|1-2|2-1|NULL,0-0|1-2|2-1|NULL,3,4,4,2,8,32,1,1,1,0,0.0,15,1
TRAJ-MICRO-V1,12109,180,configured_scale,,,0-0;1-2;2-3,0-0;1-2;2-3,0-0;1-2;2-3,0-0|1-2|2-3|NULL,0-0|1-2|2-3|NULL,3,4,4,2,8,32,1,1,1,0,0.0,15,1
TRAJ-MICRO-V1,12109,180,zero_scale,,,0-2;1-1;2-0,0-2;1-1;2-0,0-2;1-1;2-0,0-2|1-1|2-0|NULL,0-2|1-1|2-0|NULL,3,4,4,2,8,32,1,1,1,0,0.0,15,1
TRAJ-MICRO-V1,12109,181,configured_scale,,,0-4;1-3;2-2,0-4;1-3;2-2,0-4;1-3;2-2,1-3|0-4|2-2|NULL,1-3|0-4|2-2|NULL,3,4,4,2,8,32,1,1,1,0,0.0,15,1
TRAJ-MICRO-V1,12109,181,zero_scale,,,0-1;1-3;2-2,0-1;1-3;2-2,0-1;1-3;2-2,0-1|1-3|2-2|NULL,0-1|1-3|2-2|NULL,3,4,4,2,8,32,1,1,1,0,0.0,15,1
TRAJ-MICRO-V1,12109,182,configured_scale,,,0-0;1-2;2-4,0-0;1-2;2-4,0-0;1-2;2-4,0-0|2-4|1-2|NULL,0-0|2-4|1-2|NULL,3,4,4,2,8,32,1,1,1,0,0.0,15,1
TRAJ-MICRO-V1,12109,182,zero_scale,,,0-0;1-2;2-4,0-0;1-2;2-4,0-0;1-2;2-4,0-0|1-2|2-4|NULL,0-0|1-2|2-4|NULL,3,4,4,2,8,32,1,1,1,0,0.0,15,1
TRAJ-MICRO-V1,12109,183,configured_scale,,,0-0;1-2;2-4,0-0;1-2;2-4,0-0;1-2;2-4,2-4|0-0|1-2|NULL,2-4|0-0|1-2|NULL,3,4,4,2,8,32,1,1,1,0,0.0,15,1
TRAJ-MICRO-V1,12109,183,zero_scale,,,0-1;1-4;2-3,0-1;1-4;2-3,0-1;1-4;2-3,0-1|2-3|1-4|NULL,0-1|2-3|1-4|NULL,3,4,4,2,8,32,1,1,1,0,0.0,15,1
TRAJ-MICRO-V1,12109,184,configured_scale,,,0-1;1-3;2-4,0-1;1-3;2-4,0-1;1-3;2-4,2-4|0-1|1-3|NULL,2-4|0-1|1-3|NULL,3,4,4,2,8,32,1,1,1,0,0.0,15,1
TRAJ-MICRO-V1,12109,184,zero_scale,,,0-1;1-3;2-4,0-1;1-3;2-4,0-1;1-3;2-4,0-1|2-4|1-3|NULL,0-1|2-4|1-3|NULL,3,4,4,2,8,32,1,1,1,0,0.0,15,1
TRAJ-MICRO-V1,12109,185,configured_scale,,,0-1;1-2;2-4,0-1;1-2;2-4,0-1;1-2;2-4,2-4|0-1|1-2|NULL,2-4|0-1|1-2|NULL,3,4,4,2,8,32,1,1,1,0,0.0,15,1
TRAJ-MICRO-V1,12109,185,zero_scale,,,0-1;1-2;2-4,0-1;1-2;2-4,0-1;1-2;2-4,2-4|0-1|1-2|NULL,2-4|0-1|1-2|NULL,3,4,4,2,8,32,1,1,1,0,0.0,15,1
TRAJ-MICRO-V1,12109,186,configured_scale,,,0-2;1-1;2-4,0-2;1-1;2-4,0-2;1-1;2-4,0-2|1-1|2-4|NULL,0-2|1-1|2-4|NULL,3,4,4,2,8,32,1,1,1,0,0.0,15,1
TRAJ-MICRO-V1,12109,186,zero_scale,,,0-2;1-1;2-3,0-2;1-1;2-3,0-2;1-1;2-3,0-2|1-1|2-3|NULL,0-2|1-1|2-3|NULL,3,4,4,2,8,32,1,1,1,0,0.0,15,1
TRAJ-MICRO-V1,12109,187,configured_scale,,,0-1;1-3;2-2,0-1;1-3;2-2,0-1;1-3;2-2,0-1|2-2|1-3|NULL,0-1|2-2|1-3|NULL,3,4,4,2,8,32,1,1,1,0,0.0,15,1
TRAJ-MICRO-V1,12109,187,zero_scale,,,0-1;1-2;2-4,0-1;1-2;2-4,0-1;1-2;2-4,0-1|1-2|2-4|NULL,0-1|1-2|2-4|NULL,3,4,4,2,8,32,1,1,1,0,0.0,15,1
TRAJ-MICRO-V1,12109,188,configured_scale,,,0-0;1-2;2-4,0-0;1-2;2-4,0-0;1-2;2-4,0-0|1-2|2-4|NULL,0-0|1-2|2-4|NULL,3,4,4,2,8,32,1,1,1,0,0.0,15,1
TRAJ-MICRO-V1,12109,188,zero_scale,,,0-0;1-2;2-4,0-0;1-2;2-4,0-0;1-2;2-4,0-0|1-2|2-4|NULL,0-0|1-2|2-4|NULL,3,4,4,2,8,32,1,1,1,0,0.0,15,1
TRAJ-MICRO-V1,12109,189,configured_scale,,,0-1;1-2;2-3,0-1;1-2;2-3,0-1;1-2;2-3,0-1|2-3|1-2|NULL,0-1|2-3|1-2|NULL,3,4,4,2,8,32,1,1,1,0,0.0,15,1
TRAJ-MICRO-V1,12109,189,zero_scale,,,0-1;1-2;2-3,0-1;1-2;2-3,0-1;1-2;2-3,0-1|1-2|2-3|NULL,0-1|1-2|2-3|NULL,3,4,4,2,8,32,1,1,1,0,0.0,15,1
TRAJ-MICRO-V1,12109,190,configured_scale,,,0-1;1-3;2-2,0-1;1-3;2-2,0-1;1-3;2-2,0-1|1-3|2-2|NULL,0-1|1-3|2-2|NULL,3,4,4,2,8,32,1,1,1,0,0.0,15,1
TRAJ-MICRO-V1,12109,190,zero_scale,,,0-1;1-3;2-2,0-1;1-3;2-2,0-1;1-3;2-2,0-1|1-3|2-2|NULL,0-1|1-3|2-2|NULL,3,4,4,2,8,32,1,1,1,0,0.0,15,1
TRAJ-MICRO-V1,12109,191,configured_scale,,,0-3;1-2;2-4,0-3;1-2;2-4,0-3;1-2;2-4,1-2|2-4|0-3|NULL,1-2|2-4|0-3|NULL,3,4,4,2,8,32,1,1,1,0,0.0,15,1
TRAJ-MICRO-V1,12109,191,zero_scale,,,0-3;1-2;2-4,0-3;1-2;2-4,0-3;1-2;2-4,1-2|0-3|2-4|NULL,1-2|0-3|2-4|NULL,3,4,4,2,8,32,1,1,1,0,0.0,15,1
TRAJ-MICRO-V1,12109,192,configured_scale,,,0-4;1-2;2-3,0-4;1-2;2-3,0-4;1-2;2-3,2-3|1-2|0-4|NULL,2-3|1-2|0-4|NULL,3,4,4,2,8,32,1,1,1,0,0.0,15,1
TRAJ-MICRO-V1,12109,192,zero_scale,,,0-2;1-3;2-4,0-2;1-3;2-4,0-2;1-3;2-4,1-3|0-2|2-4|NULL,1-3|0-2|2-4|NULL,3,4,4,2,8,32,1,1,1,0,0.0,15,1
TRAJ-MICRO-V1,12109,193,configured_scale,,,0-4;1-3;2-2,0-4;1-3;2-2,0-4;1-3;2-2,0-4|1-3|2-2|NULL,0-4|1-3|2-2|NULL,3,4,4,2,8,32,1,1,1,0,0.0,15,1
TRAJ-MICRO-V1,12109,193,zero_scale,,,0-4;1-3;2-2,0-4;1-3;2-2,0-4;1-3;2-2,1-3|0-4|2-2|NULL,1-3|0-4|2-2|NULL,3,4,4,2,8,32,1,1,1,0,0.0,15,1
TRAJ-MICRO-V1,12109,194,configured_scale,,,0-3;1-2;2-4,0-3;1-2;2-4,0-3;1-2;2-4,2-4|0-3|1-2|NULL,2-4|0-3|1-2|NULL,3,4,4,2,8,32,1,1,1,0,0.0,15,1
TRAJ-MICRO-V1,12109,194,zero_scale,,,0-3;1-2;2-4,0-3;1-2;2-4,0-3;1-2;2-4,2-4|1-2|0-3|NULL,2-4|1-2|0-3|NULL,3,4,4,2,8,32,1,1,1,0,0.0,15,1
TRAJ-MICRO-V1,12109,195,configured_scale,,,0-4;1-2;2-3,0-4;1-2;2-3,0-4;1-2;2-3,0-4|1-2|2-3|NULL,0-4|1-2|2-3|NULL,3,4,4,2,8,32,1,1,1,0,0.0,15,1
TRAJ-MICRO-V1,12109,195,zero_scale,,,0-2;1-4;2-3,0-2;1-4;2-3,0-2;1-4;2-3,0-2|1-4|2-3|NULL,0-2|1-4|2-3|NULL,3,4,4,2,8,32,1,1,1,0,0.0,15,1
TRAJ-MICRO-V1,12109,196,configured_scale,,,0-4;1-2;2-3,0-4;1-2;2-3,0-4;1-2;2-3,0-4|1-2|2-3|NULL,0-4|1-2|2-3|NULL,3,4,4,2,8,32,1,1,1,0,0.0,15,1
TRAJ-MICRO-V1,12109,196,zero_scale,,,0-1;1-3;2-4,0-1;1-3;2-4,0-1;1-3;2-4,0-1|1-3|2-4|NULL,0-1|1-3|2-4|NULL,3,4,4,2,8,32,1,1,1,0,0.0,15,1
TRAJ-MICRO-V1,12109,197,configured_scale,,,0-0;1-2;2-4,0-0;1-2;2-4,0-0;1-2;2-4,0-0|2-4|1-2|NULL,0-0|2-4|1-2|NULL,3,4,4,2,8,32,1,1,1,0,0.0,15,1
TRAJ-MICRO-V1,12109,197,zero_scale,,,0-0;1-2;2-4,0-0;1-2;2-4,0-0;1-2;2-4,0-0|2-4|1-2|NULL,0-0|2-4|1-2|NULL,3,4,4,2,8,32,1,1,1,0,0.0,15,1
TRAJ-MICRO-V1,12109,198,configured_scale,,,0-0;1-4;2-3,0-0;1-4;2-3,0-0;1-4;2-3,0-0|1-4|2-3|NULL,0-0|1-4|2-3|NULL,3,4,4,2,8,32,1,1,1,0,0.0,15,1
TRAJ-MICRO-V1,12109,198,zero_scale,,,0-1;1-4;2-3,0-1;1-4;2-3,0-1;1-4;2-3,0-1|1-4|2-3|NULL,0-1|1-4|2-3|NULL,3,4,4,2,8,32,1,1,1,0,0.0,15,1
TRAJ-MICRO-V1,12109,199,configured_scale,,,0-0;1-3;2-4,0-0;1-3;2-4,0-0;1-3;2-4,0-0|1-3|2-4|NULL,0-0|1-3|2-4|NULL,3,4,4,2,8,32,1,1,1,0,0.0,15,1
TRAJ-MICRO-V1,12109,199,zero_scale,,,0-1;1-3;2-4,0-1;1-3;2-4,0-1;1-3;2-4,0-1|1-3|2-4|NULL,0-1|1-3|2-4|NULL,3,4,4,2,8,32,1,1,1,0,0.0,15,1
TRAJ-MICRO-V1,12109,200,configured_scale,,,0-0;1-2;2-3,0-0;1-2;2-3,0-0;1-2;2-3,0-0|1-2|2-3|NULL,0-0|1-2|2-3|NULL,3,4,4,2,8,32,1,1,1,0,0.0,15,1
TRAJ-MICRO-V1,12109,200,zero_scale,,,0-0;1-2;2-4,0-0;1-2;2-4,0-0;1-2;2-4,0-0|1-2|2-4|NULL,0-0|1-2|2-4|NULL,3,4,4,2,8,32,1,1,1,0,0.0,15,1
TRAJ-MICRO-V1,12109,201,configured_scale,,,0-2;1-3;2-4,0-2;1-3;2-4,0-2;1-3;2-4,1-3|0-2|2-4|NULL,1-3|0-2|2-4|NULL,3,4,4,2,8,32,1,1,1,0,0.0,15,1
TRAJ-MICRO-V1,12109,201,zero_scale,,,0-2;1-1;2-3,0-2;1-1;2-3,0-2;1-1;2-3,2-3|1-1|0-2|NULL,2-3|1-1|0-2|NULL,3,4,4,2,8,32,1,1,1,0,0.0,15,1
TRAJ-MICRO-V1,12109,202,configured_scale,,,0-1;1-3;2-4,0-1;1-3;2-4,0-1;1-3;2-4,1-3|2-4|0-1|NULL,1-3|2-4|0-1|NULL,3,4,4,2,8,32,1,1,1,0,0.0,15,1
TRAJ-MICRO-V1,12109,202,zero_scale,,,0-1;1-3;2-4,0-1;1-3;2-4,0-1;1-3;2-4,1-3|2-4|0-1|NULL,1-3|2-4|0-1|NULL,3,4,4,2,8,32,1,1,1,0,0.0,15,1
TRAJ-MICRO-V1,12109,203,configured_scale,,,0-3;1-2;2-4,0-3;1-2;2-4,0-3;1-2;2-4,2-4|1-2|0-3|NULL,2-4|1-2|0-3|NULL,3,4,4,2,8,32,1,1,1,0,0.0,15,1
TRAJ-MICRO-V1,12109,203,zero_scale,,,0-3;1-2;2-4,0-3;1-2;2-4,0-3;1-2;2-4,1-2|2-4|0-3|NULL,1-2|2-4|0-3|NULL,3,4,4,2,8,32,1,1,1,0,0.0,15,1
TRAJ-MICRO-V1,12109,204,configured_scale,,,0-1;1-2;2-4,0-1;1-2;2-4,0-1;1-2;2-4,1-2|2-4|0-1|NULL,1-2|2-4|0-1|NULL,3,4,4,2,8,32,1,1,1,0,0.0,15,1
TRAJ-MICRO-V1,12109,204,zero_scale,,,0-1;1-2;2-3,0-1;1-2;2-3,0-1;1-2;2-3,1-2|2-3|0-1|NULL,1-2|2-3|0-1|NULL,3,4,4,2,8,32,1,1,1,0,0.0,15,1
TRAJ-MICRO-V1,12109,205,configured_scale,,,0-1;1-3;2-4,0-1;1-3;2-4,0-1;1-3;2-4,1-3|2-4|0-1|NULL,1-3|2-4|0-1|NULL,3,4,4,2,8,32,1,1,1,0,0.0,15,1
TRAJ-MICRO-V1,12109,205,zero_scale,,,0-1;1-3;2-2,0-1;1-3;2-2,0-1;1-3;2-2,1-3|2-2|0-1|NULL,1-3|2-2|0-1|NULL,3,4,4,2,8,32,1,1,1,0,0.0,15,1
TRAJ-MICRO-V1,12109,206,configured_scale,,,0-1;1-2;2-4,0-1;1-2;2-4,0-1;1-2;2-4,1-2|2-4|0-1|NULL,1-2|2-4|0-1|NULL,3,4,4,2,8,32,1,1,1,0,0.0,15,1
TRAJ-MICRO-V1,12109,206,zero_scale,,,0-1;1-2;2-4,0-1;1-2;2-4,0-1;1-2;2-4,1-2|2-4|0-1|NULL,1-2|2-4|0-1|NULL,3,4,4,2,8,32,1,1,1,0,0.0,15,1
TRAJ-MICRO-V1,12109,207,configured_scale,,,0-1;1-2;2-0,0-1;1-2;2-0,0-1;1-2;2-0,1-2|2-0|0-1|NULL,1-2|2-0|0-1|NULL,3,4,4,2,8,32,1,1,1,0,0.0,15,1
TRAJ-MICRO-V1,12109,207,zero_scale,,,0-1;1-2;2-3,0-1;1-2;2-3,0-1;1-2;2-3,1-2|2-3|0-1|NULL,1-2|2-3|0-1|NULL,3,4,4,2,8,32,1,1,1,0,0.0,15,1
TRAJ-MICRO-V1,12109,208,configured_scale,,,0-1;1-3;2-4,0-1;1-3;2-4,0-1;1-3;2-4,1-3|2-4|0-1|NULL,1-3|2-4|0-1|NULL,3,4,4,2,8,32,1,1,1,0,0.0,15,1
TRAJ-MICRO-V1,12109,208,zero_scale,,,0-1;1-3;2-2,0-1;1-3;2-2,0-1;1-3;2-2,1-3|0-1|2-2|NULL,1-3|0-1|2-2|NULL,3,4,4,2,8,32,1,1,1,0,0.0,15,1
TRAJ-MICRO-V1,12109,209,configured_scale,,,0-0;1-2;2-4,0-0;1-2;2-4,0-0;1-2;2-4,2-4|1-2|0-0|NULL,2-4|1-2|0-0|NULL,3,4,4,2,8,32,1,1,1,0,0.0,15,1
TRAJ-MICRO-V1,12109,209,zero_scale,,,0-0;1-2;2-4,0-0;1-2;2-4,0-0;1-2;2-4,1-2|2-4|0-0|NULL,1-2|2-4|0-0|NULL,3,4,4,2,8,32,1,1,1,0,0.0,15,1
TRAJ-MICRO-V1,12109,210,configured_scale,,,0-1;1-2;2-0,0-1;1-2;2-0,0-1;1-2;2-0,2-0|1-2|0-1|NULL,2-0|1-2|0-1|NULL,3,4,4,2,8,32,1,1,1,0,0.0,15,1
TRAJ-MICRO-V1,12109,210,zero_scale,,,0-1;1-2;2-0,0-1;1-2;2-0,0-1;1-2;2-0,2-0|1-2|0-1|NULL,2-0|1-2|0-1|NULL,3,4,4,2,8,32,1,1,1,0,0.0,15,1
TRAJ-MICRO-V1,12109,211,configured_scale,,,0-0;1-3;2-4,0-0;1-3;2-4,0-0;1-3;2-4,2-4|1-3|0-0|NULL,2-4|1-3|0-0|NULL,3,4,4,2,8,32,1,1,1,0,0.0,15,1
TRAJ-MICRO-V1,12109,211,zero_scale,,,0-1;1-3;2-4,0-1;1-3;2-4,0-1;1-3;2-4,2-4|1-3|0-1|NULL,2-4|1-3|0-1|NULL,3,4,4,2,8,32,1,1,1,0,0.0,15,1
TRAJ-MICRO-V1,12109,212,configured_scale,,,0-0;1-2;2-4,0-0;1-2;2-4,0-0;1-2;2-4,2-4|0-0|1-2|NULL,2-4|0-0|1-2|NULL,3,4,4,2,8,32,1,1,1,0,0.0,15,1
TRAJ-MICRO-V1,12109,212,zero_scale,,,0-0;1-2;2-4,0-0;1-2;2-4,0-0;1-2;2-4,2-4|1-2|0-0|NULL,2-4|1-2|0-0|NULL,3,4,4,2,8,32,1,1,1,0,0.0,15,1
TRAJ-MICRO-V1,12109,213,configured_scale,,,0-1;1-0;2-4,0-1;1-0;2-4,0-1;1-0;2-4,2-4|1-0|0-1|NULL,2-4|1-0|0-1|NULL,3,4,4,2,8,32,1,1,1,0,0.0,15,1
TRAJ-MICRO-V1,12109,213,zero_scale,,,0-0;1-1;2-3,0-0;1-1;2-3,0-0;1-1;2-3,2-3|1-1|0-0|NULL,2-3|1-1|0-0|NULL,3,4,4,2,8,32,1,1,1,0,0.0,15,1
TRAJ-MICRO-V1,12109,214,configured_scale,,,0-1;1-0;2-4,0-1;1-0;2-4,0-1;1-0;2-4,2-4|1-0|0-1|NULL,2-4|1-0|0-1|NULL,3,4,4,2,8,32,1,1,1,0,0.0,15,1
TRAJ-MICRO-V1,12109,214,zero_scale,,,0-1;1-0;2-4,0-1;1-0;2-4,0-1;1-0;2-4,2-4|1-0|0-1|NULL,2-4|1-0|0-1|NULL,3,4,4,2,8,32,1,1,1,0,0.0,15,1
TRAJ-MICRO-V1,12109,215,configured_scale,,,0-0;1-2;2-4,0-0;1-2;2-4,0-0;1-2;2-4,2-4|0-0|1-2|NULL,2-4|0-0|1-2|NULL,3,4,4,2,8,32,1,1,1,0,0.0,15,1
TRAJ-MICRO-V1,12109,215,zero_scale,,,0-0;1-2;2-4,0-0;1-2;2-4,0-0;1-2;2-4,2-4|0-0|1-2|NULL,2-4|0-0|1-2|NULL,3,4,4,2,8,32,1,1,1,0,0.0,15,1
TRAJ-MICRO-V1,12109,216,configured_scale,,,0-2;1-1;2-0,0-2;1-1;2-0,0-2;1-1;2-0,2-0|1-1|0-2|NULL,2-0|1-1|0-2|NULL,3,4,4,2,8,32,1,1,1,0,0.0,15,1
TRAJ-MICRO-V1,12109,216,zero_scale,,,0-2;1-1;2-0,0-2;1-1;2-0,0-2;1-1;2-0,2-0|1-1|0-2|NULL,2-0|1-1|0-2|NULL,3,4,4,2,8,32,1,1,1,0,0.0,15,1
TRAJ-MICRO-V1,12109,217,configured_scale,,,0-0;1-3;2-4,0-0;1-3;2-4,0-0;1-3;2-4,0-0|2-4|1-3|NULL,0-0|2-4|1-3|NULL,3,4,4,2,8,32,1,1,1,0,0.0,15,1
TRAJ-MICRO-V1,12109,217,zero_scale,,,0-0;1-1;2-2,0-0;1-1;2-2,0-0;1-1;2-2,0-0|2-2|1-1|NULL,0-0|2-2|1-1|NULL,3,4,4,2,8,32,1,1,1,0,0.0,15,1
TRAJ-MICRO-V1,12109,218,configured_scale,,,0-0;1-2;2-4,0-0;1-2;2-4,0-0;1-2;2-4,0-0|2-4|1-2|NULL,0-0|2-4|1-2|NULL,3,4,4,2,8,32,1,1,1,0,0.0,15,1
TRAJ-MICRO-V1,12109,218,zero_scale,,,0-0;1-2;2-4,0-0;1-2;2-4,0-0;1-2;2-4,0-0|1-2|2-4|NULL,0-0|1-2|2-4|NULL,3,4,4,2,8,32,1,1,1,0,0.0,15,1
TRAJ-MICRO-V1,12109,219,configured_scale,,,0-1;1-2;2-0,0-1;1-2;2-0,0-1;1-2;2-0,2-0|0-1|1-2|NULL,2-0|0-1|1-2|NULL,3,4,4,2,8,32,1,1,1,0,0.0,15,1
TRAJ-MICRO-V1,12109,219,zero_scale,,,0-1;1-0;2-3,0-1;1-0;2-3,0-1;1-0;2-3,0-1|1-0|2-3|NULL,0-1|1-0|2-3|NULL,3,4,4,2,8,32,1,1,1,0,0.0,15,1
TRAJ-MICRO-V1,12109,220,configured_scale,,,0-1;1-0;2-4,0-1;1-0;2-4,0-1;1-0;2-4,1-0|0-1|2-4|NULL,1-0|0-1|2-4|NULL,3,4,4,2,8,32,1,1,1,0,0.0,15,1
TRAJ-MICRO-V1,12109,220,zero_scale,,,0-1;1-2;2-4,0-1;1-2;2-4,0-1;1-2;2-4,0-1|1-2|2-4|NULL,0-1|1-2|2-4|NULL,3,4,4,2,8,32,1,1,1,0,0.0,15,1
TRAJ-MICRO-V1,12109,221,configured_scale,,,0-3;1-2;2-1,0-3;1-2;2-1,0-3;1-2;2-1,1-2|2-1|0-3|NULL,1-2|2-1|0-3|NULL,3,4,4,2,8,32,1,1,1,0,0.0,15,1
TRAJ-MICRO-V1,12109,221,zero_scale,,,0-1;1-2;2-4,0-1;1-2;2-4,0-1;1-2;2-4,1-2|0-1|2-4|NULL,1-2|0-1|2-4|NULL,3,4,4,2,8,32,1,1,1,0,0.0,15,1
TRAJ-MICRO-V1,12109,222,configured_scale,,,0-1;1-2;2-0,0-1;1-2;2-0,0-1;1-2;2-0,1-2|0-1|2-0|NULL,1-2|0-1|2-0|NULL,3,4,4,2,8,32,1,1,1,0,0.0,15,1
TRAJ-MICRO-V1,12109,222,zero_scale,,,0-2;1-1;2-3,0-2;1-1;2-3,0-2;1-1;2-3,1-1|0-2|2-3|NULL,1-1|0-2|2-3|NULL,3,4,4,2,8,32,1,1,1,0,0.0,15,1
TRAJ-MICRO-V1,12109,223,configured_scale,,,0-1;1-2;2-4,0-1;1-2;2-4,0-1;1-2;2-4,1-2|0-1|2-4|NULL,1-2|0-1|2-4|NULL,3,4,4,2,8,32,1,1,1,0,0.0,15,1
TRAJ-MICRO-V1,12109,223,zero_scale,,,0-1;1-2;2-4,0-1;1-2;2-4,0-1;1-2;2-4,1-2|0-1|2-4|NULL,1-2|0-1|2-4|NULL,3,4,4,2,8,32,1,1,1,0,0.0,15,1
TRAJ-MICRO-V1,12109,224,configured_scale,,,0-1;1-2;2-4,0-1;1-2;2-4,0-1;1-2;2-4,1-2|0-1|2-4|NULL,1-2|0-1|2-4|NULL,3,4,4,2,8,32,1,1,1,0,0.0,15,1
TRAJ-MICRO-V1,12109,224,zero_scale,,,0-3;1-2;2-1,0-3;1-2;2-1,0-3;1-2;2-1,1-2|0-3|2-1|NULL,1-2|0-3|2-1|NULL,3,4,4,2,8,32,1,1,1,0,0.0,15,1
TRAJ-MICRO-V1,12109,225,configured_scale,,,0-1;1-2;2-0,0-1;1-2;2-0,0-1;1-2;2-0,1-2|0-1|2-0|NULL,1-2|0-1|2-0|NULL,3,4,4,2,8,32,1,1,1,0,0.0,15,1
TRAJ-MICRO-V1,12109,225,zero_scale,,,0-1;1-2;2-3,0-1;1-2;2-3,0-1;1-2;2-3,1-2|0-1|2-3|NULL,1-2|0-1|2-3|NULL,3,4,4,2,8,32,1,1,1,0,0.0,15,1
TRAJ-MICRO-V1,12109,226,configured_scale,,,0-1;1-0;2-2,0-1;1-0;2-2,0-1;1-0;2-2,0-1|1-0|2-2|NULL,0-1|1-0|2-2|NULL,3,4,4,2,8,32,1,1,1,0,0.0,15,1
TRAJ-MICRO-V1,12109,226,zero_scale,,,0-1;1-2;2-3,0-1;1-2;2-3,0-1;1-2;2-3,0-1|1-2|2-3|NULL,0-1|1-2|2-3|NULL,3,4,4,2,8,32,1,1,1,0,0.0,15,1
TRAJ-MICRO-V1,12109,227,configured_scale,,,0-0;1-3;2-4,0-0;1-3;2-4,0-0;1-3;2-4,0-0|1-3|2-4|NULL,0-0|1-3|2-4|NULL,3,4,4,2,8,32,1,1,1,0,0.0,15,1
TRAJ-MICRO-V1,12109,227,zero_scale,,,0-0;1-2;2-4,0-0;1-2;2-4,0-0;1-2;2-4,0-0|1-2|2-4|NULL,0-0|1-2|2-4|NULL,3,4,4,2,8,32,1,1,1,0,0.0,15,1
TRAJ-MICRO-V1,12109,228,configured_scale,,,0-0;1-4;2-3,0-0;1-4;2-3,0-0;1-4;2-3,0-0|2-3|1-4|NULL,0-0|2-3|1-4|NULL,3,4,4,2,8,32,1,1,1,0,0.0,15,1
TRAJ-MICRO-V1,12109,228,zero_scale,,,0-1;1-2;2-3,0-1;1-2;2-3,0-1;1-2;2-3,0-1|2-3|1-2|NULL,0-1|2-3|1-2|NULL,3,4,4,2,8,32,1,1,1,0,0.0,15,1
TRAJ-MICRO-V1,12109,229,configured_scale,,,0-4;1-3;2-2,0-4;1-3;2-2,0-4;1-3;2-2,0-4|1-3|2-2|NULL,0-4|1-3|2-2|NULL,3,4,4,2,8,32,1,1,1,0,0.0,15,1
TRAJ-MICRO-V1,12109,229,zero_scale,,,0-1;1-3;2-4,0-1;1-3;2-4,0-1;1-3;2-4,0-1|1-3|2-4|NULL,0-1|1-3|2-4|NULL,3,4,4,2,8,32,1,1,1,0,0.0,15,1
TRAJ-MICRO-V1,12109,230,configured_scale,,,0-3;1-2;2-4,0-3;1-2;2-4,0-3;1-2;2-4,2-4|0-3|1-2|NULL,2-4|0-3|1-2|NULL,3,4,4,2,8,32,1,1,1,0,0.0,15,1
TRAJ-MICRO-V1,12109,230,zero_scale,,,0-0;1-2;2-4,0-0;1-2;2-4,0-0;1-2;2-4,2-4|0-0|1-2|NULL,2-4|0-0|1-2|NULL,3,4,4,2,8,32,1,1,1,0,0.0,15,1
TRAJ-MICRO-V1,12109,231,configured_scale,,,0-2;1-3;2-4,0-2;1-3;2-4,0-2;1-3;2-4,2-4|0-2|1-3|NULL,2-4|0-2|1-3|NULL,3,4,4,2,8,32,1,1,1,0,0.0,15,1
TRAJ-MICRO-V1,12109,231,zero_scale,,,0-2;1-3;2-4,0-2;1-3;2-4,0-2;1-3;2-4,2-4|0-2|1-3|NULL,2-4|0-2|1-3|NULL,3,4,4,2,8,32,1,1,1,0,0.0,15,1
TRAJ-MICRO-V1,12109,232,configured_scale,,,0-1;1-3;2-4,0-1;1-3;2-4,0-1;1-3;2-4,2-4|1-3|0-1|NULL,2-4|1-3|0-1|NULL,3,4,4,2,8,32,1,1,1,0,0.0,15,1
TRAJ-MICRO-V1,12109,232,zero_scale,,,0-1;1-3;2-4,0-1;1-3;2-4,0-1;1-3;2-4,2-4|1-3|0-1|NULL,2-4|1-3|0-1|NULL,3,4,4,2,8,32,1,1,1,0,0.0,15,1
TRAJ-MICRO-V1,12109,233,configured_scale,,,0-0;1-3;2-4,0-0;1-3;2-4,0-0;1-3;2-4,2-4|1-3|0-0|NULL,2-4|1-3|0-0|NULL,3,4,4,2,8,32,1,1,1,0,0.0,15,1
TRAJ-MICRO-V1,12109,233,zero_scale,,,0-0;1-3;2-4,0-0;1-3;2-4,0-0;1-3;2-4,2-4|1-3|0-0|NULL,2-4|1-3|0-0|NULL,3,4,4,2,8,32,1,1,1,0,0.0,15,1
TRAJ-MICRO-V1,12109,234,configured_scale,,,0-2;1-3;2-4,0-2;1-3;2-4,0-2;1-3;2-4,2-4|1-3|0-2|NULL,2-4|1-3|0-2|NULL,3,4,4,2,8,32,1,1,1,0,0.0,15,1
TRAJ-MICRO-V1,12109,234,zero_scale,,,0-2;1-3;2-4,0-2;1-3;2-4,0-2;1-3;2-4,2-4|1-3|0-2|NULL,2-4|1-3|0-2|NULL,3,4,4,2,8,32,1,1,1,0,0.0,15,1
TRAJ-MICRO-V1,12109,235,configured_scale,,,0-1;1-3;2-4,0-1;1-3;2-4,0-1;1-3;2-4,2-4|1-3|0-1|NULL,2-4|1-3|0-1|NULL,3,4,4,2,8,32,1,1,1,0,0.0,15,1
TRAJ-MICRO-V1,12109,235,zero_scale,,,0-1;1-3;2-4,0-1;1-3;2-4,0-1;1-3;2-4,1-3|2-4|0-1|NULL,1-3|2-4|0-1|NULL,3,4,4,2,8,32,1,1,1,0,0.0,15,1
TRAJ-MICRO-V1,12109,236,configured_scale,,,0-3;1-2;2-4,0-3;1-2;2-4,0-3;1-2;2-4,2-4|1-2|0-3|NULL,2-4|1-2|0-3|NULL,3,4,4,2,8,32,1,1,1,0,0.0,15,1
TRAJ-MICRO-V1,12109,236,zero_scale,,,0-3;1-2;2-4,0-3;1-2;2-4,0-3;1-2;2-4,1-2|2-4|0-3|NULL,1-2|2-4|0-3|NULL,3,4,4,2,8,32,1,1,1,0,0.0,15,1
TRAJ-MICRO-V1,12109,237,configured_scale,,,0-1;1-2;2-3,0-1;1-2;2-3,0-1;1-2;2-3,2-3|1-2|0-1|NULL,2-3|1-2|0-1|NULL,3,4,4,2,8,32,1,1,1,0,0.0,15,1
TRAJ-MICRO-V1,12109,237,zero_scale,,,0-2;1-3;2-4,0-2;1-3;2-4,0-2;1-3;2-4,1-3|0-2|2-4|NULL,1-3|0-2|2-4|NULL,3,4,4,2,8,32,1,1,1,0,0.0,15,1
TRAJ-MICRO-V1,12109,238,configured_scale,,,0-1;1-3;2-2,0-1;1-3;2-2,0-1;1-3;2-2,1-3|2-2|0-1|NULL,1-3|2-2|0-1|NULL,3,4,4,2,8,32,1,1,1,0,0.0,15,1
TRAJ-MICRO-V1,12109,238,zero_scale,,,0-1;1-3;2-2,0-1;1-3;2-2,0-1;1-3;2-2,1-3|0-1|2-2|NULL,1-3|0-1|2-2|NULL,3,4,4,2,8,32,1,1,1,0,0.0,15,1
TRAJ-MICRO-V1,12109,239,configured_scale,,,0-3;1-2;2-4,0-3;1-2;2-4,0-3;1-2;2-4,1-2|2-4|0-3|NULL,1-2|2-4|0-3|NULL,3,4,4,2,8,32,1,1,1,0,0.0,15,1
TRAJ-MICRO-V1,12109,239,zero_scale,,,0-3;1-2;2-4,0-3;1-2;2-4,0-3;1-2;2-4,1-2|0-3|2-4|NULL,1-2|0-3|2-4|NULL,3,4,4,2,8,32,1,1,1,0,0.0,15,1
TRAJ-MICRO-V1,12109,240,configured_scale,,,0-1;1-2;2-3,0-1;1-2;2-3,0-1;1-2;2-3,1-2|2-3|0-1|NULL,1-2|2-3|0-1|NULL,3,4,4,2,8,32,1,1,1,0,0.0,15,1
TRAJ-MICRO-V1,12109,240,zero_scale,,,0-1;1-2;2-3,0-1;1-2;2-3,0-1;1-2;2-3,1-2|2-3|0-1|NULL,1-2|2-3|0-1|NULL,3,4,4,2,8,32,1,1,1,0,0.0,15,1
TRAJ-MICRO-V1,12113,1,exploration_public_assignment,3,4,0-0;1-2;2-1,0-0;1-2;2-1,0-0;1-2;2-1,PUBLIC:0-0;1-2;2-1,PUBLIC:0-0;1-2;2-1,3,0,0,0,0,0,1,1,1,0,0.0,15,1
TRAJ-MICRO-V1,12113,2,exploration_public_assignment,10,11,0-0;1-4;2-2,0-0;1-4;2-2,0-0;1-4;2-2,PUBLIC:0-0;1-4;2-2,PUBLIC:0-0;1-4;2-2,3,0,0,0,0,0,1,1,1,0,0.0,15,1
TRAJ-MICRO-V1,12113,3,exploration_public_assignment,17,18,0-1;1-2;2-4,0-1;1-2;2-4,0-1;1-2;2-4,PUBLIC:0-1;1-2;2-4,PUBLIC:0-1;1-2;2-4,3,0,0,0,0,0,1,1,1,0,0.0,15,1
TRAJ-MICRO-V1,12113,4,exploration_public_assignment,24,25,0-2;1-0;2-1,0-2;1-0;2-1,0-2;1-0;2-1,PUBLIC:0-2;1-0;2-1,PUBLIC:0-2;1-0;2-1,3,0,0,0,0,0,1,1,1,0,0.0,15,1
TRAJ-MICRO-V1,12113,5,exploration_public_assignment,31,32,0-2;1-3;2-1,0-2;1-3;2-1,0-2;1-3;2-1,PUBLIC:0-2;1-3;2-1,PUBLIC:0-2;1-3;2-1,3,0,0,0,0,0,1,1,1,0,0.0,15,1
TRAJ-MICRO-V1,12113,6,exploration_public_assignment,38,39,0-3;1-0;2-4,0-3;1-0;2-4,0-3;1-0;2-4,PUBLIC:0-3;1-0;2-4,PUBLIC:0-3;1-0;2-4,3,0,0,0,0,0,1,1,1,0,0.0,15,1
TRAJ-MICRO-V1,12113,7,exploration_public_assignment,45,46,0-3;1-4;2-0,0-3;1-4;2-0,0-3;1-4;2-0,PUBLIC:0-3;1-4;2-0,PUBLIC:0-3;1-4;2-0,3,0,0,0,0,0,1,1,1,0,0.0,15,1
TRAJ-MICRO-V1,12113,8,exploration_public_assignment,52,53,0-4;1-1;2-2,0-4;1-1;2-2,0-4;1-1;2-2,PUBLIC:0-4;1-1;2-2,PUBLIC:0-4;1-1;2-2,3,0,0,0,0,0,1,1,1,0,0.0,15,1
TRAJ-MICRO-V1,12113,9,exploration_public_assignment,59,60,0-4;1-3;2-2,0-4;1-3;2-2,0-4;1-3;2-2,PUBLIC:0-4;1-3;2-2,PUBLIC:0-4;1-3;2-2,3,0,0,0,0,0,1,1,1,0,0.0,15,1
TRAJ-MICRO-V1,12113,10,exploration_public_assignment,6,7,0-0;1-3;2-1,0-0;1-3;2-1,0-0;1-3;2-1,PUBLIC:0-0;1-3;2-1,PUBLIC:0-0;1-3;2-1,3,0,0,0,0,0,1,1,1,0,0.0,15,1
TRAJ-MICRO-V1,12113,11,exploration_public_assignment,13,14,0-1;1-0;2-3,0-1;1-0;2-3,0-1;1-0;2-3,PUBLIC:0-1;1-0;2-3,PUBLIC:0-1;1-0;2-3,3,0,0,0,0,0,1,1,1,0,0.0,15,1
TRAJ-MICRO-V1,12113,12,exploration_public_assignment,20,21,0-1;1-3;2-4,0-1;1-3;2-4,0-1;1-3;2-4,PUBLIC:0-1;1-3;2-4,PUBLIC:0-1;1-3;2-4,3,0,0,0,0,0,1,1,1,0,0.0,15,1
TRAJ-MICRO-V1,12113,13,exploration_public_assignment,27,28,0-2;1-1;2-0,0-2;1-1;2-0,0-2;1-1;2-0,PUBLIC:0-2;1-1;2-0,PUBLIC:0-2;1-1;2-0,3,0,0,0,0,0,1,1,1,0,0.0,15,1
TRAJ-MICRO-V1,12113,14,exploration_public_assignment,34,35,0-2;1-4;2-1,0-2;1-4;2-1,0-2;1-4;2-1,PUBLIC:0-2;1-4;2-1,PUBLIC:0-2;1-4;2-1,3,0,0,0,0,0,1,1,1,0,0.0,15,1
TRAJ-MICRO-V1,12113,15,exploration_public_assignment,41,42,0-3;1-1;2-4,0-3;1-1;2-4,0-3;1-1;2-4,PUBLIC:0-3;1-1;2-4,PUBLIC:0-3;1-1;2-4,3,0,0,0,0,0,1,1,1,0,0.0,15,1
TRAJ-MICRO-V1,12113,16,exploration_public_assignment,48,49,0-4;1-0;2-1,0-4;1-0;2-1,0-4;1-0;2-1,PUBLIC:0-4;1-0;2-1,PUBLIC:0-4;1-0;2-1,3,0,0,0,0,0,1,1,1,0,0.0,15,1
TRAJ-MICRO-V1,12113,17,exploration_public_assignment,55,56,0-4;1-2;2-1,0-4;1-2;2-1,0-4;1-2;2-1,PUBLIC:0-4;1-2;2-1,PUBLIC:0-4;1-2;2-1,3,0,0,0,0,0,1,1,1,0,0.0,15,1
TRAJ-MICRO-V1,12113,18,exploration_public_assignment,2,3,0-0;1-1;2-4,0-0;1-1;2-4,0-0;1-1;2-4,PUBLIC:0-0;1-1;2-4,PUBLIC:0-0;1-1;2-4,3,0,0,0,0,0,1,1,1,0,0.0,15,1
TRAJ-MICRO-V1,12113,19,configured_scale,,,0-1;1-3;2-2,0-1;1-3;2-2,0-1;1-3;2-2,0-1|2-2|1-3|NULL,0-1|2-2|1-3|NULL,3,4,4,2,8,32,1,1,1,0,0.0,15,1
TRAJ-MICRO-V1,12113,19,zero_scale,,,0-1;1-3;2-2,0-1;1-3;2-2,0-1;1-3;2-2,0-1|1-3|2-2|NULL,0-1|1-3|2-2|NULL,3,4,4,2,8,32,1,1,1,0,0.0,15,1
TRAJ-MICRO-V1,12113,20,configured_scale,,,0-0;1-2;2-1,0-0;1-2;2-1,0-0;1-2;2-1,1-2|2-1|0-0|NULL,1-2|2-1|0-0|NULL,3,4,4,2,8,32,1,1,1,0,0.0,15,1
TRAJ-MICRO-V1,12113,20,zero_scale,,,0-3;1-2;2-1,0-3;1-2;2-1,0-3;1-2;2-1,1-2|0-3|2-1|NULL,1-2|0-3|2-1|NULL,3,4,4,2,8,32,1,1,1,0,0.0,15,1
TRAJ-MICRO-V1,12113,21,configured_scale,,,0-4;1-1;2-0,0-4;1-1;2-0,0-4;1-1;2-0,1-1|2-0|0-4|NULL,1-1|2-0|0-4|NULL,3,4,4,2,8,32,1,1,1,0,0.0,15,1
TRAJ-MICRO-V1,12113,21,zero_scale,,,0-2;1-1;2-3,0-2;1-1;2-3,0-2;1-1;2-3,0-2|1-1|2-3|NULL,0-2|1-1|2-3|NULL,3,4,4,2,8,32,1,1,1,0,0.0,15,1
TRAJ-MICRO-V1,12113,22,configured_scale,,,0-4;1-3;2-2,0-4;1-3;2-2,0-4;1-3;2-2,0-4|1-3|2-2|NULL,0-4|1-3|2-2|NULL,3,4,4,2,8,32,1,1,1,0,0.0,15,1
TRAJ-MICRO-V1,12113,22,zero_scale,,,0-1;1-3;2-4,0-1;1-3;2-4,0-1;1-3;2-4,0-1|1-3|2-4|NULL,0-1|1-3|2-4|NULL,3,4,4,2,8,32,1,1,1,0,0.0,15,1
TRAJ-MICRO-V1,12113,23,configured_scale,,,0-1;1-2;2-4,0-1;1-2;2-4,0-1;1-2;2-4,2-4|0-1|1-2|NULL,2-4|0-1|1-2|NULL,3,4,4,2,8,32,1,1,1,0,0.0,15,1
TRAJ-MICRO-V1,12113,23,zero_scale,,,0-1;1-2;2-4,0-1;1-2;2-4,0-1;1-2;2-4,0-1|1-2|2-4|NULL,0-1|1-2|2-4|NULL,3,4,4,2,8,32,1,1,1,0,0.0,15,1
TRAJ-MICRO-V1,12113,24,configured_scale,,,0-0;1-4;2-3,0-0;1-4;2-3,0-0;1-4;2-3,0-0|2-3|1-4|NULL,0-0|2-3|1-4|NULL,3,4,4,2,8,32,1,1,1,0,0.0,15,1
TRAJ-MICRO-V1,12113,24,zero_scale,,,0-0;1-1;2-3,0-0;1-1;2-3,0-0;1-1;2-3,0-0|1-1|2-3|NULL,0-0|1-1|2-3|NULL,3,4,4,2,8,32,1,1,1,0,0.0,15,1
TRAJ-MICRO-V1,12113,25,configured_scale,,,0-1;1-3;2-4,0-1;1-3;2-4,0-1;1-3;2-4,0-1|1-3|2-4|NULL,0-1|1-3|2-4|NULL,3,4,4,2,8,32,1,1,1,0,0.0,15,1
TRAJ-MICRO-V1,12113,25,zero_scale,,,0-1;1-0;2-4,0-1;1-0;2-4,0-1;1-0;2-4,0-1|1-0|2-4|NULL,0-1|1-0|2-4|NULL,3,4,4,2,8,32,1,1,1,0,0.0,15,1
TRAJ-MICRO-V1,12113,26,configured_scale,,,0-0;1-2;2-4,0-0;1-2;2-4,0-0;1-2;2-4,2-4|1-2|0-0|NULL,2-4|1-2|0-0|NULL,3,4,4,2,8,32,1,1,1,0,0.0,15,1
TRAJ-MICRO-V1,12113,26,zero_scale,,,0-0;1-2;2-4,0-0;1-2;2-4,0-0;1-2;2-4,0-0|1-2|2-4|NULL,0-0|1-2|2-4|NULL,3,4,4,2,8,32,1,1,1,0,0.0,15,1
TRAJ-MICRO-V1,12113,27,configured_scale,,,0-2;1-1;2-0,0-2;1-1;2-0,0-2;1-1;2-0,2-0|1-1|0-2|NULL,2-0|1-1|0-2|NULL,3,4,4,2,8,32,1,1,1,0,0.0,15,1
TRAJ-MICRO-V1,12113,27,zero_scale,,,0-0;1-1;2-4,0-0;1-1;2-4,0-0;1-1;2-4,0-0|1-1|2-4|NULL,0-0|1-1|2-4|NULL,3,4,4,2,8,32,1,1,1,0,0.0,15,1
TRAJ-MICRO-V1,12113,28,configured_scale,,,0-1;1-0;2-4,0-1;1-0;2-4,0-1;1-0;2-4,2-4|0-1|1-0|NULL,2-4|0-1|1-0|NULL,3,4,4,2,8,32,1,1,1,0,0.0,15,1
TRAJ-MICRO-V1,12113,28,zero_scale,,,0-1;1-0;2-4,0-1;1-0;2-4,0-1;1-0;2-4,2-4|0-1|1-0|NULL,2-4|0-1|1-0|NULL,3,4,4,2,8,32,1,1,1,0,0.0,15,1
TRAJ-MICRO-V1,12113,29,configured_scale,,,0-0;1-2;2-4,0-0;1-2;2-4,0-0;1-2;2-4,2-4|0-0|1-2|NULL,2-4|0-0|1-2|NULL,3,4,4,2,8,32,1,1,1,0,0.0,15,1
TRAJ-MICRO-V1,12113,29,zero_scale,,,0-0;1-2;2-4,0-0;1-2;2-4,0-0;1-2;2-4,2-4|0-0|1-2|NULL,2-4|0-0|1-2|NULL,3,4,4,2,8,32,1,1,1,0,0.0,15,1
TRAJ-MICRO-V1,12113,30,configured_scale,,,0-0;1-3;2-4,0-0;1-3;2-4,0-0;1-3;2-4,2-4|0-0|1-3|NULL,2-4|0-0|1-3|NULL,3,4,4,2,8,32,1,1,1,0,0.0,15,1
TRAJ-MICRO-V1,12113,30,zero_scale,,,0-0;1-4;2-3,0-0;1-4;2-3,0-0;1-4;2-3,2-3|1-4|0-0|NULL,2-3|1-4|0-0|NULL,3,4,4,2,8,32,1,1,1,0,0.0,15,1
TRAJ-MICRO-V1,12113,31,configured_scale,,,0-4;1-3;2-2,0-4;1-3;2-2,0-4;1-3;2-2,0-4|1-3|2-2|NULL,0-4|1-3|2-2|NULL,3,4,4,2,8,32,1,1,1,0,0.0,15,1
TRAJ-MICRO-V1,12113,31,zero_scale,,,0-4;1-3;2-2,0-4;1-3;2-2,0-4;1-3;2-2,1-3|0-4|2-2|NULL,1-3|0-4|2-2|NULL,3,4,4,2,8,32,1,1,1,0,0.0,15,1
TRAJ-MICRO-V1,12113,32,configured_scale,,,0-3;1-2;2-1,0-3;1-2;2-1,0-3;1-2;2-1,0-3|2-1|1-2|NULL,0-3|2-1|1-2|NULL,3,4,4,2,8,32,1,1,1,0,0.0,15,1
TRAJ-MICRO-V1,12113,32,zero_scale,,,0-0;1-2;2-1,0-0;1-2;2-1,0-0;1-2;2-1,0-0|1-2|2-1|NULL,0-0|1-2|2-1|NULL,3,4,4,2,8,32,1,1,1,0,0.0,15,1
TRAJ-MICRO-V1,12113,33,configured_scale,,,0-4;1-2;2-0,0-4;1-2;2-0,0-4;1-2;2-0,2-0|1-2|0-4|NULL,2-0|1-2|0-4|NULL,3,4,4,2,8,32,1,1,1,0,0.0,15,1
TRAJ-MICRO-V1,12113,33,zero_scale,,,0-2;1-1;2-0,0-2;1-1;2-0,0-2;1-1;2-0,0-2|1-1|2-0|NULL,0-2|1-1|2-0|NULL,3,4,4,2,8,32,1,1,1,0,0.0,15,1
TRAJ-MICRO-V1,12113,34,configured_scale,,,0-4;1-0;2-1,0-4;1-0;2-1,0-4;1-0;2-1,0-4|1-0|2-1|NULL,0-4|1-0|2-1|NULL,3,4,4,2,8,32,1,1,1,0,0.0,15,1
TRAJ-MICRO-V1,12113,34,zero_scale,,,0-4;1-3;2-2,0-4;1-3;2-2,0-4;1-3;2-2,0-4|1-3|2-2|NULL,0-4|1-3|2-2|NULL,3,4,4,2,8,32,1,1,1,0,0.0,15,1
TRAJ-MICRO-V1,12113,35,configured_scale,,,0-3;1-2;2-1,0-3;1-2;2-1,0-3;1-2;2-1,0-3|1-2|2-1|NULL,0-3|1-2|2-1|NULL,3,4,4,2,8,32,1,1,1,0,0.0,15,1
TRAJ-MICRO-V1,12113,35,zero_scale,,,0-3;1-2;2-1,0-3;1-2;2-1,0-3;1-2;2-1,0-3|1-2|2-1|NULL,0-3|1-2|2-1|NULL,3,4,4,2,8,32,1,1,1,0,0.0,15,1
TRAJ-MICRO-V1,12113,36,configured_scale,,,0-4;1-2;2-0,0-4;1-2;2-0,0-4;1-2;2-0,0-4|1-2|2-0|NULL,0-4|1-2|2-0|NULL,3,4,4,2,8,32,1,1,1,0,0.0,15,1
TRAJ-MICRO-V1,12113,36,zero_scale,,,0-2;1-1;2-0,0-2;1-1;2-0,0-2;1-1;2-0,0-2|1-1|2-0|NULL,0-2|1-1|2-0|NULL,3,4,4,2,8,32,1,1,1,0,0.0,15,1
TRAJ-MICRO-V1,12113,37,configured_scale,,,0-1;1-3;2-2,0-1;1-3;2-2,0-1;1-3;2-2,0-1|1-3|2-2|NULL,0-1|1-3|2-2|NULL,3,4,4,2,8,32,1,1,1,0,0.0,15,1
TRAJ-MICRO-V1,12113,37,zero_scale,,,0-1;1-3;2-2,0-1;1-3;2-2,0-1;1-3;2-2,0-1|1-3|2-2|NULL,0-1|1-3|2-2|NULL,3,4,4,2,8,32,1,1,1,0,0.0,15,1
TRAJ-MICRO-V1,12113,38,configured_scale,,,0-0;1-2;2-4,0-0;1-2;2-4,0-0;1-2;2-4,0-0|1-2|2-4|NULL,0-0|1-2|2-4|NULL,3,4,4,2,8,32,1,1,1,0,0.0,15,1
TRAJ-MICRO-V1,12113,38,zero_scale,,,0-0;1-2;2-4,0-0;1-2;2-4,0-0;1-2;2-4,0-0|1-2|2-4|NULL,0-0|1-2|2-4|NULL,3,4,4,2,8,32,1,1,1,0,0.0,15,1
TRAJ-MICRO-V1,12113,39,configured_scale,,,0-2;1-1;2-4,0-2;1-1;2-4,0-2;1-1;2-4,0-2|2-4|1-1|NULL,0-2|2-4|1-1|NULL,3,4,4,2,8,32,1,1,1,0,0.0,15,1
TRAJ-MICRO-V1,12113,39,zero_scale,,,0-2;1-1;2-3,0-2;1-1;2-3,0-2;1-1;2-3,0-2|2-3|1-1|NULL,0-2|2-3|1-1|NULL,3,4,4,2,8,32,1,1,1,0,0.0,15,1
TRAJ-MICRO-V1,12113,40,configured_scale,,,0-1;1-3;2-4,0-1;1-3;2-4,0-1;1-3;2-4,0-1|1-3|2-4|NULL,0-1|1-3|2-4|NULL,3,4,4,2,8,32,1,1,1,0,0.0,15,1
TRAJ-MICRO-V1,12113,40,zero_scale,,,0-1;1-3;2-4,0-1;1-3;2-4,0-1;1-3;2-4,0-1|1-3|2-4|NULL,0-1|1-3|2-4|NULL,3,4,4,2,8,32,1,1,1,0,0.0,15,1
TRAJ-MICRO-V1,12113,41,configured_scale,,,0-3;1-2;2-4,0-3;1-2;2-4,0-3;1-2;2-4,1-2|0-3|2-4|NULL,1-2|0-3|2-4|NULL,3,4,4,2,8,32,1,1,1,0,0.0,15,1
TRAJ-MICRO-V1,12113,41,zero_scale,,,0-3;1-2;2-4,0-3;1-2;2-4,0-3;1-2;2-4,1-2|0-3|2-4|NULL,1-2|0-3|2-4|NULL,3,4,4,2,8,32,1,1,1,0,0.0,15,1
TRAJ-MICRO-V1,12113,42,configured_scale,,,0-0;1-3;2-4,0-0;1-3;2-4,0-0;1-3;2-4,1-3|0-0|2-4|NULL,1-3|0-0|2-4|NULL,3,4,4,2,8,32,1,1,1,0,0.0,15,1
TRAJ-MICRO-V1,12113,42,zero_scale,,,0-2;1-1;2-3,0-2;1-1;2-3,0-2;1-1;2-3,2-3|1-1|0-2|NULL,2-3|1-1|0-2|NULL,3,4,4,2,8,32,1,1,1,0,0.0,15,1
TRAJ-MICRO-V1,12113,43,configured_scale,,,0-1;1-0;2-3,0-1;1-0;2-3,0-1;1-0;2-3,1-0|2-3|0-1|NULL,1-0|2-3|0-1|NULL,3,4,4,2,8,32,1,1,1,0,0.0,15,1
TRAJ-MICRO-V1,12113,43,zero_scale,,,0-1;1-3;2-4,0-1;1-3;2-4,0-1;1-3;2-4,1-3|0-1|2-4|NULL,1-3|0-1|2-4|NULL,3,4,4,2,8,32,1,1,1,0,0.0,15,1
TRAJ-MICRO-V1,12113,44,configured_scale,,,0-1;1-0;2-4,0-1;1-0;2-4,0-1;1-0;2-4,2-4|1-0|0-1|NULL,2-4|1-0|0-1|NULL,3,4,4,2,8,32,1,1,1,0,0.0,15,1
TRAJ-MICRO-V1,12113,44,zero_scale,,,0-0;1-2;2-4,0-0;1-2;2-4,0-0;1-2;2-4,1-2|2-4|0-0|NULL,1-2|2-4|0-0|NULL,3,4,4,2,8,32,1,1,1,0,0.0,15,1
TRAJ-MICRO-V1,12113,45,configured_scale,,,0-0;1-1;2-4,0-0;1-1;2-4,0-0;1-1;2-4,1-1|2-4|0-0|NULL,1-1|2-4|0-0|NULL,3,4,4,2,8,32,1,1,1,0,0.0,15,1
TRAJ-MICRO-V1,12113,45,zero_scale,,,0-2;1-1;2-4,0-2;1-1;2-4,0-2;1-1;2-4,1-1|2-4|0-2|NULL,1-1|2-4|0-2|NULL,3,4,4,2,8,32,1,1,1,0,0.0,15,1
TRAJ-MICRO-V1,12113,46,configured_scale,,,0-1;1-0;2-4,0-1;1-0;2-4,0-1;1-0;2-4,1-0|2-4|0-1|NULL,1-0|2-4|0-1|NULL,3,4,4,2,8,32,1,1,1,0,0.0,15,1
TRAJ-MICRO-V1,12113,46,zero_scale,,,0-1;1-0;2-4,0-1;1-0;2-4,0-1;1-0;2-4,1-0|2-4|0-1|NULL,1-0|2-4|0-1|NULL,3,4,4,2,8,32,1,1,1,0,0.0,15,1
TRAJ-MICRO-V1,12113,47,configured_scale,,,0-1;1-3;2-4,0-1;1-3;2-4,0-1;1-3;2-4,2-4|1-3|0-1|NULL,2-4|1-3|0-1|NULL,3,4,4,2,8,32,1,1,1,0,0.0,15,1
TRAJ-MICRO-V1,12113,47,zero_scale,,,0-3;1-2;2-4,0-3;1-2;2-4,0-3;1-2;2-4,2-4|1-2|0-3|NULL,2-4|1-2|0-3|NULL,3,4,4,2,8,32,1,1,1,0,0.0,15,1
TRAJ-MICRO-V1,12113,48,configured_scale,,,0-4;1-2;2-0,0-4;1-2;2-0,0-4;1-2;2-0,2-0|1-2|0-4|NULL,2-0|1-2|0-4|NULL,3,4,4,2,8,32,1,1,1,0,0.0,15,1
TRAJ-MICRO-V1,12113,48,zero_scale,,,0-3;1-2;2-4,0-3;1-2;2-4,0-3;1-2;2-4,2-4|1-2|0-3|NULL,2-4|1-2|0-3|NULL,3,4,4,2,8,32,1,1,1,0,0.0,15,1
TRAJ-MICRO-V1,12113,49,configured_scale,,,0-3;1-0;2-4,0-3;1-0;2-4,0-3;1-0;2-4,2-4|1-0|0-3|NULL,2-4|1-0|0-3|NULL,3,4,4,2,8,32,1,1,1,0,0.0,15,1
TRAJ-MICRO-V1,12113,49,zero_scale,,,0-1;1-3;2-4,0-1;1-3;2-4,0-1;1-3;2-4,2-4|1-3|0-1|NULL,2-4|1-3|0-1|NULL,3,4,4,2,8,32,1,1,1,0,0.0,15,1
TRAJ-MICRO-V1,12113,50,configured_scale,,,0-4;1-3;2-1,0-4;1-3;2-1,0-4;1-3;2-1,2-1|1-3|0-4|NULL,2-1|1-3|0-4|NULL,3,4,4,2,8,32,1,1,1,0,0.0,15,1
TRAJ-MICRO-V1,12113,50,zero_scale,,,0-3;1-2;2-4,0-3;1-2;2-4,0-3;1-2;2-4,2-4|1-2|0-3|NULL,2-4|1-2|0-3|NULL,3,4,4,2,8,32,1,1,1,0,0.0,15,1
TRAJ-MICRO-V1,12113,51,configured_scale,,,0-3;1-2;2-0,0-3;1-2;2-0,0-3;1-2;2-0,2-0|1-2|0-3|NULL,2-0|1-2|0-3|NULL,3,4,4,2,8,32,1,1,1,0,0.0,15,1
TRAJ-MICRO-V1,12113,51,zero_scale,,,0-1;1-2;2-0,0-1;1-2;2-0,0-1;1-2;2-0,2-0|1-2|0-1|NULL,2-0|1-2|0-1|NULL,3,4,4,2,8,32,1,1,1,0,0.0,15,1
TRAJ-MICRO-V1,12113,52,configured_scale,,,0-1;1-0;2-2,0-1;1-0;2-2,0-1;1-0;2-2,2-2|1-0|0-1|NULL,2-2|1-0|0-1|NULL,3,4,4,2,8,32,1,1,1,0,0.0,15,1
TRAJ-MICRO-V1,12113,52,zero_scale,,,0-1;1-3;2-2,0-1;1-3;2-2,0-1;1-3;2-2,2-2|1-3|0-1|NULL,2-2|1-3|0-1|NULL,3,4,4,2,8,32,1,1,1,0,0.0,15,1
TRAJ-MICRO-V1,12113,53,configured_scale,,,0-1;1-3;2-4,0-1;1-3;2-4,0-1;1-3;2-4,2-4|0-1|1-3|NULL,2-4|0-1|1-3|NULL,3,4,4,2,8,32,1,1,1,0,0.0,15,1
TRAJ-MICRO-V1,12113,53,zero_scale,,,0-0;1-2;2-4,0-0;1-2;2-4,0-0;1-2;2-4,2-4|1-2|0-0|NULL,2-4|1-2|0-0|NULL,3,4,4,2,8,32,1,1,1,0,0.0,15,1
TRAJ-MICRO-V1,12113,54,configured_scale,,,0-2;1-4;2-3,0-2;1-4;2-3,0-2;1-4;2-3,2-3|0-2|1-4|NULL,2-3|0-2|1-4|NULL,3,4,4,2,8,32,1,1,1,0,0.0,15,1
TRAJ-MICRO-V1,12113,54,zero_scale,,,0-2;1-1;2-3,0-2;1-1;2-3,0-2;1-1;2-3,2-3|0-2|1-1|NULL,2-3|0-2|1-1|NULL,3,4,4,2,8,32,1,1,1,0,0.0,15,1
TRAJ-MICRO-V1,12113,55,configured_scale,,,0-1;1-3;2-2,0-1;1-3;2-2,0-1;1-3;2-2,2-2|1-3|0-1|NULL,2-2|1-3|0-1|NULL,3,4,4,2,8,32,1,1,1,0,0.0,15,1
TRAJ-MICRO-V1,12113,55,zero_scale,,,0-1;1-3;2-2,0-1;1-3;2-2,0-1;1-3;2-2,2-2|1-3|0-1|NULL,2-2|1-3|0-1|NULL,3,4,4,2,8,32,1,1,1,0,0.0,15,1
TRAJ-MICRO-V1,12113,56,configured_scale,,,0-1;1-2;2-4,0-1;1-2;2-4,0-1;1-2;2-4,2-4|1-2|0-1|NULL,2-4|1-2|0-1|NULL,3,4,4,2,8,32,1,1,1,0,0.0,15,1
TRAJ-MICRO-V1,12113,56,zero_scale,,,0-0;1-2;2-4,0-0;1-2;2-4,0-0;1-2;2-4,2-4|1-2|0-0|NULL,2-4|1-2|0-0|NULL,3,4,4,2,8,32,1,1,1,0,0.0,15,1
TRAJ-MICRO-V1,12113,57,configured_scale,,,0-2;1-1;2-4,0-2;1-1;2-4,0-2;1-1;2-4,2-4|1-1|0-2|NULL,2-4|1-1|0-2|NULL,3,4,4,2,8,32,1,1,1,0,0.0,15,1
TRAJ-MICRO-V1,12113,57,zero_scale,,,0-2;1-1;2-4,0-2;1-1;2-4,0-2;1-1;2-4,2-4|1-1|0-2|NULL,2-4|1-1|0-2|NULL,3,4,4,2,8,32,1,1,1,0,0.0,15,1
TRAJ-MICRO-V1,12113,58,configured_scale,,,0-1;1-3;2-4,0-1;1-3;2-4,0-1;1-3;2-4,2-4|0-1|1-3|NULL,2-4|0-1|1-3|NULL,3,4,4,2,8,32,1,1,1,0,0.0,15,1
TRAJ-MICRO-V1,12113,58,zero_scale,,,0-1;1-3;2-4,0-1;1-3;2-4,0-1;1-3;2-4,2-4|0-1|1-3|NULL,2-4|0-1|1-3|NULL,3,4,4,2,8,32,1,1,1,0,0.0,15,1
TRAJ-MICRO-V1,12113,59,configured_scale,,,0-0;1-3;2-4,0-0;1-3;2-4,0-0;1-3;2-4,2-4|1-3|0-0|NULL,2-4|1-3|0-0|NULL,3,4,4,2,8,32,1,1,1,0,0.0,15,1
TRAJ-MICRO-V1,12113,59,zero_scale,,,0-0;1-2;2-4,0-0;1-2;2-4,0-0;1-2;2-4,2-4|1-2|0-0|NULL,2-4|1-2|0-0|NULL,3,4,4,2,8,32,1,1,1,0,0.0,15,1
TRAJ-MICRO-V1,12113,60,configured_scale,,,0-1;1-4;2-0,0-1;1-4;2-0,0-1;1-4;2-0,1-4|2-0|0-1|NULL,1-4|2-0|0-1|NULL,3,4,4,2,8,32,1,1,1,0,0.0,15,1
TRAJ-MICRO-V1,12113,60,zero_scale,,,0-1;1-4;2-3,0-1;1-4;2-3,0-1;1-4;2-3,2-3|1-4|0-1|NULL,2-3|1-4|0-1|NULL,3,4,4,2,8,32,1,1,1,0,0.0,15,1
TRAJ-MICRO-V1,12113,61,configured_scale,,,0-0;1-3;2-4,0-0;1-3;2-4,0-0;1-3;2-4,1-3|2-4|0-0|NULL,1-3|2-4|0-0|NULL,3,4,4,2,8,32,1,1,1,0,0.0,15,1
TRAJ-MICRO-V1,12113,61,zero_scale,,,0-1;1-3;2-4,0-1;1-3;2-4,0-1;1-3;2-4,1-3|2-4|0-1|NULL,1-3|2-4|0-1|NULL,3,4,4,2,8,32,1,1,1,0,0.0,15,1
TRAJ-MICRO-V1,12113,62,configured_scale,,,0-0;1-2;2-4,0-0;1-2;2-4,0-0;1-2;2-4,2-4|1-2|0-0|NULL,2-4|1-2|0-0|NULL,3,4,4,2,8,32,1,1,1,0,0.0,15,1
TRAJ-MICRO-V1,12113,62,zero_scale,,,0-0;1-2;2-4,0-0;1-2;2-4,0-0;1-2;2-4,1-2|2-4|0-0|NULL,1-2|2-4|0-0|NULL,3,4,4,2,8,32,1,1,1,0,0.0,15,1
TRAJ-MICRO-V1,12113,63,configured_scale,,,0-2;1-4;2-0,0-2;1-4;2-0,0-2;1-4;2-0,1-4|2-0|0-2|NULL,1-4|2-0|0-2|NULL,3,4,4,2,8,32,1,1,1,0,0.0,15,1
TRAJ-MICRO-V1,12113,63,zero_scale,,,0-2;1-1;2-0,0-2;1-1;2-0,0-2;1-1;2-0,1-1|2-0|0-2|NULL,1-1|2-0|0-2|NULL,3,4,4,2,8,32,1,1,1,0,0.0,15,1
TRAJ-MICRO-V1,12113,64,configured_scale,,,0-0;1-3;2-4,0-0;1-3;2-4,0-0;1-3;2-4,1-3|2-4|0-0|NULL,1-3|2-4|0-0|NULL,3,4,4,2,8,32,1,1,1,0,0.0,15,1
TRAJ-MICRO-V1,12113,64,zero_scale,,,0-1;1-3;2-2,0-1;1-3;2-2,0-1;1-3;2-2,1-3|0-1|2-2|NULL,1-3|0-1|2-2|NULL,3,4,4,2,8,32,1,1,1,0,0.0,15,1
TRAJ-MICRO-V1,12113,65,configured_scale,,,0-0;1-2;2-4,0-0;1-2;2-4,0-0;1-2;2-4,1-2|2-4|0-0|NULL,1-2|2-4|0-0|NULL,3,4,4,2,8,32,1,1,1,0,0.0,15,1
TRAJ-MICRO-V1,12113,65,zero_scale,,,0-0;1-2;2-4,0-0;1-2;2-4,0-0;1-2;2-4,1-2|0-0|2-4|NULL,1-2|0-0|2-4|NULL,3,4,4,2,8,32,1,1,1,0,0.0,15,1
TRAJ-MICRO-V1,12113,66,configured_scale,,,0-2;1-4;2-0,0-2;1-4;2-0,0-2;1-4;2-0,1-4|2-0|0-2|NULL,1-4|2-0|0-2|NULL,3,4,4,2,8,32,1,1,1,0,0.0,15,1
TRAJ-MICRO-V1,12113,66,zero_scale,,,0-0;1-4;2-3,0-0;1-4;2-3,0-0;1-4;2-3,1-4|2-3|0-0|NULL,1-4|2-3|0-0|NULL,3,4,4,2,8,32,1,1,1,0,0.0,15,1
TRAJ-MICRO-V1,12113,67,configured_scale,,,0-0;1-3;2-4,0-0;1-3;2-4,0-0;1-3;2-4,1-3|2-4|0-0|NULL,1-3|2-4|0-0|NULL,3,4,4,2,8,32,1,1,1,0,0.0,15,1
TRAJ-MICRO-V1,12113,67,zero_scale,,,0-1;1-3;2-4,0-1;1-3;2-4,0-1;1-3;2-4,1-3|0-1|2-4|NULL,1-3|0-1|2-4|NULL,3,4,4,2,8,32,1,1,1,0,0.0,15,1
TRAJ-MICRO-V1,12113,68,configured_scale,,,0-0;1-2;2-4,0-0;1-2;2-4,0-0;1-2;2-4,0-0|2-4|1-2|NULL,0-0|2-4|1-2|NULL,3,4,4,2,8,32,1,1,1,0,0.0,15,1
TRAJ-MICRO-V1,12113,68,zero_scale,,,0-0;1-2;2-4,0-0;1-2;2-4,0-0;1-2;2-4,0-0|2-4|1-2|NULL,0-0|2-4|1-2|NULL,3,4,4,2,8,32,1,1,1,0,0.0,15,1
TRAJ-MICRO-V1,12113,69,configured_scale,,,0-0;1-1;2-4,0-0;1-1;2-4,0-0;1-1;2-4,0-0|2-4|1-1|NULL,0-0|2-4|1-1|NULL,3,4,4,2,8,32,1,1,1,0,0.0,15,1
TRAJ-MICRO-V1,12113,69,zero_scale,,,0-0;1-1;2-4,0-0;1-1;2-4,0-0;1-1;2-4,0-0|1-1|2-4|NULL,0-0|1-1|2-4|NULL,3,4,4,2,8,32,1,1,1,0,0.0,15,1
TRAJ-MICRO-V1,12113,70,configured_scale,,,0-1;1-0;2-4,0-1;1-0;2-4,0-1;1-0;2-4,0-1|1-0|2-4|NULL,0-1|1-0|2-4|NULL,3,4,4,2,8,32,1,1,1,0,0.0,15,1
TRAJ-MICRO-V1,12113,70,zero_scale,,,0-1;1-0;2-4,0-1;1-0;2-4,0-1;1-0;2-4,0-1|1-0|2-4|NULL,0-1|1-0|2-4|NULL,3,4,4,2,8,32,1,1,1,0,0.0,15,1
TRAJ-MICRO-V1,12113,71,configured_scale,,,0-3;1-2;2-4,0-3;1-2;2-4,0-3;1-2;2-4,0-3|1-2|2-4|NULL,0-3|1-2|2-4|NULL,3,4,4,2,8,32,1,1,1,0,0.0,15,1
TRAJ-MICRO-V1,12113,71,zero_scale,,,0-0;1-2;2-4,0-0;1-2;2-4,0-0;1-2;2-4,0-0|1-2|2-4|NULL,0-0|1-2|2-4|NULL,3,4,4,2,8,32,1,1,1,0,0.0,15,1
TRAJ-MICRO-V1,12113,72,configured_scale,,,0-0;1-1;2-3,0-0;1-1;2-3,0-0;1-1;2-3,0-0|1-1|2-3|NULL,0-0|1-1|2-3|NULL,3,4,4,2,8,32,1,1,1,0,0.0,15,1
TRAJ-MICRO-V1,12113,72,zero_scale,,,0-0;1-1;2-3,0-0;1-1;2-3,0-0;1-1;2-3,0-0|1-1|2-3|NULL,0-0|1-1|2-3|NULL,3,4,4,2,8,32,1,1,1,0,0.0,15,1
TRAJ-MICRO-V1,12113,73,configured_scale,,,0-1;1-0;2-2,0-1;1-0;2-2,0-1;1-0;2-2,0-1|1-0|2-2|NULL,0-1|1-0|2-2|NULL,3,4,4,2,8,32,1,1,1,0,0.0,15,1
TRAJ-MICRO-V1,12113,73,zero_scale,,,0-1;1-0;2-2,0-1;1-0;2-2,0-1;1-0;2-2,0-1|1-0|2-2|NULL,0-1|1-0|2-2|NULL,3,4,4,2,8,32,1,1,1,0,0.0,15,1
TRAJ-MICRO-V1,12113,74,configured_scale,,,0-1;1-2;2-4,0-1;1-2;2-4,0-1;1-2;2-4,0-1|1-2|2-4|NULL,0-1|1-2|2-4|NULL,3,4,4,2,8,32,1,1,1,0,0.0,15,1
TRAJ-MICRO-V1,12113,74,zero_scale,,,0-1;1-2;2-4,0-1;1-2;2-4,0-1;1-2;2-4,0-1|1-2|2-4|NULL,0-1|1-2|2-4|NULL,3,4,4,2,8,32,1,1,1,0,0.0,15,1
TRAJ-MICRO-V1,12113,75,configured_scale,,,0-1;1-2;2-0,0-1;1-2;2-0,0-1;1-2;2-0,1-2|0-1|2-0|NULL,1-2|0-1|2-0|NULL,3,4,4,2,8,32,1,1,1,0,0.0,15,1
TRAJ-MICRO-V1,12113,75,zero_scale,,,0-2;1-1;2-3,0-2;1-1;2-3,0-2;1-1;2-3,0-2|1-1|2-3|NULL,0-2|1-1|2-3|NULL,3,4,4,2,8,32,1,1,1,0,0.0,15,1
TRAJ-MICRO-V1,12113,76,configured_scale,,,0-1;1-2;2-3,0-1;1-2;2-3,0-1;1-2;2-3,1-2|0-1|2-3|NULL,1-2|0-1|2-3|NULL,3,4,4,2,8,32,1,1,1,0,0.0,15,1
TRAJ-MICRO-V1,12113,76,zero_scale,,,0-1;1-2;2-3,0-1;1-2;2-3,0-1;1-2;2-3,1-2|0-1|2-3|NULL,1-2|0-1|2-3|NULL,3,4,4,2,8,32,1,1,1,0,0.0,15,1
TRAJ-MICRO-V1,12113,77,configured_scale,,,0-3;1-2;2-1,0-3;1-2;2-1,0-3;1-2;2-1,1-2|2-1|0-3|NULL,1-2|2-1|0-3|NULL,3,4,4,2,8,32,1,1,1,0,0.0,15,1
TRAJ-MICRO-V1,12113,77,zero_scale,,,0-3;1-2;2-1,0-3;1-2;2-1,0-3;1-2;2-1,1-2|0-3|2-1|NULL,1-2|0-3|2-1|NULL,3,4,4,2,8,32,1,1,1,0,0.0,15,1
TRAJ-MICRO-V1,12113,78,configured_scale,,,0-1;1-2;2-3,0-1;1-2;2-3,0-1;1-2;2-3,2-3|1-2|0-1|NULL,2-3|1-2|0-1|NULL,3,4,4,2,8,32,1,1,1,0,0.0,15,1
TRAJ-MICRO-V1,12113,78,zero_scale,,,0-1;1-2;2-3,0-1;1-2;2-3,0-1;1-2;2-3,2-3|1-2|0-1|NULL,2-3|1-2|0-1|NULL,3,4,4,2,8,32,1,1,1,0,0.0,15,1
TRAJ-MICRO-V1,12113,79,configured_scale,,,0-4;1-2;2-3,0-4;1-2;2-3,0-4;1-2;2-3,2-3|1-2|0-4|NULL,2-3|1-2|0-4|NULL,3,4,4,2,8,32,1,1,1,0,0.0,15,1
TRAJ-MICRO-V1,12113,79,zero_scale,,,0-1;1-3;2-2,0-1;1-3;2-2,0-1;1-3;2-2,1-3|2-2|0-1|NULL,1-3|2-2|0-1|NULL,3,4,4,2,8,32,1,1,1,0,0.0,15,1
TRAJ-MICRO-V1,12113,80,configured_scale,,,0-3;1-2;2-4,0-3;1-2;2-4,0-3;1-2;2-4,2-4|1-2|0-3|NULL,2-4|1-2|0-3|NULL,3,4,4,2,8,32,1,1,1,0,0.0,15,1
TRAJ-MICRO-V1,12113,80,zero_scale,,,0-3;1-2;2-4,0-3;1-2;2-4,0-3;1-2;2-4,1-2|2-4|0-3|NULL,1-2|2-4|0-3|NULL,3,4,4,2,8,32,1,1,1,0,0.0,15,1
TRAJ-MICRO-V1,12113,81,configured_scale,,,0-1;1-2;2-3,0-1;1-2;2-3,0-1;1-2;2-3,2-3|1-2|0-1|NULL,2-3|1-2|0-1|NULL,3,4,4,2,8,32,1,1,1,0,0.0,15,1
TRAJ-MICRO-V1,12113,81,zero_scale,,,0-1;1-2;2-3,0-1;1-2;2-3,0-1;1-2;2-3,2-3|0-1|1-2|NULL,2-3|0-1|1-2|NULL,3,4,4,2,8,32,1,1,1,0,0.0,15,1
TRAJ-MICRO-V1,12113,82,configured_scale,,,0-1;1-3;2-4,0-1;1-3;2-4,0-1;1-3;2-4,2-4|0-1|1-3|NULL,2-4|0-1|1-3|NULL,3,4,4,2,8,32,1,1,1,0,0.0,15,1
TRAJ-MICRO-V1,12113,82,zero_scale,,,0-1;1-3;2-4,0-1;1-3;2-4,0-1;1-3;2-4,0-1|2-4|1-3|NULL,0-1|2-4|1-3|NULL,3,4,4,2,8,32,1,1,1,0,0.0,15,1
TRAJ-MICRO-V1,12113,83,configured_scale,,,0-0;1-3;2-4,0-0;1-3;2-4,0-0;1-3;2-4,2-4|0-0|1-3|NULL,2-4|0-0|1-3|NULL,3,4,4,2,8,32,1,1,1,0,0.0,15,1
TRAJ-MICRO-V1,12113,83,zero_scale,,,0-0;1-2;2-4,0-0;1-2;2-4,0-0;1-2;2-4,2-4|0-0|1-2|NULL,2-4|0-0|1-2|NULL,3,4,4,2,8,32,1,1,1,0,0.0,15,1
TRAJ-MICRO-V1,12113,84,configured_scale,,,0-0;1-3;2-4,0-0;1-3;2-4,0-0;1-3;2-4,2-4|0-0|1-3|NULL,2-4|0-0|1-3|NULL,3,4,4,2,8,32,1,1,1,0,0.0,15,1
TRAJ-MICRO-V1,12113,84,zero_scale,,,0-2;1-3;2-4,0-2;1-3;2-4,0-2;1-3;2-4,2-4|0-2|1-3|NULL,2-4|0-2|1-3|NULL,3,4,4,2,8,32,1,1,1,0,0.0,15,1
TRAJ-MICRO-V1,12113,85,configured_scale,,,0-1;1-3;2-4,0-1;1-3;2-4,0-1;1-3;2-4,2-4|1-3|0-1|NULL,2-4|1-3|0-1|NULL,3,4,4,2,8,32,1,1,1,0,0.0,15,1
TRAJ-MICRO-V1,12113,85,zero_scale,,,0-1;1-3;2-4,0-1;1-3;2-4,0-1;1-3;2-4,2-4|1-3|0-1|NULL,2-4|1-3|0-1|NULL,3,4,4,2,8,32,1,1,1,0,0.0,15,1
TRAJ-MICRO-V1,12113,86,configured_scale,,,0-3;1-2;2-4,0-3;1-2;2-4,0-3;1-2;2-4,2-4|0-3|1-2|NULL,2-4|0-3|1-2|NULL,3,4,4,2,8,32,1,1,1,0,0.0,15,1
TRAJ-MICRO-V1,12113,86,zero_scale,,,0-3;1-2;2-4,0-3;1-2;2-4,0-3;1-2;2-4,2-4|0-3|1-2|NULL,2-4|0-3|1-2|NULL,3,4,4,2,8,32,1,1,1,0,0.0,15,1
TRAJ-MICRO-V1,12113,87,configured_scale,,,0-2;1-3;2-4,0-2;1-3;2-4,0-2;1-3;2-4,2-4|0-2|1-3|NULL,2-4|0-2|1-3|NULL,3,4,4,2,8,32,1,1,1,0,0.0,15,1
TRAJ-MICRO-V1,12113,87,zero_scale,,,0-2;1-3;2-4,0-2;1-3;2-4,0-2;1-3;2-4,2-4|1-3|0-2|NULL,2-4|1-3|0-2|NULL,3,4,4,2,8,32,1,1,1,0,0.0,15,1
TRAJ-MICRO-V1,12113,88,configured_scale,,,0-1;1-3;2-4,0-1;1-3;2-4,0-1;1-3;2-4,2-4|1-3|0-1|NULL,2-4|1-3|0-1|NULL,3,4,4,2,8,32,1,1,1,0,0.0,15,1
TRAJ-MICRO-V1,12113,88,zero_scale,,,0-1;1-3;2-4,0-1;1-3;2-4,0-1;1-3;2-4,2-4|1-3|0-1|NULL,2-4|1-3|0-1|NULL,3,4,4,2,8,32,1,1,1,0,0.0,15,1
TRAJ-MICRO-V1,12113,89,configured_scale,,,0-0;1-3;2-4,0-0;1-3;2-4,0-0;1-3;2-4,1-3|2-4|0-0|NULL,1-3|2-4|0-0|NULL,3,4,4,2,8,32,1,1,1,0,0.0,15,1
TRAJ-MICRO-V1,12113,89,zero_scale,,,0-3;1-2;2-4,0-3;1-2;2-4,0-3;1-2;2-4,0-3|2-4|1-2|NULL,0-3|2-4|1-2|NULL,3,4,4,2,8,32,1,1,1,0,0.0,15,1
TRAJ-MICRO-V1,12113,90,configured_scale,,,0-3;1-2;2-0,0-3;1-2;2-0,0-3;1-2;2-0,0-3|1-2|2-0|NULL,0-3|1-2|2-0|NULL,3,4,4,2,8,32,1,1,1,0,0.0,15,1
TRAJ-MICRO-V1,12113,90,zero_scale,,,0-2;1-3;2-4,0-2;1-3;2-4,0-2;1-3;2-4,0-2|1-3|2-4|NULL,0-2|1-3|2-4|NULL,3,4,4,2,8,32,1,1,1,0,0.0,15,1
TRAJ-MICRO-V1,12113,91,configured_scale,,,0-4;1-3;2-2,0-4;1-3;2-2,0-4;1-3;2-2,0-4|1-3|2-2|NULL,0-4|1-3|2-2|NULL,3,4,4,2,8,32,1,1,1,0,0.0,15,1
TRAJ-MICRO-V1,12113,91,zero_scale,,,0-1;1-3;2-2,0-1;1-3;2-2,0-1;1-3;2-2,0-1|1-3|2-2|NULL,0-1|1-3|2-2|NULL,3,4,4,2,8,32,1,1,1,0,0.0,15,1
TRAJ-MICRO-V1,12113,92,configured_scale,,,0-3;1-2;2-1,0-3;1-2;2-1,0-3;1-2;2-1,1-2|0-3|2-1|NULL,1-2|0-3|2-1|NULL,3,4,4,2,8,32,1,1,1,0,0.0,15,1
TRAJ-MICRO-V1,12113,92,zero_scale,,,0-3;1-2;2-1,0-3;1-2;2-1,0-3;1-2;2-1,1-2|0-3|2-1|NULL,1-2|0-3|2-1|NULL,3,4,4,2,8,32,1,1,1,0,0.0,15,1
TRAJ-MICRO-V1,12113,93,configured_scale,,,0-1;1-2;2-0,0-1;1-2;2-0,0-1;1-2;2-0,1-2|0-1|2-0|NULL,1-2|0-1|2-0|NULL,3,4,4,2,8,32,1,1,1,0,0.0,15,1
TRAJ-MICRO-V1,12113,93,zero_scale,,,0-1;1-2;2-3,0-1;1-2;2-3,0-1;1-2;2-3,1-2|0-1|2-3|NULL,1-2|0-1|2-3|NULL,3,4,4,2,8,32,1,1,1,0,0.0,15,1
TRAJ-MICRO-V1,12113,94,configured_scale,,,0-1;1-3;2-2,0-1;1-3;2-2,0-1;1-3;2-2,1-3|0-1|2-2|NULL,1-3|0-1|2-2|NULL,3,4,4,2,8,32,1,1,1,0,0.0,15,1
TRAJ-MICRO-V1,12113,94,zero_scale,,,0-1;1-3;2-2,0-1;1-3;2-2,0-1;1-3;2-2,1-3|0-1|2-2|NULL,1-3|0-1|2-2|NULL,3,4,4,2,8,32,1,1,1,0,0.0,15,1
TRAJ-MICRO-V1,12113,95,configured_scale,,,0-1;1-2;2-4,0-1;1-2;2-4,0-1;1-2;2-4,1-2|2-4|0-1|NULL,1-2|2-4|0-1|NULL,3,4,4,2,8,32,1,1,1,0,0.0,15,1
TRAJ-MICRO-V1,12113,95,zero_scale,,,0-1;1-2;2-4,0-1;1-2;2-4,0-1;1-2;2-4,1-2|2-4|0-1|NULL,1-2|2-4|0-1|NULL,3,4,4,2,8,32,1,1,1,0,0.0,15,1
TRAJ-MICRO-V1,12113,96,configured_scale,,,0-1;1-4;2-3,0-1;1-4;2-3,0-1;1-4;2-3,1-4|2-3|0-1|NULL,1-4|2-3|0-1|NULL,3,4,4,2,8,32,1,1,1,0,0.0,15,1
TRAJ-MICRO-V1,12113,96,zero_scale,,,0-1;1-4;2-3,0-1;1-4;2-3,0-1;1-4;2-3,1-4|2-3|0-1|NULL,1-4|2-3|0-1|NULL,3,4,4,2,8,32,1,1,1,0,0.0,15,1
TRAJ-MICRO-V1,12113,97,configured_scale,,,0-1;1-0;2-4,0-1;1-0;2-4,0-1;1-0;2-4,1-0|2-4|0-1|NULL,1-0|2-4|0-1|NULL,3,4,4,2,8,32,1,1,1,0,0.0,15,1
TRAJ-MICRO-V1,12113,97,zero_scale,,,0-1;1-3;2-4,0-1;1-3;2-4,0-1;1-3;2-4,1-3|2-4|0-1|NULL,1-3|2-4|0-1|NULL,3,4,4,2,8,32,1,1,1,0,0.0,15,1
TRAJ-MICRO-V1,12113,98,configured_scale,,,0-0;1-2;2-4,0-0;1-2;2-4,0-0;1-2;2-4,2-4|0-0|1-2|NULL,2-4|0-0|1-2|NULL,3,4,4,2,8,32,1,1,1,0,0.0,15,1
TRAJ-MICRO-V1,12113,98,zero_scale,,,0-0;1-2;2-4,0-0;1-2;2-4,0-0;1-2;2-4,2-4|1-2|0-0|NULL,2-4|1-2|0-0|NULL,3,4,4,2,8,32,1,1,1,0,0.0,15,1
TRAJ-MICRO-V1,12113,99,configured_scale,,,0-2;1-1;2-0,0-2;1-1;2-0,0-2;1-1;2-0,2-0|1-1|0-2|NULL,2-0|1-1|0-2|NULL,3,4,4,2,8,32,1,1,1,0,0.0,15,1
TRAJ-MICRO-V1,12113,99,zero_scale,,,0-2;1-1;2-0,0-2;1-1;2-0,0-2;1-1;2-0,1-1|2-0|0-2|NULL,1-1|2-0|0-2|NULL,3,4,4,2,8,32,1,1,1,0,0.0,15,1
TRAJ-MICRO-V1,12113,100,configured_scale,,,0-1;1-0;2-4,0-1;1-0;2-4,0-1;1-0;2-4,1-0|2-4|0-1|NULL,1-0|2-4|0-1|NULL,3,4,4,2,8,32,1,1,1,0,0.0,15,1
TRAJ-MICRO-V1,12113,100,zero_scale,,,0-1;1-0;2-4,0-1;1-0;2-4,0-1;1-0;2-4,1-0|0-1|2-4|NULL,1-0|0-1|2-4|NULL,3,4,4,2,8,32,1,1,1,0,0.0,15,1
TRAJ-MICRO-V1,12113,101,configured_scale,,,0-0;1-2;2-4,0-0;1-2;2-4,0-0;1-2;2-4,2-4|0-0|1-2|NULL,2-4|0-0|1-2|NULL,3,4,4,2,8,32,1,1,1,0,0.0,15,1
TRAJ-MICRO-V1,12113,101,zero_scale,,,0-0;1-2;2-4,0-0;1-2;2-4,0-0;1-2;2-4,0-0|2-4|1-2|NULL,0-0|2-4|1-2|NULL,3,4,4,2,8,32,1,1,1,0,0.0,15,1
TRAJ-MICRO-V1,12113,102,configured_scale,,,0-1;1-2;2-0,0-1;1-2;2-0,0-1;1-2;2-0,2-0|0-1|1-2|NULL,2-0|0-1|1-2|NULL,3,4,4,2,8,32,1,1,1,0,0.0,15,1
TRAJ-MICRO-V1,12113,102,zero_scale,,,0-1;1-2;2-0,0-1;1-2;2-0,0-1;1-2;2-0,2-0|0-1|1-2|NULL,2-0|0-1|1-2|NULL,3,4,4,2,8,32,1,1,1,0,0.0,15,1
TRAJ-MICRO-V1,12113,103,configured_scale,,,0-1;1-3;2-0,0-1;1-3;2-0,0-1;1-3;2-0,2-0|0-1|1-3|NULL,2-0|0-1|1-3|NULL,3,4,4,2,8,32,1,1,1,0,0.0,15,1
TRAJ-MICRO-V1,12113,103,zero_scale,,,0-1;1-0;2-2,0-1;1-0;2-2,0-1;1-0;2-2,1-0|0-1|2-2|NULL,1-0|0-1|2-2|NULL,3,4,4,2,8,32,1,1,1,0,0.0,15,1
TRAJ-MICRO-V1,12113,104,configured_scale,,,0-0;1-2;2-4,0-0;1-2;2-4,0-0;1-2;2-4,2-4|1-2|0-0|NULL,2-4|1-2|0-0|NULL,3,4,4,2,8,32,1,1,1,0,0.0,15,1
TRAJ-MICRO-V1,12113,104,zero_scale,,,0-0;1-2;2-1,0-0;1-2;2-1,0-0;1-2;2-1,1-2|2-1|0-0|NULL,1-2|2-1|0-0|NULL,3,4,4,2,8,32,1,1,1,0,0.0,15,1
TRAJ-MICRO-V1,12113,105,configured_scale,,,0-1;1-2;2-0,0-1;1-2;2-0,0-1;1-2;2-0,2-0|1-2|0-1|NULL,2-0|1-2|0-1|NULL,3,4,4,2,8,32,1,1,1,0,0.0,15,1
TRAJ-MICRO-V1,12113,105,zero_scale,,,0-2;1-1;2-0,0-2;1-1;2-0,0-2;1-1;2-0,2-0|1-1|0-2|NULL,2-0|1-1|0-2|NULL,3,4,4,2,8,32,1,1,1,0,0.0,15,1
TRAJ-MICRO-V1,12113,106,configured_scale,,,0-1;1-3;2-4,0-1;1-3;2-4,0-1;1-3;2-4,2-4|1-3|0-1|NULL,2-4|1-3|0-1|NULL,3,4,4,2,8,32,1,1,1,0,0.0,15,1
TRAJ-MICRO-V1,12113,106,zero_scale,,,0-1;1-3;2-2,0-1;1-3;2-2,0-1;1-3;2-2,2-2|1-3|0-1|NULL,2-2|1-3|0-1|NULL,3,4,4,2,8,32,1,1,1,0,0.0,15,1
TRAJ-MICRO-V1,12113,107,configured_scale,,,0-0;1-2;2-4,0-0;1-2;2-4,0-0;1-2;2-4,2-4|1-2|0-0|NULL,2-4|1-2|0-0|NULL,3,4,4,2,8,32,1,1,1,0,0.0,15,1
TRAJ-MICRO-V1,12113,107,zero_scale,,,0-0;1-2;2-4,0-0;1-2;2-4,0-0;1-2;2-4,2-4|1-2|0-0|NULL,2-4|1-2|0-0|NULL,3,4,4,2,8,32,1,1,1,0,0.0,15,1
TRAJ-MICRO-V1,12113,108,configured_scale,,,0-1;1-2;2-0,0-1;1-2;2-0,0-1;1-2;2-0,2-0|1-2|0-1|NULL,2-0|1-2|0-1|NULL,3,4,4,2,8,32,1,1,1,0,0.0,15,1
TRAJ-MICRO-V1,12113,108,zero_scale,,,0-1;1-2;2-0,0-1;1-2;2-0,0-1;1-2;2-0,2-0|1-2|0-1|NULL,2-0|1-2|0-1|NULL,3,4,4,2,8,32,1,1,1,0,0.0,15,1
TRAJ-MICRO-V1,12113,109,configured_scale,,,0-1;1-2;2-0,0-1;1-2;2-0,0-1;1-2;2-0,2-0|0-1|1-2|NULL,2-0|0-1|1-2|NULL,3,4,4,2,8,32,1,1,1,0,0.0,15,1
TRAJ-MICRO-V1,12113,109,zero_scale,,,0-1;1-0;2-2,0-1;1-0;2-2,0-1;1-0;2-2,0-1|2-2|1-0|NULL,0-1|2-2|1-0|NULL,3,4,4,2,8,32,1,1,1,0,0.0,15,1
TRAJ-MICRO-V1,12113,110,configured_scale,,,0-0;1-2;2-1,0-0;1-2;2-1,0-0;1-2;2-1,2-1|0-0|1-2|NULL,2-1|0-0|1-2|NULL,3,4,4,2,8,32,1,1,1,0,0.0,15,1
TRAJ-MICRO-V1,12113,110,zero_scale,,,0-0;1-2;2-1,0-0;1-2;2-1,0-0;1-2;2-1,2-1|1-2|0-0|NULL,2-1|1-2|0-0|NULL,3,4,4,2,8,32,1,1,1,0,0.0,15,1
TRAJ-MICRO-V1,12113,111,configured_scale,,,0-1;1-2;2-0,0-1;1-2;2-0,0-1;1-2;2-0,2-0|0-1|1-2|NULL,2-0|0-1|1-2|NULL,3,4,4,2,8,32,1,1,1,0,0.0,15,1
TRAJ-MICRO-V1,12113,111,zero_scale,,,0-1;1-2;2-0,0-1;1-2;2-0,0-1;1-2;2-0,0-1|2-0|1-2|NULL,0-1|2-0|1-2|NULL,3,4,4,2,8,32,1,1,1,0,0.0,15,1
TRAJ-MICRO-V1,12113,112,configured_scale,,,0-1;1-3;2-2,0-1;1-3;2-2,0-1;1-3;2-2,2-2|0-1|1-3|NULL,2-2|0-1|1-3|NULL,3,4,4,2,8,32,1,1,1,0,0.0,15,1
TRAJ-MICRO-V1,12113,112,zero_scale,,,0-1;1-3;2-2,0-1;1-3;2-2,0-1;1-3;2-2,0-1|2-2|1-3|NULL,0-1|2-2|1-3|NULL,3,4,4,2,8,32,1,1,1,0,0.0,15,1
TRAJ-MICRO-V1,12113,113,configured_scale,,,0-0;1-2;2-4,0-0;1-2;2-4,0-0;1-2;2-4,1-2|2-4|0-0|NULL,1-2|2-4|0-0|NULL,3,4,4,2,8,32,1,1,1,0,0.0,15,1
TRAJ-MICRO-V1,12113,113,zero_scale,,,0-0;1-2;2-4,0-0;1-2;2-4,0-0;1-2;2-4,1-2|2-4|0-0|NULL,1-2|2-4|0-0|NULL,3,4,4,2,8,32,1,1,1,0,0.0,15,1
TRAJ-MICRO-V1,12113,114,configured_scale,,,0-1;1-2;2-4,0-1;1-2;2-4,0-1;1-2;2-4,1-2|2-4|0-1|NULL,1-2|2-4|0-1|NULL,3,4,4,2,8,32,1,1,1,0,0.0,15,1
TRAJ-MICRO-V1,12113,114,zero_scale,,,0-1;1-2;2-3,0-1;1-2;2-3,0-1;1-2;2-3,2-3|1-2|0-1|NULL,2-3|1-2|0-1|NULL,3,4,4,2,8,32,1,1,1,0,0.0,15,1
TRAJ-MICRO-V1,12113,115,configured_scale,,,0-1;1-3;2-4,0-1;1-3;2-4,0-1;1-3;2-4,1-3|2-4|0-1|NULL,1-3|2-4|0-1|NULL,3,4,4,2,8,32,1,1,1,0,0.0,15,1
TRAJ-MICRO-V1,12113,115,zero_scale,,,0-1;1-3;2-4,0-1;1-3;2-4,0-1;1-3;2-4,2-4|1-3|0-1|NULL,2-4|1-3|0-1|NULL,3,4,4,2,8,32,1,1,1,0,0.0,15,1
TRAJ-MICRO-V1,12113,116,configured_scale,,,0-0;1-3;2-4,0-0;1-3;2-4,0-0;1-3;2-4,1-3|2-4|0-0|NULL,1-3|2-4|0-0|NULL,3,4,4,2,8,32,1,1,1,0,0.0,15,1
TRAJ-MICRO-V1,12113,116,zero_scale,,,0-0;1-3;2-4,0-0;1-3;2-4,0-0;1-3;2-4,2-4|1-3|0-0|NULL,2-4|1-3|0-0|NULL,3,4,4,2,8,32,1,1,1,0,0.0,15,1
TRAJ-MICRO-V1,12113,117,configured_scale,,,0-3;1-2;2-4,0-3;1-2;2-4,0-3;1-2;2-4,2-4|1-2|0-3|NULL,2-4|1-2|0-3|NULL,3,4,4,2,8,32,1,1,1,0,0.0,15,1
TRAJ-MICRO-V1,12113,117,zero_scale,,,0-2;1-3;2-4,0-2;1-3;2-4,0-2;1-3;2-4,1-3|2-4|0-2|NULL,1-3|2-4|0-2|NULL,3,4,4,2,8,32,1,1,1,0,0.0,15,1
TRAJ-MICRO-V1,12113,118,configured_scale,,,0-1;1-4;2-3,0-1;1-4;2-3,0-1;1-4;2-3,1-4|2-3|0-1|NULL,1-4|2-3|0-1|NULL,3,4,4,2,8,32,1,1,1,0,0.0,15,1
TRAJ-MICRO-V1,12113,118,zero_scale,,,0-1;1-3;2-4,0-1;1-3;2-4,0-1;1-3;2-4,1-3|2-4|0-1|NULL,1-3|2-4|0-1|NULL,3,4,4,2,8,32,1,1,1,0,0.0,15,1
TRAJ-MICRO-V1,12113,119,configured_scale,,,0-0;1-3;2-4,0-0;1-3;2-4,0-0;1-3;2-4,1-3|2-4|0-0|NULL,1-3|2-4|0-0|NULL,3,4,4,2,8,32,1,1,1,0,0.0,15,1
TRAJ-MICRO-V1,12113,119,zero_scale,,,0-3;1-2;2-4,0-3;1-2;2-4,0-3;1-2;2-4,1-2|2-4|0-3|NULL,1-2|2-4|0-3|NULL,3,4,4,2,8,32,1,1,1,0,0.0,15,1
TRAJ-MICRO-V1,12113,120,configured_scale,,,0-3;1-2;2-4,0-3;1-2;2-4,0-3;1-2;2-4,1-2|2-4|0-3|NULL,1-2|2-4|0-3|NULL,3,4,4,2,8,32,1,1,1,0,0.0,15,1
TRAJ-MICRO-V1,12113,120,zero_scale,,,0-2;1-4;2-3,0-2;1-4;2-3,0-2;1-4;2-3,1-4|2-3|0-2|NULL,1-4|2-3|0-2|NULL,3,4,4,2,8,32,1,1,1,0,0.0,15,1
TRAJ-MICRO-V1,12113,121,configured_scale,,,0-4;1-2;2-3,0-4;1-2;2-3,0-4;1-2;2-3,0-4|1-2|2-3|NULL,0-4|1-2|2-3|NULL,3,4,4,2,8,32,1,1,1,0,0.0,15,1
TRAJ-MICRO-V1,12113,121,zero_scale,,,0-4;1-3;2-2,0-4;1-3;2-2,0-4;1-3;2-2,0-4|1-3|2-2|NULL,0-4|1-3|2-2|NULL,3,4,4,2,8,32,1,1,1,0,0.0,15,1
TRAJ-MICRO-V1,12113,122,configured_scale,,,0-3;1-2;2-4,0-3;1-2;2-4,0-3;1-2;2-4,2-4|0-3|1-2|NULL,2-4|0-3|1-2|NULL,3,4,4,2,8,32,1,1,1,0,0.0,15,1
TRAJ-MICRO-V1,12113,122,zero_scale,,,0-3;1-2;2-4,0-3;1-2;2-4,0-3;1-2;2-4,2-4|0-3|1-2|NULL,2-4|0-3|1-2|NULL,3,4,4,2,8,32,1,1,1,0,0.0,15,1
TRAJ-MICRO-V1,12113,123,configured_scale,,,0-4;1-2;2-3,0-4;1-2;2-3,0-4;1-2;2-3,0-4|1-2|2-3|NULL,0-4|1-2|2-3|NULL,3,4,4,2,8,32,1,1,1,0,0.0,15,1
TRAJ-MICRO-V1,12113,123,zero_scale,,,0-4;1-3;2-2,0-4;1-3;2-2,0-4;1-3;2-2,0-4|1-3|2-2|NULL,0-4|1-3|2-2|NULL,3,4,4,2,8,32,1,1,1,0,0.0,15,1
TRAJ-MICRO-V1,12113,124,configured_scale,,,0-4;1-2;2-3,0-4;1-2;2-3,0-4;1-2;2-3,0-4|2-3|1-2|NULL,0-4|2-3|1-2|NULL,3,4,4,2,8,32,1,1,1,0,0.0,15,1
TRAJ-MICRO-V1,12113,124,zero_scale,,,0-4;1-3;2-2,0-4;1-3;2-2,0-4;1-3;2-2,0-4|1-3|2-2|NULL,0-4|1-3|2-2|NULL,3,4,4,2,8,32,1,1,1,0,0.0,15,1
TRAJ-MICRO-V1,12113,125,configured_scale,,,0-3;1-2;2-4,0-3;1-2;2-4,0-3;1-2;2-4,2-4|0-3|1-2|NULL,2-4|0-3|1-2|NULL,3,4,4,2,8,32,1,1,1,0,0.0,15,1
TRAJ-MICRO-V1,12113,125,zero_scale,,,0-3;1-2;2-4,0-3;1-2;2-4,0-3;1-2;2-4,2-4|0-3|1-2|NULL,2-4|0-3|1-2|NULL,3,4,4,2,8,32,1,1,1,0,0.0,15,1
TRAJ-MICRO-V1,12113,126,configured_scale,,,0-2;1-4;2-3,0-2;1-4;2-3,0-2;1-4;2-3,2-3|0-2|1-4|NULL,2-3|0-2|1-4|NULL,3,4,4,2,8,32,1,1,1,0,0.0,15,1
TRAJ-MICRO-V1,12113,126,zero_scale,,,0-2;1-4;2-3,0-2;1-4;2-3,0-2;1-4;2-3,2-3|0-2|1-4|NULL,2-3|0-2|1-4|NULL,3,4,4,2,8,32,1,1,1,0,0.0,15,1
TRAJ-MICRO-V1,12113,127,configured_scale,,,0-1;1-3;2-4,0-1;1-3;2-4,0-1;1-3;2-4,2-4|1-3|0-1|NULL,2-4|1-3|0-1|NULL,3,4,4,2,8,32,1,1,1,0,0.0,15,1
TRAJ-MICRO-V1,12113,127,zero_scale,,,0-1;1-3;2-4,0-1;1-3;2-4,0-1;1-3;2-4,2-4|1-3|0-1|NULL,2-4|1-3|0-1|NULL,3,4,4,2,8,32,1,1,1,0,0.0,15,1
TRAJ-MICRO-V1,12113,128,configured_scale,,,0-3;1-2;2-4,0-3;1-2;2-4,0-3;1-2;2-4,0-3|2-4|1-2|NULL,0-3|2-4|1-2|NULL,3,4,4,2,8,32,1,1,1,0,0.0,15,1
TRAJ-MICRO-V1,12113,128,zero_scale,,,0-0;1-2;2-4,0-0;1-2;2-4,0-0;1-2;2-4,0-0|2-4|1-2|NULL,0-0|2-4|1-2|NULL,3,4,4,2,8,32,1,1,1,0,0.0,15,1
TRAJ-MICRO-V1,12113,129,configured_scale,,,0-2;1-1;2-3,0-2;1-1;2-3,0-2;1-1;2-3,0-2|2-3|1-1|NULL,0-2|2-3|1-1|NULL,3,4,4,2,8,32,1,1,1,0,0.0,15,1
TRAJ-MICRO-V1,12113,129,zero_scale,,,0-2;1-1;2-3,0-2;1-1;2-3,0-2;1-1;2-3,0-2|1-1|2-3|NULL,0-2|1-1|2-3|NULL,3,4,4,2,8,32,1,1,1,0,0.0,15,1
TRAJ-MICRO-V1,12113,130,configured_scale,,,0-1;1-2;2-4,0-1;1-2;2-4,0-1;1-2;2-4,0-1|1-2|2-4|NULL,0-1|1-2|2-4|NULL,3,4,4,2,8,32,1,1,1,0,0.0,15,1
TRAJ-MICRO-V1,12113,130,zero_scale,,,0-1;1-2;2-4,0-1;1-2;2-4,0-1;1-2;2-4,0-1|1-2|2-4|NULL,0-1|1-2|2-4|NULL,3,4,4,2,8,32,1,1,1,0,0.0,15,1
TRAJ-MICRO-V1,12113,131,configured_scale,,,0-1;1-2;2-4,0-1;1-2;2-4,0-1;1-2;2-4,0-1|1-2|2-4|NULL,0-1|1-2|2-4|NULL,3,4,4,2,8,32,1,1,1,0,0.0,15,1
TRAJ-MICRO-V1,12113,131,zero_scale,,,0-0;1-2;2-1,0-0;1-2;2-1,0-0;1-2;2-1,0-0|1-2|2-1|NULL,0-0|1-2|2-1|NULL,3,4,4,2,8,32,1,1,1,0,0.0,15,1
TRAJ-MICRO-V1,12113,132,configured_scale,,,0-1;1-2;2-0,0-1;1-2;2-0,0-1;1-2;2-0,0-1|1-2|2-0|NULL,0-1|1-2|2-0|NULL,3,4,4,2,8,32,1,1,1,0,0.0,15,1
TRAJ-MICRO-V1,12113,132,zero_scale,,,0-1;1-2;2-0,0-1;1-2;2-0,0-1;1-2;2-0,0-1|1-2|2-0|NULL,0-1|1-2|2-0|NULL,3,4,4,2,8,32,1,1,1,0,0.0,15,1
TRAJ-MICRO-V1,12113,133,configured_scale,,,0-1;1-2;2-4,0-1;1-2;2-4,0-1;1-2;2-4,0-1|1-2|2-4|NULL,0-1|1-2|2-4|NULL,3,4,4,2,8,32,1,1,1,0,0.0,15,1
TRAJ-MICRO-V1,12113,133,zero_scale,,,0-1;1-2;2-4,0-1;1-2;2-4,0-1;1-2;2-4,0-1|1-2|2-4|NULL,0-1|1-2|2-4|NULL,3,4,4,2,8,32,1,1,1,0,0.0,15,1
TRAJ-MICRO-V1,12113,134,configured_scale,,,0-1;1-2;2-4,0-1;1-2;2-4,0-1;1-2;2-4,1-2|0-1|2-4|NULL,1-2|0-1|2-4|NULL,3,4,4,2,8,32,1,1,1,0,0.0,15,1
TRAJ-MICRO-V1,12113,134,zero_scale,,,0-0;1-2;2-1,0-0;1-2;2-1,0-0;1-2;2-1,0-0|1-2|2-1|NULL,0-0|1-2|2-1|NULL,3,4,4,2,8,32,1,1,1,0,0.0,15,1
TRAJ-MICRO-V1,12113,135,configured_scale,,,0-1;1-2;2-0,0-1;1-2;2-0,0-1;1-2;2-0,2-0|1-2|0-1|NULL,2-0|1-2|0-1|NULL,3,4,4,2,8,32,1,1,1,0,0.0,15,1
TRAJ-MICRO-V1,12113,135,zero_scale,,,0-2;1-1;2-0,0-2;1-1;2-0,0-2;1-1;2-0,0-2|1-1|2-0|NULL,0-2|1-1|2-0|NULL,3,4,4,2,8,32,1,1,1,0,0.0,15,1
TRAJ-MICRO-V1,12113,136,configured_scale,,,0-4;1-3;2-2,0-4;1-3;2-2,0-4;1-3;2-2,1-3|0-4|2-2|NULL,1-3|0-4|2-2|NULL,3,4,4,2,8,32,1,1,1,0,0.0,15,1
TRAJ-MICRO-V1,12113,136,zero_scale,,,0-1;1-3;2-2,0-1;1-3;2-2,0-1;1-3;2-2,0-1|1-3|2-2|NULL,0-1|1-3|2-2|NULL,3,4,4,2,8,32,1,1,1,0,0.0,15,1
TRAJ-MICRO-V1,12113,137,configured_scale,,,0-1;1-2;2-0,0-1;1-2;2-0,0-1;1-2;2-0,1-2|0-1|2-0|NULL,1-2|0-1|2-0|NULL,3,4,4,2,8,32,1,1,1,0,0.0,15,1
TRAJ-MICRO-V1,12113,137,zero_scale,,,0-0;1-2;2-1,0-0;1-2;2-1,0-0;1-2;2-1,0-0|1-2|2-1|NULL,0-0|1-2|2-1|NULL,3,4,4,2,8,32,1,1,1,0,0.0,15,1
TRAJ-MICRO-V1,12113,138,configured_scale,,,0-0;1-1;2-3,0-0;1-1;2-3,0-0;1-1;2-3,0-0|1-1|2-3|NULL,0-0|1-1|2-3|NULL,3,4,4,2,8,32,1,1,1,0,0.0,15,1
TRAJ-MICRO-V1,12113,138,zero_scale,,,0-1;1-2;2-0,0-1;1-2;2-0,0-1;1-2;2-0,0-1|1-2|2-0|NULL,0-1|1-2|2-0|NULL,3,4,4,2,8,32,1,1,1,0,0.0,15,1
TRAJ-MICRO-V1,12113,139,configured_scale,,,0-1;1-0;2-2,0-1;1-0;2-2,0-1;1-0;2-2,0-1|1-0|2-2|NULL,0-1|1-0|2-2|NULL,3,4,4,2,8,32,1,1,1,0,0.0,15,1
TRAJ-MICRO-V1,12113,139,zero_scale,,,0-1;1-0;2-2,0-1;1-0;2-2,0-1;1-0;2-2,0-1|1-0|2-2|NULL,0-1|1-0|2-2|NULL,3,4,4,2,8,32,1,1,1,0,0.0,15,1
TRAJ-MICRO-V1,12113,140,configured_scale,,,0-1;1-0;2-4,0-1;1-0;2-4,0-1;1-0;2-4,0-1|1-0|2-4|NULL,0-1|1-0|2-4|NULL,3,4,4,2,8,32,1,1,1,0,0.0,15,1
TRAJ-MICRO-V1,12113,140,zero_scale,,,0-0;1-2;2-1,0-0;1-2;2-1,0-0;1-2;2-1,0-0|1-2|2-1|NULL,0-0|1-2|2-1|NULL,3,4,4,2,8,32,1,1,1,0,0.0,15,1
TRAJ-MICRO-V1,12113,141,configured_scale,,,0-0;1-1;2-3,0-0;1-1;2-3,0-0;1-1;2-3,0-0|1-1|2-3|NULL,0-0|1-1|2-3|NULL,3,4,4,2,8,32,1,1,1,0,0.0,15,1
TRAJ-MICRO-V1,12113,141,zero_scale,,,0-0;1-1;2-3,0-0;1-1;2-3,0-0;1-1;2-3,0-0|1-1|2-3|NULL,0-0|1-1|2-3|NULL,3,4,4,2,8,32,1,1,1,0,0.0,15,1
TRAJ-MICRO-V1,12113,142,configured_scale,,,0-0;1-3;2-4,0-0;1-3;2-4,0-0;1-3;2-4,0-0|1-3|2-4|NULL,0-0|1-3|2-4|NULL,3,4,4,2,8,32,1,1,1,0,0.0,15,1
TRAJ-MICRO-V1,12113,142,zero_scale,,,0-0;1-3;2-4,0-0;1-3;2-4,0-0;1-3;2-4,0-0|1-3|2-4|NULL,0-0|1-3|2-4|NULL,3,4,4,2,8,32,1,1,1,0,0.0,15,1
TRAJ-MICRO-V1,12113,143,configured_scale,,,0-0;1-2;2-4,0-0;1-2;2-4,0-0;1-2;2-4,0-0|2-4|1-2|NULL,0-0|2-4|1-2|NULL,3,4,4,2,8,32,1,1,1,0,0.0,15,1
TRAJ-MICRO-V1,12113,143,zero_scale,,,0-0;1-2;2-4,0-0;1-2;2-4,0-0;1-2;2-4,0-0|2-4|1-2|NULL,0-0|2-4|1-2|NULL,3,4,4,2,8,32,1,1,1,0,0.0,15,1
TRAJ-MICRO-V1,12113,144,configured_scale,,,0-0;1-1;2-4,0-0;1-1;2-4,0-0;1-1;2-4,0-0|2-4|1-1|NULL,0-0|2-4|1-1|NULL,3,4,4,2,8,32,1,1,1,0,0.0,15,1
TRAJ-MICRO-V1,12113,144,zero_scale,,,0-0;1-1;2-4,0-0;1-1;2-4,0-0;1-1;2-4,0-0|1-1|2-4|NULL,0-0|1-1|2-4|NULL,3,4,4,2,8,32,1,1,1,0,0.0,15,1
TRAJ-MICRO-V1,12113,145,configured_scale,,,0-0;1-3;2-4,0-0;1-3;2-4,0-0;1-3;2-4,0-0|2-4|1-3|NULL,0-0|2-4|1-3|NULL,3,4,4,2,8,32,1,1,1,0,0.0,15,1
TRAJ-MICRO-V1,12113,145,zero_scale,,,0-1;1-3;2-4,0-1;1-3;2-4,0-1;1-3;2-4,0-1|2-4|1-3|NULL,0-1|2-4|1-3|NULL,3,4,4,2,8,32,1,1,1,0,0.0,15,1
TRAJ-MICRO-V1,12113,146,configured_scale,,,0-0;1-3;2-4,0-0;1-3;2-4,0-0;1-3;2-4,2-4|0-0|1-3|NULL,2-4|0-0|1-3|NULL,3,4,4,2,8,32,1,1,1,0,0.0,15,1
TRAJ-MICRO-V1,12113,146,zero_scale,,,0-0;1-2;2-4,0-0;1-2;2-4,0-0;1-2;2-4,0-0|2-4|1-2|NULL,0-0|2-4|1-2|NULL,3,4,4,2,8,32,1,1,1,0,0.0,15,1
TRAJ-MICRO-V1,12113,147,configured_scale,,,0-1;1-4;2-3,0-1;1-4;2-3,0-1;1-4;2-3,1-4|0-1|2-3|NULL,1-4|0-1|2-3|NULL,3,4,4,2,8,32,1,1,1,0,0.0,15,1
TRAJ-MICRO-V1,12113,147,zero_scale,,,0-1;1-4;2-3,0-1;1-4;2-3,0-1;1-4;2-3,1-4|0-1|2-3|NULL,1-4|0-1|2-3|NULL,3,4,4,2,8,32,1,1,1,0,0.0,15,1
TRAJ-MICRO-V1,12113,148,configured_scale,,,0-1;1-3;2-2,0-1;1-3;2-2,0-1;1-3;2-2,1-3|0-1|2-2|NULL,1-3|0-1|2-2|NULL,3,4,4,2,8,32,1,1,1,0,0.0,15,1
TRAJ-MICRO-V1,12113,148,zero_scale,,,0-1;1-3;2-2,0-1;1-3;2-2,0-1;1-3;2-2,1-3|0-1|2-2|NULL,1-3|0-1|2-2|NULL,3,4,4,2,8,32,1,1,1,0,0.0,15,1
TRAJ-MICRO-V1,12113,149,configured_scale,,,0-3;1-2;2-1,0-3;1-2;2-1,0-3;1-2;2-1,1-2|2-1|0-3|NULL,1-2|2-1|0-3|NULL,3,4,4,2,8,32,1,1,1,0,0.0,15,1
TRAJ-MICRO-V1,12113,149,zero_scale,,,0-3;1-2;2-1,0-3;1-2;2-1,0-3;1-2;2-1,1-2|2-1|0-3|NULL,1-2|2-1|0-3|NULL,3,4,4,2,8,32,1,1,1,0,0.0,15,1
TRAJ-MICRO-V1,12113,150,configured_scale,,,0-1;1-2;2-0,0-1;1-2;2-0,0-1;1-2;2-0,1-2|2-0|0-1|NULL,1-2|2-0|0-1|NULL,3,4,4,2,8,32,1,1,1,0,0.0,15,1
TRAJ-MICRO-V1,12113,150,zero_scale,,,0-1;1-2;2-3,0-1;1-2;2-3,0-1;1-2;2-3,1-2|2-3|0-1|NULL,1-2|2-3|0-1|NULL,3,4,4,2,8,32,1,1,1,0,0.0,15,1
TRAJ-MICRO-V1,12113,151,configured_scale,,,0-1;1-2;2-3,0-1;1-2;2-3,0-1;1-2;2-3,1-2|2-3|0-1|NULL,1-2|2-3|0-1|NULL,3,4,4,2,8,32,1,1,1,0,0.0,15,1
TRAJ-MICRO-V1,12113,151,zero_scale,,,0-1;1-2;2-3,0-1;1-2;2-3,0-1;1-2;2-3,1-2|0-1|2-3|NULL,1-2|0-1|2-3|NULL,3,4,4,2,8,32,1,1,1,0,0.0,15,1
TRAJ-MICRO-V1,12113,152,configured_scale,,,0-2;1-3;2-1,0-2;1-3;2-1,0-2;1-3;2-1,1-3|2-1|0-2|NULL,1-3|2-1|0-2|NULL,3,4,4,2,8,32,1,1,1,0,0.0,15,1
TRAJ-MICRO-V1,12113,152,zero_scale,,,0-3;1-2;2-1,0-3;1-2;2-1,0-3;1-2;2-1,1-2|2-1|0-3|NULL,1-2|2-1|0-3|NULL,3,4,4,2,8,32,1,1,1,0,0.0,15,1
TRAJ-MICRO-V1,12113,153,configured_scale,,,0-4;1-2;2-3,0-4;1-2;2-3,0-4;1-2;2-3,2-3|1-2|0-4|NULL,2-3|1-2|0-4|NULL,3,4,4,2,8,32,1,1,1,0,0.0,15,1
TRAJ-MICRO-V1,12113,153,zero_scale,,,0-1;1-2;2-3,0-1;1-2;2-3,0-1;1-2;2-3,2-3|1-2|0-1|NULL,2-3|1-2|0-1|NULL,3,4,4,2,8,32,1,1,1,0,0.0,15,1
TRAJ-MICRO-V1,12113,154,configured_scale,,,0-1;1-4;2-3,0-1;1-4;2-3,0-1;1-4;2-3,2-3|1-4|0-1|NULL,2-3|1-4|0-1|NULL,3,4,4,2,8,32,1,1,1,0,0.0,15,1
TRAJ-MICRO-V1,12113,154,zero_scale,,,0-1;1-3;2-4,0-1;1-3;2-4,0-1;1-3;2-4,2-4|1-3|0-1|NULL,2-4|1-3|0-1|NULL,3,4,4,2,8,32,1,1,1,0,0.0,15,1
TRAJ-MICRO-V1,12113,155,configured_scale,,,0-0;1-3;2-4,0-0;1-3;2-4,0-0;1-3;2-4,2-4|1-3|0-0|NULL,2-4|1-3|0-0|NULL,3,4,4,2,8,32,1,1,1,0,0.0,15,1
TRAJ-MICRO-V1,12113,155,zero_scale,,,0-0;1-3;2-4,0-0;1-3;2-4,0-0;1-3;2-4,2-4|1-3|0-0|NULL,2-4|1-3|0-0|NULL,3,4,4,2,8,32,1,1,1,0,0.0,15,1
TRAJ-MICRO-V1,12113,156,configured_scale,,,0-2;1-3;2-4,0-2;1-3;2-4,0-2;1-3;2-4,2-4|1-3|0-2|NULL,2-4|1-3|0-2|NULL,3,4,4,2,8,32,1,1,1,0,0.0,15,1
TRAJ-MICRO-V1,12113,156,zero_scale,,,0-2;1-3;2-4,0-2;1-3;2-4,0-2;1-3;2-4,2-4|1-3|0-2|NULL,2-4|1-3|0-2|NULL,3,4,4,2,8,32,1,1,1,0,0.0,15,1
TRAJ-MICRO-V1,12113,157,configured_scale,,,0-1;1-3;2-4,0-1;1-3;2-4,0-1;1-3;2-4,2-4|1-3|0-1|NULL,2-4|1-3|0-1|NULL,3,4,4,2,8,32,1,1,1,0,0.0,15,1
TRAJ-MICRO-V1,12113,157,zero_scale,,,0-1;1-3;2-4,0-1;1-3;2-4,0-1;1-3;2-4,2-4|1-3|0-1|NULL,2-4|1-3|0-1|NULL,3,4,4,2,8,32,1,1,1,0,0.0,15,1
TRAJ-MICRO-V1,12113,158,configured_scale,,,0-0;1-3;2-4,0-0;1-3;2-4,0-0;1-3;2-4,2-4|1-3|0-0|NULL,2-4|1-3|0-0|NULL,3,4,4,2,8,32,1,1,1,0,0.0,15,1
TRAJ-MICRO-V1,12113,158,zero_scale,,,0-0;1-2;2-4,0-0;1-2;2-4,0-0;1-2;2-4,2-4|1-2|0-0|NULL,2-4|1-2|0-0|NULL,3,4,4,2,8,32,1,1,1,0,0.0,15,1
TRAJ-MICRO-V1,12113,159,configured_scale,,,0-0;1-3;2-4,0-0;1-3;2-4,0-0;1-3;2-4,2-4|1-3|0-0|NULL,2-4|1-3|0-0|NULL,3,4,4,2,8,32,1,1,1,0,0.0,15,1
TRAJ-MICRO-V1,12113,159,zero_scale,,,0-1;1-3;2-4,0-1;1-3;2-4,0-1;1-3;2-4,2-4|1-3|0-1|NULL,2-4|1-3|0-1|NULL,3,4,4,2,8,32,1,1,1,0,0.0,15,1
TRAJ-MICRO-V1,12113,160,configured_scale,,,0-1;1-3;2-4,0-1;1-3;2-4,0-1;1-3;2-4,2-4|0-1|1-3|NULL,2-4|0-1|1-3|NULL,3,4,4,2,8,32,1,1,1,0,0.0,15,1
TRAJ-MICRO-V1,12113,160,zero_scale,,,0-1;1-3;2-4,0-1;1-3;2-4,0-1;1-3;2-4,2-4|0-1|1-3|NULL,2-4|0-1|1-3|NULL,3,4,4,2,8,32,1,1,1,0,0.0,15,1
TRAJ-MICRO-V1,12113,161,configured_scale,,,0-1;1-3;2-4,0-1;1-3;2-4,0-1;1-3;2-4,2-4|0-1|1-3|NULL,2-4|0-1|1-3|NULL,3,4,4,2,8,32,1,1,1,0,0.0,15,1
TRAJ-MICRO-V1,12113,161,zero_scale,,,0-0;1-2;2-4,0-0;1-2;2-4,0-0;1-2;2-4,2-4|1-2|0-0|NULL,2-4|1-2|0-0|NULL,3,4,4,2,8,32,1,1,1,0,0.0,15,1
TRAJ-MICRO-V1,12113,162,configured_scale,,,0-1;1-2;2-0,0-1;1-2;2-0,0-1;1-2;2-0,2-0|1-2|0-1|NULL,2-0|1-2|0-1|NULL,3,4,4,2,8,32,1,1,1,0,0.0,15,1
TRAJ-MICRO-V1,12113,162,zero_scale,,,0-1;1-2;2-3,0-1;1-2;2-3,0-1;1-2;2-3,2-3|1-2|0-1|NULL,2-3|1-2|0-1|NULL,3,4,4,2,8,32,1,1,1,0,0.0,15,1
TRAJ-MICRO-V1,12113,163,configured_scale,,,0-1;1-2;2-3,0-1;1-2;2-3,0-1;1-2;2-3,2-3|1-2|0-1|NULL,2-3|1-2|0-1|NULL,3,4,4,2,8,32,1,1,1,0,0.0,15,1
TRAJ-MICRO-V1,12113,163,zero_scale,,,0-1;1-3;2-2,0-1;1-3;2-2,0-1;1-3;2-2,2-2|1-3|0-1|NULL,2-2|1-3|0-1|NULL,3,4,4,2,8,32,1,1,1,0,0.0,15,1
TRAJ-MICRO-V1,12113,164,configured_scale,,,0-2;1-3;2-1,0-2;1-3;2-1,0-2;1-3;2-1,2-1|1-3|0-2|NULL,2-1|1-3|0-2|NULL,3,4,4,2,8,32,1,1,1,0,0.0,15,1
TRAJ-MICRO-V1,12113,164,zero_scale,,,0-3;1-2;2-1,0-3;1-2;2-1,0-3;1-2;2-1,1-2|2-1|0-3|NULL,1-2|2-1|0-3|NULL,3,4,4,2,8,32,1,1,1,0,0.0,15,1
TRAJ-MICRO-V1,12113,165,configured_scale,,,0-1;1-2;2-0,0-1;1-2;2-0,0-1;1-2;2-0,2-0|1-2|0-1|NULL,2-0|1-2|0-1|NULL,3,4,4,2,8,32,1,1,1,0,0.0,15,1
TRAJ-MICRO-V1,12113,165,zero_scale,,,0-1;1-2;2-3,0-1;1-2;2-3,0-1;1-2;2-3,2-3|1-2|0-1|NULL,2-3|1-2|0-1|NULL,3,4,4,2,8,32,1,1,1,0,0.0,15,1
TRAJ-MICRO-V1,12113,166,configured_scale,,,0-1;1-2;2-4,0-1;1-2;2-4,0-1;1-2;2-4,1-2|2-4|0-1|NULL,1-2|2-4|0-1|NULL,3,4,4,2,8,32,1,1,1,0,0.0,15,1
TRAJ-MICRO-V1,12113,166,zero_scale,,,0-3;1-2;2-1,0-3;1-2;2-1,0-3;1-2;2-1,1-2|2-1|0-3|NULL,1-2|2-1|0-3|NULL,3,4,4,2,8,32,1,1,1,0,0.0,15,1
TRAJ-MICRO-V1,12113,167,configured_scale,,,0-3;1-2;2-1,0-3;1-2;2-1,0-3;1-2;2-1,1-2|2-1|0-3|NULL,1-2|2-1|0-3|NULL,3,4,4,2,8,32,1,1,1,0,0.0,15,1
TRAJ-MICRO-V1,12113,167,zero_scale,,,0-0;1-2;2-1,0-0;1-2;2-1,0-0;1-2;2-1,1-2|2-1|0-0|NULL,1-2|2-1|0-0|NULL,3,4,4,2,8,32,1,1,1,0,0.0,15,1
TRAJ-MICRO-V1,12113,168,configured_scale,,,0-1;1-2;2-0,0-1;1-2;2-0,0-1;1-2;2-0,1-2|0-1|2-0|NULL,1-2|0-1|2-0|NULL,3,4,4,2,8,32,1,1,1,0,0.0,15,1
TRAJ-MICRO-V1,12113,168,zero_scale,,,0-2;1-1;2-0,0-2;1-1;2-0,0-2;1-1;2-0,1-1|0-2|2-0|NULL,1-1|0-2|2-0|NULL,3,4,4,2,8,32,1,1,1,0,0.0,15,1
TRAJ-MICRO-V1,12113,169,configured_scale,,,0-1;1-0;2-2,0-1;1-0;2-2,0-1;1-0;2-2,0-1|1-0|2-2|NULL,0-1|1-0|2-2|NULL,3,4,4,2,8,32,1,1,1,0,0.0,15,1
TRAJ-MICRO-V1,12113,169,zero_scale,,,0-1;1-0;2-2,0-1;1-0;2-2,0-1;1-0;2-2,0-1|1-0|2-2|NULL,0-1|1-0|2-2|NULL,3,4,4,2,8,32,1,1,1,0,0.0,15,1
TRAJ-MICRO-V1,12113,170,configured_scale,,,0-1;1-2;2-4,0-1;1-2;2-4,0-1;1-2;2-4,1-2|0-1|2-4|NULL,1-2|0-1|2-4|NULL,3,4,4,2,8,32,1,1,1,0,0.0,15,1
TRAJ-MICRO-V1,12113,170,zero_scale,,,0-0;1-2;2-4,0-0;1-2;2-4,0-0;1-2;2-4,0-0|1-2|2-4|NULL,0-0|1-2|2-4|NULL,3,4,4,2,8,32,1,1,1,0,0.0,15,1
TRAJ-MICRO-V1,12113,171,configured_scale,,,0-0;1-1;2-4,0-0;1-1;2-4,0-0;1-1;2-4,1-1|0-0|2-4|NULL,1-1|0-0|2-4|NULL,3,4,4,2,8,32,1,1,1,0,0.0,15,1
TRAJ-MICRO-V1,12113,171,zero_scale,,,0-0;1-1;2-3,0-0;1-1;2-3,0-0;1-1;2-3,0-0|1-1|2-3|NULL,0-0|1-1|2-3|NULL,3,4,4,2,8,32,1,1,1,0,0.0,15,1
TRAJ-MICRO-V1,12113,172,configured_scale,,,0-1;1-0;2-4,0-1;1-0;2-4,0-1;1-0;2-4,1-0|0-1|2-4|NULL,1-0|0-1|2-4|NULL,3,4,4,2,8,32,1,1,1,0,0.0,15,1
TRAJ-MICRO-V1,12113,172,zero_scale,,,0-1;1-0;2-4,0-1;1-0;2-4,0-1;1-0;2-4,1-0|0-1|2-4|NULL,1-0|0-1|2-4|NULL,3,4,4,2,8,32,1,1,1,0,0.0,15,1
TRAJ-MICRO-V1,12113,173,configured_scale,,,0-0;1-2;2-4,0-0;1-2;2-4,0-0;1-2;2-4,2-4|0-0|1-2|NULL,2-4|0-0|1-2|NULL,3,4,4,2,8,32,1,1,1,0,0.0,15,1
TRAJ-MICRO-V1,12113,173,zero_scale,,,0-0;1-2;2-4,0-0;1-2;2-4,0-0;1-2;2-4,0-0|2-4|1-2|NULL,0-0|2-4|1-2|NULL,3,4,4,2,8,32,1,1,1,0,0.0,15,1
TRAJ-MICRO-V1,12113,174,configured_scale,,,0-0;1-1;2-4,0-0;1-1;2-4,0-0;1-1;2-4,2-4|0-0|1-1|NULL,2-4|0-0|1-1|NULL,3,4,4,2,8,32,1,1,1,0,0.0,15,1
TRAJ-MICRO-V1,12113,174,zero_scale,,,0-0;1-4;2-3,0-0;1-4;2-3,0-0;1-4;2-3,0-0|1-4|2-3|NULL,0-0|1-4|2-3|NULL,3,4,4,2,8,32,1,1,1,0,0.0,15,1
TRAJ-MICRO-V1,12113,175,configured_scale,,,0-0;1-3;2-4,0-0;1-3;2-4,0-0;1-3;2-4,0-0|1-3|2-4|NULL,0-0|1-3|2-4|NULL,3,4,4,2,8,32,1,1,1,0,0.0,15,1
TRAJ-MICRO-V1,12113,175,zero_scale,,,0-1;1-3;2-4,0-1;1-3;2-4,0-1;1-3;2-4,0-1|1-3|2-4|NULL,0-1|1-3|2-4|NULL,3,4,4,2,8,32,1,1,1,0,0.0,15,1
TRAJ-MICRO-V1,12113,176,configured_scale,,,0-0;1-2;2-4,0-0;1-2;2-4,0-0;1-2;2-4,0-0|2-4|1-2|NULL,0-0|2-4|1-2|NULL,3,4,4,2,8,32,1,1,1,0,0.0,15,1
TRAJ-MICRO-V1,12113,176,zero_scale,,,0-0;1-2;2-4,0-0;1-2;2-4,0-0;1-2;2-4,0-0|1-2|2-4|NULL,0-0|1-2|2-4|NULL,3,4,4,2,8,32,1,1,1,0,0.0,15,1
TRAJ-MICRO-V1,12113,177,configured_scale,,,0-0;1-2;2-3,0-0;1-2;2-3,0-0;1-2;2-3,0-0|1-2|2-3|NULL,0-0|1-2|2-3|NULL,3,4,4,2,8,32,1,1,1,0,0.0,15,1
TRAJ-MICRO-V1,12113,177,zero_scale,,,0-2;1-1;2-0,0-2;1-1;2-0,0-2;1-1;2-0,0-2|1-1|2-0|NULL,0-2|1-1|2-0|NULL,3,4,4,2,8,32,1,1,1,0,0.0,15,1
TRAJ-MICRO-V1,12113,178,configured_scale,,,0-4;1-3;2-2,0-4;1-3;2-2,0-4;1-3;2-2,0-4|1-3|2-2|NULL,0-4|1-3|2-2|NULL,3,4,4,2,8,32,1,1,1,0,0.0,15,1
TRAJ-MICRO-V1,12113,178,zero_scale,,,0-1;1-3;2-2,0-1;1-3;2-2,0-1;1-3;2-2,0-1|1-3|2-2|NULL,0-1|1-3|2-2|NULL,3,4,4,2,8,32,1,1,1,0,0.0,15,1
TRAJ-MICRO-V1,12113,179,configured_scale,,,0-0;1-2;2-1,0-0;1-2;2-1,0-0;1-2;2-1,0-0|1-2|2-1|NULL,0-0|1-2|2-1|NULL,3,4,4,2,8,32,1,1,1,0,0.0,15,1
TRAJ-MICRO-V1,12113,179,zero_scale,,,0-0;1-2;2-1,0-0;1-2;2-1,0-0;1-2;2-1,0-0|1-2|2-1|NULL,0-0|1-2|2-1|NULL,3,4,4,2,8,32,1,1,1,0,0.0,15,1
TRAJ-MICRO-V1,12113,180,configured_scale,,,0-0;1-2;2-3,0-0;1-2;2-3,0-0;1-2;2-3,0-0|1-2|2-3|NULL,0-0|1-2|2-3|NULL,3,4,4,2,8,32,1,1,1,0,0.0,15,1
TRAJ-MICRO-V1,12113,180,zero_scale,,,0-2;1-1;2-0,0-2;1-1;2-0,0-2;1-1;2-0,0-2|1-1|2-0|NULL,0-2|1-1|2-0|NULL,3,4,4,2,8,32,1,1,1,0,0.0,15,1
TRAJ-MICRO-V1,12113,181,configured_scale,,,0-4;1-3;2-2,0-4;1-3;2-2,0-4;1-3;2-2,1-3|0-4|2-2|NULL,1-3|0-4|2-2|NULL,3,4,4,2,8,32,1,1,1,0,0.0,15,1
TRAJ-MICRO-V1,12113,181,zero_scale,,,0-1;1-3;2-2,0-1;1-3;2-2,0-1;1-3;2-2,0-1|1-3|2-2|NULL,0-1|1-3|2-2|NULL,3,4,4,2,8,32,1,1,1,0,0.0,15,1
TRAJ-MICRO-V1,12113,182,configured_scale,,,0-0;1-2;2-4,0-0;1-2;2-4,0-0;1-2;2-4,0-0|2-4|1-2|NULL,0-0|2-4|1-2|NULL,3,4,4,2,8,32,1,1,1,0,0.0,15,1
TRAJ-MICRO-V1,12113,182,zero_scale,,,0-0;1-2;2-4,0-0;1-2;2-4,0-0;1-2;2-4,0-0|1-2|2-4|NULL,0-0|1-2|2-4|NULL,3,4,4,2,8,32,1,1,1,0,0.0,15,1
TRAJ-MICRO-V1,12113,183,configured_scale,,,0-0;1-2;2-4,0-0;1-2;2-4,0-0;1-2;2-4,2-4|0-0|1-2|NULL,2-4|0-0|1-2|NULL,3,4,4,2,8,32,1,1,1,0,0.0,15,1
TRAJ-MICRO-V1,12113,183,zero_scale,,,0-1;1-4;2-3,0-1;1-4;2-3,0-1;1-4;2-3,0-1|2-3|1-4|NULL,0-1|2-3|1-4|NULL,3,4,4,2,8,32,1,1,1,0,0.0,15,1
TRAJ-MICRO-V1,12113,184,configured_scale,,,0-1;1-3;2-4,0-1;1-3;2-4,0-1;1-3;2-4,2-4|0-1|1-3|NULL,2-4|0-1|1-3|NULL,3,4,4,2,8,32,1,1,1,0,0.0,15,1
TRAJ-MICRO-V1,12113,184,zero_scale,,,0-1;1-3;2-4,0-1;1-3;2-4,0-1;1-3;2-4,0-1|2-4|1-3|NULL,0-1|2-4|1-3|NULL,3,4,4,2,8,32,1,1,1,0,0.0,15,1
TRAJ-MICRO-V1,12113,185,configured_scale,,,0-1;1-2;2-4,0-1;1-2;2-4,0-1;1-2;2-4,2-4|0-1|1-2|NULL,2-4|0-1|1-2|NULL,3,4,4,2,8,32,1,1,1,0,0.0,15,1
TRAJ-MICRO-V1,12113,185,zero_scale,,,0-1;1-2;2-4,0-1;1-2;2-4,0-1;1-2;2-4,2-4|0-1|1-2|NULL,2-4|0-1|1-2|NULL,3,4,4,2,8,32,1,1,1,0,0.0,15,1
TRAJ-MICRO-V1,12113,186,configured_scale,,,0-2;1-1;2-4,0-2;1-1;2-4,0-2;1-1;2-4,0-2|1-1|2-4|NULL,0-2|1-1|2-4|NULL,3,4,4,2,8,32,1,1,1,0,0.0,15,1
TRAJ-MICRO-V1,12113,186,zero_scale,,,0-2;1-1;2-3,0-2;1-1;2-3,0-2;1-1;2-3,0-2|1-1|2-3|NULL,0-2|1-1|2-3|NULL,3,4,4,2,8,32,1,1,1,0,0.0,15,1
TRAJ-MICRO-V1,12113,187,configured_scale,,,0-1;1-3;2-2,0-1;1-3;2-2,0-1;1-3;2-2,0-1|2-2|1-3|NULL,0-1|2-2|1-3|NULL,3,4,4,2,8,32,1,1,1,0,0.0,15,1
TRAJ-MICRO-V1,12113,187,zero_scale,,,0-1;1-2;2-4,0-1;1-2;2-4,0-1;1-2;2-4,0-1|1-2|2-4|NULL,0-1|1-2|2-4|NULL,3,4,4,2,8,32,1,1,1,0,0.0,15,1
TRAJ-MICRO-V1,12113,188,configured_scale,,,0-0;1-2;2-4,0-0;1-2;2-4,0-0;1-2;2-4,0-0|1-2|2-4|NULL,0-0|1-2|2-4|NULL,3,4,4,2,8,32,1,1,1,0,0.0,15,1
TRAJ-MICRO-V1,12113,188,zero_scale,,,0-0;1-2;2-4,0-0;1-2;2-4,0-0;1-2;2-4,0-0|1-2|2-4|NULL,0-0|1-2|2-4|NULL,3,4,4,2,8,32,1,1,1,0,0.0,15,1
TRAJ-MICRO-V1,12113,189,configured_scale,,,0-1;1-2;2-3,0-1;1-2;2-3,0-1;1-2;2-3,0-1|2-3|1-2|NULL,0-1|2-3|1-2|NULL,3,4,4,2,8,32,1,1,1,0,0.0,15,1
TRAJ-MICRO-V1,12113,189,zero_scale,,,0-1;1-2;2-3,0-1;1-2;2-3,0-1;1-2;2-3,0-1|1-2|2-3|NULL,0-1|1-2|2-3|NULL,3,4,4,2,8,32,1,1,1,0,0.0,15,1
TRAJ-MICRO-V1,12113,190,configured_scale,,,0-1;1-3;2-2,0-1;1-3;2-2,0-1;1-3;2-2,0-1|1-3|2-2|NULL,0-1|1-3|2-2|NULL,3,4,4,2,8,32,1,1,1,0,0.0,15,1
TRAJ-MICRO-V1,12113,190,zero_scale,,,0-1;1-3;2-2,0-1;1-3;2-2,0-1;1-3;2-2,0-1|1-3|2-2|NULL,0-1|1-3|2-2|NULL,3,4,4,2,8,32,1,1,1,0,0.0,15,1
TRAJ-MICRO-V1,12113,191,configured_scale,,,0-3;1-2;2-4,0-3;1-2;2-4,0-3;1-2;2-4,0-3|1-2|2-4|NULL,0-3|1-2|2-4|NULL,3,4,4,2,8,32,1,1,1,0,0.0,15,1
TRAJ-MICRO-V1,12113,191,zero_scale,,,0-3;1-2;2-4,0-3;1-2;2-4,0-3;1-2;2-4,1-2|0-3|2-4|NULL,1-2|0-3|2-4|NULL,3,4,4,2,8,32,1,1,1,0,0.0,15,1
TRAJ-MICRO-V1,12113,192,configured_scale,,,0-4;1-2;2-3,0-4;1-2;2-3,0-4;1-2;2-3,2-3|1-2|0-4|NULL,2-3|1-2|0-4|NULL,3,4,4,2,8,32,1,1,1,0,0.0,15,1
TRAJ-MICRO-V1,12113,192,zero_scale,,,0-2;1-3;2-4,0-2;1-3;2-4,0-2;1-3;2-4,0-2|1-3|2-4|NULL,0-2|1-3|2-4|NULL,3,4,4,2,8,32,1,1,1,0,0.0,15,1
TRAJ-MICRO-V1,12113,193,configured_scale,,,0-4;1-3;2-2,0-4;1-3;2-2,0-4;1-3;2-2,0-4|1-3|2-2|NULL,0-4|1-3|2-2|NULL,3,4,4,2,8,32,1,1,1,0,0.0,15,1
TRAJ-MICRO-V1,12113,193,zero_scale,,,0-4;1-3;2-2,0-4;1-3;2-2,0-4;1-3;2-2,0-4|1-3|2-2|NULL,0-4|1-3|2-2|NULL,3,4,4,2,8,32,1,1,1,0,0.0,15,1
TRAJ-MICRO-V1,12113,194,configured_scale,,,0-3;1-2;2-4,0-3;1-2;2-4,0-3;1-2;2-4,2-4|0-3|1-2|NULL,2-4|0-3|1-2|NULL,3,4,4,2,8,32,1,1,1,0,0.0,15,1
TRAJ-MICRO-V1,12113,194,zero_scale,,,0-3;1-2;2-4,0-3;1-2;2-4,0-3;1-2;2-4,2-4|0-3|1-2|NULL,2-4|0-3|1-2|NULL,3,4,4,2,8,32,1,1,1,0,0.0,15,1
TRAJ-MICRO-V1,12113,195,configured_scale,,,0-4;1-2;2-3,0-4;1-2;2-3,0-4;1-2;2-3,0-4|1-2|2-3|NULL,0-4|1-2|2-3|NULL,3,4,4,2,8,32,1,1,1,0,0.0,15,1
TRAJ-MICRO-V1,12113,195,zero_scale,,,0-2;1-4;2-3,0-2;1-4;2-3,0-2;1-4;2-3,0-2|1-4|2-3|NULL,0-2|1-4|2-3|NULL,3,4,4,2,8,32,1,1,1,0,0.0,15,1
TRAJ-MICRO-V1,12113,196,configured_scale,,,0-4;1-2;2-3,0-4;1-2;2-3,0-4;1-2;2-3,0-4|1-2|2-3|NULL,0-4|1-2|2-3|NULL,3,4,4,2,8,32,1,1,1,0,0.0,15,1
TRAJ-MICRO-V1,12113,196,zero_scale,,,0-1;1-3;2-4,0-1;1-3;2-4,0-1;1-3;2-4,0-1|1-3|2-4|NULL,0-1|1-3|2-4|NULL,3,4,4,2,8,32,1,1,1,0,0.0,15,1
TRAJ-MICRO-V1,12113,197,configured_scale,,,0-0;1-3;2-4,0-0;1-3;2-4,0-0;1-3;2-4,0-0|2-4|1-3|NULL,0-0|2-4|1-3|NULL,3,4,4,2,8,32,1,1,1,0,0.0,15,1
TRAJ-MICRO-V1,12113,197,zero_scale,,,0-0;1-2;2-4,0-0;1-2;2-4,0-0;1-2;2-4,0-0|1-2|2-4|NULL,0-0|1-2|2-4|NULL,3,4,4,2,8,32,1,1,1,0,0.0,15,1
TRAJ-MICRO-V1,12113,198,configured_scale,,,0-0;1-4;2-3,0-0;1-4;2-3,0-0;1-4;2-3,0-0|1-4|2-3|NULL,0-0|1-4|2-3|NULL,3,4,4,2,8,32,1,1,1,0,0.0,15,1
TRAJ-MICRO-V1,12113,198,zero_scale,,,0-1;1-4;2-3,0-1;1-4;2-3,0-1;1-4;2-3,0-1|1-4|2-3|NULL,0-1|1-4|2-3|NULL,3,4,4,2,8,32,1,1,1,0,0.0,15,1
TRAJ-MICRO-V1,12113,199,configured_scale,,,0-0;1-3;2-4,0-0;1-3;2-4,0-0;1-3;2-4,0-0|1-3|2-4|NULL,0-0|1-3|2-4|NULL,3,4,4,2,8,32,1,1,1,0,0.0,15,1
TRAJ-MICRO-V1,12113,199,zero_scale,,,0-1;1-3;2-4,0-1;1-3;2-4,0-1;1-3;2-4,0-1|1-3|2-4|NULL,0-1|1-3|2-4|NULL,3,4,4,2,8,32,1,1,1,0,0.0,15,1
TRAJ-MICRO-V1,12113,200,configured_scale,,,0-0;1-2;2-3,0-0;1-2;2-3,0-0;1-2;2-3,1-2|0-0|2-3|NULL,1-2|0-0|2-3|NULL,3,4,4,2,8,32,1,1,1,0,0.0,15,1
TRAJ-MICRO-V1,12113,200,zero_scale,,,0-0;1-2;2-4,0-0;1-2;2-4,0-0;1-2;2-4,0-0|1-2|2-4|NULL,0-0|1-2|2-4|NULL,3,4,4,2,8,32,1,1,1,0,0.0,15,1
TRAJ-MICRO-V1,12113,201,configured_scale,,,0-2;1-3;2-4,0-2;1-3;2-4,0-2;1-3;2-4,1-3|0-2|2-4|NULL,1-3|0-2|2-4|NULL,3,4,4,2,8,32,1,1,1,0,0.0,15,1
TRAJ-MICRO-V1,12113,201,zero_scale,,,0-2;1-3;2-4,0-2;1-3;2-4,0-2;1-3;2-4,1-3|2-4|0-2|NULL,1-3|2-4|0-2|NULL,3,4,4,2,8,32,1,1,1,0,0.0,15,1
TRAJ-MICRO-V1,12113,202,configured_scale,,,0-1;1-3;2-4,0-1;1-3;2-4,0-1;1-3;2-4,1-3|2-4|0-1|NULL,1-3|2-4|0-1|NULL,3,4,4,2,8,32,1,1,1,0,0.0,15,1
TRAJ-MICRO-V1,12113,202,zero_scale,,,0-1;1-3;2-4,0-1;1-3;2-4,0-1;1-3;2-4,1-3|2-4|0-1|NULL,1-3|2-4|0-1|NULL,3,4,4,2,8,32,1,1,1,0,0.0,15,1
TRAJ-MICRO-V1,12113,203,configured_scale,,,0-3;1-2;2-4,0-3;1-2;2-4,0-3;1-2;2-4,2-4|1-2|0-3|NULL,2-4|1-2|0-3|NULL,3,4,4,2,8,32,1,1,1,0,0.0,15,1
TRAJ-MICRO-V1,12113,203,zero_scale,,,0-3;1-2;2-4,0-3;1-2;2-4,0-3;1-2;2-4,1-2|2-4|0-3|NULL,1-2|2-4|0-3|NULL,3,4,4,2,8,32,1,1,1,0,0.0,15,1
TRAJ-MICRO-V1,12113,204,configured_scale,,,0-1;1-2;2-4,0-1;1-2;2-4,0-1;1-2;2-4,1-2|2-4|0-1|NULL,1-2|2-4|0-1|NULL,3,4,4,2,8,32,1,1,1,0,0.0,15,1
TRAJ-MICRO-V1,12113,204,zero_scale,,,0-1;1-2;2-3,0-1;1-2;2-3,0-1;1-2;2-3,1-2|2-3|0-1|NULL,1-2|2-3|0-1|NULL,3,4,4,2,8,32,1,1,1,0,0.0,15,1
TRAJ-MICRO-V1,12113,205,configured_scale,,,0-1;1-3;2-4,0-1;1-3;2-4,0-1;1-3;2-4,1-3|2-4|0-1|NULL,1-3|2-4|0-1|NULL,3,4,4,2,8,32,1,1,1,0,0.0,15,1
TRAJ-MICRO-V1,12113,205,zero_scale,,,0-1;1-3;2-2,0-1;1-3;2-2,0-1;1-3;2-2,1-3|2-2|0-1|NULL,1-3|2-2|0-1|NULL,3,4,4,2,8,32,1,1,1,0,0.0,15,1
TRAJ-MICRO-V1,12113,206,configured_scale,,,0-3;1-2;2-1,0-3;1-2;2-1,0-3;1-2;2-1,1-2|2-1|0-3|NULL,1-2|2-1|0-3|NULL,3,4,4,2,8,32,1,1,1,0,0.0,15,1
TRAJ-MICRO-V1,12113,206,zero_scale,,,0-3;1-2;2-1,0-3;1-2;2-1,0-3;1-2;2-1,1-2|2-1|0-3|NULL,1-2|2-1|0-3|NULL,3,4,4,2,8,32,1,1,1,0,0.0,15,1
TRAJ-MICRO-V1,12113,207,configured_scale,,,0-1;1-2;2-0,0-1;1-2;2-0,0-1;1-2;2-0,1-2|2-0|0-1|NULL,1-2|2-0|0-1|NULL,3,4,4,2,8,32,1,1,1,0,0.0,15,1
TRAJ-MICRO-V1,12113,207,zero_scale,,,0-1;1-2;2-3,0-1;1-2;2-3,0-1;1-2;2-3,1-2|2-3|0-1|NULL,1-2|2-3|0-1|NULL,3,4,4,2,8,32,1,1,1,0,0.0,15,1
TRAJ-MICRO-V1,12113,208,configured_scale,,,0-1;1-3;2-4,0-1;1-3;2-4,0-1;1-3;2-4,1-3|2-4|0-1|NULL,1-3|2-4|0-1|NULL,3,4,4,2,8,32,1,1,1,0,0.0,15,1
TRAJ-MICRO-V1,12113,208,zero_scale,,,0-1;1-3;2-2,0-1;1-3;2-2,0-1;1-3;2-2,1-3|0-1|2-2|NULL,1-3|0-1|2-2|NULL,3,4,4,2,8,32,1,1,1,0,0.0,15,1
TRAJ-MICRO-V1,12113,209,configured_scale,,,0-0;1-2;2-4,0-0;1-2;2-4,0-0;1-2;2-4,2-4|1-2|0-0|NULL,2-4|1-2|0-0|NULL,3,4,4,2,8,32,1,1,1,0,0.0,15,1
TRAJ-MICRO-V1,12113,209,zero_scale,,,0-0;1-2;2-4,0-0;1-2;2-4,0-0;1-2;2-4,1-2|2-4|0-0|NULL,1-2|2-4|0-0|NULL,3,4,4,2,8,32,1,1,1,0,0.0,15,1
TRAJ-MICRO-V1,12113,210,configured_scale,,,0-1;1-2;2-0,0-1;1-2;2-0,0-1;1-2;2-0,2-0|1-2|0-1|NULL,2-0|1-2|0-1|NULL,3,4,4,2,8,32,1,1,1,0,0.0,15,1
TRAJ-MICRO-V1,12113,210,zero_scale,,,0-1;1-2;2-0,0-1;1-2;2-0,0-1;1-2;2-0,2-0|1-2|0-1|NULL,2-0|1-2|0-1|NULL,3,4,4,2,8,32,1,1,1,0,0.0,15,1
TRAJ-MICRO-V1,12113,211,configured_scale,,,0-0;1-3;2-4,0-0;1-3;2-4,0-0;1-3;2-4,2-4|1-3|0-0|NULL,2-4|1-3|0-0|NULL,3,4,4,2,8,32,1,1,1,0,0.0,15,1
TRAJ-MICRO-V1,12113,211,zero_scale,,,0-1;1-3;2-4,0-1;1-3;2-4,0-1;1-3;2-4,2-4|1-3|0-1|NULL,2-4|1-3|0-1|NULL,3,4,4,2,8,32,1,1,1,0,0.0,15,1
TRAJ-MICRO-V1,12113,212,configured_scale,,,0-0;1-2;2-4,0-0;1-2;2-4,0-0;1-2;2-4,2-4|0-0|1-2|NULL,2-4|0-0|1-2|NULL,3,4,4,2,8,32,1,1,1,0,0.0,15,1
TRAJ-MICRO-V1,12113,212,zero_scale,,,0-0;1-2;2-4,0-0;1-2;2-4,0-0;1-2;2-4,2-4|1-2|0-0|NULL,2-4|1-2|0-0|NULL,3,4,4,2,8,32,1,1,1,0,0.0,15,1
TRAJ-MICRO-V1,12113,213,configured_scale,,,0-1;1-0;2-4,0-1;1-0;2-4,0-1;1-0;2-4,2-4|1-0|0-1|NULL,2-4|1-0|0-1|NULL,3,4,4,2,8,32,1,1,1,0,0.0,15,1
TRAJ-MICRO-V1,12113,213,zero_scale,,,0-0;1-1;2-3,0-0;1-1;2-3,0-0;1-1;2-3,2-3|1-1|0-0|NULL,2-3|1-1|0-0|NULL,3,4,4,2,8,32,1,1,1,0,0.0,15,1
TRAJ-MICRO-V1,12113,214,configured_scale,,,0-1;1-0;2-4,0-1;1-0;2-4,0-1;1-0;2-4,2-4|1-0|0-1|NULL,2-4|1-0|0-1|NULL,3,4,4,2,8,32,1,1,1,0,0.0,15,1
TRAJ-MICRO-V1,12113,214,zero_scale,,,0-1;1-0;2-4,0-1;1-0;2-4,0-1;1-0;2-4,2-4|1-0|0-1|NULL,2-4|1-0|0-1|NULL,3,4,4,2,8,32,1,1,1,0,0.0,15,1
TRAJ-MICRO-V1,12113,215,configured_scale,,,0-0;1-2;2-4,0-0;1-2;2-4,0-0;1-2;2-4,2-4|0-0|1-2|NULL,2-4|0-0|1-2|NULL,3,4,4,2,8,32,1,1,1,0,0.0,15,1
TRAJ-MICRO-V1,12113,215,zero_scale,,,0-0;1-2;2-4,0-0;1-2;2-4,0-0;1-2;2-4,2-4|0-0|1-2|NULL,2-4|0-0|1-2|NULL,3,4,4,2,8,32,1,1,1,0,0.0,15,1
TRAJ-MICRO-V1,12113,216,configured_scale,,,0-2;1-1;2-0,0-2;1-1;2-0,0-2;1-1;2-0,2-0|1-1|0-2|NULL,2-0|1-1|0-2|NULL,3,4,4,2,8,32,1,1,1,0,0.0,15,1
TRAJ-MICRO-V1,12113,216,zero_scale,,,0-2;1-1;2-0,0-2;1-1;2-0,0-2;1-1;2-0,2-0|1-1|0-2|NULL,2-0|1-1|0-2|NULL,3,4,4,2,8,32,1,1,1,0,0.0,15,1
TRAJ-MICRO-V1,12113,217,configured_scale,,,0-0;1-3;2-4,0-0;1-3;2-4,0-0;1-3;2-4,0-0|2-4|1-3|NULL,0-0|2-4|1-3|NULL,3,4,4,2,8,32,1,1,1,0,0.0,15,1
TRAJ-MICRO-V1,12113,217,zero_scale,,,0-0;1-1;2-2,0-0;1-1;2-2,0-0;1-1;2-2,0-0|2-2|1-1|NULL,0-0|2-2|1-1|NULL,3,4,4,2,8,32,1,1,1,0,0.0,15,1
TRAJ-MICRO-V1,12113,218,configured_scale,,,0-0;1-2;2-4,0-0;1-2;2-4,0-0;1-2;2-4,0-0|2-4|1-2|NULL,0-0|2-4|1-2|NULL,3,4,4,2,8,32,1,1,1,0,0.0,15,1
TRAJ-MICRO-V1,12113,218,zero_scale,,,0-0;1-2;2-1,0-0;1-2;2-1,0-0;1-2;2-1,0-0|1-2|2-1|NULL,0-0|1-2|2-1|NULL,3,4,4,2,8,32,1,1,1,0,0.0,15,1
TRAJ-MICRO-V1,12113,219,configured_scale,,,0-1;1-2;2-0,0-1;1-2;2-0,0-1;1-2;2-0,2-0|0-1|1-2|NULL,2-0|0-1|1-2|NULL,3,4,4,2,8,32,1,1,1,0,0.0,15,1
TRAJ-MICRO-V1,12113,219,zero_scale,,,0-0;1-1;2-3,0-0;1-1;2-3,0-0;1-1;2-3,1-1|0-0|2-3|NULL,1-1|0-0|2-3|NULL,3,4,4,2,8,32,1,1,1,0,0.0,15,1
TRAJ-MICRO-V1,12113,220,configured_scale,,,0-1;1-0;2-4,0-1;1-0;2-4,0-1;1-0;2-4,1-0|0-1|2-4|NULL,1-0|0-1|2-4|NULL,3,4,4,2,8,32,1,1,1,0,0.0,15,1
TRAJ-MICRO-V1,12113,220,zero_scale,,,0-1;1-2;2-4,0-1;1-2;2-4,0-1;1-2;2-4,1-2|0-1|2-4|NULL,1-2|0-1|2-4|NULL,3,4,4,2,8,32,1,1,1,0,0.0,15,1
TRAJ-MICRO-V1,12113,221,configured_scale,,,0-3;1-2;2-1,0-3;1-2;2-1,0-3;1-2;2-1,1-2|2-1|0-3|NULL,1-2|2-1|0-3|NULL,3,4,4,2,8,32,1,1,1,0,0.0,15,1
TRAJ-MICRO-V1,12113,221,zero_scale,,,0-0;1-2;2-1,0-0;1-2;2-1,0-0;1-2;2-1,1-2|2-1|0-0|NULL,1-2|2-1|0-0|NULL,3,4,4,2,8,32,1,1,1,0,0.0,15,1
TRAJ-MICRO-V1,12113,222,configured_scale,,,0-1;1-2;2-0,0-1;1-2;2-0,0-1;1-2;2-0,1-2|2-0|0-1|NULL,1-2|2-0|0-1|NULL,3,4,4,2,8,32,1,1,1,0,0.0,15,1
TRAJ-MICRO-V1,12113,222,zero_scale,,,0-2;1-1;2-3,0-2;1-1;2-3,0-2;1-1;2-3,1-1|0-2|2-3|NULL,1-1|0-2|2-3|NULL,3,4,4,2,8,32,1,1,1,0,0.0,15,1
TRAJ-MICRO-V1,12113,223,configured_scale,,,0-1;1-2;2-4,0-1;1-2;2-4,0-1;1-2;2-4,1-2|0-1|2-4|NULL,1-2|0-1|2-4|NULL,3,4,4,2,8,32,1,1,1,0,0.0,15,1
TRAJ-MICRO-V1,12113,223,zero_scale,,,0-1;1-2;2-4,0-1;1-2;2-4,0-1;1-2;2-4,1-2|0-1|2-4|NULL,1-2|0-1|2-4|NULL,3,4,4,2,8,32,1,1,1,0,0.0,15,1
TRAJ-MICRO-V1,12113,224,configured_scale,,,0-1;1-2;2-4,0-1;1-2;2-4,0-1;1-2;2-4,1-2|0-1|2-4|NULL,1-2|0-1|2-4|NULL,3,4,4,2,8,32,1,1,1,0,0.0,15,1
TRAJ-MICRO-V1,12113,224,zero_scale,,,0-3;1-2;2-1,0-3;1-2;2-1,0-3;1-2;2-1,1-2|0-3|2-1|NULL,1-2|0-3|2-1|NULL,3,4,4,2,8,32,1,1,1,0,0.0,15,1
TRAJ-MICRO-V1,12113,225,configured_scale,,,0-1;1-2;2-0,0-1;1-2;2-0,0-1;1-2;2-0,1-2|0-1|2-0|NULL,1-2|0-1|2-0|NULL,3,4,4,2,8,32,1,1,1,0,0.0,15,1
TRAJ-MICRO-V1,12113,225,zero_scale,,,0-1;1-2;2-3,0-1;1-2;2-3,0-1;1-2;2-3,1-2|0-1|2-3|NULL,1-2|0-1|2-3|NULL,3,4,4,2,8,32,1,1,1,0,0.0,15,1
TRAJ-MICRO-V1,12113,226,configured_scale,,,0-1;1-0;2-2,0-1;1-0;2-2,0-1;1-0;2-2,0-1|1-0|2-2|NULL,0-1|1-0|2-2|NULL,3,4,4,2,8,32,1,1,1,0,0.0,15,1
TRAJ-MICRO-V1,12113,226,zero_scale,,,0-1;1-2;2-3,0-1;1-2;2-3,0-1;1-2;2-3,0-1|1-2|2-3|NULL,0-1|1-2|2-3|NULL,3,4,4,2,8,32,1,1,1,0,0.0,15,1
TRAJ-MICRO-V1,12113,227,configured_scale,,,0-0;1-3;2-4,0-0;1-3;2-4,0-0;1-3;2-4,0-0|1-3|2-4|NULL,0-0|1-3|2-4|NULL,3,4,4,2,8,32,1,1,1,0,0.0,15,1
TRAJ-MICRO-V1,12113,227,zero_scale,,,0-0;1-2;2-3,0-0;1-2;2-3,0-0;1-2;2-3,0-0|1-2|2-3|NULL,0-0|1-2|2-3|NULL,3,4,4,2,8,32,1,1,1,0,0.0,15,1
TRAJ-MICRO-V1,12113,228,configured_scale,,,0-0;1-4;2-3,0-0;1-4;2-3,0-0;1-4;2-3,0-0|2-3|1-4|NULL,0-0|2-3|1-4|NULL,3,4,4,2,8,32,1,1,1,0,0.0,15,1
TRAJ-MICRO-V1,12113,228,zero_scale,,,0-1;1-3;2-4,0-1;1-3;2-4,0-1;1-3;2-4,0-1|1-3|2-4|NULL,0-1|1-3|2-4|NULL,3,4,4,2,8,32,1,1,1,0,0.0,15,1
TRAJ-MICRO-V1,12113,229,configured_scale,,,0-4;1-3;2-2,0-4;1-3;2-2,0-4;1-3;2-2,0-4|1-3|2-2|NULL,0-4|1-3|2-2|NULL,3,4,4,2,8,32,1,1,1,0,0.0,15,1
TRAJ-MICRO-V1,12113,229,zero_scale,,,0-1;1-3;2-4,0-1;1-3;2-4,0-1;1-3;2-4,0-1|1-3|2-4|NULL,0-1|1-3|2-4|NULL,3,4,4,2,8,32,1,1,1,0,0.0,15,1
TRAJ-MICRO-V1,12113,230,configured_scale,,,0-3;1-2;2-4,0-3;1-2;2-4,0-3;1-2;2-4,2-4|0-3|1-2|NULL,2-4|0-3|1-2|NULL,3,4,4,2,8,32,1,1,1,0,0.0,15,1
TRAJ-MICRO-V1,12113,230,zero_scale,,,0-0;1-2;2-4,0-0;1-2;2-4,0-0;1-2;2-4,2-4|0-0|1-2|NULL,2-4|0-0|1-2|NULL,3,4,4,2,8,32,1,1,1,0,0.0,15,1
TRAJ-MICRO-V1,12113,231,configured_scale,,,0-2;1-3;2-4,0-2;1-3;2-4,0-2;1-3;2-4,2-4|0-2|1-3|NULL,2-4|0-2|1-3|NULL,3,4,4,2,8,32,1,1,1,0,0.0,15,1
TRAJ-MICRO-V1,12113,231,zero_scale,,,0-2;1-3;2-4,0-2;1-3;2-4,0-2;1-3;2-4,2-4|0-2|1-3|NULL,2-4|0-2|1-3|NULL,3,4,4,2,8,32,1,1,1,0,0.0,15,1
TRAJ-MICRO-V1,12113,232,configured_scale,,,0-1;1-3;2-4,0-1;1-3;2-4,0-1;1-3;2-4,2-4|0-1|1-3|NULL,2-4|0-1|1-3|NULL,3,4,4,2,8,32,1,1,1,0,0.0,15,1
TRAJ-MICRO-V1,12113,232,zero_scale,,,0-1;1-3;2-4,0-1;1-3;2-4,0-1;1-3;2-4,2-4|1-3|0-1|NULL,2-4|1-3|0-1|NULL,3,4,4,2,8,32,1,1,1,0,0.0,15,1
TRAJ-MICRO-V1,12113,233,configured_scale,,,0-0;1-3;2-4,0-0;1-3;2-4,0-0;1-3;2-4,2-4|1-3|0-0|NULL,2-4|1-3|0-0|NULL,3,4,4,2,8,32,1,1,1,0,0.0,15,1
TRAJ-MICRO-V1,12113,233,zero_scale,,,0-2;1-3;2-4,0-2;1-3;2-4,0-2;1-3;2-4,2-4|1-3|0-2|NULL,2-4|1-3|0-2|NULL,3,4,4,2,8,32,1,1,1,0,0.0,15,1
TRAJ-MICRO-V1,12113,234,configured_scale,,,0-2;1-3;2-4,0-2;1-3;2-4,0-2;1-3;2-4,2-4|1-3|0-2|NULL,2-4|1-3|0-2|NULL,3,4,4,2,8,32,1,1,1,0,0.0,15,1
TRAJ-MICRO-V1,12113,234,zero_scale,,,0-2;1-4;2-3,0-2;1-4;2-3,0-2;1-4;2-3,1-4|2-3|0-2|NULL,1-4|2-3|0-2|NULL,3,4,4,2,8,32,1,1,1,0,0.0,15,1
TRAJ-MICRO-V1,12113,235,configured_scale,,,0-1;1-3;2-4,0-1;1-3;2-4,0-1;1-3;2-4,2-4|1-3|0-1|NULL,2-4|1-3|0-1|NULL,3,4,4,2,8,32,1,1,1,0,0.0,15,1
TRAJ-MICRO-V1,12113,235,zero_scale,,,0-4;1-3;2-2,0-4;1-3;2-2,0-4;1-3;2-2,1-3|0-4|2-2|NULL,1-3|0-4|2-2|NULL,3,4,4,2,8,32,1,1,1,0,0.0,15,1
TRAJ-MICRO-V1,12113,236,configured_scale,,,0-3;1-2;2-4,0-3;1-2;2-4,0-3;1-2;2-4,2-4|1-2|0-3|NULL,2-4|1-2|0-3|NULL,3,4,4,2,8,32,1,1,1,0,0.0,15,1
TRAJ-MICRO-V1,12113,236,zero_scale,,,0-3;1-2;2-4,0-3;1-2;2-4,0-3;1-2;2-4,1-2|0-3|2-4|NULL,1-2|0-3|2-4|NULL,3,4,4,2,8,32,1,1,1,0,0.0,15,1
TRAJ-MICRO-V1,12113,237,configured_scale,,,0-1;1-2;2-3,0-1;1-2;2-3,0-1;1-2;2-3,2-3|1-2|0-1|NULL,2-3|1-2|0-1|NULL,3,4,4,2,8,32,1,1,1,0,0.0,15,1
TRAJ-MICRO-V1,12113,237,zero_scale,,,0-2;1-3;2-4,0-2;1-3;2-4,0-2;1-3;2-4,1-3|0-2|2-4|NULL,1-3|0-2|2-4|NULL,3,4,4,2,8,32,1,1,1,0,0.0,15,1
TRAJ-MICRO-V1,12113,238,configured_scale,,,0-4;1-3;2-2,0-4;1-3;2-2,0-4;1-3;2-2,1-3|2-2|0-4|NULL,1-3|2-2|0-4|NULL,3,4,4,2,8,32,1,1,1,0,0.0,15,1
TRAJ-MICRO-V1,12113,238,zero_scale,,,0-1;1-3;2-2,0-1;1-3;2-2,0-1;1-3;2-2,1-3|0-1|2-2|NULL,1-3|0-1|2-2|NULL,3,4,4,2,8,32,1,1,1,0,0.0,15,1
TRAJ-MICRO-V1,12113,239,configured_scale,,,0-3;1-2;2-4,0-3;1-2;2-4,0-3;1-2;2-4,1-2|2-4|0-3|NULL,1-2|2-4|0-3|NULL,3,4,4,2,8,32,1,1,1,0,0.0,15,1
TRAJ-MICRO-V1,12113,239,zero_scale,,,0-3;1-2;2-4,0-3;1-2;2-4,0-3;1-2;2-4,1-2|0-3|2-4|NULL,1-2|0-3|2-4|NULL,3,4,4,2,8,32,1,1,1,0,0.0,15,1
TRAJ-MICRO-V1,12113,240,configured_scale,,,0-1;1-2;2-3,0-1;1-2;2-3,0-1;1-2;2-3,1-2|2-3|0-1|NULL,1-2|2-3|0-1|NULL,3,4,4,2,8,32,1,1,1,0,0.0,15,1
TRAJ-MICRO-V1,12113,240,zero_scale,,,0-1;1-2;2-3,0-1;1-2;2-3,0-1;1-2;2-3,1-2|2-3|0-1|NULL,1-2|2-3|0-1|NULL,3,4,4,2,8,32,1,1,1,0,0.0,15,1
