campaign_id,seed,episode,source_agent,flood_rounds,first_full_agreement_round,directed_return_transmissions,all_agents_received,all_agents_equal,observed_return
TRAJ-MICRO-V1,12031,1,0,2,2,8,1,1,0.7938154029054822
TRAJ-MICRO-V1,12031,2,0,2,2,8,1,1,0.7984630206612232
TRAJ-MICRO-V1,12031,3,0,2,2,8,1,1,0.8327624997352803
TRAJ-MICRO-V1,12031,4,0,2,2,8,1,1,0.824898113836201
TRAJ-MICRO-V1,12031,5,0,2,2,8,1,1,0.8533270666383225
TRAJ-MICRO-V1,12031,6,0,2,2,8,1,1,0.8231551082049421
TRAJ-MICRO-V1,12031,7,0,2,2,8,1,1,0.8073443365581656
TRAJ-MICRO-V1,12031,8,0,2,2,8,1,1,0.8289507921206544
TRAJ-MICRO-V1,12031,9,0,2,2,8,1,1,0.8694690780506635
TRAJ-MICRO-V1,12031,10,0,2,2,8,1,1,0.8336556792360245
TRAJ-MICRO-V1,12031,11,0,2,2,8,1,1,0.8137297492005842
TRAJ-MICRO-V1,12031,12,0,2,2,8,1,1,0.83657057352427
TRAJ-MICRO-V1,12031,13,0,2,2,8,1,1,0.7253761681978765
TRAJ-MICRO-V1,12031,14,0,2,2,8,1,1,0.8007958315289107
TRAJ-MICRO-V1,12031,15,0,2,2,8,1,1,0.8290050687228941
TRAJ-MICRO-V1,12031,16,0,2,2,8,1,1,0.7763872854953109
TRAJ-MICRO-V1,12031,17,0,2,2,8,1,1,0.8249251018248516
TRAJ-MICRO-V1,12031,18,0,2,2,8,1,1,0.7852524228561918
TRAJ-MICRO-V1,12031,19,0,2,2,8,1,1,0.8343288386638786
TRAJ-MICRO-V1,12031,20,0,2,2,8,1,1,0.8254053453022384
TRAJ-MICRO-V1,12031,21,0,2,2,8,1,1,0.8122826387947663
TRAJ-MICRO-V1,12031,22,0,2,2,8,1,1,0.7970311359892782
TRAJ-MICRO-V1,12031,23,0,2,2,8,1,1,0.8264379947565504
TRAJ-MICRO-V1,12031,24,0,2,2,8,1,1,0.7910257875762039
TRAJ-MICRO-V1,12031,25,0,2,2,8,1,1,0.7856234004511627
TRAJ-MICRO-V1,12031,26,0,2,2,8,1,1,0.8118087131322985
TRAJ-MICRO-V1,12031,27,0,2,2,8,1,1,0.7209352068976194
TRAJ-MICRO-V1,12031,28,0,2,2,8,1,1,0.7771778209312304
TRAJ-MICRO-V1,12031,29,0,2,2,8,1,1,0.8383733679941712
TRAJ-MICRO-V1,12031,30,0,2,2,8,1,1,0.7844826192790102
TRAJ-MICRO-V1,12031,31,0,2,2,8,1,1,0.824987742958604
TRAJ-MICRO-V1,12031,32,0,2,2,8,1,1,0.8458518119306238
TRAJ-MICRO-V1,12031,33,0,2,2,8,1,1,0.7862432883852614
TRAJ-MICRO-V1,12031,34,0,2,2,8,1,1,0.8012492713574464
TRAJ-MICRO-V1,12031,35,0,2,2,8,1,1,0.8274022992173586
TRAJ-MICRO-V1,12031,36,0,2,2,8,1,1,0.7834834255141618
TRAJ-MICRO-V1,12031,37,0,2,2,8,1,1,0.8227576683061467
TRAJ-MICRO-V1,12031,38,0,2,2,8,1,1,0.8387095769762634
TRAJ-MICRO-V1,12031,39,0,2,2,8,1,1,0.7849189556096201
TRAJ-MICRO-V1,12031,40,0,2,2,8,1,1,0.8250788158005924
TRAJ-MICRO-V1,12031,41,0,2,2,8,1,1,0.8150971310150975
TRAJ-MICRO-V1,12031,42,0,2,2,8,1,1,0.7880166748537887
TRAJ-MICRO-V1,12031,43,0,2,2,8,1,1,0.8340704111061075
TRAJ-MICRO-V1,12031,44,0,2,2,8,1,1,0.8821572633656974
TRAJ-MICRO-V1,12031,45,0,2,2,8,1,1,0.8277670482691716
TRAJ-MICRO-V1,12031,46,0,2,2,8,1,1,0.8702931657669396
TRAJ-MICRO-V1,12031,47,0,2,2,8,1,1,0.8923677076695373
TRAJ-MICRO-V1,12031,48,0,2,2,8,1,1,0.8317734001615037
TRAJ-MICRO-V1,12031,49,0,2,2,8,1,1,0.8741198213965178
TRAJ-MICRO-V1,12031,50,0,2,2,8,1,1,0.8434371972573197
TRAJ-MICRO-V1,12031,51,0,2,2,8,1,1,0.8223956851608198
TRAJ-MICRO-V1,12031,52,0,2,2,8,1,1,0.8592096519545218
TRAJ-MICRO-V1,12031,53,0,2,2,8,1,1,0.8204875032196269
TRAJ-MICRO-V1,12031,54,0,2,2,8,1,1,0.7996919153985984
TRAJ-MICRO-V1,12031,55,0,2,2,8,1,1,0.7881993685041502
TRAJ-MICRO-V1,12031,56,0,2,2,8,1,1,0.7874403522683732
TRAJ-MICRO-V1,12031,57,0,2,2,8,1,1,0.7789194952270135
TRAJ-MICRO-V1,12031,58,0,2,2,8,1,1,0.8227930819265846
TRAJ-MICRO-V1,12031,59,0,2,2,8,1,1,0.8397620824919735
TRAJ-MICRO-V1,12031,60,0,2,2,8,1,1,0.8205196544705384
TRAJ-MICRO-V1,12031,61,0,2,2,8,1,1,0.8555451665908875
TRAJ-MICRO-V1,12031,62,0,2,2,8,1,1,0.8733488723615133
TRAJ-MICRO-V1,12031,63,0,2,2,8,1,1,0.8446044132524377
TRAJ-MICRO-V1,12031,64,0,2,2,8,1,1,0.8734759376574036
TRAJ-MICRO-V1,12031,65,0,2,2,8,1,1,0.8749724846601724
TRAJ-MICRO-V1,12031,66,0,2,2,8,1,1,0.8279321210480534
TRAJ-MICRO-V1,12031,67,0,2,2,8,1,1,0.8634660299703167
TRAJ-MICRO-V1,12031,68,0,2,2,8,1,1,0.8638288107880532
TRAJ-MICRO-V1,12031,69,0,2,2,8,1,1,0.827650902054543
TRAJ-MICRO-V1,12031,70,0,2,2,8,1,1,0.8224372043643203
TRAJ-MICRO-V1,12031,71,0,2,2,8,1,1,0.8408548121928785
TRAJ-MICRO-V1,12031,72,0,2,2,8,1,1,0.8270738773633034
TRAJ-MICRO-V1,12031,73,0,2,2,8,1,1,0.8298221663969788
TRAJ-MICRO-V1,12031,74,0,2,2,8,1,1,0.8272456071112344
TRAJ-MICRO-V1,12031,75,0,2,2,8,1,1,0.7904464825702293
TRAJ-MICRO-V1,12031,76,0,2,2,8,1,1,0.7959944503904439
TRAJ-MICRO-V1,12031,77,0,2,2,8,1,1,0.814448783970785
TRAJ-MICRO-V1,12031,78,0,2,2,8,1,1,0.8238469117302984
TRAJ-MICRO-V1,12031,79,0,2,2,8,1,1,0.8196794407462786
TRAJ-MICRO-V1,12031,80,0,2,2,8,1,1,0.8656426160776207
TRAJ-MICRO-V1,12031,81,0,2,2,8,1,1,0.83658384983631
TRAJ-MICRO-V1,12031,82,0,2,2,8,1,1,0.8522226960736201
TRAJ-MICRO-V1,12031,83,0,2,2,8,1,1,0.842812465228871
TRAJ-MICRO-V1,12031,84,0,2,2,8,1,1,0.7748360879939616
TRAJ-MICRO-V1,12031,85,0,2,2,8,1,1,0.8466986975171733
TRAJ-MICRO-V1,12031,86,0,2,2,8,1,1,0.8404900078282529
TRAJ-MICRO-V1,12031,87,0,2,2,8,1,1,0.8457342405670628
TRAJ-MICRO-V1,12031,88,0,2,2,8,1,1,0.8588440417137155
TRAJ-MICRO-V1,12031,89,0,2,2,8,1,1,0.8554212174884861
TRAJ-MICRO-V1,12031,90,0,2,2,8,1,1,0.8193746640706612
TRAJ-MICRO-V1,12031,91,0,2,2,8,1,1,0.8476169026187882
TRAJ-MICRO-V1,12031,92,0,2,2,8,1,1,0.8338803339120613
TRAJ-MICRO-V1,12031,93,0,2,2,8,1,1,0.8035271627490906
TRAJ-MICRO-V1,12031,94,0,2,2,8,1,1,0.8448834266892434
TRAJ-MICRO-V1,12031,95,0,2,2,8,1,1,0.8324117129099832
TRAJ-MICRO-V1,12031,96,0,2,2,8,1,1,0.8555794883668206
TRAJ-MICRO-V1,12031,97,0,2,2,8,1,1,0.8478635505654253
TRAJ-MICRO-V1,12031,98,0,2,2,8,1,1,0.8694455786513967
TRAJ-MICRO-V1,12031,99,0,2,2,8,1,1,0.7814836130538508
TRAJ-MICRO-V1,12031,100,0,2,2,8,1,1,0.8260993526049042
TRAJ-MICRO-V1,12031,101,0,2,2,8,1,1,0.8515874697787265
TRAJ-MICRO-V1,12031,102,0,2,2,8,1,1,0.8379978549792909
TRAJ-MICRO-V1,12031,103,0,2,2,8,1,1,0.8664013629418281
TRAJ-MICRO-V1,12031,104,0,2,2,8,1,1,0.887560023012215
TRAJ-MICRO-V1,12031,105,0,2,2,8,1,1,0.8779915899510475
TRAJ-MICRO-V1,12031,106,0,2,2,8,1,1,0.8349850462865667
TRAJ-MICRO-V1,12031,107,0,2,2,8,1,1,0.8453942916836783
TRAJ-MICRO-V1,12031,108,0,2,2,8,1,1,0.8651953142019848
TRAJ-MICRO-V1,12031,109,0,2,2,8,1,1,0.8655410829150045
TRAJ-MICRO-V1,12031,110,0,2,2,8,1,1,0.8462161830152811
TRAJ-MICRO-V1,12031,111,0,2,2,8,1,1,0.8141629993972288
TRAJ-MICRO-V1,12031,112,0,2,2,8,1,1,0.7973344397582008
TRAJ-MICRO-V1,12031,113,0,2,2,8,1,1,0.812633487540515
TRAJ-MICRO-V1,12031,114,0,2,2,8,1,1,0.786309272405355
TRAJ-MICRO-V1,12031,115,0,2,2,8,1,1,0.8345145458978257
TRAJ-MICRO-V1,12031,116,0,2,2,8,1,1,0.8488401013431007
TRAJ-MICRO-V1,12031,117,0,2,2,8,1,1,0.8499382299521575
TRAJ-MICRO-V1,12031,118,0,2,2,8,1,1,0.8673947184184435
TRAJ-MICRO-V1,12031,119,0,2,2,8,1,1,0.8998010963412632
TRAJ-MICRO-V1,12031,120,0,2,2,8,1,1,0.8814764905194351
TRAJ-MICRO-V1,12031,121,0,2,2,8,1,1,0.853602889662755
TRAJ-MICRO-V1,12031,122,0,2,2,8,1,1,0.9187017001680235
TRAJ-MICRO-V1,12031,123,0,2,2,8,1,1,0.8680027835663435
TRAJ-MICRO-V1,12031,124,0,2,2,8,1,1,0.8734240145243356
TRAJ-MICRO-V1,12031,125,0,2,2,8,1,1,0.8714008646056933
TRAJ-MICRO-V1,12031,126,0,2,2,8,1,1,0.8476411146867797
TRAJ-MICRO-V1,12031,127,0,2,2,8,1,1,0.8267158157626522
TRAJ-MICRO-V1,12031,128,0,2,2,8,1,1,0.7686180819269987
TRAJ-MICRO-V1,12031,129,0,2,2,8,1,1,0.7805484095187933
TRAJ-MICRO-V1,12031,130,0,2,2,8,1,1,0.7773494512545355
TRAJ-MICRO-V1,12031,131,0,2,2,8,1,1,0.7809517090163686
TRAJ-MICRO-V1,12031,132,0,2,2,8,1,1,0.7886911539324057
TRAJ-MICRO-V1,12031,133,0,2,2,8,1,1,0.8226015677586985
TRAJ-MICRO-V1,12031,134,0,2,2,8,1,1,0.800613067318652
TRAJ-MICRO-V1,12031,135,0,2,2,8,1,1,0.8225016146618748
TRAJ-MICRO-V1,12031,136,0,2,2,8,1,1,0.7761975616959931
TRAJ-MICRO-V1,12031,137,0,2,2,8,1,1,0.8374904065343916
TRAJ-MICRO-V1,12031,138,0,2,2,8,1,1,0.8598443307861869
TRAJ-MICRO-V1,12031,139,0,2,2,8,1,1,0.8445332421088235
TRAJ-MICRO-V1,12031,140,0,2,2,8,1,1,0.8187634261275819
TRAJ-MICRO-V1,12031,141,0,2,2,8,1,1,0.8085173038368773
TRAJ-MICRO-V1,12031,142,0,2,2,8,1,1,0.8108343236443151
TRAJ-MICRO-V1,12031,143,0,2,2,8,1,1,0.830885890761451
TRAJ-MICRO-V1,12031,144,0,2,2,8,1,1,0.8136123444366684
TRAJ-MICRO-V1,12031,145,0,2,2,8,1,1,0.8348449406478177
TRAJ-MICRO-V1,12031,146,0,2,2,8,1,1,0.8347787166291003
TRAJ-MICRO-V1,12031,147,0,2,2,8,1,1,0.8549945626329171
TRAJ-MICRO-V1,12031,148,0,2,2,8,1,1,0.8597590586852883
TRAJ-MICRO-V1,12031,149,0,2,2,8,1,1,0.8430175342671167
TRAJ-MICRO-V1,12031,150,0,2,2,8,1,1,0.808834506006816
TRAJ-MICRO-V1,12031,151,0,2,2,8,1,1,0.8585350819755855
TRAJ-MICRO-V1,12031,152,0,2,2,8,1,1,0.8464129552123336
TRAJ-MICRO-V1,12031,153,0,2,2,8,1,1,0.832513566536791
TRAJ-MICRO-V1,12031,154,0,2,2,8,1,1,0.820664182695746
TRAJ-MICRO-V1,12031,155,0,2,2,8,1,1,0.871085859476459
TRAJ-MICRO-V1,12031,156,0,2,2,8,1,1,0.8540113304827281
TRAJ-MICRO-V1,12031,157,0,2,2,8,1,1,0.8731746559792064
TRAJ-MICRO-V1,12031,158,0,2,2,8,1,1,0.8676168142170303
TRAJ-MICRO-V1,12031,159,0,2,2,8,1,1,0.8169543414618232
TRAJ-MICRO-V1,12031,160,0,2,2,8,1,1,0.9015178008441401
TRAJ-MICRO-V1,12031,161,0,2,2,8,1,1,0.8830235602935398
TRAJ-MICRO-V1,12031,162,0,2,2,8,1,1,0.848478602965162
TRAJ-MICRO-V1,12031,163,0,2,2,8,1,1,0.888773680470378
TRAJ-MICRO-V1,12031,164,0,2,2,8,1,1,0.8438391102199232
TRAJ-MICRO-V1,12031,165,0,2,2,8,1,1,0.8274637348477752
TRAJ-MICRO-V1,12031,166,0,2,2,8,1,1,0.8157450875052428
TRAJ-MICRO-V1,12031,167,0,2,2,8,1,1,0.8541183234980222
TRAJ-MICRO-V1,12031,168,0,2,2,8,1,1,0.8232106930375866
TRAJ-MICRO-V1,12031,169,0,2,2,8,1,1,0.8459280393484501
TRAJ-MICRO-V1,12031,170,0,2,2,8,1,1,0.8546530650594958
TRAJ-MICRO-V1,12031,171,0,2,2,8,1,1,0.8218412930067528
TRAJ-MICRO-V1,12031,172,0,2,2,8,1,1,0.7951129250238433
TRAJ-MICRO-V1,12031,173,0,2,2,8,1,1,0.8723186572083069
TRAJ-MICRO-V1,12031,174,0,2,2,8,1,1,0.8209703016206854
TRAJ-MICRO-V1,12031,175,0,2,2,8,1,1,0.8423986128404053
TRAJ-MICRO-V1,12031,176,0,2,2,8,1,1,0.863186819164435
TRAJ-MICRO-V1,12031,177,0,2,2,8,1,1,0.8365742344353463
TRAJ-MICRO-V1,12031,178,0,2,2,8,1,1,0.8001644202227907
TRAJ-MICRO-V1,12031,179,0,2,2,8,1,1,0.8877508334016055
TRAJ-MICRO-V1,12031,180,0,2,2,8,1,1,0.8168323486235051
TRAJ-MICRO-V1,12031,181,0,2,2,8,1,1,0.8190890810763193
TRAJ-MICRO-V1,12031,182,0,2,2,8,1,1,0.8317564533765102
TRAJ-MICRO-V1,12031,183,0,2,2,8,1,1,0.8096831263854315
TRAJ-MICRO-V1,12031,184,0,2,2,8,1,1,0.7943138799205223
TRAJ-MICRO-V1,12031,185,0,2,2,8,1,1,0.7923398027450741
TRAJ-MICRO-V1,12031,186,0,2,2,8,1,1,0.7649901090478665
TRAJ-MICRO-V1,12031,187,0,2,2,8,1,1,0.7522702170673072
TRAJ-MICRO-V1,12031,188,0,2,2,8,1,1,0.7851595095035595
TRAJ-MICRO-V1,12031,189,0,2,2,8,1,1,0.7899263982500537
TRAJ-MICRO-V1,12031,190,0,2,2,8,1,1,0.8229491042882058
TRAJ-MICRO-V1,12031,191,0,2,2,8,1,1,0.8453144862148132
TRAJ-MICRO-V1,12031,192,0,2,2,8,1,1,0.8217789086909347
TRAJ-MICRO-V1,12031,193,0,2,2,8,1,1,0.8728443180021327
TRAJ-MICRO-V1,12031,194,0,2,2,8,1,1,0.858943223761761
TRAJ-MICRO-V1,12031,195,0,2,2,8,1,1,0.8492167715067588
TRAJ-MICRO-V1,12031,196,0,2,2,8,1,1,0.848019402452344
TRAJ-MICRO-V1,12031,197,0,2,2,8,1,1,0.8891848918161466
TRAJ-MICRO-V1,12031,198,0,2,2,8,1,1,0.8468667326394165
TRAJ-MICRO-V1,12031,199,0,2,2,8,1,1,0.8607002700874127
TRAJ-MICRO-V1,12031,200,0,2,2,8,1,1,0.8118660318575032
TRAJ-MICRO-V1,12031,201,0,2,2,8,1,1,0.8076353669159135
TRAJ-MICRO-V1,12031,202,0,2,2,8,1,1,0.8377365198166759
TRAJ-MICRO-V1,12031,203,0,2,2,8,1,1,0.8306201247696222
TRAJ-MICRO-V1,12031,204,0,2,2,8,1,1,0.8058717794711161
TRAJ-MICRO-V1,12031,205,0,2,2,8,1,1,0.8464029459586133
TRAJ-MICRO-V1,12031,206,0,2,2,8,1,1,0.8592237886999593
TRAJ-MICRO-V1,12031,207,0,2,2,8,1,1,0.8085031579310755
TRAJ-MICRO-V1,12031,208,0,2,2,8,1,1,0.8462692139201274
TRAJ-MICRO-V1,12031,209,0,2,2,8,1,1,0.8847164752087133
TRAJ-MICRO-V1,12031,210,0,2,2,8,1,1,0.8552346275394183
TRAJ-MICRO-V1,12031,211,0,2,2,8,1,1,0.8414822233444511
TRAJ-MICRO-V1,12031,212,0,2,2,8,1,1,0.8481815278509055
TRAJ-MICRO-V1,12031,213,0,2,2,8,1,1,0.8362046842579565
TRAJ-MICRO-V1,12031,214,0,2,2,8,1,1,0.8387082648636952
TRAJ-MICRO-V1,12031,215,0,2,2,8,1,1,0.8205625320357666
TRAJ-MICRO-V1,12031,216,0,2,2,8,1,1,0.7699107425776057
TRAJ-MICRO-V1,12031,217,0,2,2,8,1,1,0.8490782189119839
TRAJ-MICRO-V1,12031,218,0,2,2,8,1,1,0.869777888852811
TRAJ-MICRO-V1,12031,219,0,2,2,8,1,1,0.8509202664240577
TRAJ-MICRO-V1,12031,220,0,2,2,8,1,1,0.8473108220537097
TRAJ-MICRO-V1,12031,221,0,2,2,8,1,1,0.8529596477449473
TRAJ-MICRO-V1,12031,222,0,2,2,8,1,1,0.8274252653888519
TRAJ-MICRO-V1,12031,223,0,2,2,8,1,1,0.8464827987146971
TRAJ-MICRO-V1,12031,224,0,2,2,8,1,1,0.8562328913164922
TRAJ-MICRO-V1,12031,225,0,2,2,8,1,1,0.8324126354125329
TRAJ-MICRO-V1,12031,226,0,2,2,8,1,1,0.8383676994048268
TRAJ-MICRO-V1,12031,227,0,2,2,8,1,1,0.8364011732209933
TRAJ-MICRO-V1,12031,228,0,2,2,8,1,1,0.8239071314861527
TRAJ-MICRO-V1,12031,229,0,2,2,8,1,1,0.8016408231511568
TRAJ-MICRO-V1,12031,230,0,2,2,8,1,1,0.8358617141105471
TRAJ-MICRO-V1,12031,231,0,2,2,8,1,1,0.8250465990250588
TRAJ-MICRO-V1,12031,232,0,2,2,8,1,1,0.8850692720479344
TRAJ-MICRO-V1,12031,233,0,2,2,8,1,1,0.8712864714187438
TRAJ-MICRO-V1,12031,234,0,2,2,8,1,1,0.8760072050754137
TRAJ-MICRO-V1,12031,235,0,2,2,8,1,1,0.8682728640990472
TRAJ-MICRO-V1,12031,236,0,2,2,8,1,1,0.8835298121202062
TRAJ-MICRO-V1,12031,237,0,2,2,8,1,1,0.8368060918169489
TRAJ-MICRO-V1,12031,238,0,2,2,8,1,1,0.846929727554394
TRAJ-MICRO-V1,12031,239,0,2,2,8,1,1,0.8249042934190447
TRAJ-MICRO-V1,12031,240,0,2,2,8,1,1,0.7753147834947554
TRAJ-MICRO-V1,12037,1,0,2,2,8,1,1,0.7922293473355541
TRAJ-MICRO-V1,12037,2,0,2,2,8,1,1,0.7883382615502587
TRAJ-MICRO-V1,12037,3,0,2,2,8,1,1,0.8202528757153144
TRAJ-MICRO-V1,12037,4,0,2,2,8,1,1,0.8179437299092739
TRAJ-MICRO-V1,12037,5,0,2,2,8,1,1,0.8493713413581058
TRAJ-MICRO-V1,12037,6,0,2,2,8,1,1,0.8452877821391593
TRAJ-MICRO-V1,12037,7,0,2,2,8,1,1,0.8173803114267317
TRAJ-MICRO-V1,12037,8,0,2,2,8,1,1,0.8194927255301944
TRAJ-MICRO-V1,12037,9,0,2,2,8,1,1,0.8637029091189833
TRAJ-MICRO-V1,12037,10,0,2,2,8,1,1,0.8347932999765808
TRAJ-MICRO-V1,12037,11,0,2,2,8,1,1,0.7702537693381446
TRAJ-MICRO-V1,12037,12,0,2,2,8,1,1,0.8507689567320195
TRAJ-MICRO-V1,12037,13,0,2,2,8,1,1,0.7442436702107256
TRAJ-MICRO-V1,12037,14,0,2,2,8,1,1,0.8023537706012448
TRAJ-MICRO-V1,12037,15,0,2,2,8,1,1,0.8229779262130509
TRAJ-MICRO-V1,12037,16,0,2,2,8,1,1,0.7894193992664085
TRAJ-MICRO-V1,12037,17,0,2,2,8,1,1,0.81788079695405
TRAJ-MICRO-V1,12037,18,0,2,2,8,1,1,0.8124747553213271
TRAJ-MICRO-V1,12037,19,0,2,2,8,1,1,0.8297860882557118
TRAJ-MICRO-V1,12037,20,0,2,2,8,1,1,0.8234572850966417
TRAJ-MICRO-V1,12037,21,0,2,2,8,1,1,0.8262438405530377
TRAJ-MICRO-V1,12037,22,0,2,2,8,1,1,0.7830166356417024
TRAJ-MICRO-V1,12037,23,0,2,2,8,1,1,0.8200826867847144
TRAJ-MICRO-V1,12037,24,0,2,2,8,1,1,0.7930281811956261
TRAJ-MICRO-V1,12037,25,0,2,2,8,1,1,0.787041770651614
TRAJ-MICRO-V1,12037,26,0,2,2,8,1,1,0.7921259277999382
TRAJ-MICRO-V1,12037,27,0,2,2,8,1,1,0.7531856463498119
TRAJ-MICRO-V1,12037,28,0,2,2,8,1,1,0.7736080379840725
TRAJ-MICRO-V1,12037,29,0,2,2,8,1,1,0.7909782968711078
TRAJ-MICRO-V1,12037,30,0,2,2,8,1,1,0.7684833273908462
TRAJ-MICRO-V1,12037,31,0,2,2,8,1,1,0.777050781659876
TRAJ-MICRO-V1,12037,32,0,2,2,8,1,1,0.7916888872733667
TRAJ-MICRO-V1,12037,33,0,2,2,8,1,1,0.7918912583653941
TRAJ-MICRO-V1,12037,34,0,2,2,8,1,1,0.7833583725235065
TRAJ-MICRO-V1,12037,35,0,2,2,8,1,1,0.865698489881024
TRAJ-MICRO-V1,12037,36,0,2,2,8,1,1,0.8132320835184668
TRAJ-MICRO-V1,12037,37,0,2,2,8,1,1,0.8436790574139639
TRAJ-MICRO-V1,12037,38,0,2,2,8,1,1,0.8251983575380011
TRAJ-MICRO-V1,12037,39,0,2,2,8,1,1,0.8122450522051954
TRAJ-MICRO-V1,12037,40,0,2,2,8,1,1,0.8214066201798413
TRAJ-MICRO-V1,12037,41,0,2,2,8,1,1,0.8199804900742864
TRAJ-MICRO-V1,12037,42,0,2,2,8,1,1,0.8036235711387484
TRAJ-MICRO-V1,12037,43,0,2,2,8,1,1,0.8234119770448612
TRAJ-MICRO-V1,12037,44,0,2,2,8,1,1,0.8472705878364498
TRAJ-MICRO-V1,12037,45,0,2,2,8,1,1,0.8592409641303818
TRAJ-MICRO-V1,12037,46,0,2,2,8,1,1,0.868014952701966
TRAJ-MICRO-V1,12037,47,0,2,2,8,1,1,0.8929551419766846
TRAJ-MICRO-V1,12037,48,0,2,2,8,1,1,0.854683814983167
TRAJ-MICRO-V1,12037,49,0,2,2,8,1,1,0.86261938873012
TRAJ-MICRO-V1,12037,50,0,2,2,8,1,1,0.8294903016152992
TRAJ-MICRO-V1,12037,51,0,2,2,8,1,1,0.848169497714403
TRAJ-MICRO-V1,12037,52,0,2,2,8,1,1,0.8432826985177511
TRAJ-MICRO-V1,12037,53,0,2,2,8,1,1,0.8150436683212103
TRAJ-MICRO-V1,12037,54,0,2,2,8,1,1,0.8005251320110047
TRAJ-MICRO-V1,12037,55,0,2,2,8,1,1,0.7834684188794843
TRAJ-MICRO-V1,12037,56,0,2,2,8,1,1,0.8057849509690722
TRAJ-MICRO-V1,12037,57,0,2,2,8,1,1,0.7702801826047035
TRAJ-MICRO-V1,12037,58,0,2,2,8,1,1,0.8023182174280272
TRAJ-MICRO-V1,12037,59,0,2,2,8,1,1,0.8224139141931766
TRAJ-MICRO-V1,12037,60,0,2,2,8,1,1,0.8065752881364763
TRAJ-MICRO-V1,12037,61,0,2,2,8,1,1,0.8444089745250078
TRAJ-MICRO-V1,12037,62,0,2,2,8,1,1,0.8788035321636284
TRAJ-MICRO-V1,12037,63,0,2,2,8,1,1,0.8466984823044168
TRAJ-MICRO-V1,12037,64,0,2,2,8,1,1,0.8457920002857391
TRAJ-MICRO-V1,12037,65,0,2,2,8,1,1,0.8704018317557616
TRAJ-MICRO-V1,12037,66,0,2,2,8,1,1,0.8272476425153057
TRAJ-MICRO-V1,12037,67,0,2,2,8,1,1,0.8408519452009112
TRAJ-MICRO-V1,12037,68,0,2,2,8,1,1,0.8735418111288018
TRAJ-MICRO-V1,12037,69,0,2,2,8,1,1,0.8192691653591277
TRAJ-MICRO-V1,12037,70,0,2,2,8,1,1,0.8313743054156538
TRAJ-MICRO-V1,12037,71,0,2,2,8,1,1,0.8584450143809729
TRAJ-MICRO-V1,12037,72,0,2,2,8,1,1,0.8103315736685383
TRAJ-MICRO-V1,12037,73,0,2,2,8,1,1,0.8309656619630045
TRAJ-MICRO-V1,12037,74,0,2,2,8,1,1,0.8105993082673832
TRAJ-MICRO-V1,12037,75,0,2,2,8,1,1,0.7743226201389923
TRAJ-MICRO-V1,12037,76,0,2,2,8,1,1,0.8190080089674885
TRAJ-MICRO-V1,12037,77,0,2,2,8,1,1,0.8133558168945134
TRAJ-MICRO-V1,12037,78,0,2,2,8,1,1,0.8211275947473077
TRAJ-MICRO-V1,12037,79,0,2,2,8,1,1,0.8088790262731588
TRAJ-MICRO-V1,12037,80,0,2,2,8,1,1,0.845108899698944
TRAJ-MICRO-V1,12037,81,0,2,2,8,1,1,0.8412249720645439
TRAJ-MICRO-V1,12037,82,0,2,2,8,1,1,0.8545679146718497
TRAJ-MICRO-V1,12037,83,0,2,2,8,1,1,0.8206675263709167
TRAJ-MICRO-V1,12037,84,0,2,2,8,1,1,0.8028365579488311
TRAJ-MICRO-V1,12037,85,0,2,2,8,1,1,0.8270016076623352
TRAJ-MICRO-V1,12037,86,0,2,2,8,1,1,0.8243880442383679
TRAJ-MICRO-V1,12037,87,0,2,2,8,1,1,0.8683170428600745
TRAJ-MICRO-V1,12037,88,0,2,2,8,1,1,0.89166181407037
TRAJ-MICRO-V1,12037,89,0,2,2,8,1,1,0.8452321832132137
TRAJ-MICRO-V1,12037,90,0,2,2,8,1,1,0.8238776088922919
TRAJ-MICRO-V1,12037,91,0,2,2,8,1,1,0.8091410734860048
TRAJ-MICRO-V1,12037,92,0,2,2,8,1,1,0.8320406482306465
TRAJ-MICRO-V1,12037,93,0,2,2,8,1,1,0.8248705950080042
TRAJ-MICRO-V1,12037,94,0,2,2,8,1,1,0.8424883910372002
TRAJ-MICRO-V1,12037,95,0,2,2,8,1,1,0.827265182271704
TRAJ-MICRO-V1,12037,96,0,2,2,8,1,1,0.8403073709117215
TRAJ-MICRO-V1,12037,97,0,2,2,8,1,1,0.828902138896551
TRAJ-MICRO-V1,12037,98,0,2,2,8,1,1,0.801300122863964
TRAJ-MICRO-V1,12037,99,0,2,2,8,1,1,0.7726370907706527
TRAJ-MICRO-V1,12037,100,0,2,2,8,1,1,0.8530121105180583
TRAJ-MICRO-V1,12037,101,0,2,2,8,1,1,0.8557698829449886
TRAJ-MICRO-V1,12037,102,0,2,2,8,1,1,0.8493929745426937
TRAJ-MICRO-V1,12037,103,0,2,2,8,1,1,0.8569517040411622
TRAJ-MICRO-V1,12037,104,0,2,2,8,1,1,0.8782153384326999
TRAJ-MICRO-V1,12037,105,0,2,2,8,1,1,0.8654610024431709
TRAJ-MICRO-V1,12037,106,0,2,2,8,1,1,0.8514147394988174
TRAJ-MICRO-V1,12037,107,0,2,2,8,1,1,0.8686077730074925
TRAJ-MICRO-V1,12037,108,0,2,2,8,1,1,0.8819852252886763
TRAJ-MICRO-V1,12037,109,0,2,2,8,1,1,0.8702492947326386
TRAJ-MICRO-V1,12037,110,0,2,2,8,1,1,0.8340756050262164
TRAJ-MICRO-V1,12037,111,0,2,2,8,1,1,0.8049671769802588
TRAJ-MICRO-V1,12037,112,0,2,2,8,1,1,0.799557472325946
TRAJ-MICRO-V1,12037,113,0,2,2,8,1,1,0.8089521852666139
TRAJ-MICRO-V1,12037,114,0,2,2,8,1,1,0.7646983968855812
TRAJ-MICRO-V1,12037,115,0,2,2,8,1,1,0.8325693135335414
TRAJ-MICRO-V1,12037,116,0,2,2,8,1,1,0.86081487450795
TRAJ-MICRO-V1,12037,117,0,2,2,8,1,1,0.8548307635034219
TRAJ-MICRO-V1,12037,118,0,2,2,8,1,1,0.8797073096221708
TRAJ-MICRO-V1,12037,119,0,2,2,8,1,1,0.8818626946022178
TRAJ-MICRO-V1,12037,120,0,2,2,8,1,1,0.871371501507232
TRAJ-MICRO-V1,12037,121,0,2,2,8,1,1,0.8917190992722313
TRAJ-MICRO-V1,12037,122,0,2,2,8,1,1,0.8493235377543615
TRAJ-MICRO-V1,12037,123,0,2,2,8,1,1,0.8681417585738067
TRAJ-MICRO-V1,12037,124,0,2,2,8,1,1,0.8799955560001169
TRAJ-MICRO-V1,12037,125,0,2,2,8,1,1,0.8802015422761055
TRAJ-MICRO-V1,12037,126,0,2,2,8,1,1,0.8321083750321417
TRAJ-MICRO-V1,12037,127,0,2,2,8,1,1,0.8302746472244037
TRAJ-MICRO-V1,12037,128,0,2,2,8,1,1,0.7816690755220442
TRAJ-MICRO-V1,12037,129,0,2,2,8,1,1,0.7664183945005507
TRAJ-MICRO-V1,12037,130,0,2,2,8,1,1,0.7683466269833518
TRAJ-MICRO-V1,12037,131,0,2,2,8,1,1,0.7738773239684598
TRAJ-MICRO-V1,12037,132,0,2,2,8,1,1,0.7970281022721978
TRAJ-MICRO-V1,12037,133,0,2,2,8,1,1,0.8131255562566359
TRAJ-MICRO-V1,12037,134,0,2,2,8,1,1,0.8395684863599262
TRAJ-MICRO-V1,12037,135,0,2,2,8,1,1,0.8269070029095903
TRAJ-MICRO-V1,12037,136,0,2,2,8,1,1,0.8427262901520111
TRAJ-MICRO-V1,12037,137,0,2,2,8,1,1,0.8182636773247657
TRAJ-MICRO-V1,12037,138,0,2,2,8,1,1,0.8308612251606596
TRAJ-MICRO-V1,12037,139,0,2,2,8,1,1,0.8467182086935037
TRAJ-MICRO-V1,12037,140,0,2,2,8,1,1,0.81157685146037
TRAJ-MICRO-V1,12037,141,0,2,2,8,1,1,0.8273029407647825
TRAJ-MICRO-V1,12037,142,0,2,2,8,1,1,0.803876570038621
TRAJ-MICRO-V1,12037,143,0,2,2,8,1,1,0.8376485093190102
TRAJ-MICRO-V1,12037,144,0,2,2,8,1,1,0.8168444607135013
TRAJ-MICRO-V1,12037,145,0,2,2,8,1,1,0.8408907953534681
TRAJ-MICRO-V1,12037,146,0,2,2,8,1,1,0.8434578059949513
TRAJ-MICRO-V1,12037,147,0,2,2,8,1,1,0.825400361409144
TRAJ-MICRO-V1,12037,148,0,2,2,8,1,1,0.849572741857934
TRAJ-MICRO-V1,12037,149,0,2,2,8,1,1,0.8339840533866202
TRAJ-MICRO-V1,12037,150,0,2,2,8,1,1,0.8292523443109816
TRAJ-MICRO-V1,12037,151,0,2,2,8,1,1,0.8436126256646341
TRAJ-MICRO-V1,12037,152,0,2,2,8,1,1,0.8291184791804527
TRAJ-MICRO-V1,12037,153,0,2,2,8,1,1,0.868721470482934
TRAJ-MICRO-V1,12037,154,0,2,2,8,1,1,0.8470567330778603
TRAJ-MICRO-V1,12037,155,0,2,2,8,1,1,0.8659199902374767
TRAJ-MICRO-V1,12037,156,0,2,2,8,1,1,0.8501607878290822
TRAJ-MICRO-V1,12037,157,0,2,2,8,1,1,0.8526422581195845
TRAJ-MICRO-V1,12037,158,0,2,2,8,1,1,0.8687416140685658
TRAJ-MICRO-V1,12037,159,0,2,2,8,1,1,0.8272224386988608
TRAJ-MICRO-V1,12037,160,0,2,2,8,1,1,0.8676009185398263
TRAJ-MICRO-V1,12037,161,0,2,2,8,1,1,0.8607831122411305
TRAJ-MICRO-V1,12037,162,0,2,2,8,1,1,0.8290650955509057
TRAJ-MICRO-V1,12037,163,0,2,2,8,1,1,0.8739400730229239
TRAJ-MICRO-V1,12037,164,0,2,2,8,1,1,0.8520326211657869
TRAJ-MICRO-V1,12037,165,0,2,2,8,1,1,0.8257744048633118
TRAJ-MICRO-V1,12037,166,0,2,2,8,1,1,0.8285020954284629
TRAJ-MICRO-V1,12037,167,0,2,2,8,1,1,0.8351061780834271
TRAJ-MICRO-V1,12037,168,0,2,2,8,1,1,0.8200508838411817
TRAJ-MICRO-V1,12037,169,0,2,2,8,1,1,0.8184843025653752
TRAJ-MICRO-V1,12037,170,0,2,2,8,1,1,0.8558054628766582
TRAJ-MICRO-V1,12037,171,0,2,2,8,1,1,0.8367715134204025
TRAJ-MICRO-V1,12037,172,0,2,2,8,1,1,0.8038370054872122
TRAJ-MICRO-V1,12037,173,0,2,2,8,1,1,0.8509535940238062
TRAJ-MICRO-V1,12037,174,0,2,2,8,1,1,0.8286456008066945
TRAJ-MICRO-V1,12037,175,0,2,2,8,1,1,0.8193151030429378
TRAJ-MICRO-V1,12037,176,0,2,2,8,1,1,0.8531442203156162
TRAJ-MICRO-V1,12037,177,0,2,2,8,1,1,0.8397407170953459
TRAJ-MICRO-V1,12037,178,0,2,2,8,1,1,0.7866257825427565
TRAJ-MICRO-V1,12037,179,0,2,2,8,1,1,0.8615166564675456
TRAJ-MICRO-V1,12037,180,0,2,2,8,1,1,0.8171179211361393
TRAJ-MICRO-V1,12037,181,0,2,2,8,1,1,0.8170463708020208
TRAJ-MICRO-V1,12037,182,0,2,2,8,1,1,0.8553521572962044
TRAJ-MICRO-V1,12037,183,0,2,2,8,1,1,0.7958521731601588
TRAJ-MICRO-V1,12037,184,0,2,2,8,1,1,0.8086018535420055
TRAJ-MICRO-V1,12037,185,0,2,2,8,1,1,0.7872935400363971
TRAJ-MICRO-V1,12037,186,0,2,2,8,1,1,0.7523076157893676
TRAJ-MICRO-V1,12037,187,0,2,2,8,1,1,0.7524764297876858
TRAJ-MICRO-V1,12037,188,0,2,2,8,1,1,0.7831595153859179
TRAJ-MICRO-V1,12037,189,0,2,2,8,1,1,0.8227262473828024
TRAJ-MICRO-V1,12037,190,0,2,2,8,1,1,0.8162744513754406
TRAJ-MICRO-V1,12037,191,0,2,2,8,1,1,0.8554028884910923
TRAJ-MICRO-V1,12037,192,0,2,2,8,1,1,0.8267558545273412
TRAJ-MICRO-V1,12037,193,0,2,2,8,1,1,0.8646038516883776
TRAJ-MICRO-V1,12037,194,0,2,2,8,1,1,0.8748697006373984
TRAJ-MICRO-V1,12037,195,0,2,2,8,1,1,0.8435784065829675
TRAJ-MICRO-V1,12037,196,0,2,2,8,1,1,0.8370550727981235
TRAJ-MICRO-V1,12037,197,0,2,2,8,1,1,0.8699633115182337
TRAJ-MICRO-V1,12037,198,0,2,2,8,1,1,0.8305761011731535
TRAJ-MICRO-V1,12037,199,0,2,2,8,1,1,0.8458032771526954
TRAJ-MICRO-V1,12037,200,0,2,2,8,1,1,0.8397128252319851
TRAJ-MICRO-V1,12037,201,0,2,2,8,1,1,0.8004669049216715
TRAJ-MICRO-V1,12037,202,0,2,2,8,1,1,0.8467129368044598
TRAJ-MICRO-V1,12037,203,0,2,2,8,1,1,0.8490597315789556
TRAJ-MICRO-V1,12037,204,0,2,2,8,1,1,0.8310315180948726
TRAJ-MICRO-V1,12037,205,0,2,2,8,1,1,0.8154694387529906
TRAJ-MICRO-V1,12037,206,0,2,2,8,1,1,0.8542857336789902
TRAJ-MICRO-V1,12037,207,0,2,2,8,1,1,0.852036504624346
TRAJ-MICRO-V1,12037,208,0,2,2,8,1,1,0.8365237473181566
TRAJ-MICRO-V1,12037,209,0,2,2,8,1,1,0.8710998105364363
TRAJ-MICRO-V1,12037,210,0,2,2,8,1,1,0.8635419768528286
TRAJ-MICRO-V1,12037,211,0,2,2,8,1,1,0.8349592488031415
TRAJ-MICRO-V1,12037,212,0,2,2,8,1,1,0.8596788223136037
TRAJ-MICRO-V1,12037,213,0,2,2,8,1,1,0.7994579170572159
TRAJ-MICRO-V1,12037,214,0,2,2,8,1,1,0.8148886838849241
TRAJ-MICRO-V1,12037,215,0,2,2,8,1,1,0.834884140385779
TRAJ-MICRO-V1,12037,216,0,2,2,8,1,1,0.821674619266168
TRAJ-MICRO-V1,12037,217,0,2,2,8,1,1,0.8242477760235336
TRAJ-MICRO-V1,12037,218,0,2,2,8,1,1,0.8747149144984954
TRAJ-MICRO-V1,12037,219,0,2,2,8,1,1,0.8493533344086147
TRAJ-MICRO-V1,12037,220,0,2,2,8,1,1,0.8541365577480697
TRAJ-MICRO-V1,12037,221,0,2,2,8,1,1,0.8450845744626062
TRAJ-MICRO-V1,12037,222,0,2,2,8,1,1,0.8218210427682294
TRAJ-MICRO-V1,12037,223,0,2,2,8,1,1,0.8503920501626631
TRAJ-MICRO-V1,12037,224,0,2,2,8,1,1,0.8631318507248799
TRAJ-MICRO-V1,12037,225,0,2,2,8,1,1,0.7992402631543615
TRAJ-MICRO-V1,12037,226,0,2,2,8,1,1,0.8683507509473809
TRAJ-MICRO-V1,12037,227,0,2,2,8,1,1,0.8086738163963412
TRAJ-MICRO-V1,12037,228,0,2,2,8,1,1,0.8210050773960829
TRAJ-MICRO-V1,12037,229,0,2,2,8,1,1,0.8005539338138153
TRAJ-MICRO-V1,12037,230,0,2,2,8,1,1,0.850804801111213
TRAJ-MICRO-V1,12037,231,0,2,2,8,1,1,0.8367204821245395
TRAJ-MICRO-V1,12037,232,0,2,2,8,1,1,0.8502364229877519
TRAJ-MICRO-V1,12037,233,0,2,2,8,1,1,0.8765593076227293
TRAJ-MICRO-V1,12037,234,0,2,2,8,1,1,0.8592710791765285
TRAJ-MICRO-V1,12037,235,0,2,2,8,1,1,0.8661705869739599
TRAJ-MICRO-V1,12037,236,0,2,2,8,1,1,0.8748082035679597
TRAJ-MICRO-V1,12037,237,0,2,2,8,1,1,0.8436408327789091
TRAJ-MICRO-V1,12037,238,0,2,2,8,1,1,0.8573125670078987
TRAJ-MICRO-V1,12037,239,0,2,2,8,1,1,0.8118448548110947
TRAJ-MICRO-V1,12037,240,0,2,2,8,1,1,0.801856171016899
TRAJ-MICRO-V1,12041,1,0,2,2,8,1,1,0.7875123096247242
TRAJ-MICRO-V1,12041,2,0,2,2,8,1,1,0.7772352614587743
TRAJ-MICRO-V1,12041,3,0,2,2,8,1,1,0.818144935835189
TRAJ-MICRO-V1,12041,4,0,2,2,8,1,1,0.8121038767973412
TRAJ-MICRO-V1,12041,5,0,2,2,8,1,1,0.8362046511568191
TRAJ-MICRO-V1,12041,6,0,2,2,8,1,1,0.8238475698289424
TRAJ-MICRO-V1,12041,7,0,2,2,8,1,1,0.7920506582797763
TRAJ-MICRO-V1,12041,8,0,2,2,8,1,1,0.8446989138976555
TRAJ-MICRO-V1,12041,9,0,2,2,8,1,1,0.8719167930048447
TRAJ-MICRO-V1,12041,10,0,2,2,8,1,1,0.8265144381622256
TRAJ-MICRO-V1,12041,11,0,2,2,8,1,1,0.7934333248843053
TRAJ-MICRO-V1,12041,12,0,2,2,8,1,1,0.8560159487641221
TRAJ-MICRO-V1,12041,13,0,2,2,8,1,1,0.7515522874921897
TRAJ-MICRO-V1,12041,14,0,2,2,8,1,1,0.8272704372012681
TRAJ-MICRO-V1,12041,15,0,2,2,8,1,1,0.8212411890282518
TRAJ-MICRO-V1,12041,16,0,2,2,8,1,1,0.7958567192923092
TRAJ-MICRO-V1,12041,17,0,2,2,8,1,1,0.8112043433101698
TRAJ-MICRO-V1,12041,18,0,2,2,8,1,1,0.7850082475966772
TRAJ-MICRO-V1,12041,19,0,2,2,8,1,1,0.8387348827306369
TRAJ-MICRO-V1,12041,20,0,2,2,8,1,1,0.8061827739753797
TRAJ-MICRO-V1,12041,21,0,2,2,8,1,1,0.8191812551816282
TRAJ-MICRO-V1,12041,22,0,2,2,8,1,1,0.7981894709364196
TRAJ-MICRO-V1,12041,23,0,2,2,8,1,1,0.8175899428739535
TRAJ-MICRO-V1,12041,24,0,2,2,8,1,1,0.84410319250303
TRAJ-MICRO-V1,12041,25,0,2,2,8,1,1,0.7926301672329734
TRAJ-MICRO-V1,12041,26,0,2,2,8,1,1,0.8189757987023574
TRAJ-MICRO-V1,12041,27,0,2,2,8,1,1,0.7617986168593318
TRAJ-MICRO-V1,12041,28,0,2,2,8,1,1,0.7940043217686892
TRAJ-MICRO-V1,12041,29,0,2,2,8,1,1,0.8184757325403518
TRAJ-MICRO-V1,12041,30,0,2,2,8,1,1,0.792533458888325
TRAJ-MICRO-V1,12041,31,0,2,2,8,1,1,0.7863337196690469
TRAJ-MICRO-V1,12041,32,0,2,2,8,1,1,0.8291425114888024
TRAJ-MICRO-V1,12041,33,0,2,2,8,1,1,0.7797279497405146
TRAJ-MICRO-V1,12041,34,0,2,2,8,1,1,0.8169855407403538
TRAJ-MICRO-V1,12041,35,0,2,2,8,1,1,0.8350475008508321
TRAJ-MICRO-V1,12041,36,0,2,2,8,1,1,0.8103359424653157
TRAJ-MICRO-V1,12041,37,0,2,2,8,1,1,0.8594224609309177
TRAJ-MICRO-V1,12041,38,0,2,2,8,1,1,0.8290442705112275
TRAJ-MICRO-V1,12041,39,0,2,2,8,1,1,0.8180402424138659
TRAJ-MICRO-V1,12041,40,0,2,2,8,1,1,0.8072198249163842
TRAJ-MICRO-V1,12041,41,0,2,2,8,1,1,0.7739505995049293
TRAJ-MICRO-V1,12041,42,0,2,2,8,1,1,0.8124471236421411
TRAJ-MICRO-V1,12041,43,0,2,2,8,1,1,0.8545770848560149
TRAJ-MICRO-V1,12041,44,0,2,2,8,1,1,0.8346604989261809
TRAJ-MICRO-V1,12041,45,0,2,2,8,1,1,0.8642995957908469
TRAJ-MICRO-V1,12041,46,0,2,2,8,1,1,0.8784019162895758
TRAJ-MICRO-V1,12041,47,0,2,2,8,1,1,0.8684125894300353
TRAJ-MICRO-V1,12041,48,0,2,2,8,1,1,0.831234713551835
TRAJ-MICRO-V1,12041,49,0,2,2,8,1,1,0.861062702228014
TRAJ-MICRO-V1,12041,50,0,2,2,8,1,1,0.8242892930203958
TRAJ-MICRO-V1,12041,51,0,2,2,8,1,1,0.8066359080331493
TRAJ-MICRO-V1,12041,52,0,2,2,8,1,1,0.8561244418487999
TRAJ-MICRO-V1,12041,53,0,2,2,8,1,1,0.8056396856888722
TRAJ-MICRO-V1,12041,54,0,2,2,8,1,1,0.7881358449650843
TRAJ-MICRO-V1,12041,55,0,2,2,8,1,1,0.8088140793514275
TRAJ-MICRO-V1,12041,56,0,2,2,8,1,1,0.7854569363037566
TRAJ-MICRO-V1,12041,57,0,2,2,8,1,1,0.7872944731305451
TRAJ-MICRO-V1,12041,58,0,2,2,8,1,1,0.8398909122283186
TRAJ-MICRO-V1,12041,59,0,2,2,8,1,1,0.8187147669547131
TRAJ-MICRO-V1,12041,60,0,2,2,8,1,1,0.8400954532624274
TRAJ-MICRO-V1,12041,61,0,2,2,8,1,1,0.8522043047205735
TRAJ-MICRO-V1,12041,62,0,2,2,8,1,1,0.8850680617220303
TRAJ-MICRO-V1,12041,63,0,2,2,8,1,1,0.8534558975098606
TRAJ-MICRO-V1,12041,64,0,2,2,8,1,1,0.8635494200055519
TRAJ-MICRO-V1,12041,65,0,2,2,8,1,1,0.9020203490157941
TRAJ-MICRO-V1,12041,66,0,2,2,8,1,1,0.8358607361002542
TRAJ-MICRO-V1,12041,67,0,2,2,8,1,1,0.8579811305826944
TRAJ-MICRO-V1,12041,68,0,2,2,8,1,1,0.8482942080760727
TRAJ-MICRO-V1,12041,69,0,2,2,8,1,1,0.8352231303178715
TRAJ-MICRO-V1,12041,70,0,2,2,8,1,1,0.8393875685970194
TRAJ-MICRO-V1,12041,71,0,2,2,8,1,1,0.8544284455023342
TRAJ-MICRO-V1,12041,72,0,2,2,8,1,1,0.798774319966163
TRAJ-MICRO-V1,12041,73,0,2,2,8,1,1,0.8360443526327013
TRAJ-MICRO-V1,12041,74,0,2,2,8,1,1,0.812301997745322
TRAJ-MICRO-V1,12041,75,0,2,2,8,1,1,0.799316398462206
TRAJ-MICRO-V1,12041,76,0,2,2,8,1,1,0.80711900234681
TRAJ-MICRO-V1,12041,77,0,2,2,8,1,1,0.8139133751734065
TRAJ-MICRO-V1,12041,78,0,2,2,8,1,1,0.8169774825086996
TRAJ-MICRO-V1,12041,79,0,2,2,8,1,1,0.8117404914515768
TRAJ-MICRO-V1,12041,80,0,2,2,8,1,1,0.8190767460175576
TRAJ-MICRO-V1,12041,81,0,2,2,8,1,1,0.8152646076036643
TRAJ-MICRO-V1,12041,82,0,2,2,8,1,1,0.8487870094677377
TRAJ-MICRO-V1,12041,83,0,2,2,8,1,1,0.8207037718423625
TRAJ-MICRO-V1,12041,84,0,2,2,8,1,1,0.7673658152196495
TRAJ-MICRO-V1,12041,85,0,2,2,8,1,1,0.8415669812409768
TRAJ-MICRO-V1,12041,86,0,2,2,8,1,1,0.8569730753030645
TRAJ-MICRO-V1,12041,87,0,2,2,8,1,1,0.8292061251939391
TRAJ-MICRO-V1,12041,88,0,2,2,8,1,1,0.8732839579224942
TRAJ-MICRO-V1,12041,89,0,2,2,8,1,1,0.8562026821538327
TRAJ-MICRO-V1,12041,90,0,2,2,8,1,1,0.8093282482574498
TRAJ-MICRO-V1,12041,91,0,2,2,8,1,1,0.817382038550603
TRAJ-MICRO-V1,12041,92,0,2,2,8,1,1,0.838138760139637
TRAJ-MICRO-V1,12041,93,0,2,2,8,1,1,0.8233392181551162
TRAJ-MICRO-V1,12041,94,0,2,2,8,1,1,0.8364116908391649
TRAJ-MICRO-V1,12041,95,0,2,2,8,1,1,0.8433403966427843
TRAJ-MICRO-V1,12041,96,0,2,2,8,1,1,0.862577128150941
TRAJ-MICRO-V1,12041,97,0,2,2,8,1,1,0.8581856215095324
TRAJ-MICRO-V1,12041,98,0,2,2,8,1,1,0.8448462413225356
TRAJ-MICRO-V1,12041,99,0,2,2,8,1,1,0.7967726554925351
TRAJ-MICRO-V1,12041,100,0,2,2,8,1,1,0.8244224917151434
TRAJ-MICRO-V1,12041,101,0,2,2,8,1,1,0.8373262191678664
TRAJ-MICRO-V1,12041,102,0,2,2,8,1,1,0.8598293659107477
TRAJ-MICRO-V1,12041,103,0,2,2,8,1,1,0.8310318729106833
TRAJ-MICRO-V1,12041,104,0,2,2,8,1,1,0.8772773345742418
TRAJ-MICRO-V1,12041,105,0,2,2,8,1,1,0.8699502220691172
TRAJ-MICRO-V1,12041,106,0,2,2,8,1,1,0.8532358420687707
TRAJ-MICRO-V1,12041,107,0,2,2,8,1,1,0.8883136421313843
TRAJ-MICRO-V1,12041,108,0,2,2,8,1,1,0.8596271584352655
TRAJ-MICRO-V1,12041,109,0,2,2,8,1,1,0.8360504154044123
TRAJ-MICRO-V1,12041,110,0,2,2,8,1,1,0.8433959971489818
TRAJ-MICRO-V1,12041,111,0,2,2,8,1,1,0.7777873710370736
TRAJ-MICRO-V1,12041,112,0,2,2,8,1,1,0.8085974808284493
TRAJ-MICRO-V1,12041,113,0,2,2,8,1,1,0.814057710771133
TRAJ-MICRO-V1,12041,114,0,2,2,8,1,1,0.7899435817418133
TRAJ-MICRO-V1,12041,115,0,2,2,8,1,1,0.8513194741015465
TRAJ-MICRO-V1,12041,116,0,2,2,8,1,1,0.8423595045509054
TRAJ-MICRO-V1,12041,117,0,2,2,8,1,1,0.8544987269716694
TRAJ-MICRO-V1,12041,118,0,2,2,8,1,1,0.8753602275129191
TRAJ-MICRO-V1,12041,119,0,2,2,8,1,1,0.8928004560654675
TRAJ-MICRO-V1,12041,120,0,2,2,8,1,1,0.8762847914027941
TRAJ-MICRO-V1,12041,121,0,2,2,8,1,1,0.8794124935366656
TRAJ-MICRO-V1,12041,122,0,2,2,8,1,1,0.9319870239769219
TRAJ-MICRO-V1,12041,123,0,2,2,8,1,1,0.8961481839881412
TRAJ-MICRO-V1,12041,124,0,2,2,8,1,1,0.8526506925095815
TRAJ-MICRO-V1,12041,125,0,2,2,8,1,1,0.8810723558832525
TRAJ-MICRO-V1,12041,126,0,2,2,8,1,1,0.8594007615943474
TRAJ-MICRO-V1,12041,127,0,2,2,8,1,1,0.8252969116146027
TRAJ-MICRO-V1,12041,128,0,2,2,8,1,1,0.7838972894392142
TRAJ-MICRO-V1,12041,129,0,2,2,8,1,1,0.7672992023590943
TRAJ-MICRO-V1,12041,130,0,2,2,8,1,1,0.7734593993638185
TRAJ-MICRO-V1,12041,131,0,2,2,8,1,1,0.7669510388713775
TRAJ-MICRO-V1,12041,132,0,2,2,8,1,1,0.7879823211568088
TRAJ-MICRO-V1,12041,133,0,2,2,8,1,1,0.812483675773345
TRAJ-MICRO-V1,12041,134,0,2,2,8,1,1,0.8091254545747544
TRAJ-MICRO-V1,12041,135,0,2,2,8,1,1,0.8140652192460726
TRAJ-MICRO-V1,12041,136,0,2,2,8,1,1,0.7709034691954025
TRAJ-MICRO-V1,12041,137,0,2,2,8,1,1,0.8423518402879907
TRAJ-MICRO-V1,12041,138,0,2,2,8,1,1,0.8180116478123449
TRAJ-MICRO-V1,12041,139,0,2,2,8,1,1,0.8317311826137217
TRAJ-MICRO-V1,12041,140,0,2,2,8,1,1,0.8073102235255973
TRAJ-MICRO-V1,12041,141,0,2,2,8,1,1,0.8132525022997923
TRAJ-MICRO-V1,12041,142,0,2,2,8,1,1,0.7954525038818531
TRAJ-MICRO-V1,12041,143,0,2,2,8,1,1,0.8407701294407716
TRAJ-MICRO-V1,12041,144,0,2,2,8,1,1,0.8042456342795095
TRAJ-MICRO-V1,12041,145,0,2,2,8,1,1,0.8237101152137212
TRAJ-MICRO-V1,12041,146,0,2,2,8,1,1,0.8191103070203613
TRAJ-MICRO-V1,12041,147,0,2,2,8,1,1,0.8393220088798414
TRAJ-MICRO-V1,12041,148,0,2,2,8,1,1,0.8551716235480481
TRAJ-MICRO-V1,12041,149,0,2,2,8,1,1,0.8142027034533916
TRAJ-MICRO-V1,12041,150,0,2,2,8,1,1,0.8230634840953308
TRAJ-MICRO-V1,12041,151,0,2,2,8,1,1,0.8534501272332541
TRAJ-MICRO-V1,12041,152,0,2,2,8,1,1,0.8441255917590279
TRAJ-MICRO-V1,12041,153,0,2,2,8,1,1,0.8447054049532507
TRAJ-MICRO-V1,12041,154,0,2,2,8,1,1,0.8536165180577533
TRAJ-MICRO-V1,12041,155,0,2,2,8,1,1,0.8586282388100344
TRAJ-MICRO-V1,12041,156,0,2,2,8,1,1,0.8751216797951828
TRAJ-MICRO-V1,12041,157,0,2,2,8,1,1,0.8745161634805088
TRAJ-MICRO-V1,12041,158,0,2,2,8,1,1,0.8644282854494191
TRAJ-MICRO-V1,12041,159,0,2,2,8,1,1,0.8275596125202669
TRAJ-MICRO-V1,12041,160,0,2,2,8,1,1,0.8788486282908133
TRAJ-MICRO-V1,12041,161,0,2,2,8,1,1,0.8568343717966738
TRAJ-MICRO-V1,12041,162,0,2,2,8,1,1,0.8320200958781211
TRAJ-MICRO-V1,12041,163,0,2,2,8,1,1,0.8642923821848408
TRAJ-MICRO-V1,12041,164,0,2,2,8,1,1,0.8500583822199845
TRAJ-MICRO-V1,12041,165,0,2,2,8,1,1,0.8034236809398267
TRAJ-MICRO-V1,12041,166,0,2,2,8,1,1,0.8509044768872456
TRAJ-MICRO-V1,12041,167,0,2,2,8,1,1,0.8200025568283645
TRAJ-MICRO-V1,12041,168,0,2,2,8,1,1,0.8494609344539228
TRAJ-MICRO-V1,12041,169,0,2,2,8,1,1,0.8316248089592144
TRAJ-MICRO-V1,12041,170,0,2,2,8,1,1,0.8139698482171372
TRAJ-MICRO-V1,12041,171,0,2,2,8,1,1,0.8134391747333977
TRAJ-MICRO-V1,12041,172,0,2,2,8,1,1,0.8377965449871854
TRAJ-MICRO-V1,12041,173,0,2,2,8,1,1,0.8566053338762607
TRAJ-MICRO-V1,12041,174,0,2,2,8,1,1,0.8173216349636613
TRAJ-MICRO-V1,12041,175,0,2,2,8,1,1,0.8461986812696106
TRAJ-MICRO-V1,12041,176,0,2,2,8,1,1,0.8951682173258796
TRAJ-MICRO-V1,12041,177,0,2,2,8,1,1,0.8243355246274328
TRAJ-MICRO-V1,12041,178,0,2,2,8,1,1,0.8036028828778485
TRAJ-MICRO-V1,12041,179,0,2,2,8,1,1,0.8719144751136396
TRAJ-MICRO-V1,12041,180,0,2,2,8,1,1,0.8173066816074348
TRAJ-MICRO-V1,12041,181,0,2,2,8,1,1,0.8452230798994941
TRAJ-MICRO-V1,12041,182,0,2,2,8,1,1,0.8471676773992336
TRAJ-MICRO-V1,12041,183,0,2,2,8,1,1,0.79851631809965
TRAJ-MICRO-V1,12041,184,0,2,2,8,1,1,0.794178512183162
TRAJ-MICRO-V1,12041,185,0,2,2,8,1,1,0.7777977662328911
TRAJ-MICRO-V1,12041,186,0,2,2,8,1,1,0.7240494707157895
TRAJ-MICRO-V1,12041,187,0,2,2,8,1,1,0.7720644444995043
TRAJ-MICRO-V1,12041,188,0,2,2,8,1,1,0.7787696374818626
TRAJ-MICRO-V1,12041,189,0,2,2,8,1,1,0.7980835623648846
TRAJ-MICRO-V1,12041,190,0,2,2,8,1,1,0.8326480522587343
TRAJ-MICRO-V1,12041,191,0,2,2,8,1,1,0.8810724647858378
TRAJ-MICRO-V1,12041,192,0,2,2,8,1,1,0.8374028041031227
TRAJ-MICRO-V1,12041,193,0,2,2,8,1,1,0.8524706530215869
TRAJ-MICRO-V1,12041,194,0,2,2,8,1,1,0.88605049094653
TRAJ-MICRO-V1,12041,195,0,2,2,8,1,1,0.856930322614744
TRAJ-MICRO-V1,12041,196,0,2,2,8,1,1,0.8650143597494621
TRAJ-MICRO-V1,12041,197,0,2,2,8,1,1,0.873290761645902
TRAJ-MICRO-V1,12041,198,0,2,2,8,1,1,0.850481307389146
TRAJ-MICRO-V1,12041,199,0,2,2,8,1,1,0.8614320020153041
TRAJ-MICRO-V1,12041,200,0,2,2,8,1,1,0.8452981795331231
TRAJ-MICRO-V1,12041,201,0,2,2,8,1,1,0.8164608342556419
TRAJ-MICRO-V1,12041,202,0,2,2,8,1,1,0.8245570730712533
TRAJ-MICRO-V1,12041,203,0,2,2,8,1,1,0.8390995092223732
TRAJ-MICRO-V1,12041,204,0,2,2,8,1,1,0.8128365111666532
TRAJ-MICRO-V1,12041,205,0,2,2,8,1,1,0.8495595649966501
TRAJ-MICRO-V1,12041,206,0,2,2,8,1,1,0.8356862277327108
TRAJ-MICRO-V1,12041,207,0,2,2,8,1,1,0.8440751320219878
TRAJ-MICRO-V1,12041,208,0,2,2,8,1,1,0.8673182056621862
TRAJ-MICRO-V1,12041,209,0,2,2,8,1,1,0.8720063704529056
TRAJ-MICRO-V1,12041,210,0,2,2,8,1,1,0.8635313564853613
TRAJ-MICRO-V1,12041,211,0,2,2,8,1,1,0.8451752526086006
TRAJ-MICRO-V1,12041,212,0,2,2,8,1,1,0.8755335927265477
TRAJ-MICRO-V1,12041,213,0,2,2,8,1,1,0.8147104538808888
TRAJ-MICRO-V1,12041,214,0,2,2,8,1,1,0.8050892831175104
TRAJ-MICRO-V1,12041,215,0,2,2,8,1,1,0.8466392610967258
TRAJ-MICRO-V1,12041,216,0,2,2,8,1,1,0.799084091215531
TRAJ-MICRO-V1,12041,217,0,2,2,8,1,1,0.8209615939197412
TRAJ-MICRO-V1,12041,218,0,2,2,8,1,1,0.8462857668245533
TRAJ-MICRO-V1,12041,219,0,2,2,8,1,1,0.8635248402814297
TRAJ-MICRO-V1,12041,220,0,2,2,8,1,1,0.8677061410158192
TRAJ-MICRO-V1,12041,221,0,2,2,8,1,1,0.8551081880843716
TRAJ-MICRO-V1,12041,222,0,2,2,8,1,1,0.815329952692261
TRAJ-MICRO-V1,12041,223,0,2,2,8,1,1,0.8515714849465017
TRAJ-MICRO-V1,12041,224,0,2,2,8,1,1,0.839226644654851
TRAJ-MICRO-V1,12041,225,0,2,2,8,1,1,0.8177142251278533
TRAJ-MICRO-V1,12041,226,0,2,2,8,1,1,0.8436187678300178
TRAJ-MICRO-V1,12041,227,0,2,2,8,1,1,0.8345380166318975
TRAJ-MICRO-V1,12041,228,0,2,2,8,1,1,0.834505900945916
TRAJ-MICRO-V1,12041,229,0,2,2,8,1,1,0.8028259660108398
TRAJ-MICRO-V1,12041,230,0,2,2,8,1,1,0.8498088592289603
TRAJ-MICRO-V1,12041,231,0,2,2,8,1,1,0.8560998276416021
TRAJ-MICRO-V1,12041,232,0,2,2,8,1,1,0.8739427099594453
TRAJ-MICRO-V1,12041,233,0,2,2,8,1,1,0.8485114997474524
TRAJ-MICRO-V1,12041,234,0,2,2,8,1,1,0.8749224281780781
TRAJ-MICRO-V1,12041,235,0,2,2,8,1,1,0.8816101066563291
TRAJ-MICRO-V1,12041,236,0,2,2,8,1,1,0.8728701508042913
TRAJ-MICRO-V1,12041,237,0,2,2,8,1,1,0.8135221410437491
TRAJ-MICRO-V1,12041,238,0,2,2,8,1,1,0.8342101416777743
TRAJ-MICRO-V1,12041,239,0,2,2,8,1,1,0.824620531629726
TRAJ-MICRO-V1,12041,240,0,2,2,8,1,1,0.8148805494837282
TRAJ-MICRO-V1,12043,1,0,2,2,8,1,1,0.7755052295494986
TRAJ-MICRO-V1,12043,2,0,2,2,8,1,1,0.8057282063470026
TRAJ-MICRO-V1,12043,3,0,2,2,8,1,1,0.8080186280005441
TRAJ-MICRO-V1,12043,4,0,2,2,8,1,1,0.8161293474831731
TRAJ-MICRO-V1,12043,5,0,2,2,8,1,1,0.863676213260966
TRAJ-MICRO-V1,12043,6,0,2,2,8,1,1,0.8125001326540937
TRAJ-MICRO-V1,12043,7,0,2,2,8,1,1,0.7888486680588046
TRAJ-MICRO-V1,12043,8,0,2,2,8,1,1,0.813162941880479
TRAJ-MICRO-V1,12043,9,0,2,2,8,1,1,0.8428972598923704
TRAJ-MICRO-V1,12043,10,0,2,2,8,1,1,0.8229155887021377
TRAJ-MICRO-V1,12043,11,0,2,2,8,1,1,0.8011783655725722
TRAJ-MICRO-V1,12043,12,0,2,2,8,1,1,0.8480296921200694
TRAJ-MICRO-V1,12043,13,0,2,2,8,1,1,0.7412634119377653
TRAJ-MICRO-V1,12043,14,0,2,2,8,1,1,0.7916104383786029
TRAJ-MICRO-V1,12043,15,0,2,2,8,1,1,0.836590395822664
TRAJ-MICRO-V1,12043,16,0,2,2,8,1,1,0.7940779767986113
TRAJ-MICRO-V1,12043,17,0,2,2,8,1,1,0.7870507727879926
TRAJ-MICRO-V1,12043,18,0,2,2,8,1,1,0.780999010138571
TRAJ-MICRO-V1,12043,19,0,2,2,8,1,1,0.8217027551276166
TRAJ-MICRO-V1,12043,20,0,2,2,8,1,1,0.8297849878091544
TRAJ-MICRO-V1,12043,21,0,2,2,8,1,1,0.8244744736022057
TRAJ-MICRO-V1,12043,22,0,2,2,8,1,1,0.7871645785607718
TRAJ-MICRO-V1,12043,23,0,2,2,8,1,1,0.8246956740700075
TRAJ-MICRO-V1,12043,24,0,2,2,8,1,1,0.8416760686596211
TRAJ-MICRO-V1,12043,25,0,2,2,8,1,1,0.8024934072549692
TRAJ-MICRO-V1,12043,26,0,2,2,8,1,1,0.8055532835537547
TRAJ-MICRO-V1,12043,27,0,2,2,8,1,1,0.742661402466763
TRAJ-MICRO-V1,12043,28,0,2,2,8,1,1,0.788883438496207
TRAJ-MICRO-V1,12043,29,0,2,2,8,1,1,0.8028260500252008
TRAJ-MICRO-V1,12043,30,0,2,2,8,1,1,0.7867400939572958
TRAJ-MICRO-V1,12043,31,0,2,2,8,1,1,0.8034139050525121
TRAJ-MICRO-V1,12043,32,0,2,2,8,1,1,0.8500212453980768
TRAJ-MICRO-V1,12043,33,0,2,2,8,1,1,0.7716442533952574
TRAJ-MICRO-V1,12043,34,0,2,2,8,1,1,0.8117081278469662
TRAJ-MICRO-V1,12043,35,0,2,2,8,1,1,0.8394105275843075
TRAJ-MICRO-V1,12043,36,0,2,2,8,1,1,0.7933823156232566
TRAJ-MICRO-V1,12043,37,0,2,2,8,1,1,0.8368040437077581
TRAJ-MICRO-V1,12043,38,0,2,2,8,1,1,0.825106864861074
TRAJ-MICRO-V1,12043,39,0,2,2,8,1,1,0.7916144528696125
TRAJ-MICRO-V1,12043,40,0,2,2,8,1,1,0.8185284222835715
TRAJ-MICRO-V1,12043,41,0,2,2,8,1,1,0.811750691085655
TRAJ-MICRO-V1,12043,42,0,2,2,8,1,1,0.7970086642304409
TRAJ-MICRO-V1,12043,43,0,2,2,8,1,1,0.8536823624262228
TRAJ-MICRO-V1,12043,44,0,2,2,8,1,1,0.8886953362653521
TRAJ-MICRO-V1,12043,45,0,2,2,8,1,1,0.8544289432278717
TRAJ-MICRO-V1,12043,46,0,2,2,8,1,1,0.8640979522335276
TRAJ-MICRO-V1,12043,47,0,2,2,8,1,1,0.9012626425300398
TRAJ-MICRO-V1,12043,48,0,2,2,8,1,1,0.8199114936426943
TRAJ-MICRO-V1,12043,49,0,2,2,8,1,1,0.8817999495238967
TRAJ-MICRO-V1,12043,50,0,2,2,8,1,1,0.8322499583575681
TRAJ-MICRO-V1,12043,51,0,2,2,8,1,1,0.8259247938480827
TRAJ-MICRO-V1,12043,52,0,2,2,8,1,1,0.8383871324434152
TRAJ-MICRO-V1,12043,53,0,2,2,8,1,1,0.8381884810468208
TRAJ-MICRO-V1,12043,54,0,2,2,8,1,1,0.7965255135371461
TRAJ-MICRO-V1,12043,55,0,2,2,8,1,1,0.7965958609770355
TRAJ-MICRO-V1,12043,56,0,2,2,8,1,1,0.7899139101931536
TRAJ-MICRO-V1,12043,57,0,2,2,8,1,1,0.7836667560797862
TRAJ-MICRO-V1,12043,58,0,2,2,8,1,1,0.8015702256723157
TRAJ-MICRO-V1,12043,59,0,2,2,8,1,1,0.8308298946172518
TRAJ-MICRO-V1,12043,60,0,2,2,8,1,1,0.8286181873213995
TRAJ-MICRO-V1,12043,61,0,2,2,8,1,1,0.85723305191543
TRAJ-MICRO-V1,12043,62,0,2,2,8,1,1,0.8716177000214708
TRAJ-MICRO-V1,12043,63,0,2,2,8,1,1,0.8553464252985623
TRAJ-MICRO-V1,12043,64,0,2,2,8,1,1,0.8568110504438068
TRAJ-MICRO-V1,12043,65,0,2,2,8,1,1,0.8598605140181257
TRAJ-MICRO-V1,12043,66,0,2,2,8,1,1,0.8068051541498623
TRAJ-MICRO-V1,12043,67,0,2,2,8,1,1,0.8473125246906177
TRAJ-MICRO-V1,12043,68,0,2,2,8,1,1,0.8627091579273828
TRAJ-MICRO-V1,12043,69,0,2,2,8,1,1,0.8072973733337847
TRAJ-MICRO-V1,12043,70,0,2,2,8,1,1,0.8274267782341943
TRAJ-MICRO-V1,12043,71,0,2,2,8,1,1,0.8378393240132957
TRAJ-MICRO-V1,12043,72,0,2,2,8,1,1,0.8188511567398653
TRAJ-MICRO-V1,12043,73,0,2,2,8,1,1,0.8467744289063196
TRAJ-MICRO-V1,12043,74,0,2,2,8,1,1,0.8064067187880829
TRAJ-MICRO-V1,12043,75,0,2,2,8,1,1,0.7927948799636033
TRAJ-MICRO-V1,12043,76,0,2,2,8,1,1,0.8086075257153911
TRAJ-MICRO-V1,12043,77,0,2,2,8,1,1,0.8182978021480086
TRAJ-MICRO-V1,12043,78,0,2,2,8,1,1,0.8476255545159098
TRAJ-MICRO-V1,12043,79,0,2,2,8,1,1,0.8319341575862855
TRAJ-MICRO-V1,12043,80,0,2,2,8,1,1,0.8265915341431097
TRAJ-MICRO-V1,12043,81,0,2,2,8,1,1,0.8163815336164163
TRAJ-MICRO-V1,12043,82,0,2,2,8,1,1,0.8298587506414075
TRAJ-MICRO-V1,12043,83,0,2,2,8,1,1,0.8111508632769041
TRAJ-MICRO-V1,12043,84,0,2,2,8,1,1,0.8177230561924435
TRAJ-MICRO-V1,12043,85,0,2,2,8,1,1,0.8158867698149711
TRAJ-MICRO-V1,12043,86,0,2,2,8,1,1,0.8350761562743535
TRAJ-MICRO-V1,12043,87,0,2,2,8,1,1,0.8753754598345064
TRAJ-MICRO-V1,12043,88,0,2,2,8,1,1,0.8917062137535429
TRAJ-MICRO-V1,12043,89,0,2,2,8,1,1,0.8465754254968599
TRAJ-MICRO-V1,12043,90,0,2,2,8,1,1,0.8228533844417903
TRAJ-MICRO-V1,12043,91,0,2,2,8,1,1,0.8421301765627314
TRAJ-MICRO-V1,12043,92,0,2,2,8,1,1,0.8454103219697724
TRAJ-MICRO-V1,12043,93,0,2,2,8,1,1,0.8324051108129616
TRAJ-MICRO-V1,12043,94,0,2,2,8,1,1,0.8424085984425586
TRAJ-MICRO-V1,12043,95,0,2,2,8,1,1,0.8524990432992303
TRAJ-MICRO-V1,12043,96,0,2,2,8,1,1,0.8591573221242391
TRAJ-MICRO-V1,12043,97,0,2,2,8,1,1,0.8288408628209942
TRAJ-MICRO-V1,12043,98,0,2,2,8,1,1,0.8633450680379084
TRAJ-MICRO-V1,12043,99,0,2,2,8,1,1,0.7891290475004514
TRAJ-MICRO-V1,12043,100,0,2,2,8,1,1,0.8481995948006247
TRAJ-MICRO-V1,12043,101,0,2,2,8,1,1,0.8377187476697993
TRAJ-MICRO-V1,12043,102,0,2,2,8,1,1,0.8542556907780516
TRAJ-MICRO-V1,12043,103,0,2,2,8,1,1,0.8629225019164257
TRAJ-MICRO-V1,12043,104,0,2,2,8,1,1,0.8680154608886702
TRAJ-MICRO-V1,12043,105,0,2,2,8,1,1,0.8695899468256653
TRAJ-MICRO-V1,12043,106,0,2,2,8,1,1,0.8506713870372835
TRAJ-MICRO-V1,12043,107,0,2,2,8,1,1,0.8718377196588512
TRAJ-MICRO-V1,12043,108,0,2,2,8,1,1,0.8579750310289823
TRAJ-MICRO-V1,12043,109,0,2,2,8,1,1,0.8616487783107347
TRAJ-MICRO-V1,12043,110,0,2,2,8,1,1,0.8714031450564425
TRAJ-MICRO-V1,12043,111,0,2,2,8,1,1,0.801372774243999
TRAJ-MICRO-V1,12043,112,0,2,2,8,1,1,0.8007594017044629
TRAJ-MICRO-V1,12043,113,0,2,2,8,1,1,0.7976406755741604
TRAJ-MICRO-V1,12043,114,0,2,2,8,1,1,0.7936730501457538
TRAJ-MICRO-V1,12043,115,0,2,2,8,1,1,0.8442574552359466
TRAJ-MICRO-V1,12043,116,0,2,2,8,1,1,0.8555389250477248
TRAJ-MICRO-V1,12043,117,0,2,2,8,1,1,0.8604067900105168
TRAJ-MICRO-V1,12043,118,0,2,2,8,1,1,0.8789755877911168
TRAJ-MICRO-V1,12043,119,0,2,2,8,1,1,0.8954661822876371
TRAJ-MICRO-V1,12043,120,0,2,2,8,1,1,0.8493142082736266
TRAJ-MICRO-V1,12043,121,0,2,2,8,1,1,0.8689509069861661
TRAJ-MICRO-V1,12043,122,0,2,2,8,1,1,0.8994112629252968
TRAJ-MICRO-V1,12043,123,0,2,2,8,1,1,0.851459820997268
TRAJ-MICRO-V1,12043,124,0,2,2,8,1,1,0.8673712914575361
TRAJ-MICRO-V1,12043,125,0,2,2,8,1,1,0.8652404692444738
TRAJ-MICRO-V1,12043,126,0,2,2,8,1,1,0.8416849035382917
TRAJ-MICRO-V1,12043,127,0,2,2,8,1,1,0.8071680318074258
TRAJ-MICRO-V1,12043,128,0,2,2,8,1,1,0.7714228805898908
TRAJ-MICRO-V1,12043,129,0,2,2,8,1,1,0.7507093743739858
TRAJ-MICRO-V1,12043,130,0,2,2,8,1,1,0.7853802537082546
TRAJ-MICRO-V1,12043,131,0,2,2,8,1,1,0.7670479496311533
TRAJ-MICRO-V1,12043,132,0,2,2,8,1,1,0.7777949079766733
TRAJ-MICRO-V1,12043,133,0,2,2,8,1,1,0.7994944733274291
TRAJ-MICRO-V1,12043,134,0,2,2,8,1,1,0.815258867978729
TRAJ-MICRO-V1,12043,135,0,2,2,8,1,1,0.8077563832457715
TRAJ-MICRO-V1,12043,136,0,2,2,8,1,1,0.804050925015875
TRAJ-MICRO-V1,12043,137,0,2,2,8,1,1,0.8238064187794634
TRAJ-MICRO-V1,12043,138,0,2,2,8,1,1,0.8053991301416571
TRAJ-MICRO-V1,12043,139,0,2,2,8,1,1,0.8367893260643534
TRAJ-MICRO-V1,12043,140,0,2,2,8,1,1,0.808213924001096
TRAJ-MICRO-V1,12043,141,0,2,2,8,1,1,0.852429286641518
TRAJ-MICRO-V1,12043,142,0,2,2,8,1,1,0.8170783591775702
TRAJ-MICRO-V1,12043,143,0,2,2,8,1,1,0.8340212432715131
TRAJ-MICRO-V1,12043,144,0,2,2,8,1,1,0.8045632593333114
TRAJ-MICRO-V1,12043,145,0,2,2,8,1,1,0.8422361877043032
TRAJ-MICRO-V1,12043,146,0,2,2,8,1,1,0.8357641772619375
TRAJ-MICRO-V1,12043,147,0,2,2,8,1,1,0.8319366175922376
TRAJ-MICRO-V1,12043,148,0,2,2,8,1,1,0.852767803018063
TRAJ-MICRO-V1,12043,149,0,2,2,8,1,1,0.8414830425078836
TRAJ-MICRO-V1,12043,150,0,2,2,8,1,1,0.8178350580303622
TRAJ-MICRO-V1,12043,151,0,2,2,8,1,1,0.8603089731551982
TRAJ-MICRO-V1,12043,152,0,2,2,8,1,1,0.846203187991952
TRAJ-MICRO-V1,12043,153,0,2,2,8,1,1,0.830468885594566
TRAJ-MICRO-V1,12043,154,0,2,2,8,1,1,0.8521095218354897
TRAJ-MICRO-V1,12043,155,0,2,2,8,1,1,0.8676892271791363
TRAJ-MICRO-V1,12043,156,0,2,2,8,1,1,0.8699010947330982
TRAJ-MICRO-V1,12043,157,0,2,2,8,1,1,0.8547950929683249
TRAJ-MICRO-V1,12043,158,0,2,2,8,1,1,0.8451133485665846
TRAJ-MICRO-V1,12043,159,0,2,2,8,1,1,0.8338965562089224
TRAJ-MICRO-V1,12043,160,0,2,2,8,1,1,0.8755185345918371
TRAJ-MICRO-V1,12043,161,0,2,2,8,1,1,0.8619493756779545
TRAJ-MICRO-V1,12043,162,0,2,2,8,1,1,0.8300108660036646
TRAJ-MICRO-V1,12043,163,0,2,2,8,1,1,0.8560871281408575
TRAJ-MICRO-V1,12043,164,0,2,2,8,1,1,0.8150757516390428
TRAJ-MICRO-V1,12043,165,0,2,2,8,1,1,0.8172210951029577
TRAJ-MICRO-V1,12043,166,0,2,2,8,1,1,0.8508777214379275
TRAJ-MICRO-V1,12043,167,0,2,2,8,1,1,0.8242282067319019
TRAJ-MICRO-V1,12043,168,0,2,2,8,1,1,0.8396403598107265
TRAJ-MICRO-V1,12043,169,0,2,2,8,1,1,0.8670675570635569
TRAJ-MICRO-V1,12043,170,0,2,2,8,1,1,0.8343787847751889
TRAJ-MICRO-V1,12043,171,0,2,2,8,1,1,0.8328375100897744
TRAJ-MICRO-V1,12043,172,0,2,2,8,1,1,0.8102427864759008
TRAJ-MICRO-V1,12043,173,0,2,2,8,1,1,0.8602338133720512
TRAJ-MICRO-V1,12043,174,0,2,2,8,1,1,0.8128702453103158
TRAJ-MICRO-V1,12043,175,0,2,2,8,1,1,0.8302036967873069
TRAJ-MICRO-V1,12043,176,0,2,2,8,1,1,0.8549200315967158
TRAJ-MICRO-V1,12043,177,0,2,2,8,1,1,0.8437122704952288
TRAJ-MICRO-V1,12043,178,0,2,2,8,1,1,0.821362824638501
TRAJ-MICRO-V1,12043,179,0,2,2,8,1,1,0.8578126850843288
TRAJ-MICRO-V1,12043,180,0,2,2,8,1,1,0.8490042786520525
TRAJ-MICRO-V1,12043,181,0,2,2,8,1,1,0.8289358099008547
TRAJ-MICRO-V1,12043,182,0,2,2,8,1,1,0.8383723651758123
TRAJ-MICRO-V1,12043,183,0,2,2,8,1,1,0.7926538423912258
TRAJ-MICRO-V1,12043,184,0,2,2,8,1,1,0.802720555075185
TRAJ-MICRO-V1,12043,185,0,2,2,8,1,1,0.7683169868821321
TRAJ-MICRO-V1,12043,186,0,2,2,8,1,1,0.7247942761053511
TRAJ-MICRO-V1,12043,187,0,2,2,8,1,1,0.7678641470270156
TRAJ-MICRO-V1,12043,188,0,2,2,8,1,1,0.8015143821643217
TRAJ-MICRO-V1,12043,189,0,2,2,8,1,1,0.7933947737163155
TRAJ-MICRO-V1,12043,190,0,2,2,8,1,1,0.8414626464121544
TRAJ-MICRO-V1,12043,191,0,2,2,8,1,1,0.8547577954464235
TRAJ-MICRO-V1,12043,192,0,2,2,8,1,1,0.8226819781760623
TRAJ-MICRO-V1,12043,193,0,2,2,8,1,1,0.8435591682326173
TRAJ-MICRO-V1,12043,194,0,2,2,8,1,1,0.8982704231501178
TRAJ-MICRO-V1,12043,195,0,2,2,8,1,1,0.8525347166393795
TRAJ-MICRO-V1,12043,196,0,2,2,8,1,1,0.8572269018746592
TRAJ-MICRO-V1,12043,197,0,2,2,8,1,1,0.8909958706970773
TRAJ-MICRO-V1,12043,198,0,2,2,8,1,1,0.8457621203041769
TRAJ-MICRO-V1,12043,199,0,2,2,8,1,1,0.8474047246752444
TRAJ-MICRO-V1,12043,200,0,2,2,8,1,1,0.8232088377173257
TRAJ-MICRO-V1,12043,201,0,2,2,8,1,1,0.80724483100582
TRAJ-MICRO-V1,12043,202,0,2,2,8,1,1,0.8311135193116486
TRAJ-MICRO-V1,12043,203,0,2,2,8,1,1,0.8131404545466868
TRAJ-MICRO-V1,12043,204,0,2,2,8,1,1,0.8089781706722142
TRAJ-MICRO-V1,12043,205,0,2,2,8,1,1,0.8383810585694529
TRAJ-MICRO-V1,12043,206,0,2,2,8,1,1,0.8704922191742204
TRAJ-MICRO-V1,12043,207,0,2,2,8,1,1,0.8324907197904396
TRAJ-MICRO-V1,12043,208,0,2,2,8,1,1,0.8753494549681063
TRAJ-MICRO-V1,12043,209,0,2,2,8,1,1,0.8610682804137335
TRAJ-MICRO-V1,12043,210,0,2,2,8,1,1,0.8573953810824946
TRAJ-MICRO-V1,12043,211,0,2,2,8,1,1,0.8326780287469613
TRAJ-MICRO-V1,12043,212,0,2,2,8,1,1,0.8553263979645975
TRAJ-MICRO-V1,12043,213,0,2,2,8,1,1,0.799470951598102
TRAJ-MICRO-V1,12043,214,0,2,2,8,1,1,0.8084545632508948
TRAJ-MICRO-V1,12043,215,0,2,2,8,1,1,0.8615548170379668
TRAJ-MICRO-V1,12043,216,0,2,2,8,1,1,0.7822915875731391
TRAJ-MICRO-V1,12043,217,0,2,2,8,1,1,0.8495720036508336
TRAJ-MICRO-V1,12043,218,0,2,2,8,1,1,0.8744824601690147
TRAJ-MICRO-V1,12043,219,0,2,2,8,1,1,0.8352526570482909
TRAJ-MICRO-V1,12043,220,0,2,2,8,1,1,0.8476749124621573
TRAJ-MICRO-V1,12043,221,0,2,2,8,1,1,0.8588169206658266
TRAJ-MICRO-V1,12043,222,0,2,2,8,1,1,0.8369532040772385
TRAJ-MICRO-V1,12043,223,0,2,2,8,1,1,0.84345234740044
TRAJ-MICRO-V1,12043,224,0,2,2,8,1,1,0.8304459072432152
TRAJ-MICRO-V1,12043,225,0,2,2,8,1,1,0.8403631576639101
TRAJ-MICRO-V1,12043,226,0,2,2,8,1,1,0.8680780982942137
TRAJ-MICRO-V1,12043,227,0,2,2,8,1,1,0.8446924665027233
TRAJ-MICRO-V1,12043,228,0,2,2,8,1,1,0.8224659411629309
TRAJ-MICRO-V1,12043,229,0,2,2,8,1,1,0.791508996574022
TRAJ-MICRO-V1,12043,230,0,2,2,8,1,1,0.8363635766894366
TRAJ-MICRO-V1,12043,231,0,2,2,8,1,1,0.854174380372838
TRAJ-MICRO-V1,12043,232,0,2,2,8,1,1,0.8853964229932169
TRAJ-MICRO-V1,12043,233,0,2,2,8,1,1,0.8494757253059145
TRAJ-MICRO-V1,12043,234,0,2,2,8,1,1,0.8654766499644194
TRAJ-MICRO-V1,12043,235,0,2,2,8,1,1,0.8983829124015885
TRAJ-MICRO-V1,12043,236,0,2,2,8,1,1,0.857461081550098
TRAJ-MICRO-V1,12043,237,0,2,2,8,1,1,0.8451625096000623
TRAJ-MICRO-V1,12043,238,0,2,2,8,1,1,0.8352912047245152
TRAJ-MICRO-V1,12043,239,0,2,2,8,1,1,0.8032440959992643
TRAJ-MICRO-V1,12043,240,0,2,2,8,1,1,0.810060422618311
TRAJ-MICRO-V1,12049,1,0,2,2,8,1,1,0.7643661605245592
TRAJ-MICRO-V1,12049,2,0,2,2,8,1,1,0.7773585245842218
TRAJ-MICRO-V1,12049,3,0,2,2,8,1,1,0.8137309305236883
TRAJ-MICRO-V1,12049,4,0,2,2,8,1,1,0.7951598733162588
TRAJ-MICRO-V1,12049,5,0,2,2,8,1,1,0.8850942806433195
TRAJ-MICRO-V1,12049,6,0,2,2,8,1,1,0.8132310358920463
TRAJ-MICRO-V1,12049,7,0,2,2,8,1,1,0.8189188733342341
TRAJ-MICRO-V1,12049,8,0,2,2,8,1,1,0.8348051695482723
TRAJ-MICRO-V1,12049,9,0,2,2,8,1,1,0.8732959389040914
TRAJ-MICRO-V1,12049,10,0,2,2,8,1,1,0.8139037698186019
TRAJ-MICRO-V1,12049,11,0,2,2,8,1,1,0.7903614477530357
TRAJ-MICRO-V1,12049,12,0,2,2,8,1,1,0.8791556766501338
TRAJ-MICRO-V1,12049,13,0,2,2,8,1,1,0.7523288588924231
TRAJ-MICRO-V1,12049,14,0,2,2,8,1,1,0.7711358564266997
TRAJ-MICRO-V1,12049,15,0,2,2,8,1,1,0.8022254502971168
TRAJ-MICRO-V1,12049,16,0,2,2,8,1,1,0.7876171772544577
TRAJ-MICRO-V1,12049,17,0,2,2,8,1,1,0.8190830027633464
TRAJ-MICRO-V1,12049,18,0,2,2,8,1,1,0.778661089786944
TRAJ-MICRO-V1,12049,19,0,2,2,8,1,1,0.828507609170419
TRAJ-MICRO-V1,12049,20,0,2,2,8,1,1,0.8090547797752791
TRAJ-MICRO-V1,12049,21,0,2,2,8,1,1,0.7804383756080681
TRAJ-MICRO-V1,12049,22,0,2,2,8,1,1,0.8134413263661477
TRAJ-MICRO-V1,12049,23,0,2,2,8,1,1,0.8082161662274092
TRAJ-MICRO-V1,12049,24,0,2,2,8,1,1,0.7902439171136681
TRAJ-MICRO-V1,12049,25,0,2,2,8,1,1,0.7944774108114314
TRAJ-MICRO-V1,12049,26,0,2,2,8,1,1,0.8095348710295311
TRAJ-MICRO-V1,12049,27,0,2,2,8,1,1,0.7716260962631327
TRAJ-MICRO-V1,12049,28,0,2,2,8,1,1,0.779294051006976
TRAJ-MICRO-V1,12049,29,0,2,2,8,1,1,0.8211053565609264
TRAJ-MICRO-V1,12049,30,0,2,2,8,1,1,0.7947717713548925
TRAJ-MICRO-V1,12049,31,0,2,2,8,1,1,0.792924360125875
TRAJ-MICRO-V1,12049,32,0,2,2,8,1,1,0.8479501245420531
TRAJ-MICRO-V1,12049,33,0,2,2,8,1,1,0.8021376247034977
TRAJ-MICRO-V1,12049,34,0,2,2,8,1,1,0.8233892556535742
TRAJ-MICRO-V1,12049,35,0,2,2,8,1,1,0.8485802671768798
TRAJ-MICRO-V1,12049,36,0,2,2,8,1,1,0.7790156925364069
TRAJ-MICRO-V1,12049,37,0,2,2,8,1,1,0.8506413123671743
TRAJ-MICRO-V1,12049,38,0,2,2,8,1,1,0.838873447995919
TRAJ-MICRO-V1,12049,39,0,2,2,8,1,1,0.7834739607052369
TRAJ-MICRO-V1,12049,40,0,2,2,8,1,1,0.8265380938285014
TRAJ-MICRO-V1,12049,41,0,2,2,8,1,1,0.7956688391299719
TRAJ-MICRO-V1,12049,42,0,2,2,8,1,1,0.8058942350321306
TRAJ-MICRO-V1,12049,43,0,2,2,8,1,1,0.8331060163328168
TRAJ-MICRO-V1,12049,44,0,2,2,8,1,1,0.8326090622428117
TRAJ-MICRO-V1,12049,45,0,2,2,8,1,1,0.8575495565007561
TRAJ-MICRO-V1,12049,46,0,2,2,8,1,1,0.8587284317112175
TRAJ-MICRO-V1,12049,47,0,2,2,8,1,1,0.8902357183775137
TRAJ-MICRO-V1,12049,48,0,2,2,8,1,1,0.8234746990970252
TRAJ-MICRO-V1,12049,49,0,2,2,8,1,1,0.8423790869679069
TRAJ-MICRO-V1,12049,50,0,2,2,8,1,1,0.8494889872462122
TRAJ-MICRO-V1,12049,51,0,2,2,8,1,1,0.8088051214837485
TRAJ-MICRO-V1,12049,52,0,2,2,8,1,1,0.8621269148685402
TRAJ-MICRO-V1,12049,53,0,2,2,8,1,1,0.8204182602527966
TRAJ-MICRO-V1,12049,54,0,2,2,8,1,1,0.7785977259040198
TRAJ-MICRO-V1,12049,55,0,2,2,8,1,1,0.790597878143589
TRAJ-MICRO-V1,12049,56,0,2,2,8,1,1,0.7764251644592369
TRAJ-MICRO-V1,12049,57,0,2,2,8,1,1,0.7779601962480678
TRAJ-MICRO-V1,12049,58,0,2,2,8,1,1,0.8222266548669552
TRAJ-MICRO-V1,12049,59,0,2,2,8,1,1,0.8163878896193396
TRAJ-MICRO-V1,12049,60,0,2,2,8,1,1,0.8390330111643846
TRAJ-MICRO-V1,12049,61,0,2,2,8,1,1,0.8777863838772353
TRAJ-MICRO-V1,12049,62,0,2,2,8,1,1,0.8865483318394694
TRAJ-MICRO-V1,12049,63,0,2,2,8,1,1,0.8345628014374683
TRAJ-MICRO-V1,12049,64,0,2,2,8,1,1,0.8516224798103418
TRAJ-MICRO-V1,12049,65,0,2,2,8,1,1,0.8794965305073648
TRAJ-MICRO-V1,12049,66,0,2,2,8,1,1,0.8201096500593625
TRAJ-MICRO-V1,12049,67,0,2,2,8,1,1,0.8195498356090763
TRAJ-MICRO-V1,12049,68,0,2,2,8,1,1,0.8813167679971194
TRAJ-MICRO-V1,12049,69,0,2,2,8,1,1,0.8288125312797561
TRAJ-MICRO-V1,12049,70,0,2,2,8,1,1,0.8418217804773739
TRAJ-MICRO-V1,12049,71,0,2,2,8,1,1,0.8499325955595664
TRAJ-MICRO-V1,12049,72,0,2,2,8,1,1,0.809794570695022
TRAJ-MICRO-V1,12049,73,0,2,2,8,1,1,0.8048587821370276
TRAJ-MICRO-V1,12049,74,0,2,2,8,1,1,0.7862551291716819
TRAJ-MICRO-V1,12049,75,0,2,2,8,1,1,0.7985036727769346
TRAJ-MICRO-V1,12049,76,0,2,2,8,1,1,0.7894093987394066
TRAJ-MICRO-V1,12049,77,0,2,2,8,1,1,0.8126228672111571
TRAJ-MICRO-V1,12049,78,0,2,2,8,1,1,0.8121530612285074
TRAJ-MICRO-V1,12049,79,0,2,2,8,1,1,0.8014732895020846
TRAJ-MICRO-V1,12049,80,0,2,2,8,1,1,0.8695985314388386
TRAJ-MICRO-V1,12049,81,0,2,2,8,1,1,0.848204341804771
TRAJ-MICRO-V1,12049,82,0,2,2,8,1,1,0.8385041571785208
TRAJ-MICRO-V1,12049,83,0,2,2,8,1,1,0.8052827334773532
TRAJ-MICRO-V1,12049,84,0,2,2,8,1,1,0.786843163984813
TRAJ-MICRO-V1,12049,85,0,2,2,8,1,1,0.8356984873297134
TRAJ-MICRO-V1,12049,86,0,2,2,8,1,1,0.8416453708492396
TRAJ-MICRO-V1,12049,87,0,2,2,8,1,1,0.8631154841304284
TRAJ-MICRO-V1,12049,88,0,2,2,8,1,1,0.8524221152573573
TRAJ-MICRO-V1,12049,89,0,2,2,8,1,1,0.8553440229562619
TRAJ-MICRO-V1,12049,90,0,2,2,8,1,1,0.8259389581441722
TRAJ-MICRO-V1,12049,91,0,2,2,8,1,1,0.8181126068997028
TRAJ-MICRO-V1,12049,92,0,2,2,8,1,1,0.8392708051149407
TRAJ-MICRO-V1,12049,93,0,2,2,8,1,1,0.8194609818318825
TRAJ-MICRO-V1,12049,94,0,2,2,8,1,1,0.8503863460997739
TRAJ-MICRO-V1,12049,95,0,2,2,8,1,1,0.8386249954400661
TRAJ-MICRO-V1,12049,96,0,2,2,8,1,1,0.8268380907087503
TRAJ-MICRO-V1,12049,97,0,2,2,8,1,1,0.8365024294693704
TRAJ-MICRO-V1,12049,98,0,2,2,8,1,1,0.8333790059928542
TRAJ-MICRO-V1,12049,99,0,2,2,8,1,1,0.7875023555668641
TRAJ-MICRO-V1,12049,100,0,2,2,8,1,1,0.8420930755519271
TRAJ-MICRO-V1,12049,101,0,2,2,8,1,1,0.8815518707990991
TRAJ-MICRO-V1,12049,102,0,2,2,8,1,1,0.8265493950162468
TRAJ-MICRO-V1,12049,103,0,2,2,8,1,1,0.8401964945314311
TRAJ-MICRO-V1,12049,104,0,2,2,8,1,1,0.8741329493686655
TRAJ-MICRO-V1,12049,105,0,2,2,8,1,1,0.8594962209888445
TRAJ-MICRO-V1,12049,106,0,2,2,8,1,1,0.8410408010075132
TRAJ-MICRO-V1,12049,107,0,2,2,8,1,1,0.8886063444735349
TRAJ-MICRO-V1,12049,108,0,2,2,8,1,1,0.8623656833512516
TRAJ-MICRO-V1,12049,109,0,2,2,8,1,1,0.8622482271192439
TRAJ-MICRO-V1,12049,110,0,2,2,8,1,1,0.8390940300995936
TRAJ-MICRO-V1,12049,111,0,2,2,8,1,1,0.8235667853815855
TRAJ-MICRO-V1,12049,112,0,2,2,8,1,1,0.8068573229626897
TRAJ-MICRO-V1,12049,113,0,2,2,8,1,1,0.8234755952515959
TRAJ-MICRO-V1,12049,114,0,2,2,8,1,1,0.794921602255455
TRAJ-MICRO-V1,12049,115,0,2,2,8,1,1,0.8404829485731781
TRAJ-MICRO-V1,12049,116,0,2,2,8,1,1,0.8560254944340625
TRAJ-MICRO-V1,12049,117,0,2,2,8,1,1,0.8570385537593822
TRAJ-MICRO-V1,12049,118,0,2,2,8,1,1,0.8690904761123157
TRAJ-MICRO-V1,12049,119,0,2,2,8,1,1,0.8964178455378984
TRAJ-MICRO-V1,12049,120,0,2,2,8,1,1,0.8773942916400114
TRAJ-MICRO-V1,12049,121,0,2,2,8,1,1,0.8710483214708908
TRAJ-MICRO-V1,12049,122,0,2,2,8,1,1,0.9257081184902297
TRAJ-MICRO-V1,12049,123,0,2,2,8,1,1,0.8736376793838193
TRAJ-MICRO-V1,12049,124,0,2,2,8,1,1,0.880401930446626
TRAJ-MICRO-V1,12049,125,0,2,2,8,1,1,0.855476045458172
TRAJ-MICRO-V1,12049,126,0,2,2,8,1,1,0.844261074234481
TRAJ-MICRO-V1,12049,127,0,2,2,8,1,1,0.8418962384485508
TRAJ-MICRO-V1,12049,128,0,2,2,8,1,1,0.7662161104671061
TRAJ-MICRO-V1,12049,129,0,2,2,8,1,1,0.7663172667091157
TRAJ-MICRO-V1,12049,130,0,2,2,8,1,1,0.7757191657654163
TRAJ-MICRO-V1,12049,131,0,2,2,8,1,1,0.7898832624325257
TRAJ-MICRO-V1,12049,132,0,2,2,8,1,1,0.7900923498911067
TRAJ-MICRO-V1,12049,133,0,2,2,8,1,1,0.8132130909115038
TRAJ-MICRO-V1,12049,134,0,2,2,8,1,1,0.8333646572852945
TRAJ-MICRO-V1,12049,135,0,2,2,8,1,1,0.8145849782347332
TRAJ-MICRO-V1,12049,136,0,2,2,8,1,1,0.8179982235635127
TRAJ-MICRO-V1,12049,137,0,2,2,8,1,1,0.8190246069582745
TRAJ-MICRO-V1,12049,138,0,2,2,8,1,1,0.8637260936555781
TRAJ-MICRO-V1,12049,139,0,2,2,8,1,1,0.8630152964502253
TRAJ-MICRO-V1,12049,140,0,2,2,8,1,1,0.8047416928989124
TRAJ-MICRO-V1,12049,141,0,2,2,8,1,1,0.8150394699829308
TRAJ-MICRO-V1,12049,142,0,2,2,8,1,1,0.79602135946481
TRAJ-MICRO-V1,12049,143,0,2,2,8,1,1,0.8430937093491904
TRAJ-MICRO-V1,12049,144,0,2,2,8,1,1,0.8124844155217416
TRAJ-MICRO-V1,12049,145,0,2,2,8,1,1,0.8355417237837643
TRAJ-MICRO-V1,12049,146,0,2,2,8,1,1,0.8345996977292557
TRAJ-MICRO-V1,12049,147,0,2,2,8,1,1,0.8238144444641485
TRAJ-MICRO-V1,12049,148,0,2,2,8,1,1,0.8632731499310499
TRAJ-MICRO-V1,12049,149,0,2,2,8,1,1,0.8337771697941032
TRAJ-MICRO-V1,12049,150,0,2,2,8,1,1,0.804190907109027
TRAJ-MICRO-V1,12049,151,0,2,2,8,1,1,0.857125902578627
TRAJ-MICRO-V1,12049,152,0,2,2,8,1,1,0.8620954719634639
TRAJ-MICRO-V1,12049,153,0,2,2,8,1,1,0.8517030738148077
TRAJ-MICRO-V1,12049,154,0,2,2,8,1,1,0.8505601543575568
TRAJ-MICRO-V1,12049,155,0,2,2,8,1,1,0.8716983705991542
TRAJ-MICRO-V1,12049,156,0,2,2,8,1,1,0.8592009401118561
TRAJ-MICRO-V1,12049,157,0,2,2,8,1,1,0.8789456169355088
TRAJ-MICRO-V1,12049,158,0,2,2,8,1,1,0.8567642523490804
TRAJ-MICRO-V1,12049,159,0,2,2,8,1,1,0.8195997842277978
TRAJ-MICRO-V1,12049,160,0,2,2,8,1,1,0.8736785338289461
TRAJ-MICRO-V1,12049,161,0,2,2,8,1,1,0.8608889999813341
TRAJ-MICRO-V1,12049,162,0,2,2,8,1,1,0.8515009141944653
TRAJ-MICRO-V1,12049,163,0,2,2,8,1,1,0.878938246809399
TRAJ-MICRO-V1,12049,164,0,2,2,8,1,1,0.8495622583430394
TRAJ-MICRO-V1,12049,165,0,2,2,8,1,1,0.8146955084741565
TRAJ-MICRO-V1,12049,166,0,2,2,8,1,1,0.8262241481688652
TRAJ-MICRO-V1,12049,167,0,2,2,8,1,1,0.8496167078251804
TRAJ-MICRO-V1,12049,168,0,2,2,8,1,1,0.8299002072055092
TRAJ-MICRO-V1,12049,169,0,2,2,8,1,1,0.82720384110571
TRAJ-MICRO-V1,12049,170,0,2,2,8,1,1,0.8429814213202305
TRAJ-MICRO-V1,12049,171,0,2,2,8,1,1,0.8507970554834179
TRAJ-MICRO-V1,12049,172,0,2,2,8,1,1,0.8538917146420628
TRAJ-MICRO-V1,12049,173,0,2,2,8,1,1,0.8486200121987858
TRAJ-MICRO-V1,12049,174,0,2,2,8,1,1,0.8218997963346246
TRAJ-MICRO-V1,12049,175,0,2,2,8,1,1,0.8275937316658032
TRAJ-MICRO-V1,12049,176,0,2,2,8,1,1,0.8546541129942028
TRAJ-MICRO-V1,12049,177,0,2,2,8,1,1,0.8572647289775734
TRAJ-MICRO-V1,12049,178,0,2,2,8,1,1,0.8156644150411698
TRAJ-MICRO-V1,12049,179,0,2,2,8,1,1,0.842545911720251
TRAJ-MICRO-V1,12049,180,0,2,2,8,1,1,0.8176179120878464
TRAJ-MICRO-V1,12049,181,0,2,2,8,1,1,0.7942373041537725
TRAJ-MICRO-V1,12049,182,0,2,2,8,1,1,0.843534635299888
TRAJ-MICRO-V1,12049,183,0,2,2,8,1,1,0.7621720205851887
TRAJ-MICRO-V1,12049,184,0,2,2,8,1,1,0.769303370445429
TRAJ-MICRO-V1,12049,185,0,2,2,8,1,1,0.7719537716776188
TRAJ-MICRO-V1,12049,186,0,2,2,8,1,1,0.7098733867870844
TRAJ-MICRO-V1,12049,187,0,2,2,8,1,1,0.7550512650641333
TRAJ-MICRO-V1,12049,188,0,2,2,8,1,1,0.7852218522732063
TRAJ-MICRO-V1,12049,189,0,2,2,8,1,1,0.7976187029469852
TRAJ-MICRO-V1,12049,190,0,2,2,8,1,1,0.8224252346686541
TRAJ-MICRO-V1,12049,191,0,2,2,8,1,1,0.8632284705186486
TRAJ-MICRO-V1,12049,192,0,2,2,8,1,1,0.850619619064426
TRAJ-MICRO-V1,12049,193,0,2,2,8,1,1,0.8446436487814901
TRAJ-MICRO-V1,12049,194,0,2,2,8,1,1,0.8957496044282727
TRAJ-MICRO-V1,12049,195,0,2,2,8,1,1,0.8638114953550472
TRAJ-MICRO-V1,12049,196,0,2,2,8,1,1,0.8807967543707224
TRAJ-MICRO-V1,12049,197,0,2,2,8,1,1,0.9041438782469765
TRAJ-MICRO-V1,12049,198,0,2,2,8,1,1,0.8511998365466715
TRAJ-MICRO-V1,12049,199,0,2,2,8,1,1,0.8501197378811803
TRAJ-MICRO-V1,12049,200,0,2,2,8,1,1,0.8194671133866261
TRAJ-MICRO-V1,12049,201,0,2,2,8,1,1,0.814667810294096
TRAJ-MICRO-V1,12049,202,0,2,2,8,1,1,0.808930062473175
TRAJ-MICRO-V1,12049,203,0,2,2,8,1,1,0.8454791928754501
TRAJ-MICRO-V1,12049,204,0,2,2,8,1,1,0.7854869142607024
TRAJ-MICRO-V1,12049,205,0,2,2,8,1,1,0.8329563792786978
TRAJ-MICRO-V1,12049,206,0,2,2,8,1,1,0.8536499374046331
TRAJ-MICRO-V1,12049,207,0,2,2,8,1,1,0.8522634488763415
TRAJ-MICRO-V1,12049,208,0,2,2,8,1,1,0.8985497158536171
TRAJ-MICRO-V1,12049,209,0,2,2,8,1,1,0.868444327707513
TRAJ-MICRO-V1,12049,210,0,2,2,8,1,1,0.8471857052904883
TRAJ-MICRO-V1,12049,211,0,2,2,8,1,1,0.8569855213382337
TRAJ-MICRO-V1,12049,212,0,2,2,8,1,1,0.8643552733112937
TRAJ-MICRO-V1,12049,213,0,2,2,8,1,1,0.8051954713548399
TRAJ-MICRO-V1,12049,214,0,2,2,8,1,1,0.8326462768130256
TRAJ-MICRO-V1,12049,215,0,2,2,8,1,1,0.8379283753089722
TRAJ-MICRO-V1,12049,216,0,2,2,8,1,1,0.801638082527392
TRAJ-MICRO-V1,12049,217,0,2,2,8,1,1,0.8232017231724779
TRAJ-MICRO-V1,12049,218,0,2,2,8,1,1,0.8527406865038164
TRAJ-MICRO-V1,12049,219,0,2,2,8,1,1,0.8569923749709007
TRAJ-MICRO-V1,12049,220,0,2,2,8,1,1,0.8406016149787946
TRAJ-MICRO-V1,12049,221,0,2,2,8,1,1,0.8487369446720614
TRAJ-MICRO-V1,12049,222,0,2,2,8,1,1,0.8254970899686691
TRAJ-MICRO-V1,12049,223,0,2,2,8,1,1,0.8365606246662917
TRAJ-MICRO-V1,12049,224,0,2,2,8,1,1,0.8587223504508161
TRAJ-MICRO-V1,12049,225,0,2,2,8,1,1,0.8165009502678161
TRAJ-MICRO-V1,12049,226,0,2,2,8,1,1,0.8569555773140867
TRAJ-MICRO-V1,12049,227,0,2,2,8,1,1,0.8261708171864678
TRAJ-MICRO-V1,12049,228,0,2,2,8,1,1,0.8421865031626865
TRAJ-MICRO-V1,12049,229,0,2,2,8,1,1,0.8210704404337504
TRAJ-MICRO-V1,12049,230,0,2,2,8,1,1,0.8576288558343739
TRAJ-MICRO-V1,12049,231,0,2,2,8,1,1,0.8417679234643188
TRAJ-MICRO-V1,12049,232,0,2,2,8,1,1,0.8512916055102304
TRAJ-MICRO-V1,12049,233,0,2,2,8,1,1,0.8446889897386459
TRAJ-MICRO-V1,12049,234,0,2,2,8,1,1,0.8808209675871587
TRAJ-MICRO-V1,12049,235,0,2,2,8,1,1,0.8874565554300318
TRAJ-MICRO-V1,12049,236,0,2,2,8,1,1,0.872072563972031
TRAJ-MICRO-V1,12049,237,0,2,2,8,1,1,0.8471992061124387
TRAJ-MICRO-V1,12049,238,0,2,2,8,1,1,0.8418274749715795
TRAJ-MICRO-V1,12049,239,0,2,2,8,1,1,0.8311355770009172
TRAJ-MICRO-V1,12049,240,0,2,2,8,1,1,0.8096690796665589
TRAJ-MICRO-V1,12071,1,0,2,2,8,1,1,0.7756301026493161
TRAJ-MICRO-V1,12071,2,0,2,2,8,1,1,0.7770304298463788
TRAJ-MICRO-V1,12071,3,0,2,2,8,1,1,0.8164994194199315
TRAJ-MICRO-V1,12071,4,0,2,2,8,1,1,0.7999071193624737
TRAJ-MICRO-V1,12071,5,0,2,2,8,1,1,0.8382399712068389
TRAJ-MICRO-V1,12071,6,0,2,2,8,1,1,0.8089921385912587
TRAJ-MICRO-V1,12071,7,0,2,2,8,1,1,0.8246478551525006
TRAJ-MICRO-V1,12071,8,0,2,2,8,1,1,0.7951187709709953
TRAJ-MICRO-V1,12071,9,0,2,2,8,1,1,0.865553759323679
TRAJ-MICRO-V1,12071,10,0,2,2,8,1,1,0.8108364374293363
TRAJ-MICRO-V1,12071,11,0,2,2,8,1,1,0.804647661758812
TRAJ-MICRO-V1,12071,12,0,2,2,8,1,1,0.86623810400728
TRAJ-MICRO-V1,12071,13,0,2,2,8,1,1,0.7537888424109256
TRAJ-MICRO-V1,12071,14,0,2,2,8,1,1,0.8058539815731863
TRAJ-MICRO-V1,12071,15,0,2,2,8,1,1,0.7864596062928433
TRAJ-MICRO-V1,12071,16,0,2,2,8,1,1,0.7819056910569411
TRAJ-MICRO-V1,12071,17,0,2,2,8,1,1,0.8282511657659275
TRAJ-MICRO-V1,12071,18,0,2,2,8,1,1,0.7871696819329942
TRAJ-MICRO-V1,12071,19,0,2,2,8,1,1,0.837053592357514
TRAJ-MICRO-V1,12071,20,0,2,2,8,1,1,0.8376444470730937
TRAJ-MICRO-V1,12071,21,0,2,2,8,1,1,0.8150211507013768
TRAJ-MICRO-V1,12071,22,0,2,2,8,1,1,0.7870655766821151
TRAJ-MICRO-V1,12071,23,0,2,2,8,1,1,0.8109045744456495
TRAJ-MICRO-V1,12071,24,0,2,2,8,1,1,0.817769340630692
TRAJ-MICRO-V1,12071,25,0,2,2,8,1,1,0.7750003827967566
TRAJ-MICRO-V1,12071,26,0,2,2,8,1,1,0.8050352626574203
TRAJ-MICRO-V1,12071,27,0,2,2,8,1,1,0.760606004760478
TRAJ-MICRO-V1,12071,28,0,2,2,8,1,1,0.8019902310614482
TRAJ-MICRO-V1,12071,29,0,2,2,8,1,1,0.8020858295170382
TRAJ-MICRO-V1,12071,30,0,2,2,8,1,1,0.7944385816852474
TRAJ-MICRO-V1,12071,31,0,2,2,8,1,1,0.7866435508011591
TRAJ-MICRO-V1,12071,32,0,2,2,8,1,1,0.8156370787702915
TRAJ-MICRO-V1,12071,33,0,2,2,8,1,1,0.7976578699822157
TRAJ-MICRO-V1,12071,34,0,2,2,8,1,1,0.8004905730639829
TRAJ-MICRO-V1,12071,35,0,2,2,8,1,1,0.8487557138307126
TRAJ-MICRO-V1,12071,36,0,2,2,8,1,1,0.7764509997945265
TRAJ-MICRO-V1,12071,37,0,2,2,8,1,1,0.8431397151657409
TRAJ-MICRO-V1,12071,38,0,2,2,8,1,1,0.8137125773587783
TRAJ-MICRO-V1,12071,39,0,2,2,8,1,1,0.797404445674113
TRAJ-MICRO-V1,12071,40,0,2,2,8,1,1,0.8130002352208758
TRAJ-MICRO-V1,12071,41,0,2,2,8,1,1,0.8107800619684451
TRAJ-MICRO-V1,12071,42,0,2,2,8,1,1,0.824520731611036
TRAJ-MICRO-V1,12071,43,0,2,2,8,1,1,0.8469034669337827
TRAJ-MICRO-V1,12071,44,0,2,2,8,1,1,0.8536498068098951
TRAJ-MICRO-V1,12071,45,0,2,2,8,1,1,0.8468241859420839
TRAJ-MICRO-V1,12071,46,0,2,2,8,1,1,0.8750198488496108
TRAJ-MICRO-V1,12071,47,0,2,2,8,1,1,0.9135053771686047
TRAJ-MICRO-V1,12071,48,0,2,2,8,1,1,0.8688928907482326
TRAJ-MICRO-V1,12071,49,0,2,2,8,1,1,0.8603328742991158
TRAJ-MICRO-V1,12071,50,0,2,2,8,1,1,0.8554944600240361
TRAJ-MICRO-V1,12071,51,0,2,2,8,1,1,0.8187123034187556
TRAJ-MICRO-V1,12071,52,0,2,2,8,1,1,0.8331972360895271
TRAJ-MICRO-V1,12071,53,0,2,2,8,1,1,0.8352466327712547
TRAJ-MICRO-V1,12071,54,0,2,2,8,1,1,0.8021024059490613
TRAJ-MICRO-V1,12071,55,0,2,2,8,1,1,0.7835848127146203
TRAJ-MICRO-V1,12071,56,0,2,2,8,1,1,0.8073702489736435
TRAJ-MICRO-V1,12071,57,0,2,2,8,1,1,0.7805666084044711
TRAJ-MICRO-V1,12071,58,0,2,2,8,1,1,0.807466409251445
TRAJ-MICRO-V1,12071,59,0,2,2,8,1,1,0.8354187439142492
TRAJ-MICRO-V1,12071,60,0,2,2,8,1,1,0.8380212110199404
TRAJ-MICRO-V1,12071,61,0,2,2,8,1,1,0.861381797994202
TRAJ-MICRO-V1,12071,62,0,2,2,8,1,1,0.8854075778953012
TRAJ-MICRO-V1,12071,63,0,2,2,8,1,1,0.8329640311893192
TRAJ-MICRO-V1,12071,64,0,2,2,8,1,1,0.8528399023660046
TRAJ-MICRO-V1,12071,65,0,2,2,8,1,1,0.8700168778080921
TRAJ-MICRO-V1,12071,66,0,2,2,8,1,1,0.8182023584455043
TRAJ-MICRO-V1,12071,67,0,2,2,8,1,1,0.8256912079317463
TRAJ-MICRO-V1,12071,68,0,2,2,8,1,1,0.8723071575490213
TRAJ-MICRO-V1,12071,69,0,2,2,8,1,1,0.8053353184986011
TRAJ-MICRO-V1,12071,70,0,2,2,8,1,1,0.8476790183863601
TRAJ-MICRO-V1,12071,71,0,2,2,8,1,1,0.8397711863871777
TRAJ-MICRO-V1,12071,72,0,2,2,8,1,1,0.7845315435660513
TRAJ-MICRO-V1,12071,73,0,2,2,8,1,1,0.8248071078729199
TRAJ-MICRO-V1,12071,74,0,2,2,8,1,1,0.8256444537485287
TRAJ-MICRO-V1,12071,75,0,2,2,8,1,1,0.7876839567449267
TRAJ-MICRO-V1,12071,76,0,2,2,8,1,1,0.8090570670941616
TRAJ-MICRO-V1,12071,77,0,2,2,8,1,1,0.7922349425448559
TRAJ-MICRO-V1,12071,78,0,2,2,8,1,1,0.8312090597603244
TRAJ-MICRO-V1,12071,79,0,2,2,8,1,1,0.8172976356079203
TRAJ-MICRO-V1,12071,80,0,2,2,8,1,1,0.8473016851393941
TRAJ-MICRO-V1,12071,81,0,2,2,8,1,1,0.836860782595596
TRAJ-MICRO-V1,12071,82,0,2,2,8,1,1,0.8125134078044638
TRAJ-MICRO-V1,12071,83,0,2,2,8,1,1,0.8279519615081684
TRAJ-MICRO-V1,12071,84,0,2,2,8,1,1,0.8232121276172853
TRAJ-MICRO-V1,12071,85,0,2,2,8,1,1,0.8368653647482729
TRAJ-MICRO-V1,12071,86,0,2,2,8,1,1,0.8431532367889292
TRAJ-MICRO-V1,12071,87,0,2,2,8,1,1,0.8382089189158535
TRAJ-MICRO-V1,12071,88,0,2,2,8,1,1,0.8678773973197451
TRAJ-MICRO-V1,12071,89,0,2,2,8,1,1,0.861184053382478
TRAJ-MICRO-V1,12071,90,0,2,2,8,1,1,0.8360566363361555
TRAJ-MICRO-V1,12071,91,0,2,2,8,1,1,0.8149856817679292
TRAJ-MICRO-V1,12071,92,0,2,2,8,1,1,0.852362467350993
TRAJ-MICRO-V1,12071,93,0,2,2,8,1,1,0.8126009197366709
TRAJ-MICRO-V1,12071,94,0,2,2,8,1,1,0.8336402520690018
TRAJ-MICRO-V1,12071,95,0,2,2,8,1,1,0.846864526969165
TRAJ-MICRO-V1,12071,96,0,2,2,8,1,1,0.8620413572807073
TRAJ-MICRO-V1,12071,97,0,2,2,8,1,1,0.8099661094004069
TRAJ-MICRO-V1,12071,98,0,2,2,8,1,1,0.8622778550980866
TRAJ-MICRO-V1,12071,99,0,2,2,8,1,1,0.7908024265352579
TRAJ-MICRO-V1,12071,100,0,2,2,8,1,1,0.8347559598467291
TRAJ-MICRO-V1,12071,101,0,2,2,8,1,1,0.8667199864590057
TRAJ-MICRO-V1,12071,102,0,2,2,8,1,1,0.8356670671887286
TRAJ-MICRO-V1,12071,103,0,2,2,8,1,1,0.8598931580939096
TRAJ-MICRO-V1,12071,104,0,2,2,8,1,1,0.8545877747649958
TRAJ-MICRO-V1,12071,105,0,2,2,8,1,1,0.8405331581279222
TRAJ-MICRO-V1,12071,106,0,2,2,8,1,1,0.8809396142238384
TRAJ-MICRO-V1,12071,107,0,2,2,8,1,1,0.8733538771723994
TRAJ-MICRO-V1,12071,108,0,2,2,8,1,1,0.8619256610622253
TRAJ-MICRO-V1,12071,109,0,2,2,8,1,1,0.8206645865823098
TRAJ-MICRO-V1,12071,110,0,2,2,8,1,1,0.8602918772040791
TRAJ-MICRO-V1,12071,111,0,2,2,8,1,1,0.8248204526650504
TRAJ-MICRO-V1,12071,112,0,2,2,8,1,1,0.8144102533050901
TRAJ-MICRO-V1,12071,113,0,2,2,8,1,1,0.8194010773014244
TRAJ-MICRO-V1,12071,114,0,2,2,8,1,1,0.7905101769586373
TRAJ-MICRO-V1,12071,115,0,2,2,8,1,1,0.8100852329742154
TRAJ-MICRO-V1,12071,116,0,2,2,8,1,1,0.8431268931945272
TRAJ-MICRO-V1,12071,117,0,2,2,8,1,1,0.8560114457154582
TRAJ-MICRO-V1,12071,118,0,2,2,8,1,1,0.8728572061193053
TRAJ-MICRO-V1,12071,119,0,2,2,8,1,1,0.8813043707309727
TRAJ-MICRO-V1,12071,120,0,2,2,8,1,1,0.8604293591683809
TRAJ-MICRO-V1,12071,121,0,2,2,8,1,1,0.8894183755033107
TRAJ-MICRO-V1,12071,122,0,2,2,8,1,1,0.9065366241391124
TRAJ-MICRO-V1,12071,123,0,2,2,8,1,1,0.8628752930997539
TRAJ-MICRO-V1,12071,124,0,2,2,8,1,1,0.8368288806692752
TRAJ-MICRO-V1,12071,125,0,2,2,8,1,1,0.8750970404288263
TRAJ-MICRO-V1,12071,126,0,2,2,8,1,1,0.8298522209703931
TRAJ-MICRO-V1,12071,127,0,2,2,8,1,1,0.8105989045358466
TRAJ-MICRO-V1,12071,128,0,2,2,8,1,1,0.7729107034405429
TRAJ-MICRO-V1,12071,129,0,2,2,8,1,1,0.7698282886190118
TRAJ-MICRO-V1,12071,130,0,2,2,8,1,1,0.7746544047438777
TRAJ-MICRO-V1,12071,131,0,2,2,8,1,1,0.7703121247497338
TRAJ-MICRO-V1,12071,132,0,2,2,8,1,1,0.7880559739915031
TRAJ-MICRO-V1,12071,133,0,2,2,8,1,1,0.8328341395934715
TRAJ-MICRO-V1,12071,134,0,2,2,8,1,1,0.8353275245147899
TRAJ-MICRO-V1,12071,135,0,2,2,8,1,1,0.7979227664784324
TRAJ-MICRO-V1,12071,136,0,2,2,8,1,1,0.8446494054232044
TRAJ-MICRO-V1,12071,137,0,2,2,8,1,1,0.8161502800410306
TRAJ-MICRO-V1,12071,138,0,2,2,8,1,1,0.8222613996400705
TRAJ-MICRO-V1,12071,139,0,2,2,8,1,1,0.8479085709490322
TRAJ-MICRO-V1,12071,140,0,2,2,8,1,1,0.8073827427567001
TRAJ-MICRO-V1,12071,141,0,2,2,8,1,1,0.8120736836071305
TRAJ-MICRO-V1,12071,142,0,2,2,8,1,1,0.7918262763497691
TRAJ-MICRO-V1,12071,143,0,2,2,8,1,1,0.8449627900152568
TRAJ-MICRO-V1,12071,144,0,2,2,8,1,1,0.8132934021986548
TRAJ-MICRO-V1,12071,145,0,2,2,8,1,1,0.8590166894893052
TRAJ-MICRO-V1,12071,146,0,2,2,8,1,1,0.8540849488206966
TRAJ-MICRO-V1,12071,147,0,2,2,8,1,1,0.8422368658129922
TRAJ-MICRO-V1,12071,148,0,2,2,8,1,1,0.8523557263701828
TRAJ-MICRO-V1,12071,149,0,2,2,8,1,1,0.8401707794783287
TRAJ-MICRO-V1,12071,150,0,2,2,8,1,1,0.8018905877990732
TRAJ-MICRO-V1,12071,151,0,2,2,8,1,1,0.8750858945596192
TRAJ-MICRO-V1,12071,152,0,2,2,8,1,1,0.8320354060775199
TRAJ-MICRO-V1,12071,153,0,2,2,8,1,1,0.871291427727696
TRAJ-MICRO-V1,12071,154,0,2,2,8,1,1,0.8401017793966692
TRAJ-MICRO-V1,12071,155,0,2,2,8,1,1,0.8660661353052429
TRAJ-MICRO-V1,12071,156,0,2,2,8,1,1,0.8478507056997691
TRAJ-MICRO-V1,12071,157,0,2,2,8,1,1,0.8570726188628974
TRAJ-MICRO-V1,12071,158,0,2,2,8,1,1,0.8202637723011412
TRAJ-MICRO-V1,12071,159,0,2,2,8,1,1,0.8549079275567179
TRAJ-MICRO-V1,12071,160,0,2,2,8,1,1,0.8668677661564647
TRAJ-MICRO-V1,12071,161,0,2,2,8,1,1,0.869206471071172
TRAJ-MICRO-V1,12071,162,0,2,2,8,1,1,0.8395072579826643
TRAJ-MICRO-V1,12071,163,0,2,2,8,1,1,0.8678701712012181
TRAJ-MICRO-V1,12071,164,0,2,2,8,1,1,0.8412771116118373
TRAJ-MICRO-V1,12071,165,0,2,2,8,1,1,0.8347734623263946
TRAJ-MICRO-V1,12071,166,0,2,2,8,1,1,0.852463446758277
TRAJ-MICRO-V1,12071,167,0,2,2,8,1,1,0.8162577884422553
TRAJ-MICRO-V1,12071,168,0,2,2,8,1,1,0.8050291730173398
TRAJ-MICRO-V1,12071,169,0,2,2,8,1,1,0.8308509227251236
TRAJ-MICRO-V1,12071,170,0,2,2,8,1,1,0.8366880135284572
TRAJ-MICRO-V1,12071,171,0,2,2,8,1,1,0.8385880075255774
TRAJ-MICRO-V1,12071,172,0,2,2,8,1,1,0.8125009707624483
TRAJ-MICRO-V1,12071,173,0,2,2,8,1,1,0.8562682629468598
TRAJ-MICRO-V1,12071,174,0,2,2,8,1,1,0.8032974099530631
TRAJ-MICRO-V1,12071,175,0,2,2,8,1,1,0.8236578422191867
TRAJ-MICRO-V1,12071,176,0,2,2,8,1,1,0.8749114360311961
TRAJ-MICRO-V1,12071,177,0,2,2,8,1,1,0.8277948147909988
TRAJ-MICRO-V1,12071,178,0,2,2,8,1,1,0.8276929130612514
TRAJ-MICRO-V1,12071,179,0,2,2,8,1,1,0.8659573335779607
TRAJ-MICRO-V1,12071,180,0,2,2,8,1,1,0.8401450674511699
TRAJ-MICRO-V1,12071,181,0,2,2,8,1,1,0.8165271359265772
TRAJ-MICRO-V1,12071,182,0,2,2,8,1,1,0.8542621314144959
TRAJ-MICRO-V1,12071,183,0,2,2,8,1,1,0.7874568394861575
TRAJ-MICRO-V1,12071,184,0,2,2,8,1,1,0.7885240672245698
TRAJ-MICRO-V1,12071,185,0,2,2,8,1,1,0.7613260488101271
TRAJ-MICRO-V1,12071,186,0,2,2,8,1,1,0.7173231027004351
TRAJ-MICRO-V1,12071,187,0,2,2,8,1,1,0.7749658057439168
TRAJ-MICRO-V1,12071,188,0,2,2,8,1,1,0.8035881702286443
TRAJ-MICRO-V1,12071,189,0,2,2,8,1,1,0.7863851156237365
TRAJ-MICRO-V1,12071,190,0,2,2,8,1,1,0.8396979981942502
TRAJ-MICRO-V1,12071,191,0,2,2,8,1,1,0.8725705937078081
TRAJ-MICRO-V1,12071,192,0,2,2,8,1,1,0.8282791064059344
TRAJ-MICRO-V1,12071,193,0,2,2,8,1,1,0.887861098820665
TRAJ-MICRO-V1,12071,194,0,2,2,8,1,1,0.8849839064981004
TRAJ-MICRO-V1,12071,195,0,2,2,8,1,1,0.8294689690365326
TRAJ-MICRO-V1,12071,196,0,2,2,8,1,1,0.8599996819697864
TRAJ-MICRO-V1,12071,197,0,2,2,8,1,1,0.8887861790802324
TRAJ-MICRO-V1,12071,198,0,2,2,8,1,1,0.827142805328713
TRAJ-MICRO-V1,12071,199,0,2,2,8,1,1,0.8710184767779047
TRAJ-MICRO-V1,12071,200,0,2,2,8,1,1,0.8329200774884307
TRAJ-MICRO-V1,12071,201,0,2,2,8,1,1,0.7876527798256702
TRAJ-MICRO-V1,12071,202,0,2,2,8,1,1,0.8153153157081253
TRAJ-MICRO-V1,12071,203,0,2,2,8,1,1,0.8295186974011582
TRAJ-MICRO-V1,12071,204,0,2,2,8,1,1,0.8297061024147291
TRAJ-MICRO-V1,12071,205,0,2,2,8,1,1,0.8471809614172512
TRAJ-MICRO-V1,12071,206,0,2,2,8,1,1,0.8248953045470381
TRAJ-MICRO-V1,12071,207,0,2,2,8,1,1,0.8405774065427339
TRAJ-MICRO-V1,12071,208,0,2,2,8,1,1,0.8532691987680918
TRAJ-MICRO-V1,12071,209,0,2,2,8,1,1,0.8622480283849004
TRAJ-MICRO-V1,12071,210,0,2,2,8,1,1,0.8580848779750214
TRAJ-MICRO-V1,12071,211,0,2,2,8,1,1,0.8536589083588749
TRAJ-MICRO-V1,12071,212,0,2,2,8,1,1,0.855100184175295
TRAJ-MICRO-V1,12071,213,0,2,2,8,1,1,0.7853187447132678
TRAJ-MICRO-V1,12071,214,0,2,2,8,1,1,0.8126646397808598
TRAJ-MICRO-V1,12071,215,0,2,2,8,1,1,0.8435180375753143
TRAJ-MICRO-V1,12071,216,0,2,2,8,1,1,0.81003332917492
TRAJ-MICRO-V1,12071,217,0,2,2,8,1,1,0.820901453155103
TRAJ-MICRO-V1,12071,218,0,2,2,8,1,1,0.8756832140169003
TRAJ-MICRO-V1,12071,219,0,2,2,8,1,1,0.8576446658612225
TRAJ-MICRO-V1,12071,220,0,2,2,8,1,1,0.8570100861220329
TRAJ-MICRO-V1,12071,221,0,2,2,8,1,1,0.8564500639094097
TRAJ-MICRO-V1,12071,222,0,2,2,8,1,1,0.7949090446062799
TRAJ-MICRO-V1,12071,223,0,2,2,8,1,1,0.8534760815528046
TRAJ-MICRO-V1,12071,224,0,2,2,8,1,1,0.8423829723075296
TRAJ-MICRO-V1,12071,225,0,2,2,8,1,1,0.8330201090054324
TRAJ-MICRO-V1,12071,226,0,2,2,8,1,1,0.8357422686355152
TRAJ-MICRO-V1,12071,227,0,2,2,8,1,1,0.8402440743073853
TRAJ-MICRO-V1,12071,228,0,2,2,8,1,1,0.81934927046921
TRAJ-MICRO-V1,12071,229,0,2,2,8,1,1,0.7892294003554701
TRAJ-MICRO-V1,12071,230,0,2,2,8,1,1,0.8289999052758285
TRAJ-MICRO-V1,12071,231,0,2,2,8,1,1,0.8319083667096809
TRAJ-MICRO-V1,12071,232,0,2,2,8,1,1,0.8631920429777735
TRAJ-MICRO-V1,12071,233,0,2,2,8,1,1,0.8731093832574487
TRAJ-MICRO-V1,12071,234,0,2,2,8,1,1,0.8710006348929439
TRAJ-MICRO-V1,12071,235,0,2,2,8,1,1,0.8778481242487958
TRAJ-MICRO-V1,12071,236,0,2,2,8,1,1,0.8586459214897363
TRAJ-MICRO-V1,12071,237,0,2,2,8,1,1,0.8149512961737537
TRAJ-MICRO-V1,12071,238,0,2,2,8,1,1,0.8203813383460054
TRAJ-MICRO-V1,12071,239,0,2,2,8,1,1,0.8327292936482363
TRAJ-MICRO-V1,12071,240,0,2,2,8,1,1,0.7949126601185572
TRAJ-MICRO-V1,12073,1,0,2,2,8,1,1,0.7864265579503141
TRAJ-MICRO-V1,12073,2,0,2,2,8,1,1,0.7887515196184546
TRAJ-MICRO-V1,12073,3,0,2,2,8,1,1,0.8153122208440813
TRAJ-MICRO-V1,12073,4,0,2,2,8,1,1,0.8145915556519326
TRAJ-MICRO-V1,12073,5,0,2,2,8,1,1,0.8539934912032245
TRAJ-MICRO-V1,12073,6,0,2,2,8,1,1,0.8360159206220067
TRAJ-MICRO-V1,12073,7,0,2,2,8,1,1,0.794998978689374
TRAJ-MICRO-V1,12073,8,0,2,2,8,1,1,0.8175801887218931
TRAJ-MICRO-V1,12073,9,0,2,2,8,1,1,0.8574672979320885
TRAJ-MICRO-V1,12073,10,0,2,2,8,1,1,0.8107370032769778
TRAJ-MICRO-V1,12073,11,0,2,2,8,1,1,0.7767363370211685
TRAJ-MICRO-V1,12073,12,0,2,2,8,1,1,0.8634129053596954
TRAJ-MICRO-V1,12073,13,0,2,2,8,1,1,0.7446693880888707
TRAJ-MICRO-V1,12073,14,0,2,2,8,1,1,0.7915559669785028
TRAJ-MICRO-V1,12073,15,0,2,2,8,1,1,0.8130509351826443
TRAJ-MICRO-V1,12073,16,0,2,2,8,1,1,0.7836029857573188
TRAJ-MICRO-V1,12073,17,0,2,2,8,1,1,0.838905597895928
TRAJ-MICRO-V1,12073,18,0,2,2,8,1,1,0.7742019589186092
TRAJ-MICRO-V1,12073,19,0,2,2,8,1,1,0.8609188570107414
TRAJ-MICRO-V1,12073,20,0,2,2,8,1,1,0.827016907503023
TRAJ-MICRO-V1,12073,21,0,2,2,8,1,1,0.7977167100739313
TRAJ-MICRO-V1,12073,22,0,2,2,8,1,1,0.8044794855448887
TRAJ-MICRO-V1,12073,23,0,2,2,8,1,1,0.8395692854056329
TRAJ-MICRO-V1,12073,24,0,2,2,8,1,1,0.7835775366555504
TRAJ-MICRO-V1,12073,25,0,2,2,8,1,1,0.7888611633536163
TRAJ-MICRO-V1,12073,26,0,2,2,8,1,1,0.8154476656258544
TRAJ-MICRO-V1,12073,27,0,2,2,8,1,1,0.7558153908606255
TRAJ-MICRO-V1,12073,28,0,2,2,8,1,1,0.7556131449524495
TRAJ-MICRO-V1,12073,29,0,2,2,8,1,1,0.8259330083891452
TRAJ-MICRO-V1,12073,30,0,2,2,8,1,1,0.7962478991440056
TRAJ-MICRO-V1,12073,31,0,2,2,8,1,1,0.7903261131162661
TRAJ-MICRO-V1,12073,32,0,2,2,8,1,1,0.8459320165598959
TRAJ-MICRO-V1,12073,33,0,2,2,8,1,1,0.7967808741439033
TRAJ-MICRO-V1,12073,34,0,2,2,8,1,1,0.7767347411924959
TRAJ-MICRO-V1,12073,35,0,2,2,8,1,1,0.841266301284784
TRAJ-MICRO-V1,12073,36,0,2,2,8,1,1,0.7922951180060833
TRAJ-MICRO-V1,12073,37,0,2,2,8,1,1,0.841385101360487
TRAJ-MICRO-V1,12073,38,0,2,2,8,1,1,0.8156900926625885
TRAJ-MICRO-V1,12073,39,0,2,2,8,1,1,0.7882345492154788
TRAJ-MICRO-V1,12073,40,0,2,2,8,1,1,0.831999731951613
TRAJ-MICRO-V1,12073,41,0,2,2,8,1,1,0.8180811889108556
TRAJ-MICRO-V1,12073,42,0,2,2,8,1,1,0.8131551803703609
TRAJ-MICRO-V1,12073,43,0,2,2,8,1,1,0.842245398811846
TRAJ-MICRO-V1,12073,44,0,2,2,8,1,1,0.8664765151796674
TRAJ-MICRO-V1,12073,45,0,2,2,8,1,1,0.8565356387697325
TRAJ-MICRO-V1,12073,46,0,2,2,8,1,1,0.8882924389285591
TRAJ-MICRO-V1,12073,47,0,2,2,8,1,1,0.8939994804390926
TRAJ-MICRO-V1,12073,48,0,2,2,8,1,1,0.8891238410594753
TRAJ-MICRO-V1,12073,49,0,2,2,8,1,1,0.8732567609615816
TRAJ-MICRO-V1,12073,50,0,2,2,8,1,1,0.8501227282740778
TRAJ-MICRO-V1,12073,51,0,2,2,8,1,1,0.8128247001532646
TRAJ-MICRO-V1,12073,52,0,2,2,8,1,1,0.8756739455163505
TRAJ-MICRO-V1,12073,53,0,2,2,8,1,1,0.8262754108104297
TRAJ-MICRO-V1,12073,54,0,2,2,8,1,1,0.7854610022463373
TRAJ-MICRO-V1,12073,55,0,2,2,8,1,1,0.7733492459738289
TRAJ-MICRO-V1,12073,56,0,2,2,8,1,1,0.7939797352688986
TRAJ-MICRO-V1,12073,57,0,2,2,8,1,1,0.792908937518459
TRAJ-MICRO-V1,12073,58,0,2,2,8,1,1,0.828436005130973
TRAJ-MICRO-V1,12073,59,0,2,2,8,1,1,0.8310569776536582
TRAJ-MICRO-V1,12073,60,0,2,2,8,1,1,0.8201100618277605
TRAJ-MICRO-V1,12073,61,0,2,2,8,1,1,0.8515374791190838
TRAJ-MICRO-V1,12073,62,0,2,2,8,1,1,0.8833331732850044
TRAJ-MICRO-V1,12073,63,0,2,2,8,1,1,0.8565545091087934
TRAJ-MICRO-V1,12073,64,0,2,2,8,1,1,0.8164294973926787
TRAJ-MICRO-V1,12073,65,0,2,2,8,1,1,0.8744465293829791
TRAJ-MICRO-V1,12073,66,0,2,2,8,1,1,0.8087720680265308
TRAJ-MICRO-V1,12073,67,0,2,2,8,1,1,0.864813147980087
TRAJ-MICRO-V1,12073,68,0,2,2,8,1,1,0.8512037092874823
TRAJ-MICRO-V1,12073,69,0,2,2,8,1,1,0.8133113956722247
TRAJ-MICRO-V1,12073,70,0,2,2,8,1,1,0.8119290534687578
TRAJ-MICRO-V1,12073,71,0,2,2,8,1,1,0.8324766483724939
TRAJ-MICRO-V1,12073,72,0,2,2,8,1,1,0.8218982865725272
TRAJ-MICRO-V1,12073,73,0,2,2,8,1,1,0.8346631809919209
TRAJ-MICRO-V1,12073,74,0,2,2,8,1,1,0.829920166768182
TRAJ-MICRO-V1,12073,75,0,2,2,8,1,1,0.7822978643005208
TRAJ-MICRO-V1,12073,76,0,2,2,8,1,1,0.811330658212867
TRAJ-MICRO-V1,12073,77,0,2,2,8,1,1,0.8304946106211301
TRAJ-MICRO-V1,12073,78,0,2,2,8,1,1,0.8140168116117957
TRAJ-MICRO-V1,12073,79,0,2,2,8,1,1,0.8018099911154923
TRAJ-MICRO-V1,12073,80,0,2,2,8,1,1,0.8441927914913465
TRAJ-MICRO-V1,12073,81,0,2,2,8,1,1,0.8227702705025571
TRAJ-MICRO-V1,12073,82,0,2,2,8,1,1,0.8363610850049384
TRAJ-MICRO-V1,12073,83,0,2,2,8,1,1,0.8087902332744107
TRAJ-MICRO-V1,12073,84,0,2,2,8,1,1,0.7749732882232552
TRAJ-MICRO-V1,12073,85,0,2,2,8,1,1,0.8471756169834257
TRAJ-MICRO-V1,12073,86,0,2,2,8,1,1,0.8353761703561704
TRAJ-MICRO-V1,12073,87,0,2,2,8,1,1,0.8121202927318701
TRAJ-MICRO-V1,12073,88,0,2,2,8,1,1,0.8769359697007073
TRAJ-MICRO-V1,12073,89,0,2,2,8,1,1,0.8343138814605121
TRAJ-MICRO-V1,12073,90,0,2,2,8,1,1,0.823716860714169
TRAJ-MICRO-V1,12073,91,0,2,2,8,1,1,0.8472969068981908
TRAJ-MICRO-V1,12073,92,0,2,2,8,1,1,0.8375301544438691
TRAJ-MICRO-V1,12073,93,0,2,2,8,1,1,0.8158091365849689
TRAJ-MICRO-V1,12073,94,0,2,2,8,1,1,0.8553717695975557
TRAJ-MICRO-V1,12073,95,0,2,2,8,1,1,0.8358907838330434
TRAJ-MICRO-V1,12073,96,0,2,2,8,1,1,0.8503100459279039
TRAJ-MICRO-V1,12073,97,0,2,2,8,1,1,0.824250439628319
TRAJ-MICRO-V1,12073,98,0,2,2,8,1,1,0.8439731887678154
TRAJ-MICRO-V1,12073,99,0,2,2,8,1,1,0.7860950572270468
TRAJ-MICRO-V1,12073,100,0,2,2,8,1,1,0.8528395003529665
TRAJ-MICRO-V1,12073,101,0,2,2,8,1,1,0.8552703745595868
TRAJ-MICRO-V1,12073,102,0,2,2,8,1,1,0.8166640639069166
TRAJ-MICRO-V1,12073,103,0,2,2,8,1,1,0.8312377469429056
TRAJ-MICRO-V1,12073,104,0,2,2,8,1,1,0.8811628361702963
TRAJ-MICRO-V1,12073,105,0,2,2,8,1,1,0.867295445899784
TRAJ-MICRO-V1,12073,106,0,2,2,8,1,1,0.8624313145183353
TRAJ-MICRO-V1,12073,107,0,2,2,8,1,1,0.8841748824964197
TRAJ-MICRO-V1,12073,108,0,2,2,8,1,1,0.8490675500743003
TRAJ-MICRO-V1,12073,109,0,2,2,8,1,1,0.8400391610902213
TRAJ-MICRO-V1,12073,110,0,2,2,8,1,1,0.8809447469668138
TRAJ-MICRO-V1,12073,111,0,2,2,8,1,1,0.8089009682753625
TRAJ-MICRO-V1,12073,112,0,2,2,8,1,1,0.8131526429047311
TRAJ-MICRO-V1,12073,113,0,2,2,8,1,1,0.8303702719581116
TRAJ-MICRO-V1,12073,114,0,2,2,8,1,1,0.7878013650288083
TRAJ-MICRO-V1,12073,115,0,2,2,8,1,1,0.8509982287057658
TRAJ-MICRO-V1,12073,116,0,2,2,8,1,1,0.8798708495998051
TRAJ-MICRO-V1,12073,117,0,2,2,8,1,1,0.8650710821325843
TRAJ-MICRO-V1,12073,118,0,2,2,8,1,1,0.8718042698643599
TRAJ-MICRO-V1,12073,119,0,2,2,8,1,1,0.8969087025503284
TRAJ-MICRO-V1,12073,120,0,2,2,8,1,1,0.8899654483743994
TRAJ-MICRO-V1,12073,121,0,2,2,8,1,1,0.8651142235421446
TRAJ-MICRO-V1,12073,122,0,2,2,8,1,1,0.9135832859051204
TRAJ-MICRO-V1,12073,123,0,2,2,8,1,1,0.8799304472070372
TRAJ-MICRO-V1,12073,124,0,2,2,8,1,1,0.8687667066922826
TRAJ-MICRO-V1,12073,125,0,2,2,8,1,1,0.879892715129206
TRAJ-MICRO-V1,12073,126,0,2,2,8,1,1,0.858587301288264
TRAJ-MICRO-V1,12073,127,0,2,2,8,1,1,0.8047745567505913
TRAJ-MICRO-V1,12073,128,0,2,2,8,1,1,0.775837837185504
TRAJ-MICRO-V1,12073,129,0,2,2,8,1,1,0.7711060883903363
TRAJ-MICRO-V1,12073,130,0,2,2,8,1,1,0.7524363179407376
TRAJ-MICRO-V1,12073,131,0,2,2,8,1,1,0.7678151141218963
TRAJ-MICRO-V1,12073,132,0,2,2,8,1,1,0.811321423509022
TRAJ-MICRO-V1,12073,133,0,2,2,8,1,1,0.8156499331480442
TRAJ-MICRO-V1,12073,134,0,2,2,8,1,1,0.8021540637316504
TRAJ-MICRO-V1,12073,135,0,2,2,8,1,1,0.8290032455654195
TRAJ-MICRO-V1,12073,136,0,2,2,8,1,1,0.8176022048355011
TRAJ-MICRO-V1,12073,137,0,2,2,8,1,1,0.8562745428779385
TRAJ-MICRO-V1,12073,138,0,2,2,8,1,1,0.8141106503133846
TRAJ-MICRO-V1,12073,139,0,2,2,8,1,1,0.8438891954912744
TRAJ-MICRO-V1,12073,140,0,2,2,8,1,1,0.8405836065023663
TRAJ-MICRO-V1,12073,141,0,2,2,8,1,1,0.8378519638502516
TRAJ-MICRO-V1,12073,142,0,2,2,8,1,1,0.8061824495006544
TRAJ-MICRO-V1,12073,143,0,2,2,8,1,1,0.8263936377613467
TRAJ-MICRO-V1,12073,144,0,2,2,8,1,1,0.8233304577993968
TRAJ-MICRO-V1,12073,145,0,2,2,8,1,1,0.8510185515562255
TRAJ-MICRO-V1,12073,146,0,2,2,8,1,1,0.8241209907697942
TRAJ-MICRO-V1,12073,147,0,2,2,8,1,1,0.8338849577178219
TRAJ-MICRO-V1,12073,148,0,2,2,8,1,1,0.8580693701463264
TRAJ-MICRO-V1,12073,149,0,2,2,8,1,1,0.8433043515102004
TRAJ-MICRO-V1,12073,150,0,2,2,8,1,1,0.7985041296842093
TRAJ-MICRO-V1,12073,151,0,2,2,8,1,1,0.8289579257086653
TRAJ-MICRO-V1,12073,152,0,2,2,8,1,1,0.8392787371599736
TRAJ-MICRO-V1,12073,153,0,2,2,8,1,1,0.8481308187647297
TRAJ-MICRO-V1,12073,154,0,2,2,8,1,1,0.8346444501192329
TRAJ-MICRO-V1,12073,155,0,2,2,8,1,1,0.8709691473208698
TRAJ-MICRO-V1,12073,156,0,2,2,8,1,1,0.8438438905643126
TRAJ-MICRO-V1,12073,157,0,2,2,8,1,1,0.8609678197450873
TRAJ-MICRO-V1,12073,158,0,2,2,8,1,1,0.8584718860958324
TRAJ-MICRO-V1,12073,159,0,2,2,8,1,1,0.8494513484377925
TRAJ-MICRO-V1,12073,160,0,2,2,8,1,1,0.8942378079738871
TRAJ-MICRO-V1,12073,161,0,2,2,8,1,1,0.8652998018272484
TRAJ-MICRO-V1,12073,162,0,2,2,8,1,1,0.8332255228319693
TRAJ-MICRO-V1,12073,163,0,2,2,8,1,1,0.8694591422720986
TRAJ-MICRO-V1,12073,164,0,2,2,8,1,1,0.8384624818831302
TRAJ-MICRO-V1,12073,165,0,2,2,8,1,1,0.8208978613447535
TRAJ-MICRO-V1,12073,166,0,2,2,8,1,1,0.8300272113220762
TRAJ-MICRO-V1,12073,167,0,2,2,8,1,1,0.8234151655278442
TRAJ-MICRO-V1,12073,168,0,2,2,8,1,1,0.8272472148285653
TRAJ-MICRO-V1,12073,169,0,2,2,8,1,1,0.8491657236377447
TRAJ-MICRO-V1,12073,170,0,2,2,8,1,1,0.838108704432151
TRAJ-MICRO-V1,12073,171,0,2,2,8,1,1,0.8262677091484139
TRAJ-MICRO-V1,12073,172,0,2,2,8,1,1,0.8187229133971321
TRAJ-MICRO-V1,12073,173,0,2,2,8,1,1,0.8413784547850987
TRAJ-MICRO-V1,12073,174,0,2,2,8,1,1,0.8219260931028529
TRAJ-MICRO-V1,12073,175,0,2,2,8,1,1,0.8479169852889425
TRAJ-MICRO-V1,12073,176,0,2,2,8,1,1,0.8332206933151642
TRAJ-MICRO-V1,12073,177,0,2,2,8,1,1,0.840787256186381
TRAJ-MICRO-V1,12073,178,0,2,2,8,1,1,0.7863242702437394
TRAJ-MICRO-V1,12073,179,0,2,2,8,1,1,0.879368295684458
TRAJ-MICRO-V1,12073,180,0,2,2,8,1,1,0.8345156449605656
TRAJ-MICRO-V1,12073,181,0,2,2,8,1,1,0.8005507196864955
TRAJ-MICRO-V1,12073,182,0,2,2,8,1,1,0.8482018898400508
TRAJ-MICRO-V1,12073,183,0,2,2,8,1,1,0.783795793666481
TRAJ-MICRO-V1,12073,184,0,2,2,8,1,1,0.8149365884210437
TRAJ-MICRO-V1,12073,185,0,2,2,8,1,1,0.769794974723068
TRAJ-MICRO-V1,12073,186,0,2,2,8,1,1,0.7441760156858586
TRAJ-MICRO-V1,12073,187,0,2,2,8,1,1,0.7591800254964111
TRAJ-MICRO-V1,12073,188,0,2,2,8,1,1,0.7875495026137108
TRAJ-MICRO-V1,12073,189,0,2,2,8,1,1,0.8261380767729375
TRAJ-MICRO-V1,12073,190,0,2,2,8,1,1,0.824449970198161
TRAJ-MICRO-V1,12073,191,0,2,2,8,1,1,0.8741724761489826
TRAJ-MICRO-V1,12073,192,0,2,2,8,1,1,0.8284189981009009
TRAJ-MICRO-V1,12073,193,0,2,2,8,1,1,0.8448460952887673
TRAJ-MICRO-V1,12073,194,0,2,2,8,1,1,0.8977103218495844
TRAJ-MICRO-V1,12073,195,0,2,2,8,1,1,0.8664009283433515
TRAJ-MICRO-V1,12073,196,0,2,2,8,1,1,0.8693697127062853
TRAJ-MICRO-V1,12073,197,0,2,2,8,1,1,0.8894394807892639
TRAJ-MICRO-V1,12073,198,0,2,2,8,1,1,0.8606227997074667
TRAJ-MICRO-V1,12073,199,0,2,2,8,1,1,0.8516544315245865
TRAJ-MICRO-V1,12073,200,0,2,2,8,1,1,0.8281285604466467
TRAJ-MICRO-V1,12073,201,0,2,2,8,1,1,0.8144383761753895
TRAJ-MICRO-V1,12073,202,0,2,2,8,1,1,0.8359009716564829
TRAJ-MICRO-V1,12073,203,0,2,2,8,1,1,0.8245077895133035
TRAJ-MICRO-V1,12073,204,0,2,2,8,1,1,0.812352343663949
TRAJ-MICRO-V1,12073,205,0,2,2,8,1,1,0.8281444814866716
TRAJ-MICRO-V1,12073,206,0,2,2,8,1,1,0.8469652474919026
TRAJ-MICRO-V1,12073,207,0,2,2,8,1,1,0.8176617527229936
TRAJ-MICRO-V1,12073,208,0,2,2,8,1,1,0.8528496377809334
TRAJ-MICRO-V1,12073,209,0,2,2,8,1,1,0.8735654576602044
TRAJ-MICRO-V1,12073,210,0,2,2,8,1,1,0.8575772535159503
TRAJ-MICRO-V1,12073,211,0,2,2,8,1,1,0.8593992869866632
TRAJ-MICRO-V1,12073,212,0,2,2,8,1,1,0.8804031594496161
TRAJ-MICRO-V1,12073,213,0,2,2,8,1,1,0.8058032934749464
TRAJ-MICRO-V1,12073,214,0,2,2,8,1,1,0.826443216045047
TRAJ-MICRO-V1,12073,215,0,2,2,8,1,1,0.8436846153528027
TRAJ-MICRO-V1,12073,216,0,2,2,8,1,1,0.7922400948864293
TRAJ-MICRO-V1,12073,217,0,2,2,8,1,1,0.8200759228259948
TRAJ-MICRO-V1,12073,218,0,2,2,8,1,1,0.8526680318188835
TRAJ-MICRO-V1,12073,219,0,2,2,8,1,1,0.8548567250030714
TRAJ-MICRO-V1,12073,220,0,2,2,8,1,1,0.829654526383342
TRAJ-MICRO-V1,12073,221,0,2,2,8,1,1,0.8447794807931275
TRAJ-MICRO-V1,12073,222,0,2,2,8,1,1,0.8118704360580214
TRAJ-MICRO-V1,12073,223,0,2,2,8,1,1,0.8409226115476238
TRAJ-MICRO-V1,12073,224,0,2,2,8,1,1,0.8384920580841849
TRAJ-MICRO-V1,12073,225,0,2,2,8,1,1,0.8305534484747097
TRAJ-MICRO-V1,12073,226,0,2,2,8,1,1,0.8305011183837172
TRAJ-MICRO-V1,12073,227,0,2,2,8,1,1,0.8176031295771622
TRAJ-MICRO-V1,12073,228,0,2,2,8,1,1,0.8166470057918932
TRAJ-MICRO-V1,12073,229,0,2,2,8,1,1,0.8058360655475457
TRAJ-MICRO-V1,12073,230,0,2,2,8,1,1,0.8553111657434875
TRAJ-MICRO-V1,12073,231,0,2,2,8,1,1,0.8562652609544743
TRAJ-MICRO-V1,12073,232,0,2,2,8,1,1,0.867551896973804
TRAJ-MICRO-V1,12073,233,0,2,2,8,1,1,0.8672423942441032
TRAJ-MICRO-V1,12073,234,0,2,2,8,1,1,0.8801764321206761
TRAJ-MICRO-V1,12073,235,0,2,2,8,1,1,0.870640944982125
TRAJ-MICRO-V1,12073,236,0,2,2,8,1,1,0.8807490721869861
TRAJ-MICRO-V1,12073,237,0,2,2,8,1,1,0.8320921297249217
TRAJ-MICRO-V1,12073,238,0,2,2,8,1,1,0.8541089960867482
TRAJ-MICRO-V1,12073,239,0,2,2,8,1,1,0.8284619302033195
TRAJ-MICRO-V1,12073,240,0,2,2,8,1,1,0.8171782942407478
TRAJ-MICRO-V1,12097,1,0,2,2,8,1,1,0.7853875022042074
TRAJ-MICRO-V1,12097,2,0,2,2,8,1,1,0.7770591517853896
TRAJ-MICRO-V1,12097,3,0,2,2,8,1,1,0.8041042452444274
TRAJ-MICRO-V1,12097,4,0,2,2,8,1,1,0.8310686995615583
TRAJ-MICRO-V1,12097,5,0,2,2,8,1,1,0.8337996639973668
TRAJ-MICRO-V1,12097,6,0,2,2,8,1,1,0.8106696573260963
TRAJ-MICRO-V1,12097,7,0,2,2,8,1,1,0.8158109739608278
TRAJ-MICRO-V1,12097,8,0,2,2,8,1,1,0.8338778423845721
TRAJ-MICRO-V1,12097,9,0,2,2,8,1,1,0.8720496669947512
TRAJ-MICRO-V1,12097,10,0,2,2,8,1,1,0.8123487033495611
TRAJ-MICRO-V1,12097,11,0,2,2,8,1,1,0.7607676895404466
TRAJ-MICRO-V1,12097,12,0,2,2,8,1,1,0.8549341634856765
TRAJ-MICRO-V1,12097,13,0,2,2,8,1,1,0.759768392224946
TRAJ-MICRO-V1,12097,14,0,2,2,8,1,1,0.7951600605257242
TRAJ-MICRO-V1,12097,15,0,2,2,8,1,1,0.8343202559527341
TRAJ-MICRO-V1,12097,16,0,2,2,8,1,1,0.8026670349464036
TRAJ-MICRO-V1,12097,17,0,2,2,8,1,1,0.8158025510355849
TRAJ-MICRO-V1,12097,18,0,2,2,8,1,1,0.7640833038548932
TRAJ-MICRO-V1,12097,19,0,2,2,8,1,1,0.8267233816651322
TRAJ-MICRO-V1,12097,20,0,2,2,8,1,1,0.8117876901079947
TRAJ-MICRO-V1,12097,21,0,2,2,8,1,1,0.8359501224127235
TRAJ-MICRO-V1,12097,22,0,2,2,8,1,1,0.7816553142372924
TRAJ-MICRO-V1,12097,23,0,2,2,8,1,1,0.8182526424223695
TRAJ-MICRO-V1,12097,24,0,2,2,8,1,1,0.820756601713211
TRAJ-MICRO-V1,12097,25,0,2,2,8,1,1,0.8004974898544501
TRAJ-MICRO-V1,12097,26,0,2,2,8,1,1,0.8138106209709687
TRAJ-MICRO-V1,12097,27,0,2,2,8,1,1,0.7777359670508612
TRAJ-MICRO-V1,12097,28,0,2,2,8,1,1,0.7949057377277935
TRAJ-MICRO-V1,12097,29,0,2,2,8,1,1,0.8358556309944188
TRAJ-MICRO-V1,12097,30,0,2,2,8,1,1,0.8035749159507014
TRAJ-MICRO-V1,12097,31,0,2,2,8,1,1,0.8170292147717784
TRAJ-MICRO-V1,12097,32,0,2,2,8,1,1,0.8263311874086022
TRAJ-MICRO-V1,12097,33,0,2,2,8,1,1,0.7883853517385726
TRAJ-MICRO-V1,12097,34,0,2,2,8,1,1,0.8106414039559756
TRAJ-MICRO-V1,12097,35,0,2,2,8,1,1,0.8365430439519022
TRAJ-MICRO-V1,12097,36,0,2,2,8,1,1,0.7766248569126473
TRAJ-MICRO-V1,12097,37,0,2,2,8,1,1,0.856331092201733
TRAJ-MICRO-V1,12097,38,0,2,2,8,1,1,0.80726190591359
TRAJ-MICRO-V1,12097,39,0,2,2,8,1,1,0.8024954829814989
TRAJ-MICRO-V1,12097,40,0,2,2,8,1,1,0.8042704541802815
TRAJ-MICRO-V1,12097,41,0,2,2,8,1,1,0.7813830024957672
TRAJ-MICRO-V1,12097,42,0,2,2,8,1,1,0.8232630575045246
TRAJ-MICRO-V1,12097,43,0,2,2,8,1,1,0.8325010202955239
TRAJ-MICRO-V1,12097,44,0,2,2,8,1,1,0.835816731602545
TRAJ-MICRO-V1,12097,45,0,2,2,8,1,1,0.8464247026967827
TRAJ-MICRO-V1,12097,46,0,2,2,8,1,1,0.8932721093784962
TRAJ-MICRO-V1,12097,47,0,2,2,8,1,1,0.8901133156186847
TRAJ-MICRO-V1,12097,48,0,2,2,8,1,1,0.8262662883514064
TRAJ-MICRO-V1,12097,49,0,2,2,8,1,1,0.861789334934982
TRAJ-MICRO-V1,12097,50,0,2,2,8,1,1,0.8280638669868771
TRAJ-MICRO-V1,12097,51,0,2,2,8,1,1,0.8214205746740022
TRAJ-MICRO-V1,12097,52,0,2,2,8,1,1,0.8562045117193522
TRAJ-MICRO-V1,12097,53,0,2,2,8,1,1,0.8136272769914362
TRAJ-MICRO-V1,12097,54,0,2,2,8,1,1,0.7959663953357248
TRAJ-MICRO-V1,12097,55,0,2,2,8,1,1,0.8002251280461923
TRAJ-MICRO-V1,12097,56,0,2,2,8,1,1,0.7909047603221201
TRAJ-MICRO-V1,12097,57,0,2,2,8,1,1,0.7762272822869289
TRAJ-MICRO-V1,12097,58,0,2,2,8,1,1,0.8375658956469538
TRAJ-MICRO-V1,12097,59,0,2,2,8,1,1,0.8328403806170679
TRAJ-MICRO-V1,12097,60,0,2,2,8,1,1,0.816174919292464
TRAJ-MICRO-V1,12097,61,0,2,2,8,1,1,0.8586784467124645
TRAJ-MICRO-V1,12097,62,0,2,2,8,1,1,0.8909171163050211
TRAJ-MICRO-V1,12097,63,0,2,2,8,1,1,0.8432744436060177
TRAJ-MICRO-V1,12097,64,0,2,2,8,1,1,0.8590575094688042
TRAJ-MICRO-V1,12097,65,0,2,2,8,1,1,0.8733616911878419
TRAJ-MICRO-V1,12097,66,0,2,2,8,1,1,0.8118341506438458
TRAJ-MICRO-V1,12097,67,0,2,2,8,1,1,0.8436183595285033
TRAJ-MICRO-V1,12097,68,0,2,2,8,1,1,0.8462249399664898
TRAJ-MICRO-V1,12097,69,0,2,2,8,1,1,0.8339804048324585
TRAJ-MICRO-V1,12097,70,0,2,2,8,1,1,0.8305705794102699
TRAJ-MICRO-V1,12097,71,0,2,2,8,1,1,0.8472166011070537
TRAJ-MICRO-V1,12097,72,0,2,2,8,1,1,0.7867742915963502
TRAJ-MICRO-V1,12097,73,0,2,2,8,1,1,0.8154037648542106
TRAJ-MICRO-V1,12097,74,0,2,2,8,1,1,0.8024168495835066
TRAJ-MICRO-V1,12097,75,0,2,2,8,1,1,0.8114724589550598
TRAJ-MICRO-V1,12097,76,0,2,2,8,1,1,0.79941094965857
TRAJ-MICRO-V1,12097,77,0,2,2,8,1,1,0.8195399919195461
TRAJ-MICRO-V1,12097,78,0,2,2,8,1,1,0.8197276151382673
TRAJ-MICRO-V1,12097,79,0,2,2,8,1,1,0.8225682362881709
TRAJ-MICRO-V1,12097,80,0,2,2,8,1,1,0.8296492267042886
TRAJ-MICRO-V1,12097,81,0,2,2,8,1,1,0.8247246511742258
TRAJ-MICRO-V1,12097,82,0,2,2,8,1,1,0.8445473980133353
TRAJ-MICRO-V1,12097,83,0,2,2,8,1,1,0.8008116485653072
TRAJ-MICRO-V1,12097,84,0,2,2,8,1,1,0.7949937540666914
TRAJ-MICRO-V1,12097,85,0,2,2,8,1,1,0.8456560593554171
TRAJ-MICRO-V1,12097,86,0,2,2,8,1,1,0.8481157754015283
TRAJ-MICRO-V1,12097,87,0,2,2,8,1,1,0.8528113304703469
TRAJ-MICRO-V1,12097,88,0,2,2,8,1,1,0.8702351878862223
TRAJ-MICRO-V1,12097,89,0,2,2,8,1,1,0.8511520524301203
TRAJ-MICRO-V1,12097,90,0,2,2,8,1,1,0.8023140261846615
TRAJ-MICRO-V1,12097,91,0,2,2,8,1,1,0.8475898065930988
TRAJ-MICRO-V1,12097,92,0,2,2,8,1,1,0.842780299788056
TRAJ-MICRO-V1,12097,93,0,2,2,8,1,1,0.8073690318714252
TRAJ-MICRO-V1,12097,94,0,2,2,8,1,1,0.8480032516302743
TRAJ-MICRO-V1,12097,95,0,2,2,8,1,1,0.8599294281231029
TRAJ-MICRO-V1,12097,96,0,2,2,8,1,1,0.8321854880129725
TRAJ-MICRO-V1,12097,97,0,2,2,8,1,1,0.8264456020380506
TRAJ-MICRO-V1,12097,98,0,2,2,8,1,1,0.8404700062037705
TRAJ-MICRO-V1,12097,99,0,2,2,8,1,1,0.7698992079376212
TRAJ-MICRO-V1,12097,100,0,2,2,8,1,1,0.8485864025963301
TRAJ-MICRO-V1,12097,101,0,2,2,8,1,1,0.8559806602624814
TRAJ-MICRO-V1,12097,102,0,2,2,8,1,1,0.8378420266833192
TRAJ-MICRO-V1,12097,103,0,2,2,8,1,1,0.8450658543247009
TRAJ-MICRO-V1,12097,104,0,2,2,8,1,1,0.8655216328344533
TRAJ-MICRO-V1,12097,105,0,2,2,8,1,1,0.8555851766969411
TRAJ-MICRO-V1,12097,106,0,2,2,8,1,1,0.8361520620549232
TRAJ-MICRO-V1,12097,107,0,2,2,8,1,1,0.8759897077674146
TRAJ-MICRO-V1,12097,108,0,2,2,8,1,1,0.844824907658153
TRAJ-MICRO-V1,12097,109,0,2,2,8,1,1,0.8172626550973305
TRAJ-MICRO-V1,12097,110,0,2,2,8,1,1,0.8332222918091619
TRAJ-MICRO-V1,12097,111,0,2,2,8,1,1,0.8087498263208444
TRAJ-MICRO-V1,12097,112,0,2,2,8,1,1,0.7976737100694153
TRAJ-MICRO-V1,12097,113,0,2,2,8,1,1,0.7926896830943366
TRAJ-MICRO-V1,12097,114,0,2,2,8,1,1,0.7826372016648033
TRAJ-MICRO-V1,12097,115,0,2,2,8,1,1,0.8257511967516589
TRAJ-MICRO-V1,12097,116,0,2,2,8,1,1,0.8446399976032108
TRAJ-MICRO-V1,12097,117,0,2,2,8,1,1,0.8420850418700365
TRAJ-MICRO-V1,12097,118,0,2,2,8,1,1,0.859060391795709
TRAJ-MICRO-V1,12097,119,0,2,2,8,1,1,0.8856927908429669
TRAJ-MICRO-V1,12097,120,0,2,2,8,1,1,0.862570409395776
TRAJ-MICRO-V1,12097,121,0,2,2,8,1,1,0.8538062423635938
TRAJ-MICRO-V1,12097,122,0,2,2,8,1,1,0.9170634825691969
TRAJ-MICRO-V1,12097,123,0,2,2,8,1,1,0.8728705212896948
TRAJ-MICRO-V1,12097,124,0,2,2,8,1,1,0.8696178806949159
TRAJ-MICRO-V1,12097,125,0,2,2,8,1,1,0.8806846462853716
TRAJ-MICRO-V1,12097,126,0,2,2,8,1,1,0.842433743004184
TRAJ-MICRO-V1,12097,127,0,2,2,8,1,1,0.8279207368540472
TRAJ-MICRO-V1,12097,128,0,2,2,8,1,1,0.7612688341498304
TRAJ-MICRO-V1,12097,129,0,2,2,8,1,1,0.7764076505379821
TRAJ-MICRO-V1,12097,130,0,2,2,8,1,1,0.7964558837735467
TRAJ-MICRO-V1,12097,131,0,2,2,8,1,1,0.7820613044876041
TRAJ-MICRO-V1,12097,132,0,2,2,8,1,1,0.7950453843686844
TRAJ-MICRO-V1,12097,133,0,2,2,8,1,1,0.7942850933319582
TRAJ-MICRO-V1,12097,134,0,2,2,8,1,1,0.8275266830687059
TRAJ-MICRO-V1,12097,135,0,2,2,8,1,1,0.8419140896768809
TRAJ-MICRO-V1,12097,136,0,2,2,8,1,1,0.8109765346086119
TRAJ-MICRO-V1,12097,137,0,2,2,8,1,1,0.8361416371431388
TRAJ-MICRO-V1,12097,138,0,2,2,8,1,1,0.8353926938463256
TRAJ-MICRO-V1,12097,139,0,2,2,8,1,1,0.8622081519360633
TRAJ-MICRO-V1,12097,140,0,2,2,8,1,1,0.8179867816730736
TRAJ-MICRO-V1,12097,141,0,2,2,8,1,1,0.8088353694502299
TRAJ-MICRO-V1,12097,142,0,2,2,8,1,1,0.8106009879512273
TRAJ-MICRO-V1,12097,143,0,2,2,8,1,1,0.8274376441011879
TRAJ-MICRO-V1,12097,144,0,2,2,8,1,1,0.8127372881438869
TRAJ-MICRO-V1,12097,145,0,2,2,8,1,1,0.8279520412784255
TRAJ-MICRO-V1,12097,146,0,2,2,8,1,1,0.8566409058713387
TRAJ-MICRO-V1,12097,147,0,2,2,8,1,1,0.8371941904028991
TRAJ-MICRO-V1,12097,148,0,2,2,8,1,1,0.8660085969588076
TRAJ-MICRO-V1,12097,149,0,2,2,8,1,1,0.8477461884156984
TRAJ-MICRO-V1,12097,150,0,2,2,8,1,1,0.8218377353280978
TRAJ-MICRO-V1,12097,151,0,2,2,8,1,1,0.8520886481280887
TRAJ-MICRO-V1,12097,152,0,2,2,8,1,1,0.8229958251558962
TRAJ-MICRO-V1,12097,153,0,2,2,8,1,1,0.8738735061973681
TRAJ-MICRO-V1,12097,154,0,2,2,8,1,1,0.8534092499207367
TRAJ-MICRO-V1,12097,155,0,2,2,8,1,1,0.8836574386534911
TRAJ-MICRO-V1,12097,156,0,2,2,8,1,1,0.8461700559559986
TRAJ-MICRO-V1,12097,157,0,2,2,8,1,1,0.8478839386850034
TRAJ-MICRO-V1,12097,158,0,2,2,8,1,1,0.8608332468509375
TRAJ-MICRO-V1,12097,159,0,2,2,8,1,1,0.8286489913234883
TRAJ-MICRO-V1,12097,160,0,2,2,8,1,1,0.8653035376683771
TRAJ-MICRO-V1,12097,161,0,2,2,8,1,1,0.8698975727584596
TRAJ-MICRO-V1,12097,162,0,2,2,8,1,1,0.8354804569914935
TRAJ-MICRO-V1,12097,163,0,2,2,8,1,1,0.8661247172965668
TRAJ-MICRO-V1,12097,164,0,2,2,8,1,1,0.8578115993451367
TRAJ-MICRO-V1,12097,165,0,2,2,8,1,1,0.805408087645012
TRAJ-MICRO-V1,12097,166,0,2,2,8,1,1,0.8338330771243737
TRAJ-MICRO-V1,12097,167,0,2,2,8,1,1,0.8383037053802295
TRAJ-MICRO-V1,12097,168,0,2,2,8,1,1,0.844182152152227
TRAJ-MICRO-V1,12097,169,0,2,2,8,1,1,0.8395085432400833
TRAJ-MICRO-V1,12097,170,0,2,2,8,1,1,0.8625734780649897
TRAJ-MICRO-V1,12097,171,0,2,2,8,1,1,0.8295052121295541
TRAJ-MICRO-V1,12097,172,0,2,2,8,1,1,0.8263726793868292
TRAJ-MICRO-V1,12097,173,0,2,2,8,1,1,0.870801723927185
TRAJ-MICRO-V1,12097,174,0,2,2,8,1,1,0.812867132689475
TRAJ-MICRO-V1,12097,175,0,2,2,8,1,1,0.8501804701285826
TRAJ-MICRO-V1,12097,176,0,2,2,8,1,1,0.8510829257147812
TRAJ-MICRO-V1,12097,177,0,2,2,8,1,1,0.8330205600910657
TRAJ-MICRO-V1,12097,178,0,2,2,8,1,1,0.7910379592473464
TRAJ-MICRO-V1,12097,179,0,2,2,8,1,1,0.8852066865529888
TRAJ-MICRO-V1,12097,180,0,2,2,8,1,1,0.8205907941468574
TRAJ-MICRO-V1,12097,181,0,2,2,8,1,1,0.8289556576853578
TRAJ-MICRO-V1,12097,182,0,2,2,8,1,1,0.828466156809785
TRAJ-MICRO-V1,12097,183,0,2,2,8,1,1,0.7759415070002761
TRAJ-MICRO-V1,12097,184,0,2,2,8,1,1,0.8071463966267522
TRAJ-MICRO-V1,12097,185,0,2,2,8,1,1,0.7619031743625105
TRAJ-MICRO-V1,12097,186,0,2,2,8,1,1,0.7295919309129884
TRAJ-MICRO-V1,12097,187,0,2,2,8,1,1,0.7495099102437078
TRAJ-MICRO-V1,12097,188,0,2,2,8,1,1,0.784830872089392
TRAJ-MICRO-V1,12097,189,0,2,2,8,1,1,0.8091857765496329
TRAJ-MICRO-V1,12097,190,0,2,2,8,1,1,0.8190926152938777
TRAJ-MICRO-V1,12097,191,0,2,2,8,1,1,0.8483254863923543
TRAJ-MICRO-V1,12097,192,0,2,2,8,1,1,0.8401489748123575
TRAJ-MICRO-V1,12097,193,0,2,2,8,1,1,0.8500428279682641
TRAJ-MICRO-V1,12097,194,0,2,2,8,1,1,0.8702110943760837
TRAJ-MICRO-V1,12097,195,0,2,2,8,1,1,0.8277065884386038
TRAJ-MICRO-V1,12097,196,0,2,2,8,1,1,0.8632722219790792
TRAJ-MICRO-V1,12097,197,0,2,2,8,1,1,0.8906889689671285
TRAJ-MICRO-V1,12097,198,0,2,2,8,1,1,0.8654368421469029
TRAJ-MICRO-V1,12097,199,0,2,2,8,1,1,0.8571721906241329
TRAJ-MICRO-V1,12097,200,0,2,2,8,1,1,0.8172592423131226
TRAJ-MICRO-V1,12097,201,0,2,2,8,1,1,0.7961942024989868
TRAJ-MICRO-V1,12097,202,0,2,2,8,1,1,0.8326561624658038
TRAJ-MICRO-V1,12097,203,0,2,2,8,1,1,0.8233958513413862
TRAJ-MICRO-V1,12097,204,0,2,2,8,1,1,0.827272769377317
TRAJ-MICRO-V1,12097,205,0,2,2,8,1,1,0.8278132929988361
TRAJ-MICRO-V1,12097,206,0,2,2,8,1,1,0.8367837234515737
TRAJ-MICRO-V1,12097,207,0,2,2,8,1,1,0.826026051836935
TRAJ-MICRO-V1,12097,208,0,2,2,8,1,1,0.8468815821613571
TRAJ-MICRO-V1,12097,209,0,2,2,8,1,1,0.8819665644819046
TRAJ-MICRO-V1,12097,210,0,2,2,8,1,1,0.8566970839188267
TRAJ-MICRO-V1,12097,211,0,2,2,8,1,1,0.854012671303069
TRAJ-MICRO-V1,12097,212,0,2,2,8,1,1,0.8665059260464363
TRAJ-MICRO-V1,12097,213,0,2,2,8,1,1,0.792697251969488
TRAJ-MICRO-V1,12097,214,0,2,2,8,1,1,0.8427607685166247
TRAJ-MICRO-V1,12097,215,0,2,2,8,1,1,0.8666998445905263
TRAJ-MICRO-V1,12097,216,0,2,2,8,1,1,0.805782705049246
TRAJ-MICRO-V1,12097,217,0,2,2,8,1,1,0.8348935866217204
TRAJ-MICRO-V1,12097,218,0,2,2,8,1,1,0.8517337917096419
TRAJ-MICRO-V1,12097,219,0,2,2,8,1,1,0.8510795571159852
TRAJ-MICRO-V1,12097,220,0,2,2,8,1,1,0.8498487644982552
TRAJ-MICRO-V1,12097,221,0,2,2,8,1,1,0.8560912199413185
TRAJ-MICRO-V1,12097,222,0,2,2,8,1,1,0.8172352420624988
TRAJ-MICRO-V1,12097,223,0,2,2,8,1,1,0.8217572486071026
TRAJ-MICRO-V1,12097,224,0,2,2,8,1,1,0.847743779046347
TRAJ-MICRO-V1,12097,225,0,2,2,8,1,1,0.8346887449217056
TRAJ-MICRO-V1,12097,226,0,2,2,8,1,1,0.8548078325745136
TRAJ-MICRO-V1,12097,227,0,2,2,8,1,1,0.8434567564020488
TRAJ-MICRO-V1,12097,228,0,2,2,8,1,1,0.7919257175343616
TRAJ-MICRO-V1,12097,229,0,2,2,8,1,1,0.7909938860771116
TRAJ-MICRO-V1,12097,230,0,2,2,8,1,1,0.8560706206919915
TRAJ-MICRO-V1,12097,231,0,2,2,8,1,1,0.8296506799355263
TRAJ-MICRO-V1,12097,232,0,2,2,8,1,1,0.8672412693363127
TRAJ-MICRO-V1,12097,233,0,2,2,8,1,1,0.8618603518571989
TRAJ-MICRO-V1,12097,234,0,2,2,8,1,1,0.8586527611892748
TRAJ-MICRO-V1,12097,235,0,2,2,8,1,1,0.8805312219624826
TRAJ-MICRO-V1,12097,236,0,2,2,8,1,1,0.8359997985964893
TRAJ-MICRO-V1,12097,237,0,2,2,8,1,1,0.8292256772821293
TRAJ-MICRO-V1,12097,238,0,2,2,8,1,1,0.8166018976950231
TRAJ-MICRO-V1,12097,239,0,2,2,8,1,1,0.8071905114208137
TRAJ-MICRO-V1,12097,240,0,2,2,8,1,1,0.8014265553254281
TRAJ-MICRO-V1,12101,1,0,2,2,8,1,1,0.7582462647797098
TRAJ-MICRO-V1,12101,2,0,2,2,8,1,1,0.7921949135382741
TRAJ-MICRO-V1,12101,3,0,2,2,8,1,1,0.8053812092384866
TRAJ-MICRO-V1,12101,4,0,2,2,8,1,1,0.8208364276723772
TRAJ-MICRO-V1,12101,5,0,2,2,8,1,1,0.8543156326258289
TRAJ-MICRO-V1,12101,6,0,2,2,8,1,1,0.8330115372972248
TRAJ-MICRO-V1,12101,7,0,2,2,8,1,1,0.8211842275025637
TRAJ-MICRO-V1,12101,8,0,2,2,8,1,1,0.8021453663931267
TRAJ-MICRO-V1,12101,9,0,2,2,8,1,1,0.8551578778352948
TRAJ-MICRO-V1,12101,10,0,2,2,8,1,1,0.8260794159106956
TRAJ-MICRO-V1,12101,11,0,2,2,8,1,1,0.8037511595953943
TRAJ-MICRO-V1,12101,12,0,2,2,8,1,1,0.8520594811502383
TRAJ-MICRO-V1,12101,13,0,2,2,8,1,1,0.752994300187736
TRAJ-MICRO-V1,12101,14,0,2,2,8,1,1,0.7948381969597593
TRAJ-MICRO-V1,12101,15,0,2,2,8,1,1,0.8201565062342936
TRAJ-MICRO-V1,12101,16,0,2,2,8,1,1,0.8091845602406469
TRAJ-MICRO-V1,12101,17,0,2,2,8,1,1,0.8027117254260426
TRAJ-MICRO-V1,12101,18,0,2,2,8,1,1,0.7855214850573049
TRAJ-MICRO-V1,12101,19,0,2,2,8,1,1,0.8101285646581727
TRAJ-MICRO-V1,12101,20,0,2,2,8,1,1,0.8078805266295354
TRAJ-MICRO-V1,12101,21,0,2,2,8,1,1,0.7567399845928636
TRAJ-MICRO-V1,12101,22,0,2,2,8,1,1,0.7824350416265805
TRAJ-MICRO-V1,12101,23,0,2,2,8,1,1,0.8232431560945435
TRAJ-MICRO-V1,12101,24,0,2,2,8,1,1,0.7597565712275406
TRAJ-MICRO-V1,12101,25,0,2,2,8,1,1,0.8106216676018775
TRAJ-MICRO-V1,12101,26,0,2,2,8,1,1,0.8130377987937711
TRAJ-MICRO-V1,12101,27,0,2,2,8,1,1,0.7547961681190718
TRAJ-MICRO-V1,12101,28,0,2,2,8,1,1,0.789500406732233
TRAJ-MICRO-V1,12101,29,0,2,2,8,1,1,0.7993509566357434
TRAJ-MICRO-V1,12101,30,0,2,2,8,1,1,0.7892352361086559
TRAJ-MICRO-V1,12101,31,0,2,2,8,1,1,0.8057684071654603
TRAJ-MICRO-V1,12101,32,0,2,2,8,1,1,0.8357259074652593
TRAJ-MICRO-V1,12101,33,0,2,2,8,1,1,0.7893260086312259
TRAJ-MICRO-V1,12101,34,0,2,2,8,1,1,0.7778939588396556
TRAJ-MICRO-V1,12101,35,0,2,2,8,1,1,0.8331274048482784
TRAJ-MICRO-V1,12101,36,0,2,2,8,1,1,0.7523591703796617
TRAJ-MICRO-V1,12101,37,0,2,2,8,1,1,0.8376234444210879
TRAJ-MICRO-V1,12101,38,0,2,2,8,1,1,0.8416006368675178
TRAJ-MICRO-V1,12101,39,0,2,2,8,1,1,0.7979289140166578
TRAJ-MICRO-V1,12101,40,0,2,2,8,1,1,0.8123093498210314
TRAJ-MICRO-V1,12101,41,0,2,2,8,1,1,0.7981751484353249
TRAJ-MICRO-V1,12101,42,0,2,2,8,1,1,0.8038305941552466
TRAJ-MICRO-V1,12101,43,0,2,2,8,1,1,0.8398064765040705
TRAJ-MICRO-V1,12101,44,0,2,2,8,1,1,0.8418938353297157
TRAJ-MICRO-V1,12101,45,0,2,2,8,1,1,0.8454145379029216
TRAJ-MICRO-V1,12101,46,0,2,2,8,1,1,0.8639079283581066
TRAJ-MICRO-V1,12101,47,0,2,2,8,1,1,0.866893025475802
TRAJ-MICRO-V1,12101,48,0,2,2,8,1,1,0.8473633050824474
TRAJ-MICRO-V1,12101,49,0,2,2,8,1,1,0.8730294731474124
TRAJ-MICRO-V1,12101,50,0,2,2,8,1,1,0.8493646298745103
TRAJ-MICRO-V1,12101,51,0,2,2,8,1,1,0.8296017297193573
TRAJ-MICRO-V1,12101,52,0,2,2,8,1,1,0.8682956851842611
TRAJ-MICRO-V1,12101,53,0,2,2,8,1,1,0.8050307045047592
TRAJ-MICRO-V1,12101,54,0,2,2,8,1,1,0.8087462248723202
TRAJ-MICRO-V1,12101,55,0,2,2,8,1,1,0.7819765341879114
TRAJ-MICRO-V1,12101,56,0,2,2,8,1,1,0.808989484077265
TRAJ-MICRO-V1,12101,57,0,2,2,8,1,1,0.7852193187084825
TRAJ-MICRO-V1,12101,58,0,2,2,8,1,1,0.8089995789173813
TRAJ-MICRO-V1,12101,59,0,2,2,8,1,1,0.8221151053250312
TRAJ-MICRO-V1,12101,60,0,2,2,8,1,1,0.8238323826297933
TRAJ-MICRO-V1,12101,61,0,2,2,8,1,1,0.862012464465126
TRAJ-MICRO-V1,12101,62,0,2,2,8,1,1,0.8945749114054282
TRAJ-MICRO-V1,12101,63,0,2,2,8,1,1,0.8511317490186449
TRAJ-MICRO-V1,12101,64,0,2,2,8,1,1,0.8508576651760633
TRAJ-MICRO-V1,12101,65,0,2,2,8,1,1,0.892956938327506
TRAJ-MICRO-V1,12101,66,0,2,2,8,1,1,0.832727876405761
TRAJ-MICRO-V1,12101,67,0,2,2,8,1,1,0.8517415071624097
TRAJ-MICRO-V1,12101,68,0,2,2,8,1,1,0.8717658117148891
TRAJ-MICRO-V1,12101,69,0,2,2,8,1,1,0.799740693381603
TRAJ-MICRO-V1,12101,70,0,2,2,8,1,1,0.757097653175101
TRAJ-MICRO-V1,12101,71,0,2,2,8,1,1,0.8190315524106307
TRAJ-MICRO-V1,12101,72,0,2,2,8,1,1,0.8123625558902268
TRAJ-MICRO-V1,12101,73,0,2,2,8,1,1,0.8188018824990652
TRAJ-MICRO-V1,12101,74,0,2,2,8,1,1,0.8001467832087809
TRAJ-MICRO-V1,12101,75,0,2,2,8,1,1,0.7945878540961143
TRAJ-MICRO-V1,12101,76,0,2,2,8,1,1,0.8223143199281854
TRAJ-MICRO-V1,12101,77,0,2,2,8,1,1,0.8067182021218063
TRAJ-MICRO-V1,12101,78,0,2,2,8,1,1,0.8249275087740072
TRAJ-MICRO-V1,12101,79,0,2,2,8,1,1,0.8158243779953505
TRAJ-MICRO-V1,12101,80,0,2,2,8,1,1,0.8539123978245026
TRAJ-MICRO-V1,12101,81,0,2,2,8,1,1,0.8526326814075781
TRAJ-MICRO-V1,12101,82,0,2,2,8,1,1,0.8285168634822302
TRAJ-MICRO-V1,12101,83,0,2,2,8,1,1,0.8353842522617977
TRAJ-MICRO-V1,12101,84,0,2,2,8,1,1,0.7912082375876046
TRAJ-MICRO-V1,12101,85,0,2,2,8,1,1,0.8490673250146109
TRAJ-MICRO-V1,12101,86,0,2,2,8,1,1,0.8531575788939444
TRAJ-MICRO-V1,12101,87,0,2,2,8,1,1,0.8323855866635318
TRAJ-MICRO-V1,12101,88,0,2,2,8,1,1,0.8730592987930247
TRAJ-MICRO-V1,12101,89,0,2,2,8,1,1,0.8549501242348794
TRAJ-MICRO-V1,12101,90,0,2,2,8,1,1,0.8131328669593126
TRAJ-MICRO-V1,12101,91,0,2,2,8,1,1,0.8783682915378501
TRAJ-MICRO-V1,12101,92,0,2,2,8,1,1,0.8479624066524302
TRAJ-MICRO-V1,12101,93,0,2,2,8,1,1,0.8483241557180375
TRAJ-MICRO-V1,12101,94,0,2,2,8,1,1,0.8712708903173305
TRAJ-MICRO-V1,12101,95,0,2,2,8,1,1,0.835269014462219
TRAJ-MICRO-V1,12101,96,0,2,2,8,1,1,0.8140410322915759
TRAJ-MICRO-V1,12101,97,0,2,2,8,1,1,0.8401982874315315
TRAJ-MICRO-V1,12101,98,0,2,2,8,1,1,0.8625237343412583
TRAJ-MICRO-V1,12101,99,0,2,2,8,1,1,0.7839838942169813
TRAJ-MICRO-V1,12101,100,0,2,2,8,1,1,0.8504140832814613
TRAJ-MICRO-V1,12101,101,0,2,2,8,1,1,0.8658323706984132
TRAJ-MICRO-V1,12101,102,0,2,2,8,1,1,0.8668329711572047
TRAJ-MICRO-V1,12101,103,0,2,2,8,1,1,0.8369336179947764
TRAJ-MICRO-V1,12101,104,0,2,2,8,1,1,0.8690146983155909
TRAJ-MICRO-V1,12101,105,0,2,2,8,1,1,0.8828694771065471
TRAJ-MICRO-V1,12101,106,0,2,2,8,1,1,0.8678139556029116
TRAJ-MICRO-V1,12101,107,0,2,2,8,1,1,0.8612069673605814
TRAJ-MICRO-V1,12101,108,0,2,2,8,1,1,0.8427546490786674
TRAJ-MICRO-V1,12101,109,0,2,2,8,1,1,0.8191816949976519
TRAJ-MICRO-V1,12101,110,0,2,2,8,1,1,0.8407500299668029
TRAJ-MICRO-V1,12101,111,0,2,2,8,1,1,0.8117791665205119
TRAJ-MICRO-V1,12101,112,0,2,2,8,1,1,0.840844375337691
TRAJ-MICRO-V1,12101,113,0,2,2,8,1,1,0.7809686205086047
TRAJ-MICRO-V1,12101,114,0,2,2,8,1,1,0.7953899332764699
TRAJ-MICRO-V1,12101,115,0,2,2,8,1,1,0.8302201813489843
TRAJ-MICRO-V1,12101,116,0,2,2,8,1,1,0.8605634722462675
TRAJ-MICRO-V1,12101,117,0,2,2,8,1,1,0.8539344604164485
TRAJ-MICRO-V1,12101,118,0,2,2,8,1,1,0.8839675215189051
TRAJ-MICRO-V1,12101,119,0,2,2,8,1,1,0.8853484407540523
TRAJ-MICRO-V1,12101,120,0,2,2,8,1,1,0.8800173503445482
TRAJ-MICRO-V1,12101,121,0,2,2,8,1,1,0.8986688114980605
TRAJ-MICRO-V1,12101,122,0,2,2,8,1,1,0.9068916900584814
TRAJ-MICRO-V1,12101,123,0,2,2,8,1,1,0.858779687480381
TRAJ-MICRO-V1,12101,124,0,2,2,8,1,1,0.8695156288621402
TRAJ-MICRO-V1,12101,125,0,2,2,8,1,1,0.8879378634169934
TRAJ-MICRO-V1,12101,126,0,2,2,8,1,1,0.8328464461996189
TRAJ-MICRO-V1,12101,127,0,2,2,8,1,1,0.8302532159867766
TRAJ-MICRO-V1,12101,128,0,2,2,8,1,1,0.793371372970713
TRAJ-MICRO-V1,12101,129,0,2,2,8,1,1,0.7620257932937673
TRAJ-MICRO-V1,12101,130,0,2,2,8,1,1,0.78278220126351
TRAJ-MICRO-V1,12101,131,0,2,2,8,1,1,0.761201845165195
TRAJ-MICRO-V1,12101,132,0,2,2,8,1,1,0.7872091011686396
TRAJ-MICRO-V1,12101,133,0,2,2,8,1,1,0.8008547861054155
TRAJ-MICRO-V1,12101,134,0,2,2,8,1,1,0.8441399278610379
TRAJ-MICRO-V1,12101,135,0,2,2,8,1,1,0.8177694732685054
TRAJ-MICRO-V1,12101,136,0,2,2,8,1,1,0.8305714699993931
TRAJ-MICRO-V1,12101,137,0,2,2,8,1,1,0.8664502449198273
TRAJ-MICRO-V1,12101,138,0,2,2,8,1,1,0.8347570914965363
TRAJ-MICRO-V1,12101,139,0,2,2,8,1,1,0.8422134821566261
TRAJ-MICRO-V1,12101,140,0,2,2,8,1,1,0.811419021160015
TRAJ-MICRO-V1,12101,141,0,2,2,8,1,1,0.8184527951310737
TRAJ-MICRO-V1,12101,142,0,2,2,8,1,1,0.8135345389578681
TRAJ-MICRO-V1,12101,143,0,2,2,8,1,1,0.8174612271642353
TRAJ-MICRO-V1,12101,144,0,2,2,8,1,1,0.854732954383653
TRAJ-MICRO-V1,12101,145,0,2,2,8,1,1,0.8225448015031105
TRAJ-MICRO-V1,12101,146,0,2,2,8,1,1,0.8519250526606605
TRAJ-MICRO-V1,12101,147,0,2,2,8,1,1,0.8468817091663471
TRAJ-MICRO-V1,12101,148,0,2,2,8,1,1,0.829144945734113
TRAJ-MICRO-V1,12101,149,0,2,2,8,1,1,0.8535548999185576
TRAJ-MICRO-V1,12101,150,0,2,2,8,1,1,0.8343045602529263
TRAJ-MICRO-V1,12101,151,0,2,2,8,1,1,0.857608304714549
TRAJ-MICRO-V1,12101,152,0,2,2,8,1,1,0.8298269983604185
TRAJ-MICRO-V1,12101,153,0,2,2,8,1,1,0.8427143028481552
TRAJ-MICRO-V1,12101,154,0,2,2,8,1,1,0.8643971003730672
TRAJ-MICRO-V1,12101,155,0,2,2,8,1,1,0.8329208521682222
TRAJ-MICRO-V1,12101,156,0,2,2,8,1,1,0.8630686274588962
TRAJ-MICRO-V1,12101,157,0,2,2,8,1,1,0.8656563593810587
TRAJ-MICRO-V1,12101,158,0,2,2,8,1,1,0.8638678058447581
TRAJ-MICRO-V1,12101,159,0,2,2,8,1,1,0.814715283017527
TRAJ-MICRO-V1,12101,160,0,2,2,8,1,1,0.8924736314675893
TRAJ-MICRO-V1,12101,161,0,2,2,8,1,1,0.8752988911942465
TRAJ-MICRO-V1,12101,162,0,2,2,8,1,1,0.8267595220633046
TRAJ-MICRO-V1,12101,163,0,2,2,8,1,1,0.8689059122577866
TRAJ-MICRO-V1,12101,164,0,2,2,8,1,1,0.8522352567577205
TRAJ-MICRO-V1,12101,165,0,2,2,8,1,1,0.8355732641275958
TRAJ-MICRO-V1,12101,166,0,2,2,8,1,1,0.8372329995984606
TRAJ-MICRO-V1,12101,167,0,2,2,8,1,1,0.8467757837971113
TRAJ-MICRO-V1,12101,168,0,2,2,8,1,1,0.807877725227918
TRAJ-MICRO-V1,12101,169,0,2,2,8,1,1,0.8505257117322419
TRAJ-MICRO-V1,12101,170,0,2,2,8,1,1,0.8408412672271062
TRAJ-MICRO-V1,12101,171,0,2,2,8,1,1,0.8064213957158333
TRAJ-MICRO-V1,12101,172,0,2,2,8,1,1,0.8277275757906195
TRAJ-MICRO-V1,12101,173,0,2,2,8,1,1,0.8754292457733759
TRAJ-MICRO-V1,12101,174,0,2,2,8,1,1,0.8213033611029915
TRAJ-MICRO-V1,12101,175,0,2,2,8,1,1,0.8578212287161944
TRAJ-MICRO-V1,12101,176,0,2,2,8,1,1,0.8747789242667381
TRAJ-MICRO-V1,12101,177,0,2,2,8,1,1,0.8468389506525558
TRAJ-MICRO-V1,12101,178,0,2,2,8,1,1,0.8109896932917463
TRAJ-MICRO-V1,12101,179,0,2,2,8,1,1,0.8608082551515346
TRAJ-MICRO-V1,12101,180,0,2,2,8,1,1,0.829817624333656
TRAJ-MICRO-V1,12101,181,0,2,2,8,1,1,0.8038329552418912
TRAJ-MICRO-V1,12101,182,0,2,2,8,1,1,0.8365216829925944
TRAJ-MICRO-V1,12101,183,0,2,2,8,1,1,0.7705732134184418
TRAJ-MICRO-V1,12101,184,0,2,2,8,1,1,0.8199413316924482
TRAJ-MICRO-V1,12101,185,0,2,2,8,1,1,0.7699521454575957
TRAJ-MICRO-V1,12101,186,0,2,2,8,1,1,0.7697572779361068
TRAJ-MICRO-V1,12101,187,0,2,2,8,1,1,0.7258615676435418
TRAJ-MICRO-V1,12101,188,0,2,2,8,1,1,0.78719601979513
TRAJ-MICRO-V1,12101,189,0,2,2,8,1,1,0.7909150564687407
TRAJ-MICRO-V1,12101,190,0,2,2,8,1,1,0.8474789422339333
TRAJ-MICRO-V1,12101,191,0,2,2,8,1,1,0.832303183606221
TRAJ-MICRO-V1,12101,192,0,2,2,8,1,1,0.8408659065283695
TRAJ-MICRO-V1,12101,193,0,2,2,8,1,1,0.8445437841621142
TRAJ-MICRO-V1,12101,194,0,2,2,8,1,1,0.9046949278561798
TRAJ-MICRO-V1,12101,195,0,2,2,8,1,1,0.8785723895680431
TRAJ-MICRO-V1,12101,196,0,2,2,8,1,1,0.844342633704914
TRAJ-MICRO-V1,12101,197,0,2,2,8,1,1,0.8923257607628011
TRAJ-MICRO-V1,12101,198,0,2,2,8,1,1,0.865481616295316
TRAJ-MICRO-V1,12101,199,0,2,2,8,1,1,0.8438308947480206
TRAJ-MICRO-V1,12101,200,0,2,2,8,1,1,0.8430779880367127
TRAJ-MICRO-V1,12101,201,0,2,2,8,1,1,0.8075384787880988
TRAJ-MICRO-V1,12101,202,0,2,2,8,1,1,0.8080856638205477
TRAJ-MICRO-V1,12101,203,0,2,2,8,1,1,0.831277570103858
TRAJ-MICRO-V1,12101,204,0,2,2,8,1,1,0.8192306220567872
TRAJ-MICRO-V1,12101,205,0,2,2,8,1,1,0.819595623892186
TRAJ-MICRO-V1,12101,206,0,2,2,8,1,1,0.8379277974699831
TRAJ-MICRO-V1,12101,207,0,2,2,8,1,1,0.8505282379368959
TRAJ-MICRO-V1,12101,208,0,2,2,8,1,1,0.8754349780643186
TRAJ-MICRO-V1,12101,209,0,2,2,8,1,1,0.865293735850861
TRAJ-MICRO-V1,12101,210,0,2,2,8,1,1,0.8565126799642383
TRAJ-MICRO-V1,12101,211,0,2,2,8,1,1,0.8584011225846083
TRAJ-MICRO-V1,12101,212,0,2,2,8,1,1,0.8638514376391091
TRAJ-MICRO-V1,12101,213,0,2,2,8,1,1,0.7925267914853196
TRAJ-MICRO-V1,12101,214,0,2,2,8,1,1,0.8214173691780092
TRAJ-MICRO-V1,12101,215,0,2,2,8,1,1,0.8165993008488003
TRAJ-MICRO-V1,12101,216,0,2,2,8,1,1,0.7959249920251658
TRAJ-MICRO-V1,12101,217,0,2,2,8,1,1,0.8230287692726502
TRAJ-MICRO-V1,12101,218,0,2,2,8,1,1,0.8526233370129952
TRAJ-MICRO-V1,12101,219,0,2,2,8,1,1,0.8503733601512702
TRAJ-MICRO-V1,12101,220,0,2,2,8,1,1,0.8417682653247814
TRAJ-MICRO-V1,12101,221,0,2,2,8,1,1,0.8519296347866715
TRAJ-MICRO-V1,12101,222,0,2,2,8,1,1,0.8109369948252995
TRAJ-MICRO-V1,12101,223,0,2,2,8,1,1,0.8426267079316055
TRAJ-MICRO-V1,12101,224,0,2,2,8,1,1,0.8365312660206944
TRAJ-MICRO-V1,12101,225,0,2,2,8,1,1,0.8440191218649542
TRAJ-MICRO-V1,12101,226,0,2,2,8,1,1,0.8201291174474543
TRAJ-MICRO-V1,12101,227,0,2,2,8,1,1,0.8493245890113537
TRAJ-MICRO-V1,12101,228,0,2,2,8,1,1,0.8396950425259975
TRAJ-MICRO-V1,12101,229,0,2,2,8,1,1,0.7940087560860731
TRAJ-MICRO-V1,12101,230,0,2,2,8,1,1,0.8580984616583185
TRAJ-MICRO-V1,12101,231,0,2,2,8,1,1,0.8579332235817301
TRAJ-MICRO-V1,12101,232,0,2,2,8,1,1,0.8608658158388824
TRAJ-MICRO-V1,12101,233,0,2,2,8,1,1,0.8625610134492906
TRAJ-MICRO-V1,12101,234,0,2,2,8,1,1,0.8425417662998622
TRAJ-MICRO-V1,12101,235,0,2,2,8,1,1,0.8713306548172287
TRAJ-MICRO-V1,12101,236,0,2,2,8,1,1,0.8700159980978216
TRAJ-MICRO-V1,12101,237,0,2,2,8,1,1,0.8434099562705198
TRAJ-MICRO-V1,12101,238,0,2,2,8,1,1,0.8221064716578601
TRAJ-MICRO-V1,12101,239,0,2,2,8,1,1,0.822420058185047
TRAJ-MICRO-V1,12101,240,0,2,2,8,1,1,0.7762885130348373
TRAJ-MICRO-V1,12107,1,0,2,2,8,1,1,0.7812723490900201
TRAJ-MICRO-V1,12107,2,0,2,2,8,1,1,0.7963570500199809
TRAJ-MICRO-V1,12107,3,0,2,2,8,1,1,0.8140000192836723
TRAJ-MICRO-V1,12107,4,0,2,2,8,1,1,0.7955300412380489
TRAJ-MICRO-V1,12107,5,0,2,2,8,1,1,0.8407800420784667
TRAJ-MICRO-V1,12107,6,0,2,2,8,1,1,0.8232042132743287
TRAJ-MICRO-V1,12107,7,0,2,2,8,1,1,0.7919342296448084
TRAJ-MICRO-V1,12107,8,0,2,2,8,1,1,0.820543309704574
TRAJ-MICRO-V1,12107,9,0,2,2,8,1,1,0.8601207584296795
TRAJ-MICRO-V1,12107,10,0,2,2,8,1,1,0.7900336844996785
TRAJ-MICRO-V1,12107,11,0,2,2,8,1,1,0.7743865770422722
TRAJ-MICRO-V1,12107,12,0,2,2,8,1,1,0.8459135135244905
TRAJ-MICRO-V1,12107,13,0,2,2,8,1,1,0.7388564639711929
TRAJ-MICRO-V1,12107,14,0,2,2,8,1,1,0.8089504259081483
TRAJ-MICRO-V1,12107,15,0,2,2,8,1,1,0.8068551050036589
TRAJ-MICRO-V1,12107,16,0,2,2,8,1,1,0.7955913383504902
TRAJ-MICRO-V1,12107,17,0,2,2,8,1,1,0.8135480190482776
TRAJ-MICRO-V1,12107,18,0,2,2,8,1,1,0.8107111349797441
TRAJ-MICRO-V1,12107,19,0,2,2,8,1,1,0.8262363459835946
TRAJ-MICRO-V1,12107,20,0,2,2,8,1,1,0.8239196590933772
TRAJ-MICRO-V1,12107,21,0,2,2,8,1,1,0.8179109842280378
TRAJ-MICRO-V1,12107,22,0,2,2,8,1,1,0.8031501725493828
TRAJ-MICRO-V1,12107,23,0,2,2,8,1,1,0.8153409368363075
TRAJ-MICRO-V1,12107,24,0,2,2,8,1,1,0.7773195627278542
TRAJ-MICRO-V1,12107,25,0,2,2,8,1,1,0.7933545368118956
TRAJ-MICRO-V1,12107,26,0,2,2,8,1,1,0.8048165803947294
TRAJ-MICRO-V1,12107,27,0,2,2,8,1,1,0.7593714494653684
TRAJ-MICRO-V1,12107,28,0,2,2,8,1,1,0.7956813950611471
TRAJ-MICRO-V1,12107,29,0,2,2,8,1,1,0.8261906649931496
TRAJ-MICRO-V1,12107,30,0,2,2,8,1,1,0.8030394275940447
TRAJ-MICRO-V1,12107,31,0,2,2,8,1,1,0.7965438308246471
TRAJ-MICRO-V1,12107,32,0,2,2,8,1,1,0.8448315467720672
TRAJ-MICRO-V1,12107,33,0,2,2,8,1,1,0.8015956159301062
TRAJ-MICRO-V1,12107,34,0,2,2,8,1,1,0.8062958444317692
TRAJ-MICRO-V1,12107,35,0,2,2,8,1,1,0.816534490807235
TRAJ-MICRO-V1,12107,36,0,2,2,8,1,1,0.7936705109872688
TRAJ-MICRO-V1,12107,37,0,2,2,8,1,1,0.8337727582706908
TRAJ-MICRO-V1,12107,38,0,2,2,8,1,1,0.8330293932494828
TRAJ-MICRO-V1,12107,39,0,2,2,8,1,1,0.798614152382899
TRAJ-MICRO-V1,12107,40,0,2,2,8,1,1,0.8112033847868255
TRAJ-MICRO-V1,12107,41,0,2,2,8,1,1,0.8090440388990052
TRAJ-MICRO-V1,12107,42,0,2,2,8,1,1,0.8080635643918738
TRAJ-MICRO-V1,12107,43,0,2,2,8,1,1,0.8379393292952816
TRAJ-MICRO-V1,12107,44,0,2,2,8,1,1,0.8632419424924471
TRAJ-MICRO-V1,12107,45,0,2,2,8,1,1,0.8755919017486145
TRAJ-MICRO-V1,12107,46,0,2,2,8,1,1,0.8802399855631575
TRAJ-MICRO-V1,12107,47,0,2,2,8,1,1,0.908868758339735
TRAJ-MICRO-V1,12107,48,0,2,2,8,1,1,0.8798723381660392
TRAJ-MICRO-V1,12107,49,0,2,2,8,1,1,0.8615323907312202
TRAJ-MICRO-V1,12107,50,0,2,2,8,1,1,0.8280638669868771
TRAJ-MICRO-V1,12107,51,0,2,2,8,1,1,0.8252805743797096
TRAJ-MICRO-V1,12107,52,0,2,2,8,1,1,0.8398196462112861
TRAJ-MICRO-V1,12107,53,0,2,2,8,1,1,0.8227950588851415
TRAJ-MICRO-V1,12107,54,0,2,2,8,1,1,0.8068854039732785
TRAJ-MICRO-V1,12107,55,0,2,2,8,1,1,0.7961231161558376
TRAJ-MICRO-V1,12107,56,0,2,2,8,1,1,0.7970896240027654
TRAJ-MICRO-V1,12107,57,0,2,2,8,1,1,0.7879380263044691
TRAJ-MICRO-V1,12107,58,0,2,2,8,1,1,0.829784468227779
TRAJ-MICRO-V1,12107,59,0,2,2,8,1,1,0.841270736487337
TRAJ-MICRO-V1,12107,60,0,2,2,8,1,1,0.8499302286908313
TRAJ-MICRO-V1,12107,61,0,2,2,8,1,1,0.8472551617739376
TRAJ-MICRO-V1,12107,62,0,2,2,8,1,1,0.869174182966043
TRAJ-MICRO-V1,12107,63,0,2,2,8,1,1,0.8310622198592491
TRAJ-MICRO-V1,12107,64,0,2,2,8,1,1,0.8465412044475783
TRAJ-MICRO-V1,12107,65,0,2,2,8,1,1,0.8757890379952944
TRAJ-MICRO-V1,12107,66,0,2,2,8,1,1,0.8264526080322492
TRAJ-MICRO-V1,12107,67,0,2,2,8,1,1,0.8208266471446797
TRAJ-MICRO-V1,12107,68,0,2,2,8,1,1,0.8687875837708082
TRAJ-MICRO-V1,12107,69,0,2,2,8,1,1,0.8265529058158373
TRAJ-MICRO-V1,12107,70,0,2,2,8,1,1,0.8337983379914263
TRAJ-MICRO-V1,12107,71,0,2,2,8,1,1,0.8217728091184999
TRAJ-MICRO-V1,12107,72,0,2,2,8,1,1,0.8242960397819289
TRAJ-MICRO-V1,12107,73,0,2,2,8,1,1,0.8317125496275497
TRAJ-MICRO-V1,12107,74,0,2,2,8,1,1,0.8170282975300157
TRAJ-MICRO-V1,12107,75,0,2,2,8,1,1,0.7926166220239161
TRAJ-MICRO-V1,12107,76,0,2,2,8,1,1,0.8193116737488254
TRAJ-MICRO-V1,12107,77,0,2,2,8,1,1,0.8263083578256736
TRAJ-MICRO-V1,12107,78,0,2,2,8,1,1,0.8202471107850229
TRAJ-MICRO-V1,12107,79,0,2,2,8,1,1,0.8246395111361753
TRAJ-MICRO-V1,12107,80,0,2,2,8,1,1,0.8677630027881164
TRAJ-MICRO-V1,12107,81,0,2,2,8,1,1,0.8292541059879447
TRAJ-MICRO-V1,12107,82,0,2,2,8,1,1,0.8503033753322986
TRAJ-MICRO-V1,12107,83,0,2,2,8,1,1,0.8481342831228172
TRAJ-MICRO-V1,12107,84,0,2,2,8,1,1,0.7825455805165162
TRAJ-MICRO-V1,12107,85,0,2,2,8,1,1,0.8322663445932859
TRAJ-MICRO-V1,12107,86,0,2,2,8,1,1,0.8231240839013599
TRAJ-MICRO-V1,12107,87,0,2,2,8,1,1,0.8436175892131695
TRAJ-MICRO-V1,12107,88,0,2,2,8,1,1,0.8761745475367092
TRAJ-MICRO-V1,12107,89,0,2,2,8,1,1,0.8676428302477842
TRAJ-MICRO-V1,12107,90,0,2,2,8,1,1,0.8484894132094829
TRAJ-MICRO-V1,12107,91,0,2,2,8,1,1,0.8263156343125306
TRAJ-MICRO-V1,12107,92,0,2,2,8,1,1,0.8392789618326391
TRAJ-MICRO-V1,12107,93,0,2,2,8,1,1,0.815523621431941
TRAJ-MICRO-V1,12107,94,0,2,2,8,1,1,0.8683573031857447
TRAJ-MICRO-V1,12107,95,0,2,2,8,1,1,0.8249110712936546
TRAJ-MICRO-V1,12107,96,0,2,2,8,1,1,0.8465909239980465
TRAJ-MICRO-V1,12107,97,0,2,2,8,1,1,0.8204657018286724
TRAJ-MICRO-V1,12107,98,0,2,2,8,1,1,0.8780601055743481
TRAJ-MICRO-V1,12107,99,0,2,2,8,1,1,0.8123336453641333
TRAJ-MICRO-V1,12107,100,0,2,2,8,1,1,0.844000663842563
TRAJ-MICRO-V1,12107,101,0,2,2,8,1,1,0.8393496363982451
TRAJ-MICRO-V1,12107,102,0,2,2,8,1,1,0.8475581071408689
TRAJ-MICRO-V1,12107,103,0,2,2,8,1,1,0.8507172389313324
TRAJ-MICRO-V1,12107,104,0,2,2,8,1,1,0.8546900253969463
TRAJ-MICRO-V1,12107,105,0,2,2,8,1,1,0.8651415215166793
TRAJ-MICRO-V1,12107,106,0,2,2,8,1,1,0.851036545229142
TRAJ-MICRO-V1,12107,107,0,2,2,8,1,1,0.9036295403971851
TRAJ-MICRO-V1,12107,108,0,2,2,8,1,1,0.8562987528571865
TRAJ-MICRO-V1,12107,109,0,2,2,8,1,1,0.8455817339768456
TRAJ-MICRO-V1,12107,110,0,2,2,8,1,1,0.8617445721941572
TRAJ-MICRO-V1,12107,111,0,2,2,8,1,1,0.8014750646701709
TRAJ-MICRO-V1,12107,112,0,2,2,8,1,1,0.798359493803901
TRAJ-MICRO-V1,12107,113,0,2,2,8,1,1,0.8256375735411311
TRAJ-MICRO-V1,12107,114,0,2,2,8,1,1,0.7654104254884587
TRAJ-MICRO-V1,12107,115,0,2,2,8,1,1,0.834381426697454
TRAJ-MICRO-V1,12107,116,0,2,2,8,1,1,0.8664186708113083
TRAJ-MICRO-V1,12107,117,0,2,2,8,1,1,0.8752023272039003
TRAJ-MICRO-V1,12107,118,0,2,2,8,1,1,0.8698852917994834
TRAJ-MICRO-V1,12107,119,0,2,2,8,1,1,0.8889201142543731
TRAJ-MICRO-V1,12107,120,0,2,2,8,1,1,0.8852868347250645
TRAJ-MICRO-V1,12107,121,0,2,2,8,1,1,0.8528929905018374
TRAJ-MICRO-V1,12107,122,0,2,2,8,1,1,0.9134899377985783
TRAJ-MICRO-V1,12107,123,0,2,2,8,1,1,0.8677781942083171
TRAJ-MICRO-V1,12107,124,0,2,2,8,1,1,0.8495606545951057
TRAJ-MICRO-V1,12107,125,0,2,2,8,1,1,0.907308475516507
TRAJ-MICRO-V1,12107,126,0,2,2,8,1,1,0.8379403695459047
TRAJ-MICRO-V1,12107,127,0,2,2,8,1,1,0.8148460762719985
TRAJ-MICRO-V1,12107,128,0,2,2,8,1,1,0.7570648283601676
TRAJ-MICRO-V1,12107,129,0,2,2,8,1,1,0.7493599142621071
TRAJ-MICRO-V1,12107,130,0,2,2,8,1,1,0.7571972473439321
TRAJ-MICRO-V1,12107,131,0,2,2,8,1,1,0.8022404793644244
TRAJ-MICRO-V1,12107,132,0,2,2,8,1,1,0.7947698984549311
TRAJ-MICRO-V1,12107,133,0,2,2,8,1,1,0.8001604272201207
TRAJ-MICRO-V1,12107,134,0,2,2,8,1,1,0.8462362795079941
TRAJ-MICRO-V1,12107,135,0,2,2,8,1,1,0.8222417393587834
TRAJ-MICRO-V1,12107,136,0,2,2,8,1,1,0.7890038954728578
TRAJ-MICRO-V1,12107,137,0,2,2,8,1,1,0.8744636750305242
TRAJ-MICRO-V1,12107,138,0,2,2,8,1,1,0.8413363899032473
TRAJ-MICRO-V1,12107,139,0,2,2,8,1,1,0.8423956429059805
TRAJ-MICRO-V1,12107,140,0,2,2,8,1,1,0.7996155369308974
TRAJ-MICRO-V1,12107,141,0,2,2,8,1,1,0.8319297400390853
TRAJ-MICRO-V1,12107,142,0,2,2,8,1,1,0.800361555264304
TRAJ-MICRO-V1,12107,143,0,2,2,8,1,1,0.8507956141590163
TRAJ-MICRO-V1,12107,144,0,2,2,8,1,1,0.8347080947530668
TRAJ-MICRO-V1,12107,145,0,2,2,8,1,1,0.8360495154534795
TRAJ-MICRO-V1,12107,146,0,2,2,8,1,1,0.8487578434301131
TRAJ-MICRO-V1,12107,147,0,2,2,8,1,1,0.8269963923789988
TRAJ-MICRO-V1,12107,148,0,2,2,8,1,1,0.8497313319026825
TRAJ-MICRO-V1,12107,149,0,2,2,8,1,1,0.8436943896019754
TRAJ-MICRO-V1,12107,150,0,2,2,8,1,1,0.8153489295462072
TRAJ-MICRO-V1,12107,151,0,2,2,8,1,1,0.8576771126941056
TRAJ-MICRO-V1,12107,152,0,2,2,8,1,1,0.8370861165188838
TRAJ-MICRO-V1,12107,153,0,2,2,8,1,1,0.8806471883486674
TRAJ-MICRO-V1,12107,154,0,2,2,8,1,1,0.8337158303256774
TRAJ-MICRO-V1,12107,155,0,2,2,8,1,1,0.8704433588557433
TRAJ-MICRO-V1,12107,156,0,2,2,8,1,1,0.850423377938029
TRAJ-MICRO-V1,12107,157,0,2,2,8,1,1,0.8623593403181967
TRAJ-MICRO-V1,12107,158,0,2,2,8,1,1,0.8714383251852847
TRAJ-MICRO-V1,12107,159,0,2,2,8,1,1,0.8457765885837228
TRAJ-MICRO-V1,12107,160,0,2,2,8,1,1,0.8886715982296292
TRAJ-MICRO-V1,12107,161,0,2,2,8,1,1,0.8848753539783853
TRAJ-MICRO-V1,12107,162,0,2,2,8,1,1,0.8676748903464977
TRAJ-MICRO-V1,12107,163,0,2,2,8,1,1,0.8658176261934881
TRAJ-MICRO-V1,12107,164,0,2,2,8,1,1,0.8556828701489435
TRAJ-MICRO-V1,12107,165,0,2,2,8,1,1,0.8192516245612437
TRAJ-MICRO-V1,12107,166,0,2,2,8,1,1,0.7965638284969876
TRAJ-MICRO-V1,12107,167,0,2,2,8,1,1,0.8095629102082704
TRAJ-MICRO-V1,12107,168,0,2,2,8,1,1,0.8209237039798185
TRAJ-MICRO-V1,12107,169,0,2,2,8,1,1,0.8402278953142155
TRAJ-MICRO-V1,12107,170,0,2,2,8,1,1,0.8271783032430836
TRAJ-MICRO-V1,12107,171,0,2,2,8,1,1,0.8094030807214406
TRAJ-MICRO-V1,12107,172,0,2,2,8,1,1,0.8527403103222035
TRAJ-MICRO-V1,12107,173,0,2,2,8,1,1,0.8824143215034834
TRAJ-MICRO-V1,12107,174,0,2,2,8,1,1,0.8504314426460392
TRAJ-MICRO-V1,12107,175,0,2,2,8,1,1,0.8294351732853709
TRAJ-MICRO-V1,12107,176,0,2,2,8,1,1,0.8598727664435128
TRAJ-MICRO-V1,12107,177,0,2,2,8,1,1,0.8367295792430136
TRAJ-MICRO-V1,12107,178,0,2,2,8,1,1,0.814761798838257
TRAJ-MICRO-V1,12107,179,0,2,2,8,1,1,0.869554639449167
TRAJ-MICRO-V1,12107,180,0,2,2,8,1,1,0.8320289666073768
TRAJ-MICRO-V1,12107,181,0,2,2,8,1,1,0.8386667788475017
TRAJ-MICRO-V1,12107,182,0,2,2,8,1,1,0.8729131252585792
TRAJ-MICRO-V1,12107,183,0,2,2,8,1,1,0.7720276329808257
TRAJ-MICRO-V1,12107,184,0,2,2,8,1,1,0.812477972759245
TRAJ-MICRO-V1,12107,185,0,2,2,8,1,1,0.7581013834015811
TRAJ-MICRO-V1,12107,186,0,2,2,8,1,1,0.7565712025878706
TRAJ-MICRO-V1,12107,187,0,2,2,8,1,1,0.7524519651763273
TRAJ-MICRO-V1,12107,188,0,2,2,8,1,1,0.7867307960947645
TRAJ-MICRO-V1,12107,189,0,2,2,8,1,1,0.7885240703732801
TRAJ-MICRO-V1,12107,190,0,2,2,8,1,1,0.859990358370457
TRAJ-MICRO-V1,12107,191,0,2,2,8,1,1,0.8263138200084403
TRAJ-MICRO-V1,12107,192,0,2,2,8,1,1,0.8345818047531677
TRAJ-MICRO-V1,12107,193,0,2,2,8,1,1,0.8416952444469974
TRAJ-MICRO-V1,12107,194,0,2,2,8,1,1,0.8852039279317447
TRAJ-MICRO-V1,12107,195,0,2,2,8,1,1,0.8693927510788718
TRAJ-MICRO-V1,12107,196,0,2,2,8,1,1,0.8490873341768201
TRAJ-MICRO-V1,12107,197,0,2,2,8,1,1,0.8787770863189716
TRAJ-MICRO-V1,12107,198,0,2,2,8,1,1,0.8772832470007796
TRAJ-MICRO-V1,12107,199,0,2,2,8,1,1,0.8329513796755496
TRAJ-MICRO-V1,12107,200,0,2,2,8,1,1,0.8290091007305249
TRAJ-MICRO-V1,12107,201,0,2,2,8,1,1,0.8088750035165055
TRAJ-MICRO-V1,12107,202,0,2,2,8,1,1,0.8242656276164617
TRAJ-MICRO-V1,12107,203,0,2,2,8,1,1,0.8278137432890053
TRAJ-MICRO-V1,12107,204,0,2,2,8,1,1,0.8167281810338989
TRAJ-MICRO-V1,12107,205,0,2,2,8,1,1,0.843601963538076
TRAJ-MICRO-V1,12107,206,0,2,2,8,1,1,0.8463029168102286
TRAJ-MICRO-V1,12107,207,0,2,2,8,1,1,0.8527960055696234
TRAJ-MICRO-V1,12107,208,0,2,2,8,1,1,0.8736959781166189
TRAJ-MICRO-V1,12107,209,0,2,2,8,1,1,0.8827325866059504
TRAJ-MICRO-V1,12107,210,0,2,2,8,1,1,0.8477687038762775
TRAJ-MICRO-V1,12107,211,0,2,2,8,1,1,0.8365022247556336
TRAJ-MICRO-V1,12107,212,0,2,2,8,1,1,0.851074722088671
TRAJ-MICRO-V1,12107,213,0,2,2,8,1,1,0.788776562581636
TRAJ-MICRO-V1,12107,214,0,2,2,8,1,1,0.8108868399927259
TRAJ-MICRO-V1,12107,215,0,2,2,8,1,1,0.8364775918083501
TRAJ-MICRO-V1,12107,216,0,2,2,8,1,1,0.8203729068322714
TRAJ-MICRO-V1,12107,217,0,2,2,8,1,1,0.8244560369420743
TRAJ-MICRO-V1,12107,218,0,2,2,8,1,1,0.8766775331494092
TRAJ-MICRO-V1,12107,219,0,2,2,8,1,1,0.8408999737513682
TRAJ-MICRO-V1,12107,220,0,2,2,8,1,1,0.8291716083290387
TRAJ-MICRO-V1,12107,221,0,2,2,8,1,1,0.8578259145047485
TRAJ-MICRO-V1,12107,222,0,2,2,8,1,1,0.8347460890977075
TRAJ-MICRO-V1,12107,223,0,2,2,8,1,1,0.8484236338164499
TRAJ-MICRO-V1,12107,224,0,2,2,8,1,1,0.8251569549532778
TRAJ-MICRO-V1,12107,225,0,2,2,8,1,1,0.8398156898729311
TRAJ-MICRO-V1,12107,226,0,2,2,8,1,1,0.8583986638144815
TRAJ-MICRO-V1,12107,227,0,2,2,8,1,1,0.8545705371704889
TRAJ-MICRO-V1,12107,228,0,2,2,8,1,1,0.8245138450332121
TRAJ-MICRO-V1,12107,229,0,2,2,8,1,1,0.8021948481053789
TRAJ-MICRO-V1,12107,230,0,2,2,8,1,1,0.8583326092715741
TRAJ-MICRO-V1,12107,231,0,2,2,8,1,1,0.8426976125213707
TRAJ-MICRO-V1,12107,232,0,2,2,8,1,1,0.8710785431233941
TRAJ-MICRO-V1,12107,233,0,2,2,8,1,1,0.8656477922115772
TRAJ-MICRO-V1,12107,234,0,2,2,8,1,1,0.8507915611178324
TRAJ-MICRO-V1,12107,235,0,2,2,8,1,1,0.876497465250835
TRAJ-MICRO-V1,12107,236,0,2,2,8,1,1,0.8612490253159354
TRAJ-MICRO-V1,12107,237,0,2,2,8,1,1,0.8407141226381285
TRAJ-MICRO-V1,12107,238,0,2,2,8,1,1,0.8151276243295938
TRAJ-MICRO-V1,12107,239,0,2,2,8,1,1,0.8221022893599402
TRAJ-MICRO-V1,12107,240,0,2,2,8,1,1,0.8275207490188051
TRAJ-MICRO-V1,12109,1,0,2,2,8,1,1,0.7783416509425203
TRAJ-MICRO-V1,12109,2,0,2,2,8,1,1,0.7874419924009761
TRAJ-MICRO-V1,12109,3,0,2,2,8,1,1,0.8376314389623829
TRAJ-MICRO-V1,12109,4,0,2,2,8,1,1,0.8075153118134798
TRAJ-MICRO-V1,12109,5,0,2,2,8,1,1,0.8221643502545128
TRAJ-MICRO-V1,12109,6,0,2,2,8,1,1,0.8300213677463961
TRAJ-MICRO-V1,12109,7,0,2,2,8,1,1,0.8248274851983155
TRAJ-MICRO-V1,12109,8,0,2,2,8,1,1,0.8386811021319986
TRAJ-MICRO-V1,12109,9,0,2,2,8,1,1,0.8706718690655961
TRAJ-MICRO-V1,12109,10,0,2,2,8,1,1,0.8284961930995896
TRAJ-MICRO-V1,12109,11,0,2,2,8,1,1,0.7803176253032339
TRAJ-MICRO-V1,12109,12,0,2,2,8,1,1,0.8529088291585325
TRAJ-MICRO-V1,12109,13,0,2,2,8,1,1,0.7410751980611264
TRAJ-MICRO-V1,12109,14,0,2,2,8,1,1,0.8015772313070411
TRAJ-MICRO-V1,12109,15,0,2,2,8,1,1,0.8083757495718794
TRAJ-MICRO-V1,12109,16,0,2,2,8,1,1,0.7965459312908979
TRAJ-MICRO-V1,12109,17,0,2,2,8,1,1,0.8135391812275994
TRAJ-MICRO-V1,12109,18,0,2,2,8,1,1,0.79169542089531
TRAJ-MICRO-V1,12109,19,0,2,2,8,1,1,0.8388583793231483
TRAJ-MICRO-V1,12109,20,0,2,2,8,1,1,0.8037136971475867
TRAJ-MICRO-V1,12109,21,0,2,2,8,1,1,0.8182103455562394
TRAJ-MICRO-V1,12109,22,0,2,2,8,1,1,0.8022802398649951
TRAJ-MICRO-V1,12109,23,0,2,2,8,1,1,0.8064147105363092
TRAJ-MICRO-V1,12109,24,0,2,2,8,1,1,0.7850693541351578
TRAJ-MICRO-V1,12109,25,0,2,2,8,1,1,0.7999046256647533
TRAJ-MICRO-V1,12109,26,0,2,2,8,1,1,0.8113762940691887
TRAJ-MICRO-V1,12109,27,0,2,2,8,1,1,0.7409000490044584
TRAJ-MICRO-V1,12109,28,0,2,2,8,1,1,0.7766591741893651
TRAJ-MICRO-V1,12109,29,0,2,2,8,1,1,0.8056051847350822
TRAJ-MICRO-V1,12109,30,0,2,2,8,1,1,0.7889287933869003
TRAJ-MICRO-V1,12109,31,0,2,2,8,1,1,0.7843415208252552
TRAJ-MICRO-V1,12109,32,0,2,2,8,1,1,0.8158898855641333
TRAJ-MICRO-V1,12109,33,0,2,2,8,1,1,0.8083319897140779
TRAJ-MICRO-V1,12109,34,0,2,2,8,1,1,0.7652484838362094
TRAJ-MICRO-V1,12109,35,0,2,2,8,1,1,0.8286378866679304
TRAJ-MICRO-V1,12109,36,0,2,2,8,1,1,0.8054504889650896
TRAJ-MICRO-V1,12109,37,0,2,2,8,1,1,0.8108530143463113
TRAJ-MICRO-V1,12109,38,0,2,2,8,1,1,0.8332050495990655
TRAJ-MICRO-V1,12109,39,0,2,2,8,1,1,0.7953392936914243
TRAJ-MICRO-V1,12109,40,0,2,2,8,1,1,0.8065414460284459
TRAJ-MICRO-V1,12109,41,0,2,2,8,1,1,0.7927909006783117
TRAJ-MICRO-V1,12109,42,0,2,2,8,1,1,0.7945741912181061
TRAJ-MICRO-V1,12109,43,0,2,2,8,1,1,0.8423700053182269
TRAJ-MICRO-V1,12109,44,0,2,2,8,1,1,0.844610820246214
TRAJ-MICRO-V1,12109,45,0,2,2,8,1,1,0.8383071181187819
TRAJ-MICRO-V1,12109,46,0,2,2,8,1,1,0.8574125066917765
TRAJ-MICRO-V1,12109,47,0,2,2,8,1,1,0.8858663947428183
TRAJ-MICRO-V1,12109,48,0,2,2,8,1,1,0.8144289945913205
TRAJ-MICRO-V1,12109,49,0,2,2,8,1,1,0.8688409922721084
TRAJ-MICRO-V1,12109,50,0,2,2,8,1,1,0.8319649685934305
TRAJ-MICRO-V1,12109,51,0,2,2,8,1,1,0.8210885816944976
TRAJ-MICRO-V1,12109,52,0,2,2,8,1,1,0.870557821747414
TRAJ-MICRO-V1,12109,53,0,2,2,8,1,1,0.7884786930331875
TRAJ-MICRO-V1,12109,54,0,2,2,8,1,1,0.8146369003166518
TRAJ-MICRO-V1,12109,55,0,2,2,8,1,1,0.7899976661256723
TRAJ-MICRO-V1,12109,56,0,2,2,8,1,1,0.79733128166827
TRAJ-MICRO-V1,12109,57,0,2,2,8,1,1,0.7744725894596628
TRAJ-MICRO-V1,12109,58,0,2,2,8,1,1,0.8185629421388954
TRAJ-MICRO-V1,12109,59,0,2,2,8,1,1,0.8187135780952715
TRAJ-MICRO-V1,12109,60,0,2,2,8,1,1,0.8281455785751253
TRAJ-MICRO-V1,12109,61,0,2,2,8,1,1,0.8632477877762481
TRAJ-MICRO-V1,12109,62,0,2,2,8,1,1,0.9004279591010703
TRAJ-MICRO-V1,12109,63,0,2,2,8,1,1,0.8525193765407673
TRAJ-MICRO-V1,12109,64,0,2,2,8,1,1,0.8338728415614666
TRAJ-MICRO-V1,12109,65,0,2,2,8,1,1,0.8710192988407439
TRAJ-MICRO-V1,12109,66,0,2,2,8,1,1,0.831941679457091
TRAJ-MICRO-V1,12109,67,0,2,2,8,1,1,0.8571960286856355
TRAJ-MICRO-V1,12109,68,0,2,2,8,1,1,0.8835960892202135
TRAJ-MICRO-V1,12109,69,0,2,2,8,1,1,0.832030478570372
TRAJ-MICRO-V1,12109,70,0,2,2,8,1,1,0.8172050432769169
TRAJ-MICRO-V1,12109,71,0,2,2,8,1,1,0.8252028023965374
TRAJ-MICRO-V1,12109,72,0,2,2,8,1,1,0.8305238496855242
TRAJ-MICRO-V1,12109,73,0,2,2,8,1,1,0.8281834149421677
TRAJ-MICRO-V1,12109,74,0,2,2,8,1,1,0.8546394526273352
TRAJ-MICRO-V1,12109,75,0,2,2,8,1,1,0.7931744135797397
TRAJ-MICRO-V1,12109,76,0,2,2,8,1,1,0.7995177369426143
TRAJ-MICRO-V1,12109,77,0,2,2,8,1,1,0.8151232938088508
TRAJ-MICRO-V1,12109,78,0,2,2,8,1,1,0.8420485160355794
TRAJ-MICRO-V1,12109,79,0,2,2,8,1,1,0.7990789361893083
TRAJ-MICRO-V1,12109,80,0,2,2,8,1,1,0.8271431369815149
TRAJ-MICRO-V1,12109,81,0,2,2,8,1,1,0.8394732968213501
TRAJ-MICRO-V1,12109,82,0,2,2,8,1,1,0.8453164970496806
TRAJ-MICRO-V1,12109,83,0,2,2,8,1,1,0.8345121488829343
TRAJ-MICRO-V1,12109,84,0,2,2,8,1,1,0.7879425453871143
TRAJ-MICRO-V1,12109,85,0,2,2,8,1,1,0.822681914001705
TRAJ-MICRO-V1,12109,86,0,2,2,8,1,1,0.8378294784283438
TRAJ-MICRO-V1,12109,87,0,2,2,8,1,1,0.8597089780982545
TRAJ-MICRO-V1,12109,88,0,2,2,8,1,1,0.8559791539000083
TRAJ-MICRO-V1,12109,89,0,2,2,8,1,1,0.8503704274377114
TRAJ-MICRO-V1,12109,90,0,2,2,8,1,1,0.8134511132645258
TRAJ-MICRO-V1,12109,91,0,2,2,8,1,1,0.83676481090226
TRAJ-MICRO-V1,12109,92,0,2,2,8,1,1,0.8274157365740726
TRAJ-MICRO-V1,12109,93,0,2,2,8,1,1,0.7989829633809217
TRAJ-MICRO-V1,12109,94,0,2,2,8,1,1,0.8538318393221813
TRAJ-MICRO-V1,12109,95,0,2,2,8,1,1,0.8421222397744866
TRAJ-MICRO-V1,12109,96,0,2,2,8,1,1,0.847922590600202
TRAJ-MICRO-V1,12109,97,0,2,2,8,1,1,0.8599950233158618
TRAJ-MICRO-V1,12109,98,0,2,2,8,1,1,0.881159892699748
TRAJ-MICRO-V1,12109,99,0,2,2,8,1,1,0.8109450166060707
TRAJ-MICRO-V1,12109,100,0,2,2,8,1,1,0.8312587196118162
TRAJ-MICRO-V1,12109,101,0,2,2,8,1,1,0.8377452980505307
TRAJ-MICRO-V1,12109,102,0,2,2,8,1,1,0.8436994077976994
TRAJ-MICRO-V1,12109,103,0,2,2,8,1,1,0.8285126113921072
TRAJ-MICRO-V1,12109,104,0,2,2,8,1,1,0.8608537100158712
TRAJ-MICRO-V1,12109,105,0,2,2,8,1,1,0.8641925946212826
TRAJ-MICRO-V1,12109,106,0,2,2,8,1,1,0.8640947270920237
TRAJ-MICRO-V1,12109,107,0,2,2,8,1,1,0.8767668536478657
TRAJ-MICRO-V1,12109,108,0,2,2,8,1,1,0.8509329638135703
TRAJ-MICRO-V1,12109,109,0,2,2,8,1,1,0.832550753258915
TRAJ-MICRO-V1,12109,110,0,2,2,8,1,1,0.8249714393859272
TRAJ-MICRO-V1,12109,111,0,2,2,8,1,1,0.7951831346800035
TRAJ-MICRO-V1,12109,112,0,2,2,8,1,1,0.8043872661365202
TRAJ-MICRO-V1,12109,113,0,2,2,8,1,1,0.7944049317893388
TRAJ-MICRO-V1,12109,114,0,2,2,8,1,1,0.7519749972786582
TRAJ-MICRO-V1,12109,115,0,2,2,8,1,1,0.8370637636609198
TRAJ-MICRO-V1,12109,116,0,2,2,8,1,1,0.8367624851514496
TRAJ-MICRO-V1,12109,117,0,2,2,8,1,1,0.8547395084100139
TRAJ-MICRO-V1,12109,118,0,2,2,8,1,1,0.8719378368072134
TRAJ-MICRO-V1,12109,119,0,2,2,8,1,1,0.8818627168475848
TRAJ-MICRO-V1,12109,120,0,2,2,8,1,1,0.8951368289355129
TRAJ-MICRO-V1,12109,121,0,2,2,8,1,1,0.8806984613630477
TRAJ-MICRO-V1,12109,122,0,2,2,8,1,1,0.8889429114632356
TRAJ-MICRO-V1,12109,123,0,2,2,8,1,1,0.8796825882882421
TRAJ-MICRO-V1,12109,124,0,2,2,8,1,1,0.8454731200090037
TRAJ-MICRO-V1,12109,125,0,2,2,8,1,1,0.8767270994515717
TRAJ-MICRO-V1,12109,126,0,2,2,8,1,1,0.8308115656322993
TRAJ-MICRO-V1,12109,127,0,2,2,8,1,1,0.8247259287101835
TRAJ-MICRO-V1,12109,128,0,2,2,8,1,1,0.7710426596155155
TRAJ-MICRO-V1,12109,129,0,2,2,8,1,1,0.7851146961617106
TRAJ-MICRO-V1,12109,130,0,2,2,8,1,1,0.7439334558947774
TRAJ-MICRO-V1,12109,131,0,2,2,8,1,1,0.7789571889816413
TRAJ-MICRO-V1,12109,132,0,2,2,8,1,1,0.7739181355797028
TRAJ-MICRO-V1,12109,133,0,2,2,8,1,1,0.8084605421910619
TRAJ-MICRO-V1,12109,134,0,2,2,8,1,1,0.8254275462672966
TRAJ-MICRO-V1,12109,135,0,2,2,8,1,1,0.8241477887488989
TRAJ-MICRO-V1,12109,136,0,2,2,8,1,1,0.7886734492148114
TRAJ-MICRO-V1,12109,137,0,2,2,8,1,1,0.8509948736443693
TRAJ-MICRO-V1,12109,138,0,2,2,8,1,1,0.8166239468929662
TRAJ-MICRO-V1,12109,139,0,2,2,8,1,1,0.8350258324214646
TRAJ-MICRO-V1,12109,140,0,2,2,8,1,1,0.806228890278091
TRAJ-MICRO-V1,12109,141,0,2,2,8,1,1,0.8286882418434008
TRAJ-MICRO-V1,12109,142,0,2,2,8,1,1,0.8297541862610113
TRAJ-MICRO-V1,12109,143,0,2,2,8,1,1,0.817338387345899
TRAJ-MICRO-V1,12109,144,0,2,2,8,1,1,0.821662207537558
TRAJ-MICRO-V1,12109,145,0,2,2,8,1,1,0.827720364417714
TRAJ-MICRO-V1,12109,146,0,2,2,8,1,1,0.8533611341926507
TRAJ-MICRO-V1,12109,147,0,2,2,8,1,1,0.8416321101130622
TRAJ-MICRO-V1,12109,148,0,2,2,8,1,1,0.851274417951348
TRAJ-MICRO-V1,12109,149,0,2,2,8,1,1,0.819532224363063
TRAJ-MICRO-V1,12109,150,0,2,2,8,1,1,0.8226939887440237
TRAJ-MICRO-V1,12109,151,0,2,2,8,1,1,0.8390713892751429
TRAJ-MICRO-V1,12109,152,0,2,2,8,1,1,0.8497121861888886
TRAJ-MICRO-V1,12109,153,0,2,2,8,1,1,0.866635380015801
TRAJ-MICRO-V1,12109,154,0,2,2,8,1,1,0.8441366776617198
TRAJ-MICRO-V1,12109,155,0,2,2,8,1,1,0.8472398171365094
TRAJ-MICRO-V1,12109,156,0,2,2,8,1,1,0.8497191323321416
TRAJ-MICRO-V1,12109,157,0,2,2,8,1,1,0.8468110702912256
TRAJ-MICRO-V1,12109,158,0,2,2,8,1,1,0.8494309701381141
TRAJ-MICRO-V1,12109,159,0,2,2,8,1,1,0.8198705023758007
TRAJ-MICRO-V1,12109,160,0,2,2,8,1,1,0.8577299652592612
TRAJ-MICRO-V1,12109,161,0,2,2,8,1,1,0.8579174347785555
TRAJ-MICRO-V1,12109,162,0,2,2,8,1,1,0.8525730865645601
TRAJ-MICRO-V1,12109,163,0,2,2,8,1,1,0.8965927128061217
TRAJ-MICRO-V1,12109,164,0,2,2,8,1,1,0.8264652580731927
TRAJ-MICRO-V1,12109,165,0,2,2,8,1,1,0.8459807139247468
TRAJ-MICRO-V1,12109,166,0,2,2,8,1,1,0.791911599663168
TRAJ-MICRO-V1,12109,167,0,2,2,8,1,1,0.825593788469994
TRAJ-MICRO-V1,12109,168,0,2,2,8,1,1,0.8358260514785704
TRAJ-MICRO-V1,12109,169,0,2,2,8,1,1,0.850084266503811
TRAJ-MICRO-V1,12109,170,0,2,2,8,1,1,0.8169332959196154
TRAJ-MICRO-V1,12109,171,0,2,2,8,1,1,0.8070845211526613
TRAJ-MICRO-V1,12109,172,0,2,2,8,1,1,0.8329210813142515
TRAJ-MICRO-V1,12109,173,0,2,2,8,1,1,0.8445704666419156
TRAJ-MICRO-V1,12109,174,0,2,2,8,1,1,0.8061878692721034
TRAJ-MICRO-V1,12109,175,0,2,2,8,1,1,0.8508135658353817
TRAJ-MICRO-V1,12109,176,0,2,2,8,1,1,0.8545219260721317
TRAJ-MICRO-V1,12109,177,0,2,2,8,1,1,0.8352056631243517
TRAJ-MICRO-V1,12109,178,0,2,2,8,1,1,0.7931665203119974
TRAJ-MICRO-V1,12109,179,0,2,2,8,1,1,0.8489423120863568
TRAJ-MICRO-V1,12109,180,0,2,2,8,1,1,0.8276500013381634
TRAJ-MICRO-V1,12109,181,0,2,2,8,1,1,0.7822694850504814
TRAJ-MICRO-V1,12109,182,0,2,2,8,1,1,0.8368586985693935
TRAJ-MICRO-V1,12109,183,0,2,2,8,1,1,0.8002731203951117
TRAJ-MICRO-V1,12109,184,0,2,2,8,1,1,0.8042071442428699
TRAJ-MICRO-V1,12109,185,0,2,2,8,1,1,0.7618638861987552
TRAJ-MICRO-V1,12109,186,0,2,2,8,1,1,0.7514682081948834
TRAJ-MICRO-V1,12109,187,0,2,2,8,1,1,0.7413701778374022
TRAJ-MICRO-V1,12109,188,0,2,2,8,1,1,0.8064427173462818
TRAJ-MICRO-V1,12109,189,0,2,2,8,1,1,0.8149545750666518
TRAJ-MICRO-V1,12109,190,0,2,2,8,1,1,0.8466334261704
TRAJ-MICRO-V1,12109,191,0,2,2,8,1,1,0.8659345566068894
TRAJ-MICRO-V1,12109,192,0,2,2,8,1,1,0.8188434799446276
TRAJ-MICRO-V1,12109,193,0,2,2,8,1,1,0.8771048143537191
TRAJ-MICRO-V1,12109,194,0,2,2,8,1,1,0.8954783210891496
TRAJ-MICRO-V1,12109,195,0,2,2,8,1,1,0.8565633445160646
TRAJ-MICRO-V1,12109,196,0,2,2,8,1,1,0.8409225066472703
TRAJ-MICRO-V1,12109,197,0,2,2,8,1,1,0.8970271083059168
TRAJ-MICRO-V1,12109,198,0,2,2,8,1,1,0.824292701270351
TRAJ-MICRO-V1,12109,199,0,2,2,8,1,1,0.8526537456510692
TRAJ-MICRO-V1,12109,200,0,2,2,8,1,1,0.8566460801685859
TRAJ-MICRO-V1,12109,201,0,2,2,8,1,1,0.7926477849020764
TRAJ-MICRO-V1,12109,202,0,2,2,8,1,1,0.8190433559565882
TRAJ-MICRO-V1,12109,203,0,2,2,8,1,1,0.8291354453079547
TRAJ-MICRO-V1,12109,204,0,2,2,8,1,1,0.8120137602254563
TRAJ-MICRO-V1,12109,205,0,2,2,8,1,1,0.828527504220976
TRAJ-MICRO-V1,12109,206,0,2,2,8,1,1,0.8583651189660171
TRAJ-MICRO-V1,12109,207,0,2,2,8,1,1,0.827456526469261
TRAJ-MICRO-V1,12109,208,0,2,2,8,1,1,0.8424458821156077
TRAJ-MICRO-V1,12109,209,0,2,2,8,1,1,0.8852549487509787
TRAJ-MICRO-V1,12109,210,0,2,2,8,1,1,0.8769479068543901
TRAJ-MICRO-V1,12109,211,0,2,2,8,1,1,0.849937988138942
TRAJ-MICRO-V1,12109,212,0,2,2,8,1,1,0.8512424627460906
TRAJ-MICRO-V1,12109,213,0,2,2,8,1,1,0.8185063862572801
TRAJ-MICRO-V1,12109,214,0,2,2,8,1,1,0.824753045470554
TRAJ-MICRO-V1,12109,215,0,2,2,8,1,1,0.8385196256247788
TRAJ-MICRO-V1,12109,216,0,2,2,8,1,1,0.7896072758156443
TRAJ-MICRO-V1,12109,217,0,2,2,8,1,1,0.8287255376853458
TRAJ-MICRO-V1,12109,218,0,2,2,8,1,1,0.8755750295777008
TRAJ-MICRO-V1,12109,219,0,2,2,8,1,1,0.8469866573573318
TRAJ-MICRO-V1,12109,220,0,2,2,8,1,1,0.8550981192084856
TRAJ-MICRO-V1,12109,221,0,2,2,8,1,1,0.8343255187029395
TRAJ-MICRO-V1,12109,222,0,2,2,8,1,1,0.813754643102198
TRAJ-MICRO-V1,12109,223,0,2,2,8,1,1,0.8619589088387127
TRAJ-MICRO-V1,12109,224,0,2,2,8,1,1,0.8688897000304108
TRAJ-MICRO-V1,12109,225,0,2,2,8,1,1,0.8342586199838097
TRAJ-MICRO-V1,12109,226,0,2,2,8,1,1,0.8606625622220088
TRAJ-MICRO-V1,12109,227,0,2,2,8,1,1,0.8402462923948334
TRAJ-MICRO-V1,12109,228,0,2,2,8,1,1,0.8077172137605725
TRAJ-MICRO-V1,12109,229,0,2,2,8,1,1,0.772180533728846
TRAJ-MICRO-V1,12109,230,0,2,2,8,1,1,0.8323172392914643
TRAJ-MICRO-V1,12109,231,0,2,2,8,1,1,0.8608424689380999
TRAJ-MICRO-V1,12109,232,0,2,2,8,1,1,0.8755737432219916
TRAJ-MICRO-V1,12109,233,0,2,2,8,1,1,0.8431330040352849
TRAJ-MICRO-V1,12109,234,0,2,2,8,1,1,0.8667970762225145
TRAJ-MICRO-V1,12109,235,0,2,2,8,1,1,0.8560338886645489
TRAJ-MICRO-V1,12109,236,0,2,2,8,1,1,0.8598448400423615
TRAJ-MICRO-V1,12109,237,0,2,2,8,1,1,0.8401971611629282
TRAJ-MICRO-V1,12109,238,0,2,2,8,1,1,0.832564219334457
TRAJ-MICRO-V1,12109,239,0,2,2,8,1,1,0.8079468025372266
TRAJ-MICRO-V1,12109,240,0,2,2,8,1,1,0.7906718052929
TRAJ-MICRO-V1,12113,1,0,2,2,8,1,1,0.7857775872011726
TRAJ-MICRO-V1,12113,2,0,2,2,8,1,1,0.7831492165213957
TRAJ-MICRO-V1,12113,3,0,2,2,8,1,1,0.8078081254318743
TRAJ-MICRO-V1,12113,4,0,2,2,8,1,1,0.801585911276285
TRAJ-MICRO-V1,12113,5,0,2,2,8,1,1,0.8332434219112057
TRAJ-MICRO-V1,12113,6,0,2,2,8,1,1,0.8268385494371369
TRAJ-MICRO-V1,12113,7,0,2,2,8,1,1,0.8203898494062224
TRAJ-MICRO-V1,12113,8,0,2,2,8,1,1,0.8316285414137287
TRAJ-MICRO-V1,12113,9,0,2,2,8,1,1,0.8568428698711764
TRAJ-MICRO-V1,12113,10,0,2,2,8,1,1,0.816812851060239
TRAJ-MICRO-V1,12113,11,0,2,2,8,1,1,0.7908973800820293
TRAJ-MICRO-V1,12113,12,0,2,2,8,1,1,0.8500676402620742
TRAJ-MICRO-V1,12113,13,0,2,2,8,1,1,0.754281922931864
TRAJ-MICRO-V1,12113,14,0,2,2,8,1,1,0.7859175202849111
TRAJ-MICRO-V1,12113,15,0,2,2,8,1,1,0.8115501732037343
TRAJ-MICRO-V1,12113,16,0,2,2,8,1,1,0.8091339577532872
TRAJ-MICRO-V1,12113,17,0,2,2,8,1,1,0.7975989087603831
TRAJ-MICRO-V1,12113,18,0,2,2,8,1,1,0.787326816763194
TRAJ-MICRO-V1,12113,19,0,2,2,8,1,1,0.8148934648278123
TRAJ-MICRO-V1,12113,20,0,2,2,8,1,1,0.7921235191978193
TRAJ-MICRO-V1,12113,21,0,2,2,8,1,1,0.7855188694767073
TRAJ-MICRO-V1,12113,22,0,2,2,8,1,1,0.7732009250052735
TRAJ-MICRO-V1,12113,23,0,2,2,8,1,1,0.8359021328098203
TRAJ-MICRO-V1,12113,24,0,2,2,8,1,1,0.7743549878548494
TRAJ-MICRO-V1,12113,25,0,2,2,8,1,1,0.797934497089976
TRAJ-MICRO-V1,12113,26,0,2,2,8,1,1,0.8127504899430467
TRAJ-MICRO-V1,12113,27,0,2,2,8,1,1,0.7653612936699655
TRAJ-MICRO-V1,12113,28,0,2,2,8,1,1,0.7787312155542175
TRAJ-MICRO-V1,12113,29,0,2,2,8,1,1,0.808993141259672
TRAJ-MICRO-V1,12113,30,0,2,2,8,1,1,0.7686946281178566
TRAJ-MICRO-V1,12113,31,0,2,2,8,1,1,0.8089461676882619
TRAJ-MICRO-V1,12113,32,0,2,2,8,1,1,0.8209014621502725
TRAJ-MICRO-V1,12113,33,0,2,2,8,1,1,0.8043154294004474
TRAJ-MICRO-V1,12113,34,0,2,2,8,1,1,0.8211176088097142
TRAJ-MICRO-V1,12113,35,0,2,2,8,1,1,0.8602186016535306
TRAJ-MICRO-V1,12113,36,0,2,2,8,1,1,0.8003099011691842
TRAJ-MICRO-V1,12113,37,0,2,2,8,1,1,0.8404687691048679
TRAJ-MICRO-V1,12113,38,0,2,2,8,1,1,0.8344418444727159
TRAJ-MICRO-V1,12113,39,0,2,2,8,1,1,0.7966065601246026
TRAJ-MICRO-V1,12113,40,0,2,2,8,1,1,0.8285951916005091
TRAJ-MICRO-V1,12113,41,0,2,2,8,1,1,0.812602306323352
TRAJ-MICRO-V1,12113,42,0,2,2,8,1,1,0.8235105771923896
TRAJ-MICRO-V1,12113,43,0,2,2,8,1,1,0.8135781131027198
TRAJ-MICRO-V1,12113,44,0,2,2,8,1,1,0.8510923238664558
TRAJ-MICRO-V1,12113,45,0,2,2,8,1,1,0.8283110914592673
TRAJ-MICRO-V1,12113,46,0,2,2,8,1,1,0.8548960557166038
TRAJ-MICRO-V1,12113,47,0,2,2,8,1,1,0.8964959273893499
TRAJ-MICRO-V1,12113,48,0,2,2,8,1,1,0.843816646059328
TRAJ-MICRO-V1,12113,49,0,2,2,8,1,1,0.866289752386928
TRAJ-MICRO-V1,12113,50,0,2,2,8,1,1,0.8383985564758074
TRAJ-MICRO-V1,12113,51,0,2,2,8,1,1,0.8134619679381077
TRAJ-MICRO-V1,12113,52,0,2,2,8,1,1,0.8593862415487933
TRAJ-MICRO-V1,12113,53,0,2,2,8,1,1,0.8358167420069715
TRAJ-MICRO-V1,12113,54,0,2,2,8,1,1,0.8033450388902877
TRAJ-MICRO-V1,12113,55,0,2,2,8,1,1,0.7883941337211617
TRAJ-MICRO-V1,12113,56,0,2,2,8,1,1,0.8099705170704331
TRAJ-MICRO-V1,12113,57,0,2,2,8,1,1,0.763778364334623
TRAJ-MICRO-V1,12113,58,0,2,2,8,1,1,0.8311409104170299
TRAJ-MICRO-V1,12113,59,0,2,2,8,1,1,0.815128604683131
TRAJ-MICRO-V1,12113,60,0,2,2,8,1,1,0.8378075399149308
TRAJ-MICRO-V1,12113,61,0,2,2,8,1,1,0.8459172160532882
TRAJ-MICRO-V1,12113,62,0,2,2,8,1,1,0.8672754213915993
TRAJ-MICRO-V1,12113,63,0,2,2,8,1,1,0.8547038672410108
TRAJ-MICRO-V1,12113,64,0,2,2,8,1,1,0.8525140711295958
TRAJ-MICRO-V1,12113,65,0,2,2,8,1,1,0.895157307099294
TRAJ-MICRO-V1,12113,66,0,2,2,8,1,1,0.8190463438278117
TRAJ-MICRO-V1,12113,67,0,2,2,8,1,1,0.8572004489929101
TRAJ-MICRO-V1,12113,68,0,2,2,8,1,1,0.8713988044039016
TRAJ-MICRO-V1,12113,69,0,2,2,8,1,1,0.8180851573136385
TRAJ-MICRO-V1,12113,70,0,2,2,8,1,1,0.8413424320563816
TRAJ-MICRO-V1,12113,71,0,2,2,8,1,1,0.7982724166342207
TRAJ-MICRO-V1,12113,72,0,2,2,8,1,1,0.792066105952597
TRAJ-MICRO-V1,12113,73,0,2,2,8,1,1,0.8137012896984641
TRAJ-MICRO-V1,12113,74,0,2,2,8,1,1,0.8052241776155066
TRAJ-MICRO-V1,12113,75,0,2,2,8,1,1,0.772416876951849
TRAJ-MICRO-V1,12113,76,0,2,2,8,1,1,0.8095056418948348
TRAJ-MICRO-V1,12113,77,0,2,2,8,1,1,0.8201711401721423
TRAJ-MICRO-V1,12113,78,0,2,2,8,1,1,0.8166199759988723
TRAJ-MICRO-V1,12113,79,0,2,2,8,1,1,0.8256247743060536
TRAJ-MICRO-V1,12113,80,0,2,2,8,1,1,0.858585528824843
TRAJ-MICRO-V1,12113,81,0,2,2,8,1,1,0.8339563233508445
TRAJ-MICRO-V1,12113,82,0,2,2,8,1,1,0.8309607286297616
TRAJ-MICRO-V1,12113,83,0,2,2,8,1,1,0.7957019764767375
TRAJ-MICRO-V1,12113,84,0,2,2,8,1,1,0.7922046490037894
TRAJ-MICRO-V1,12113,85,0,2,2,8,1,1,0.8201517091356498
TRAJ-MICRO-V1,12113,86,0,2,2,8,1,1,0.8368575457677877
TRAJ-MICRO-V1,12113,87,0,2,2,8,1,1,0.828648894108255
TRAJ-MICRO-V1,12113,88,0,2,2,8,1,1,0.8629975749304847
TRAJ-MICRO-V1,12113,89,0,2,2,8,1,1,0.843943553877467
TRAJ-MICRO-V1,12113,90,0,2,2,8,1,1,0.7849535622911876
TRAJ-MICRO-V1,12113,91,0,2,2,8,1,1,0.8430901329153003
TRAJ-MICRO-V1,12113,92,0,2,2,8,1,1,0.855494712299368
TRAJ-MICRO-V1,12113,93,0,2,2,8,1,1,0.8120951947370493
TRAJ-MICRO-V1,12113,94,0,2,2,8,1,1,0.8380926213019532
TRAJ-MICRO-V1,12113,95,0,2,2,8,1,1,0.8538137578320206
TRAJ-MICRO-V1,12113,96,0,2,2,8,1,1,0.8478456746838559
TRAJ-MICRO-V1,12113,97,0,2,2,8,1,1,0.841672898733893
TRAJ-MICRO-V1,12113,98,0,2,2,8,1,1,0.8597235476455687
TRAJ-MICRO-V1,12113,99,0,2,2,8,1,1,0.7944868315133836
TRAJ-MICRO-V1,12113,100,0,2,2,8,1,1,0.8341051904918871
TRAJ-MICRO-V1,12113,101,0,2,2,8,1,1,0.8592872517180572
TRAJ-MICRO-V1,12113,102,0,2,2,8,1,1,0.8472892424064716
TRAJ-MICRO-V1,12113,103,0,2,2,8,1,1,0.842038028572619
TRAJ-MICRO-V1,12113,104,0,2,2,8,1,1,0.8667265013174046
TRAJ-MICRO-V1,12113,105,0,2,2,8,1,1,0.8647290903241551
TRAJ-MICRO-V1,12113,106,0,2,2,8,1,1,0.8584685938019829
TRAJ-MICRO-V1,12113,107,0,2,2,8,1,1,0.8606957001130121
TRAJ-MICRO-V1,12113,108,0,2,2,8,1,1,0.8549257683981791
TRAJ-MICRO-V1,12113,109,0,2,2,8,1,1,0.8219296333955391
TRAJ-MICRO-V1,12113,110,0,2,2,8,1,1,0.8334320387690339
TRAJ-MICRO-V1,12113,111,0,2,2,8,1,1,0.8046262890650558
TRAJ-MICRO-V1,12113,112,0,2,2,8,1,1,0.7922039880506817
TRAJ-MICRO-V1,12113,113,0,2,2,8,1,1,0.8171918044773604
TRAJ-MICRO-V1,12113,114,0,2,2,8,1,1,0.8020313136366297
TRAJ-MICRO-V1,12113,115,0,2,2,8,1,1,0.8447918714864026
TRAJ-MICRO-V1,12113,116,0,2,2,8,1,1,0.8463823821353403
TRAJ-MICRO-V1,12113,117,0,2,2,8,1,1,0.851937559171132
TRAJ-MICRO-V1,12113,118,0,2,2,8,1,1,0.8755277042476575
TRAJ-MICRO-V1,12113,119,0,2,2,8,1,1,0.8910534062723048
TRAJ-MICRO-V1,12113,120,0,2,2,8,1,1,0.8526753719127855
TRAJ-MICRO-V1,12113,121,0,2,2,8,1,1,0.8704727466830706
TRAJ-MICRO-V1,12113,122,0,2,2,8,1,1,0.9039035469817116
TRAJ-MICRO-V1,12113,123,0,2,2,8,1,1,0.8838433881158777
TRAJ-MICRO-V1,12113,124,0,2,2,8,1,1,0.8685231904171581
TRAJ-MICRO-V1,12113,125,0,2,2,8,1,1,0.8725317943572696
TRAJ-MICRO-V1,12113,126,0,2,2,8,1,1,0.845208337833114
TRAJ-MICRO-V1,12113,127,0,2,2,8,1,1,0.8319041224859295
TRAJ-MICRO-V1,12113,128,0,2,2,8,1,1,0.7815478360487684
TRAJ-MICRO-V1,12113,129,0,2,2,8,1,1,0.7418133638632244
TRAJ-MICRO-V1,12113,130,0,2,2,8,1,1,0.7564143086652814
TRAJ-MICRO-V1,12113,131,0,2,2,8,1,1,0.7930856929934681
TRAJ-MICRO-V1,12113,132,0,2,2,8,1,1,0.7884726058860284
TRAJ-MICRO-V1,12113,133,0,2,2,8,1,1,0.8065174960920046
TRAJ-MICRO-V1,12113,134,0,2,2,8,1,1,0.8363146872506673
TRAJ-MICRO-V1,12113,135,0,2,2,8,1,1,0.8138483846192037
TRAJ-MICRO-V1,12113,136,0,2,2,8,1,1,0.7869848142371431
TRAJ-MICRO-V1,12113,137,0,2,2,8,1,1,0.8286292520367492
TRAJ-MICRO-V1,12113,138,0,2,2,8,1,1,0.8429084554361155
TRAJ-MICRO-V1,12113,139,0,2,2,8,1,1,0.8210435832438868
TRAJ-MICRO-V1,12113,140,0,2,2,8,1,1,0.8123097353107178
TRAJ-MICRO-V1,12113,141,0,2,2,8,1,1,0.8220171697784187
TRAJ-MICRO-V1,12113,142,0,2,2,8,1,1,0.8103347006571486
TRAJ-MICRO-V1,12113,143,0,2,2,8,1,1,0.8310694162175577
TRAJ-MICRO-V1,12113,144,0,2,2,8,1,1,0.8219386801566506
TRAJ-MICRO-V1,12113,145,0,2,2,8,1,1,0.8483886820802201
TRAJ-MICRO-V1,12113,146,0,2,2,8,1,1,0.849802724440187
TRAJ-MICRO-V1,12113,147,0,2,2,8,1,1,0.849760686467346
TRAJ-MICRO-V1,12113,148,0,2,2,8,1,1,0.8526671685936377
TRAJ-MICRO-V1,12113,149,0,2,2,8,1,1,0.8345817392439046
TRAJ-MICRO-V1,12113,150,0,2,2,8,1,1,0.829473104345722
TRAJ-MICRO-V1,12113,151,0,2,2,8,1,1,0.8512123372076777
TRAJ-MICRO-V1,12113,152,0,2,2,8,1,1,0.8352832234210743
TRAJ-MICRO-V1,12113,153,0,2,2,8,1,1,0.8461318427598647
TRAJ-MICRO-V1,12113,154,0,2,2,8,1,1,0.8664566803100774
TRAJ-MICRO-V1,12113,155,0,2,2,8,1,1,0.8653585573187735
TRAJ-MICRO-V1,12113,156,0,2,2,8,1,1,0.8437355410508538
TRAJ-MICRO-V1,12113,157,0,2,2,8,1,1,0.8406826617889221
TRAJ-MICRO-V1,12113,158,0,2,2,8,1,1,0.8617215352687883
TRAJ-MICRO-V1,12113,159,0,2,2,8,1,1,0.8338219059577816
TRAJ-MICRO-V1,12113,160,0,2,2,8,1,1,0.8629934092361704
TRAJ-MICRO-V1,12113,161,0,2,2,8,1,1,0.893871548178654
TRAJ-MICRO-V1,12113,162,0,2,2,8,1,1,0.8406030592966928
TRAJ-MICRO-V1,12113,163,0,2,2,8,1,1,0.8745955923672898
TRAJ-MICRO-V1,12113,164,0,2,2,8,1,1,0.8636482491545937
TRAJ-MICRO-V1,12113,165,0,2,2,8,1,1,0.8336349440162875
TRAJ-MICRO-V1,12113,166,0,2,2,8,1,1,0.848370927716352
TRAJ-MICRO-V1,12113,167,0,2,2,8,1,1,0.8244976072822203
TRAJ-MICRO-V1,12113,168,0,2,2,8,1,1,0.8341001261656458
TRAJ-MICRO-V1,12113,169,0,2,2,8,1,1,0.8271281861367499
TRAJ-MICRO-V1,12113,170,0,2,2,8,1,1,0.8449619840328584
TRAJ-MICRO-V1,12113,171,0,2,2,8,1,1,0.8232092231654468
TRAJ-MICRO-V1,12113,172,0,2,2,8,1,1,0.8163951049116438
TRAJ-MICRO-V1,12113,173,0,2,2,8,1,1,0.8485145722809535
TRAJ-MICRO-V1,12113,174,0,2,2,8,1,1,0.7937908970512791
TRAJ-MICRO-V1,12113,175,0,2,2,8,1,1,0.8227907465182469
TRAJ-MICRO-V1,12113,176,0,2,2,8,1,1,0.8260167729488647
TRAJ-MICRO-V1,12113,177,0,2,2,8,1,1,0.8503093981479858
TRAJ-MICRO-V1,12113,178,0,2,2,8,1,1,0.7988090708188799
TRAJ-MICRO-V1,12113,179,0,2,2,8,1,1,0.8655505485408378
TRAJ-MICRO-V1,12113,180,0,2,2,8,1,1,0.838382325145618
TRAJ-MICRO-V1,12113,181,0,2,2,8,1,1,0.7905571178546095
TRAJ-MICRO-V1,12113,182,0,2,2,8,1,1,0.843385191284652
TRAJ-MICRO-V1,12113,183,0,2,2,8,1,1,0.7827630979808268
TRAJ-MICRO-V1,12113,184,0,2,2,8,1,1,0.7726119907882505
TRAJ-MICRO-V1,12113,185,0,2,2,8,1,1,0.7825330919961763
TRAJ-MICRO-V1,12113,186,0,2,2,8,1,1,0.7510757076184637
TRAJ-MICRO-V1,12113,187,0,2,2,8,1,1,0.7429478300487251
TRAJ-MICRO-V1,12113,188,0,2,2,8,1,1,0.7813095182656874
TRAJ-MICRO-V1,12113,189,0,2,2,8,1,1,0.7912687453030871
TRAJ-MICRO-V1,12113,190,0,2,2,8,1,1,0.8432524813570345
TRAJ-MICRO-V1,12113,191,0,2,2,8,1,1,0.8516618983681602
TRAJ-MICRO-V1,12113,192,0,2,2,8,1,1,0.8463338019708069
TRAJ-MICRO-V1,12113,193,0,2,2,8,1,1,0.8662199419573875
TRAJ-MICRO-V1,12113,194,0,2,2,8,1,1,0.9011560862883704
TRAJ-MICRO-V1,12113,195,0,2,2,8,1,1,0.8355970058102806
TRAJ-MICRO-V1,12113,196,0,2,2,8,1,1,0.8684531179229926
TRAJ-MICRO-V1,12113,197,0,2,2,8,1,1,0.8653954568117451
TRAJ-MICRO-V1,12113,198,0,2,2,8,1,1,0.8504123958212166
TRAJ-MICRO-V1,12113,199,0,2,2,8,1,1,0.8473172795657867
TRAJ-MICRO-V1,12113,200,0,2,2,8,1,1,0.835970102071596
TRAJ-MICRO-V1,12113,201,0,2,2,8,1,1,0.8148602749062578
TRAJ-MICRO-V1,12113,202,0,2,2,8,1,1,0.8214272306250678
TRAJ-MICRO-V1,12113,203,0,2,2,8,1,1,0.810728491403165
TRAJ-MICRO-V1,12113,204,0,2,2,8,1,1,0.8310596764984468
TRAJ-MICRO-V1,12113,205,0,2,2,8,1,1,0.8374417931076674
TRAJ-MICRO-V1,12113,206,0,2,2,8,1,1,0.8379202611359208
TRAJ-MICRO-V1,12113,207,0,2,2,8,1,1,0.8247620676092965
TRAJ-MICRO-V1,12113,208,0,2,2,8,1,1,0.8222059148900034
TRAJ-MICRO-V1,12113,209,0,2,2,8,1,1,0.8755986001750836
TRAJ-MICRO-V1,12113,210,0,2,2,8,1,1,0.8750240129019431
TRAJ-MICRO-V1,12113,211,0,2,2,8,1,1,0.8440599431516675
TRAJ-MICRO-V1,12113,212,0,2,2,8,1,1,0.8771394744154652
TRAJ-MICRO-V1,12113,213,0,2,2,8,1,1,0.8065110412438072
TRAJ-MICRO-V1,12113,214,0,2,2,8,1,1,0.8099875621488893
TRAJ-MICRO-V1,12113,215,0,2,2,8,1,1,0.8273582663277704
TRAJ-MICRO-V1,12113,216,0,2,2,8,1,1,0.8188298890493475
TRAJ-MICRO-V1,12113,217,0,2,2,8,1,1,0.8343870862483376
TRAJ-MICRO-V1,12113,218,0,2,2,8,1,1,0.8719620863177187
TRAJ-MICRO-V1,12113,219,0,2,2,8,1,1,0.8569902200299754
TRAJ-MICRO-V1,12113,220,0,2,2,8,1,1,0.8453974749761765
TRAJ-MICRO-V1,12113,221,0,2,2,8,1,1,0.8520318575237384
TRAJ-MICRO-V1,12113,222,0,2,2,8,1,1,0.8261662403243095
TRAJ-MICRO-V1,12113,223,0,2,2,8,1,1,0.8308665287639578
TRAJ-MICRO-V1,12113,224,0,2,2,8,1,1,0.8423648882498791
TRAJ-MICRO-V1,12113,225,0,2,2,8,1,1,0.8435234435506923
TRAJ-MICRO-V1,12113,226,0,2,2,8,1,1,0.8475850041109801
TRAJ-MICRO-V1,12113,227,0,2,2,8,1,1,0.8668847049509387
TRAJ-MICRO-V1,12113,228,0,2,2,8,1,1,0.8176675789598674
TRAJ-MICRO-V1,12113,229,0,2,2,8,1,1,0.805710283928305
TRAJ-MICRO-V1,12113,230,0,2,2,8,1,1,0.8665558982571774
TRAJ-MICRO-V1,12113,231,0,2,2,8,1,1,0.8483762759849943
TRAJ-MICRO-V1,12113,232,0,2,2,8,1,1,0.875753882629479
TRAJ-MICRO-V1,12113,233,0,2,2,8,1,1,0.8491461797420905
TRAJ-MICRO-V1,12113,234,0,2,2,8,1,1,0.8630493143529344
TRAJ-MICRO-V1,12113,235,0,2,2,8,1,1,0.8639894444144436
TRAJ-MICRO-V1,12113,236,0,2,2,8,1,1,0.8818085951530459
TRAJ-MICRO-V1,12113,237,0,2,2,8,1,1,0.8525641840450142
TRAJ-MICRO-V1,12113,238,0,2,2,8,1,1,0.8289340470904203
TRAJ-MICRO-V1,12113,239,0,2,2,8,1,1,0.8305573705936103
TRAJ-MICRO-V1,12113,240,0,2,2,8,1,1,0.7979090069641608
